match_id,event_type,event_team,event_player,event_time,context_window,team_shape_metric,metric_value,interpretation_label,confidence_level
8cfdb681-32cf-4ebf-81f1-5c0839ec82d5,loss,FCK,,43.04,1s_after_loss,team_width,60.93,nearest-frame tracking context,medium
8cfdb681-32cf-4ebf-81f1-5c0839ec82d5,loss,FCK,,43.04,1s_after_loss,team_depth,40.06,nearest-frame tracking context,medium
8cfdb681-32cf-4ebf-81f1-5c0839ec82d5,loss,FCK,,43.04,1s_after_loss,compactness,20.0002,nearest-frame tracking context,medium
8cfdb681-32cf-4ebf-81f1-5c0839ec82d5,loss,FCK,,43.04,1s_after_loss,avg_block_height,-10.801,nearest-frame tracking context,medium
8cfdb681-32cf-4ebf-81f1-5c0839ec82d5,loss,FCK,,43.04,1s_after_loss,defensive_line_height,-21.71,partial role-based,partial
8cfdb681-32cf-4ebf-81f1-5c0839ec82d5,shot,FCK,E. Achouri,47.64,1s_before_shot,team_width,46.08,nearest-frame tracking context,medium
8cfdb681-32cf-4ebf-81f1-5c0839ec82d5,shot,FCK,E. Achouri,47.64,1s_before_shot,team_depth,47.59,nearest-frame tracking context,medium
8cfdb681-32cf-4ebf-81f1-5c0839ec82d5,shot,FCK,E. Achouri,47.64,1s_before_shot,compactness,19.2875,nearest-frame tracking context,medium
8cfdb681-32cf-4ebf-81f1-5c0839ec82d5,shot,FCK,E. Achouri,47.64,1s_before_shot,avg_block_height,1.718,nearest-frame tracking context,medium
8cfdb681-32cf-4ebf-81f1-5c0839ec82d5,shot,FCK,E. Achouri,47.64,1s_before_shot,defensive_line_height,-12.675,partial role-based,partial
8cfdb681-32cf-4ebf-81f1-5c0839ec82d5,loss,FCM,,66.72,1s_after_loss,team_width,63.76,nearest-frame tracking context,medium
8cfdb681-32cf-4ebf-81f1-5c0839ec82d5,loss,FCM,,66.72,1s_after_loss,team_depth,51.65,nearest-frame tracking context,medium
8cfdb681-32cf-4ebf-81f1-5c0839ec82d5,loss,FCM,,66.72,1s_after_loss,compactness,23.7571,nearest-frame tracking context,medium
8cfdb681-32cf-4ebf-81f1-5c0839ec82d5,loss,FCM,,66.72,1s_after_loss,avg_block_height,-20.037,nearest-frame tracking context,medium
8cfdb681-32cf-4ebf-81f1-5c0839ec82d5,loss,FCM,,66.72,1s_after_loss,defensive_line_height,-41.4225,partial role-based,partial
8cfdb681-32cf-4ebf-81f1-5c0839ec82d5,loss,FCM,,70.72,1s_after_loss,team_width,57.09,nearest-frame tracking context,medium
8cfdb681-32cf-4ebf-81f1-5c0839ec82d5,loss,FCM,,70.72,1s_after_loss,team_depth,45.25,nearest-frame tracking context,medium
8cfdb681-32cf-4ebf-81f1-5c0839ec82d5,loss,FCM,,70.72,1s_after_loss,compactness,21.9592,nearest-frame tracking context,medium
8cfdb681-32cf-4ebf-81f1-5c0839ec82d5,loss,FCM,,70.72,1s_after_loss,avg_block_height,-20.174,nearest-frame tracking context,medium
8cfdb681-32cf-4ebf-81f1-5c0839ec82d5,loss,FCM,,70.72,1s_after_loss,defensive_line_height,-38.1825,partial role-based,partial
8cfdb681-32cf-4ebf-81f1-5c0839ec82d5,loss,FCM,,70.96,1s_after_loss,team_width,56.23,nearest-frame tracking context,medium
8cfdb681-32cf-4ebf-81f1-5c0839ec82d5,loss,FCM,,70.96,1s_after_loss,team_depth,44.62,nearest-frame tracking context,medium
8cfdb681-32cf-4ebf-81f1-5c0839ec82d5,loss,FCM,,70.96,1s_after_loss,compactness,21.6971,nearest-frame tracking context,medium
8cfdb681-32cf-4ebf-81f1-5c0839ec82d5,loss,FCM,,70.96,1s_after_loss,avg_block_height,-20.007,nearest-frame tracking context,medium
8cfdb681-32cf-4ebf-81f1-5c0839ec82d5,loss,FCM,,70.96,1s_after_loss,defensive_line_height,-37.645,partial role-based,partial
8cfdb681-32cf-4ebf-81f1-5c0839ec82d5,loss,FCM,A. Simsir,73,1s_after_loss,team_width,55.48,nearest-frame tracking context,medium
8cfdb681-32cf-4ebf-81f1-5c0839ec82d5,loss,FCM,A. Simsir,73,1s_after_loss,team_depth,38.74,nearest-frame tracking context,medium
8cfdb681-32cf-4ebf-81f1-5c0839ec82d5,loss,FCM,A. Simsir,73,1s_after_loss,compactness,19.3165,nearest-frame tracking context,medium
8cfdb681-32cf-4ebf-81f1-5c0839ec82d5,loss,FCM,A. Simsir,73,1s_after_loss,avg_block_height,-17.288,nearest-frame tracking context,medium
8cfdb681-32cf-4ebf-81f1-5c0839ec82d5,loss,FCM,A. Simsir,73,1s_after_loss,defensive_line_height,-31.66,partial role-based,partial
8cfdb681-32cf-4ebf-81f1-5c0839ec82d5,loss,FCK,,75,1s_after_loss,team_width,28.23,nearest-frame tracking context,medium
8cfdb681-32cf-4ebf-81f1-5c0839ec82d5,loss,FCK,,75,1s_after_loss,team_depth,26.45,nearest-frame tracking context,medium
8cfdb681-32cf-4ebf-81f1-5c0839ec82d5,loss,FCK,,75,1s_after_loss,compactness,12.8501,nearest-frame tracking context,medium
8cfdb681-32cf-4ebf-81f1-5c0839ec82d5,loss,FCK,,75,1s_after_loss,avg_block_height,13.666,nearest-frame tracking context,medium
8cfdb681-32cf-4ebf-81f1-5c0839ec82d5,loss,FCK,,75,1s_after_loss,defensive_line_height,6.5375,partial role-based,partial
8cfdb681-32cf-4ebf-81f1-5c0839ec82d5,loss,FCK,,124.4,1s_after_loss,team_width,59.05,nearest-frame tracking context,medium
8cfdb681-32cf-4ebf-81f1-5c0839ec82d5,loss,FCK,,124.4,1s_after_loss,team_depth,26.7,nearest-frame tracking context,medium
8cfdb681-32cf-4ebf-81f1-5c0839ec82d5,loss,FCK,,124.4,1s_after_loss,compactness,17.6425,nearest-frame tracking context,medium
8cfdb681-32cf-4ebf-81f1-5c0839ec82d5,loss,FCK,,124.4,1s_after_loss,avg_block_height,-3.491,nearest-frame tracking context,medium
8cfdb681-32cf-4ebf-81f1-5c0839ec82d5,loss,FCK,,124.4,1s_after_loss,defensive_line_height,-10,partial role-based,partial
8cfdb681-32cf-4ebf-81f1-5c0839ec82d5,recovery,FCK,Gabriel Pereira,124.68,at_regain,team_width,60.03,nearest-frame tracking context,medium
8cfdb681-32cf-4ebf-81f1-5c0839ec82d5,recovery,FCK,Gabriel Pereira,124.68,at_regain,team_depth,26.38,nearest-frame tracking context,medium
8cfdb681-32cf-4ebf-81f1-5c0839ec82d5,recovery,FCK,Gabriel Pereira,124.68,at_regain,compactness,17.9744,nearest-frame tracking context,medium
8cfdb681-32cf-4ebf-81f1-5c0839ec82d5,recovery,FCK,Gabriel Pereira,124.68,at_regain,avg_block_height,-3.677,nearest-frame tracking context,medium
8cfdb681-32cf-4ebf-81f1-5c0839ec82d5,recovery,FCK,Gabriel Pereira,124.68,at_regain,defensive_line_height,-10.4,partial role-based,partial
8cfdb681-32cf-4ebf-81f1-5c0839ec82d5,loss,FCM,,127.6,1s_after_loss,team_width,29.76,nearest-frame tracking context,medium
8cfdb681-32cf-4ebf-81f1-5c0839ec82d5,loss,FCM,,127.6,1s_after_loss,team_depth,29.72,nearest-frame tracking context,medium
8cfdb681-32cf-4ebf-81f1-5c0839ec82d5,loss,FCM,,127.6,1s_after_loss,compactness,12.4673,nearest-frame tracking context,medium
8cfdb681-32cf-4ebf-81f1-5c0839ec82d5,loss,FCM,,127.6,1s_after_loss,avg_block_height,-7.352,nearest-frame tracking context,medium
8cfdb681-32cf-4ebf-81f1-5c0839ec82d5,loss,FCM,,127.6,1s_after_loss,defensive_line_height,-17.8425,partial role-based,partial
8cfdb681-32cf-4ebf-81f1-5c0839ec82d5,recovery,FCM,E. Olafsson,132.04,at_regain,team_width,44.14,nearest-frame tracking context,medium
8cfdb681-32cf-4ebf-81f1-5c0839ec82d5,recovery,FCM,E. Olafsson,132.04,at_regain,team_depth,34.82,nearest-frame tracking context,medium
8cfdb681-32cf-4ebf-81f1-5c0839ec82d5,recovery,FCM,E. Olafsson,132.04,at_regain,compactness,16.5816,nearest-frame tracking context,medium
8cfdb681-32cf-4ebf-81f1-5c0839ec82d5,recovery,FCM,E. Olafsson,132.04,at_regain,avg_block_height,-14.826,nearest-frame tracking context,medium
8cfdb681-32cf-4ebf-81f1-5c0839ec82d5,recovery,FCM,E. Olafsson,132.04,at_regain,defensive_line_height,-28.4275,partial role-based,partial
8cfdb681-32cf-4ebf-81f1-5c0839ec82d5,loss,FCM,,132.6,1s_after_loss,team_width,44.46,nearest-frame tracking context,medium
8cfdb681-32cf-4ebf-81f1-5c0839ec82d5,loss,FCM,,132.6,1s_after_loss,team_depth,31.46,nearest-frame tracking context,medium
8cfdb681-32cf-4ebf-81f1-5c0839ec82d5,loss,FCM,,132.6,1s_after_loss,compactness,16.08,nearest-frame tracking context,medium
8cfdb681-32cf-4ebf-81f1-5c0839ec82d5,loss,FCM,,132.6,1s_after_loss,avg_block_height,-13.109,nearest-frame tracking context,medium
8cfdb681-32cf-4ebf-81f1-5c0839ec82d5,loss,FCM,,132.6,1s_after_loss,defensive_line_height,-25.8975,partial role-based,partial
8cfdb681-32cf-4ebf-81f1-5c0839ec82d5,loss,FCK,,133.8,1s_after_loss,team_width,30.26,nearest-frame tracking context,medium
8cfdb681-32cf-4ebf-81f1-5c0839ec82d5,loss,FCK,,133.8,1s_after_loss,team_depth,45.12,nearest-frame tracking context,medium
8cfdb681-32cf-4ebf-81f1-5c0839ec82d5,loss,FCK,,133.8,1s_after_loss,compactness,17.221,nearest-frame tracking context,medium
8cfdb681-32cf-4ebf-81f1-5c0839ec82d5,loss,FCK,,133.8,1s_after_loss,avg_block_height,6.307,nearest-frame tracking context,medium
8cfdb681-32cf-4ebf-81f1-5c0839ec82d5,loss,FCK,,133.8,1s_after_loss,defensive_line_height,-7.4425,partial role-based,partial
8cfdb681-32cf-4ebf-81f1-5c0839ec82d5,loss,FCK,,134.76,1s_after_loss,team_width,29.68,nearest-frame tracking context,medium
8cfdb681-32cf-4ebf-81f1-5c0839ec82d5,loss,FCK,,134.76,1s_after_loss,team_depth,45.86,nearest-frame tracking context,medium
8cfdb681-32cf-4ebf-81f1-5c0839ec82d5,loss,FCK,,134.76,1s_after_loss,compactness,17.113,nearest-frame tracking context,medium
8cfdb681-32cf-4ebf-81f1-5c0839ec82d5,loss,FCK,,134.76,1s_after_loss,avg_block_height,2.707,nearest-frame tracking context,medium
8cfdb681-32cf-4ebf-81f1-5c0839ec82d5,loss,FCK,,134.76,1s_after_loss,defensive_line_height,-10.8075,partial role-based,partial
8cfdb681-32cf-4ebf-81f1-5c0839ec82d5,loss,FCK,G. Gocholeishvili,136.04,1s_after_loss,team_width,29.35,nearest-frame tracking context,medium
8cfdb681-32cf-4ebf-81f1-5c0839ec82d5,loss,FCK,G. Gocholeishvili,136.04,1s_after_loss,team_depth,45.52,nearest-frame tracking context,medium
8cfdb681-32cf-4ebf-81f1-5c0839ec82d5,loss,FCK,G. Gocholeishvili,136.04,1s_after_loss,compactness,16.7696,nearest-frame tracking context,medium
8cfdb681-32cf-4ebf-81f1-5c0839ec82d5,loss,FCK,G. Gocholeishvili,136.04,1s_after_loss,avg_block_height,-1.539,nearest-frame tracking context,medium
8cfdb681-32cf-4ebf-81f1-5c0839ec82d5,loss,FCK,G. Gocholeishvili,136.04,1s_after_loss,defensive_line_height,-14.3325,partial role-based,partial
8cfdb681-32cf-4ebf-81f1-5c0839ec82d5,recovery,FCK,,136.04,at_regain,team_width,29.76,nearest-frame tracking context,medium
8cfdb681-32cf-4ebf-81f1-5c0839ec82d5,recovery,FCK,,136.04,at_regain,team_depth,45.91,nearest-frame tracking context,medium
8cfdb681-32cf-4ebf-81f1-5c0839ec82d5,recovery,FCK,,136.04,at_regain,compactness,17.0659,nearest-frame tracking context,medium
8cfdb681-32cf-4ebf-81f1-5c0839ec82d5,recovery,FCK,,136.04,at_regain,avg_block_height,1.703,nearest-frame tracking context,medium
8cfdb681-32cf-4ebf-81f1-5c0839ec82d5,recovery,FCK,,136.04,at_regain,defensive_line_height,-11.7,partial role-based,partial
8cfdb681-32cf-4ebf-81f1-5c0839ec82d5,loss,FCK,,172.56,1s_after_loss,team_width,45.82,nearest-frame tracking context,medium
8cfdb681-32cf-4ebf-81f1-5c0839ec82d5,loss,FCK,,172.56,1s_after_loss,team_depth,31.1,nearest-frame tracking context,medium
8cfdb681-32cf-4ebf-81f1-5c0839ec82d5,loss,FCK,,172.56,1s_after_loss,compactness,15.8964,nearest-frame tracking context,medium
8cfdb681-32cf-4ebf-81f1-5c0839ec82d5,loss,FCK,,172.56,1s_after_loss,avg_block_height,-2.154,nearest-frame tracking context,medium
8cfdb681-32cf-4ebf-81f1-5c0839ec82d5,loss,FCK,,172.56,1s_after_loss,defensive_line_height,-9.215,partial role-based,partial
8cfdb681-32cf-4ebf-81f1-5c0839ec82d5,loss,FCK,,197.56,1s_after_loss,team_width,60.76,nearest-frame tracking context,medium
8cfdb681-32cf-4ebf-81f1-5c0839ec82d5,loss,FCK,,197.56,1s_after_loss,team_depth,26.61,nearest-frame tracking context,medium
8cfdb681-32cf-4ebf-81f1-5c0839ec82d5,loss,FCK,,197.56,1s_after_loss,compactness,16.6046,nearest-frame tracking context,medium
8cfdb681-32cf-4ebf-81f1-5c0839ec82d5,loss,FCK,,197.56,1s_after_loss,avg_block_height,1.037,nearest-frame tracking context,medium
8cfdb681-32cf-4ebf-81f1-5c0839ec82d5,loss,FCK,,197.56,1s_after_loss,defensive_line_height,-2.8925,partial role-based,partial
8cfdb681-32cf-4ebf-81f1-5c0839ec82d5,loss,FCK,M. Mattsson,199.96,1s_after_loss,team_width,55.92,nearest-frame tracking context,medium
8cfdb681-32cf-4ebf-81f1-5c0839ec82d5,loss,FCK,M. Mattsson,199.96,1s_after_loss,team_depth,24.35,nearest-frame tracking context,medium
8cfdb681-32cf-4ebf-81f1-5c0839ec82d5,loss,FCK,M. Mattsson,199.96,1s_after_loss,compactness,14.4211,nearest-frame tracking context,medium
8cfdb681-32cf-4ebf-81f1-5c0839ec82d5,loss,FCK,M. Mattsson,199.96,1s_after_loss,avg_block_height,5.069,nearest-frame tracking context,medium
8cfdb681-32cf-4ebf-81f1-5c0839ec82d5,loss,FCK,M. Mattsson,199.96,1s_after_loss,defensive_line_height,-0.0425,partial role-based,partial
8cfdb681-32cf-4ebf-81f1-5c0839ec82d5,recovery,FCM,J. Kuchta,204.32,at_regain,team_width,32.09,nearest-frame tracking context,medium
8cfdb681-32cf-4ebf-81f1-5c0839ec82d5,recovery,FCM,J. Kuchta,204.32,at_regain,team_depth,27.39,nearest-frame tracking context,medium
8cfdb681-32cf-4ebf-81f1-5c0839ec82d5,recovery,FCM,J. Kuchta,204.32,at_regain,compactness,13.5541,nearest-frame tracking context,medium
8cfdb681-32cf-4ebf-81f1-5c0839ec82d5,recovery,FCM,J. Kuchta,204.32,at_regain,avg_block_height,-13.792,nearest-frame tracking context,medium
8cfdb681-32cf-4ebf-81f1-5c0839ec82d5,recovery,FCM,J. Kuchta,204.32,at_regain,defensive_line_height,-23.12,partial role-based,partial
8cfdb681-32cf-4ebf-81f1-5c0839ec82d5,recovery,FCK,T. Delaney,209.48,at_regain,team_width,37.32,nearest-frame tracking context,medium
8cfdb681-32cf-4ebf-81f1-5c0839ec82d5,recovery,FCK,T. Delaney,209.48,at_regain,team_depth,29.46,nearest-frame tracking context,medium
8cfdb681-32cf-4ebf-81f1-5c0839ec82d5,recovery,FCK,T. Delaney,209.48,at_regain,compactness,13.0962,nearest-frame tracking context,medium
8cfdb681-32cf-4ebf-81f1-5c0839ec82d5,recovery,FCK,T. Delaney,209.48,at_regain,avg_block_height,7.974,nearest-frame tracking context,medium
8cfdb681-32cf-4ebf-81f1-5c0839ec82d5,recovery,FCK,T. Delaney,209.48,at_regain,defensive_line_height,-1.3525,partial role-based,partial
8cfdb681-32cf-4ebf-81f1-5c0839ec82d5,recovery,FCK,L. Lerager,212.88,at_regain,team_width,29.68,nearest-frame tracking context,medium
8cfdb681-32cf-4ebf-81f1-5c0839ec82d5,recovery,FCK,L. Lerager,212.88,at_regain,team_depth,26.43,nearest-frame tracking context,medium
8cfdb681-32cf-4ebf-81f1-5c0839ec82d5,recovery,FCK,L. Lerager,212.88,at_regain,compactness,11.433,nearest-frame tracking context,medium
8cfdb681-32cf-4ebf-81f1-5c0839ec82d5,recovery,FCK,L. Lerager,212.88,at_regain,avg_block_height,10.434,nearest-frame tracking context,medium
8cfdb681-32cf-4ebf-81f1-5c0839ec82d5,recovery,FCK,L. Lerager,212.88,at_regain,defensive_line_height,1.355,partial role-based,partial
8cfdb681-32cf-4ebf-81f1-5c0839ec82d5,recovery,FCM,,214.36,at_regain,team_width,29.67,nearest-frame tracking context,medium
8cfdb681-32cf-4ebf-81f1-5c0839ec82d5,recovery,FCM,,214.36,at_regain,team_depth,21.75,nearest-frame tracking context,medium
8cfdb681-32cf-4ebf-81f1-5c0839ec82d5,recovery,FCM,,214.36,at_regain,compactness,10.8453,nearest-frame tracking context,medium
8cfdb681-32cf-4ebf-81f1-5c0839ec82d5,recovery,FCM,,214.36,at_regain,avg_block_height,-12.491,nearest-frame tracking context,medium
8cfdb681-32cf-4ebf-81f1-5c0839ec82d5,recovery,FCM,,214.36,at_regain,defensive_line_height,-20.4425,partial role-based,partial
8cfdb681-32cf-4ebf-81f1-5c0839ec82d5,loss,FCM,J. Andersson,239.28,1s_after_loss,team_width,55.56,nearest-frame tracking context,medium
8cfdb681-32cf-4ebf-81f1-5c0839ec82d5,loss,FCM,J. Andersson,239.28,1s_after_loss,team_depth,29.72,nearest-frame tracking context,medium
8cfdb681-32cf-4ebf-81f1-5c0839ec82d5,loss,FCM,J. Andersson,239.28,1s_after_loss,compactness,17.1406,nearest-frame tracking context,medium
8cfdb681-32cf-4ebf-81f1-5c0839ec82d5,loss,FCM,J. Andersson,239.28,1s_after_loss,avg_block_height,6.112,nearest-frame tracking context,medium
8cfdb681-32cf-4ebf-81f1-5c0839ec82d5,loss,FCM,J. Andersson,239.28,1s_after_loss,defensive_line_height,-2.2525,partial role-based,partial
8cfdb681-32cf-4ebf-81f1-5c0839ec82d5,loss,FCM,,241.44,1s_after_loss,team_width,49.69,nearest-frame tracking context,medium
8cfdb681-32cf-4ebf-81f1-5c0839ec82d5,loss,FCM,,241.44,1s_after_loss,team_depth,29.87,nearest-frame tracking context,medium
8cfdb681-32cf-4ebf-81f1-5c0839ec82d5,loss,FCM,,241.44,1s_after_loss,compactness,17.4053,nearest-frame tracking context,medium
8cfdb681-32cf-4ebf-81f1-5c0839ec82d5,loss,FCM,,241.44,1s_after_loss,avg_block_height,11.246,nearest-frame tracking context,medium
8cfdb681-32cf-4ebf-81f1-5c0839ec82d5,loss,FCM,,241.44,1s_after_loss,defensive_line_height,4.365,partial role-based,partial
8cfdb681-32cf-4ebf-81f1-5c0839ec82d5,loss,FCM,,248.16,1s_after_loss,team_width,39.97,nearest-frame tracking context,medium
8cfdb681-32cf-4ebf-81f1-5c0839ec82d5,loss,FCM,,248.16,1s_after_loss,team_depth,37.02,nearest-frame tracking context,medium
8cfdb681-32cf-4ebf-81f1-5c0839ec82d5,loss,FCM,,248.16,1s_after_loss,compactness,16.7533,nearest-frame tracking context,medium
8cfdb681-32cf-4ebf-81f1-5c0839ec82d5,loss,FCM,,248.16,1s_after_loss,avg_block_height,14.559,nearest-frame tracking context,medium
8cfdb681-32cf-4ebf-81f1-5c0839ec82d5,loss,FCM,,248.16,1s_after_loss,defensive_line_height,6.07,partial role-based,partial
8cfdb681-32cf-4ebf-81f1-5c0839ec82d5,loss,FCM,,266.16,1s_after_loss,team_width,61.33,nearest-frame tracking context,medium
8cfdb681-32cf-4ebf-81f1-5c0839ec82d5,loss,FCM,,266.16,1s_after_loss,team_depth,31.11,nearest-frame tracking context,medium
8cfdb681-32cf-4ebf-81f1-5c0839ec82d5,loss,FCM,,266.16,1s_after_loss,compactness,17.6851,nearest-frame tracking context,medium
8cfdb681-32cf-4ebf-81f1-5c0839ec82d5,loss,FCM,,266.16,1s_after_loss,avg_block_height,1.992,nearest-frame tracking context,medium
8cfdb681-32cf-4ebf-81f1-5c0839ec82d5,loss,FCM,,266.16,1s_after_loss,defensive_line_height,-2.1275,partial role-based,partial
8cfdb681-32cf-4ebf-81f1-5c0839ec82d5,recovery,FCM,M. Bech,266.32,at_regain,team_width,61.58,nearest-frame tracking context,medium
8cfdb681-32cf-4ebf-81f1-5c0839ec82d5,recovery,FCM,M. Bech,266.32,at_regain,team_depth,30.73,nearest-frame tracking context,medium
8cfdb681-32cf-4ebf-81f1-5c0839ec82d5,recovery,FCM,M. Bech,266.32,at_regain,compactness,17.9671,nearest-frame tracking context,medium
8cfdb681-32cf-4ebf-81f1-5c0839ec82d5,recovery,FCM,M. Bech,266.32,at_regain,avg_block_height,1.086,nearest-frame tracking context,medium
8cfdb681-32cf-4ebf-81f1-5c0839ec82d5,recovery,FCM,M. Bech,266.32,at_regain,defensive_line_height,-3.1825,partial role-based,partial
8cfdb681-32cf-4ebf-81f1-5c0839ec82d5,recovery,FCK,K. Diks,269.52,at_regain,team_width,42.19,nearest-frame tracking context,medium
8cfdb681-32cf-4ebf-81f1-5c0839ec82d5,recovery,FCK,K. Diks,269.52,at_regain,team_depth,31.37,nearest-frame tracking context,medium
8cfdb681-32cf-4ebf-81f1-5c0839ec82d5,recovery,FCK,K. Diks,269.52,at_regain,compactness,15.86,nearest-frame tracking context,medium
8cfdb681-32cf-4ebf-81f1-5c0839ec82d5,recovery,FCK,K. Diks,269.52,at_regain,avg_block_height,-11.948,nearest-frame tracking context,medium
8cfdb681-32cf-4ebf-81f1-5c0839ec82d5,recovery,FCK,K. Diks,269.52,at_regain,defensive_line_height,-21.74,partial role-based,partial
8cfdb681-32cf-4ebf-81f1-5c0839ec82d5,recovery,FCM,D. Osorio,271.28,at_regain,team_width,54.59,nearest-frame tracking context,medium
8cfdb681-32cf-4ebf-81f1-5c0839ec82d5,recovery,FCM,D. Osorio,271.28,at_regain,team_depth,26.48,nearest-frame tracking context,medium
8cfdb681-32cf-4ebf-81f1-5c0839ec82d5,recovery,FCM,D. Osorio,271.28,at_regain,compactness,17.2782,nearest-frame tracking context,medium
8cfdb681-32cf-4ebf-81f1-5c0839ec82d5,recovery,FCM,D. Osorio,271.28,at_regain,avg_block_height,9.282,nearest-frame tracking context,medium
8cfdb681-32cf-4ebf-81f1-5c0839ec82d5,recovery,FCM,D. Osorio,271.28,at_regain,defensive_line_height,4.825,partial role-based,partial
8cfdb681-32cf-4ebf-81f1-5c0839ec82d5,shot,FCK,,272.04,1s_before_shot,team_width,41,nearest-frame tracking context,medium
8cfdb681-32cf-4ebf-81f1-5c0839ec82d5,shot,FCK,,272.04,1s_before_shot,team_depth,29.33,nearest-frame tracking context,medium
8cfdb681-32cf-4ebf-81f1-5c0839ec82d5,shot,FCK,,272.04,1s_before_shot,compactness,15.5043,nearest-frame tracking context,medium
8cfdb681-32cf-4ebf-81f1-5c0839ec82d5,shot,FCK,,272.04,1s_before_shot,avg_block_height,-13.525,nearest-frame tracking context,medium
8cfdb681-32cf-4ebf-81f1-5c0839ec82d5,shot,FCK,,272.04,1s_before_shot,defensive_line_height,-22.8675,partial role-based,partial
8cfdb681-32cf-4ebf-81f1-5c0839ec82d5,loss,FCK,,272.04,1s_after_loss,team_width,39.11,nearest-frame tracking context,medium
8cfdb681-32cf-4ebf-81f1-5c0839ec82d5,loss,FCK,,272.04,1s_after_loss,team_depth,26.45,nearest-frame tracking context,medium
8cfdb681-32cf-4ebf-81f1-5c0839ec82d5,loss,FCK,,272.04,1s_after_loss,compactness,14.9114,nearest-frame tracking context,medium
8cfdb681-32cf-4ebf-81f1-5c0839ec82d5,loss,FCK,,272.04,1s_after_loss,avg_block_height,-13.441,nearest-frame tracking context,medium
8cfdb681-32cf-4ebf-81f1-5c0839ec82d5,loss,FCK,,272.04,1s_after_loss,defensive_line_height,-22.28,partial role-based,partial
8cfdb681-32cf-4ebf-81f1-5c0839ec82d5,shot,FCK,G. Onugkha,279.44,1s_before_shot,team_width,35.09,nearest-frame tracking context,medium
8cfdb681-32cf-4ebf-81f1-5c0839ec82d5,shot,FCK,G. Onugkha,279.44,1s_before_shot,team_depth,45.54,nearest-frame tracking context,medium
8cfdb681-32cf-4ebf-81f1-5c0839ec82d5,shot,FCK,G. Onugkha,279.44,1s_before_shot,compactness,17.6189,nearest-frame tracking context,medium
8cfdb681-32cf-4ebf-81f1-5c0839ec82d5,shot,FCK,G. Onugkha,279.44,1s_before_shot,avg_block_height,8.668,nearest-frame tracking context,medium
8cfdb681-32cf-4ebf-81f1-5c0839ec82d5,shot,FCK,G. Onugkha,279.44,1s_before_shot,defensive_line_height,-5.4425,partial role-based,partial
8cfdb681-32cf-4ebf-81f1-5c0839ec82d5,loss,FCM,,295.64,1s_after_loss,team_width,62.44,nearest-frame tracking context,medium
8cfdb681-32cf-4ebf-81f1-5c0839ec82d5,loss,FCM,,295.64,1s_after_loss,team_depth,49.75,nearest-frame tracking context,medium
8cfdb681-32cf-4ebf-81f1-5c0839ec82d5,loss,FCM,,295.64,1s_after_loss,compactness,22.7279,nearest-frame tracking context,medium
8cfdb681-32cf-4ebf-81f1-5c0839ec82d5,loss,FCM,,295.64,1s_after_loss,avg_block_height,-20.429,nearest-frame tracking context,medium
8cfdb681-32cf-4ebf-81f1-5c0839ec82d5,loss,FCM,,295.64,1s_after_loss,defensive_line_height,-40.115,partial role-based,partial
8cfdb681-32cf-4ebf-81f1-5c0839ec82d5,loss,FCM,,301.64,1s_after_loss,team_width,59.97,nearest-frame tracking context,medium
8cfdb681-32cf-4ebf-81f1-5c0839ec82d5,loss,FCM,,301.64,1s_after_loss,team_depth,40.37,nearest-frame tracking context,medium
8cfdb681-32cf-4ebf-81f1-5c0839ec82d5,loss,FCM,,301.64,1s_after_loss,compactness,21.9365,nearest-frame tracking context,medium
8cfdb681-32cf-4ebf-81f1-5c0839ec82d5,loss,FCM,,301.64,1s_after_loss,avg_block_height,-16.372,nearest-frame tracking context,medium
8cfdb681-32cf-4ebf-81f1-5c0839ec82d5,loss,FCM,,301.64,1s_after_loss,defensive_line_height,-31.6375,partial role-based,partial
8cfdb681-32cf-4ebf-81f1-5c0839ec82d5,loss,FCM,Franculino Dju,304.36,1s_after_loss,team_width,58.88,nearest-frame tracking context,medium
8cfdb681-32cf-4ebf-81f1-5c0839ec82d5,loss,FCM,Franculino Dju,304.36,1s_after_loss,team_depth,41.67,nearest-frame tracking context,medium
8cfdb681-32cf-4ebf-81f1-5c0839ec82d5,loss,FCM,Franculino Dju,304.36,1s_after_loss,compactness,22.5479,nearest-frame tracking context,medium
8cfdb681-32cf-4ebf-81f1-5c0839ec82d5,loss,FCM,Franculino Dju,304.36,1s_after_loss,avg_block_height,-7.553,nearest-frame tracking context,medium
8cfdb681-32cf-4ebf-81f1-5c0839ec82d5,loss,FCM,Franculino Dju,304.36,1s_after_loss,defensive_line_height,-23.205,partial role-based,partial
8cfdb681-32cf-4ebf-81f1-5c0839ec82d5,loss,FCK,,304.92,1s_after_loss,team_width,39.58,nearest-frame tracking context,medium
8cfdb681-32cf-4ebf-81f1-5c0839ec82d5,loss,FCK,,304.92,1s_after_loss,team_depth,34.48,nearest-frame tracking context,medium
8cfdb681-32cf-4ebf-81f1-5c0839ec82d5,loss,FCK,,304.92,1s_after_loss,compactness,17.7101,nearest-frame tracking context,medium
8cfdb681-32cf-4ebf-81f1-5c0839ec82d5,loss,FCK,,304.92,1s_after_loss,avg_block_height,0.949,nearest-frame tracking context,medium
8cfdb681-32cf-4ebf-81f1-5c0839ec82d5,loss,FCK,,304.92,1s_after_loss,defensive_line_height,-12.5825,partial role-based,partial
8cfdb681-32cf-4ebf-81f1-5c0839ec82d5,recovery,FCK,N. Trott,308.92,at_regain,team_width,37.5,nearest-frame tracking context,medium
8cfdb681-32cf-4ebf-81f1-5c0839ec82d5,recovery,FCK,N. Trott,308.92,at_regain,team_depth,37.19,nearest-frame tracking context,medium
8cfdb681-32cf-4ebf-81f1-5c0839ec82d5,recovery,FCK,N. Trott,308.92,at_regain,compactness,18.6073,nearest-frame tracking context,medium
8cfdb681-32cf-4ebf-81f1-5c0839ec82d5,recovery,FCK,N. Trott,308.92,at_regain,avg_block_height,-8.687,nearest-frame tracking context,medium
8cfdb681-32cf-4ebf-81f1-5c0839ec82d5,recovery,FCK,N. Trott,308.92,at_regain,defensive_line_height,-23.9425,partial role-based,partial
8cfdb681-32cf-4ebf-81f1-5c0839ec82d5,loss,FCK,,309.92,1s_after_loss,team_width,36.87,nearest-frame tracking context,medium
8cfdb681-32cf-4ebf-81f1-5c0839ec82d5,loss,FCK,,309.92,1s_after_loss,team_depth,30.32,nearest-frame tracking context,medium
8cfdb681-32cf-4ebf-81f1-5c0839ec82d5,loss,FCK,,309.92,1s_after_loss,compactness,15.3162,nearest-frame tracking context,medium
8cfdb681-32cf-4ebf-81f1-5c0839ec82d5,loss,FCK,,309.92,1s_after_loss,avg_block_height,-11.182,nearest-frame tracking context,medium
8cfdb681-32cf-4ebf-81f1-5c0839ec82d5,loss,FCK,,309.92,1s_after_loss,defensive_line_height,-23.0275,partial role-based,partial
8cfdb681-32cf-4ebf-81f1-5c0839ec82d5,loss,FCM,,312.16,1s_after_loss,team_width,31.47,nearest-frame tracking context,medium
8cfdb681-32cf-4ebf-81f1-5c0839ec82d5,loss,FCM,,312.16,1s_after_loss,team_depth,31.52,nearest-frame tracking context,medium
8cfdb681-32cf-4ebf-81f1-5c0839ec82d5,loss,FCM,,312.16,1s_after_loss,compactness,12.1941,nearest-frame tracking context,medium
8cfdb681-32cf-4ebf-81f1-5c0839ec82d5,loss,FCM,,312.16,1s_after_loss,avg_block_height,6.529,nearest-frame tracking context,medium
8cfdb681-32cf-4ebf-81f1-5c0839ec82d5,loss,FCM,,312.16,1s_after_loss,defensive_line_height,-3.3675,partial role-based,partial
8cfdb681-32cf-4ebf-81f1-5c0839ec82d5,recovery,FCM,E. Martinez,312.52,at_regain,team_width,31.28,nearest-frame tracking context,medium
8cfdb681-32cf-4ebf-81f1-5c0839ec82d5,recovery,FCM,E. Martinez,312.52,at_regain,team_depth,32.79,nearest-frame tracking context,medium
8cfdb681-32cf-4ebf-81f1-5c0839ec82d5,recovery,FCM,E. Martinez,312.52,at_regain,compactness,12.7499,nearest-frame tracking context,medium
8cfdb681-32cf-4ebf-81f1-5c0839ec82d5,recovery,FCM,E. Martinez,312.52,at_regain,avg_block_height,7.439,nearest-frame tracking context,medium
8cfdb681-32cf-4ebf-81f1-5c0839ec82d5,recovery,FCM,E. Martinez,312.52,at_regain,defensive_line_height,-3.1125,partial role-based,partial
8cfdb681-32cf-4ebf-81f1-5c0839ec82d5,loss,FCK,,321.76,1s_after_loss,team_width,48.58,nearest-frame tracking context,medium
8cfdb681-32cf-4ebf-81f1-5c0839ec82d5,loss,FCK,,321.76,1s_after_loss,team_depth,32.49,nearest-frame tracking context,medium
8cfdb681-32cf-4ebf-81f1-5c0839ec82d5,loss,FCK,,321.76,1s_after_loss,compactness,17.0918,nearest-frame tracking context,medium
8cfdb681-32cf-4ebf-81f1-5c0839ec82d5,loss,FCK,,321.76,1s_after_loss,avg_block_height,-1.58,nearest-frame tracking context,medium
8cfdb681-32cf-4ebf-81f1-5c0839ec82d5,loss,FCK,,321.76,1s_after_loss,defensive_line_height,-12.3275,partial role-based,partial
8cfdb681-32cf-4ebf-81f1-5c0839ec82d5,loss,FCK,M. Mattsson,322.92,1s_after_loss,team_width,44.99,nearest-frame tracking context,medium
8cfdb681-32cf-4ebf-81f1-5c0839ec82d5,loss,FCK,M. Mattsson,322.92,1s_after_loss,team_depth,32.11,nearest-frame tracking context,medium
8cfdb681-32cf-4ebf-81f1-5c0839ec82d5,loss,FCK,M. Mattsson,322.92,1s_after_loss,compactness,16.3688,nearest-frame tracking context,medium
8cfdb681-32cf-4ebf-81f1-5c0839ec82d5,loss,FCK,M. Mattsson,322.92,1s_after_loss,avg_block_height,0.709,nearest-frame tracking context,medium
8cfdb681-32cf-4ebf-81f1-5c0839ec82d5,loss,FCK,M. Mattsson,322.92,1s_after_loss,defensive_line_height,-10.3175,partial role-based,partial
8cfdb681-32cf-4ebf-81f1-5c0839ec82d5,recovery,FCK,G. Gocholeishvili,329.48,at_regain,team_width,42.94,nearest-frame tracking context,medium
8cfdb681-32cf-4ebf-81f1-5c0839ec82d5,recovery,FCK,G. Gocholeishvili,329.48,at_regain,team_depth,35.4,nearest-frame tracking context,medium
8cfdb681-32cf-4ebf-81f1-5c0839ec82d5,recovery,FCK,G. Gocholeishvili,329.48,at_regain,compactness,16.0343,nearest-frame tracking context,medium
8cfdb681-32cf-4ebf-81f1-5c0839ec82d5,recovery,FCK,G. Gocholeishvili,329.48,at_regain,avg_block_height,15.579,nearest-frame tracking context,medium
8cfdb681-32cf-4ebf-81f1-5c0839ec82d5,recovery,FCK,G. Gocholeishvili,329.48,at_regain,defensive_line_height,8.2375,partial role-based,partial
8cfdb681-32cf-4ebf-81f1-5c0839ec82d5,loss,FCK,,331.72,1s_after_loss,team_width,42.33,nearest-frame tracking context,medium
8cfdb681-32cf-4ebf-81f1-5c0839ec82d5,loss,FCK,,331.72,1s_after_loss,team_depth,42.95,nearest-frame tracking context,medium
8cfdb681-32cf-4ebf-81f1-5c0839ec82d5,loss,FCK,,331.72,1s_after_loss,compactness,17.108,nearest-frame tracking context,medium
8cfdb681-32cf-4ebf-81f1-5c0839ec82d5,loss,FCK,,331.72,1s_after_loss,avg_block_height,23.024,nearest-frame tracking context,medium
8cfdb681-32cf-4ebf-81f1-5c0839ec82d5,loss,FCK,,331.72,1s_after_loss,defensive_line_height,12.36,partial role-based,partial
8cfdb681-32cf-4ebf-81f1-5c0839ec82d5,loss,FCM,,336.24,1s_after_loss,team_width,49.77,nearest-frame tracking context,medium
8cfdb681-32cf-4ebf-81f1-5c0839ec82d5,loss,FCM,,336.24,1s_after_loss,team_depth,42.88,nearest-frame tracking context,medium
8cfdb681-32cf-4ebf-81f1-5c0839ec82d5,loss,FCM,,336.24,1s_after_loss,compactness,18.6792,nearest-frame tracking context,medium
8cfdb681-32cf-4ebf-81f1-5c0839ec82d5,loss,FCM,,336.24,1s_after_loss,avg_block_height,-29.474,nearest-frame tracking context,medium
8cfdb681-32cf-4ebf-81f1-5c0839ec82d5,loss,FCM,,336.24,1s_after_loss,defensive_line_height,-41.975,partial role-based,partial
8cfdb681-32cf-4ebf-81f1-5c0839ec82d5,loss,FCM,,336.24,1s_after_loss,team_width,49.77,nearest-frame tracking context,medium
8cfdb681-32cf-4ebf-81f1-5c0839ec82d5,loss,FCM,,336.24,1s_after_loss,team_depth,42.88,nearest-frame tracking context,medium
8cfdb681-32cf-4ebf-81f1-5c0839ec82d5,loss,FCM,,336.24,1s_after_loss,compactness,18.6792,nearest-frame tracking context,medium
8cfdb681-32cf-4ebf-81f1-5c0839ec82d5,loss,FCM,,336.24,1s_after_loss,avg_block_height,-29.474,nearest-frame tracking context,medium
8cfdb681-32cf-4ebf-81f1-5c0839ec82d5,loss,FCM,,336.24,1s_after_loss,defensive_line_height,-41.975,partial role-based,partial
8cfdb681-32cf-4ebf-81f1-5c0839ec82d5,recovery,FCM,E. Martinez,342.92,at_regain,team_width,50.15,nearest-frame tracking context,medium
8cfdb681-32cf-4ebf-81f1-5c0839ec82d5,recovery,FCM,E. Martinez,342.92,at_regain,team_depth,39.45,nearest-frame tracking context,medium
8cfdb681-32cf-4ebf-81f1-5c0839ec82d5,recovery,FCM,E. Martinez,342.92,at_regain,compactness,18.7639,nearest-frame tracking context,medium
8cfdb681-32cf-4ebf-81f1-5c0839ec82d5,recovery,FCM,E. Martinez,342.92,at_regain,avg_block_height,-16.795,nearest-frame tracking context,medium
8cfdb681-32cf-4ebf-81f1-5c0839ec82d5,recovery,FCM,E. Martinez,342.92,at_regain,defensive_line_height,-27.775,partial role-based,partial
8cfdb681-32cf-4ebf-81f1-5c0839ec82d5,loss,FCK,,345.52,1s_after_loss,team_width,35.61,nearest-frame tracking context,medium
8cfdb681-32cf-4ebf-81f1-5c0839ec82d5,loss,FCK,,345.52,1s_after_loss,team_depth,43.52,nearest-frame tracking context,medium
8cfdb681-32cf-4ebf-81f1-5c0839ec82d5,loss,FCK,,345.52,1s_after_loss,compactness,16.8815,nearest-frame tracking context,medium
8cfdb681-32cf-4ebf-81f1-5c0839ec82d5,loss,FCK,,345.52,1s_after_loss,avg_block_height,-2.251,nearest-frame tracking context,medium
8cfdb681-32cf-4ebf-81f1-5c0839ec82d5,loss,FCK,,345.52,1s_after_loss,defensive_line_height,-14.26,partial role-based,partial
8cfdb681-32cf-4ebf-81f1-5c0839ec82d5,loss,FCK,,345.92,1s_after_loss,team_width,35.72,nearest-frame tracking context,medium
8cfdb681-32cf-4ebf-81f1-5c0839ec82d5,loss,FCK,,345.92,1s_after_loss,team_depth,42.88,nearest-frame tracking context,medium
8cfdb681-32cf-4ebf-81f1-5c0839ec82d5,loss,FCK,,345.92,1s_after_loss,compactness,16.9371,nearest-frame tracking context,medium
8cfdb681-32cf-4ebf-81f1-5c0839ec82d5,loss,FCK,,345.92,1s_after_loss,avg_block_height,-3.111,nearest-frame tracking context,medium
8cfdb681-32cf-4ebf-81f1-5c0839ec82d5,loss,FCK,,345.92,1s_after_loss,defensive_line_height,-15.07,partial role-based,partial
8cfdb681-32cf-4ebf-81f1-5c0839ec82d5,loss,FCK,,347.52,1s_after_loss,team_width,37.03,nearest-frame tracking context,medium
8cfdb681-32cf-4ebf-81f1-5c0839ec82d5,loss,FCK,,347.52,1s_after_loss,team_depth,37.74,nearest-frame tracking context,medium
8cfdb681-32cf-4ebf-81f1-5c0839ec82d5,loss,FCK,,347.52,1s_after_loss,compactness,16.0032,nearest-frame tracking context,medium
8cfdb681-32cf-4ebf-81f1-5c0839ec82d5,loss,FCK,,347.52,1s_after_loss,avg_block_height,-5.092,nearest-frame tracking context,medium
8cfdb681-32cf-4ebf-81f1-5c0839ec82d5,loss,FCK,,347.52,1s_after_loss,defensive_line_height,-16.3125,partial role-based,partial
8cfdb681-32cf-4ebf-81f1-5c0839ec82d5,loss,FCK,T. Delaney,349.56,1s_after_loss,team_width,35.47,nearest-frame tracking context,medium
8cfdb681-32cf-4ebf-81f1-5c0839ec82d5,loss,FCK,T. Delaney,349.56,1s_after_loss,team_depth,31.46,nearest-frame tracking context,medium
8cfdb681-32cf-4ebf-81f1-5c0839ec82d5,loss,FCK,T. Delaney,349.56,1s_after_loss,compactness,13.6545,nearest-frame tracking context,medium
8cfdb681-32cf-4ebf-81f1-5c0839ec82d5,loss,FCK,T. Delaney,349.56,1s_after_loss,avg_block_height,-6.906,nearest-frame tracking context,medium
8cfdb681-32cf-4ebf-81f1-5c0839ec82d5,loss,FCK,T. Delaney,349.56,1s_after_loss,defensive_line_height,-16.525,partial role-based,partial
8cfdb681-32cf-4ebf-81f1-5c0839ec82d5,recovery,FCM,Oliver Sorensen,352.24,at_regain,team_width,31.04,nearest-frame tracking context,medium
8cfdb681-32cf-4ebf-81f1-5c0839ec82d5,recovery,FCM,Oliver Sorensen,352.24,at_regain,team_depth,24.93,nearest-frame tracking context,medium
8cfdb681-32cf-4ebf-81f1-5c0839ec82d5,recovery,FCM,Oliver Sorensen,352.24,at_regain,compactness,12.2777,nearest-frame tracking context,medium
8cfdb681-32cf-4ebf-81f1-5c0839ec82d5,recovery,FCM,Oliver Sorensen,352.24,at_regain,avg_block_height,4.532,nearest-frame tracking context,medium
8cfdb681-32cf-4ebf-81f1-5c0839ec82d5,recovery,FCM,Oliver Sorensen,352.24,at_regain,defensive_line_height,-5.24,partial role-based,partial
8cfdb681-32cf-4ebf-81f1-5c0839ec82d5,recovery,FCK,L. Lerager,353.6,at_regain,team_width,34.88,nearest-frame tracking context,medium
8cfdb681-32cf-4ebf-81f1-5c0839ec82d5,recovery,FCK,L. Lerager,353.6,at_regain,team_depth,22.62,nearest-frame tracking context,medium
8cfdb681-32cf-4ebf-81f1-5c0839ec82d5,recovery,FCK,L. Lerager,353.6,at_regain,compactness,10.2754,nearest-frame tracking context,medium
8cfdb681-32cf-4ebf-81f1-5c0839ec82d5,recovery,FCK,L. Lerager,353.6,at_regain,avg_block_height,-7.727,nearest-frame tracking context,medium
8cfdb681-32cf-4ebf-81f1-5c0839ec82d5,recovery,FCK,L. Lerager,353.6,at_regain,defensive_line_height,-15.825,partial role-based,partial
8cfdb681-32cf-4ebf-81f1-5c0839ec82d5,recovery,FCM,M. Bech,356.2,at_regain,team_width,31.16,nearest-frame tracking context,medium
8cfdb681-32cf-4ebf-81f1-5c0839ec82d5,recovery,FCM,M. Bech,356.2,at_regain,team_depth,25.33,nearest-frame tracking context,medium
8cfdb681-32cf-4ebf-81f1-5c0839ec82d5,recovery,FCM,M. Bech,356.2,at_regain,compactness,12.3535,nearest-frame tracking context,medium
8cfdb681-32cf-4ebf-81f1-5c0839ec82d5,recovery,FCM,M. Bech,356.2,at_regain,avg_block_height,1.187,nearest-frame tracking context,medium
8cfdb681-32cf-4ebf-81f1-5c0839ec82d5,recovery,FCM,M. Bech,356.2,at_regain,defensive_line_height,-8.76,partial role-based,partial
8cfdb681-32cf-4ebf-81f1-5c0839ec82d5,recovery,FCK,E. Achouri,358.08,at_regain,team_width,30.51,nearest-frame tracking context,medium
8cfdb681-32cf-4ebf-81f1-5c0839ec82d5,recovery,FCK,E. Achouri,358.08,at_regain,team_depth,23.99,nearest-frame tracking context,medium
8cfdb681-32cf-4ebf-81f1-5c0839ec82d5,recovery,FCK,E. Achouri,358.08,at_regain,compactness,10.8777,nearest-frame tracking context,medium
8cfdb681-32cf-4ebf-81f1-5c0839ec82d5,recovery,FCK,E. Achouri,358.08,at_regain,avg_block_height,-2.004,nearest-frame tracking context,medium
8cfdb681-32cf-4ebf-81f1-5c0839ec82d5,recovery,FCK,E. Achouri,358.08,at_regain,defensive_line_height,-10.1025,partial role-based,partial
8cfdb681-32cf-4ebf-81f1-5c0839ec82d5,loss,FCM,,359.52,1s_after_loss,team_width,28.54,nearest-frame tracking context,medium
8cfdb681-32cf-4ebf-81f1-5c0839ec82d5,loss,FCM,,359.52,1s_after_loss,team_depth,27.64,nearest-frame tracking context,medium
8cfdb681-32cf-4ebf-81f1-5c0839ec82d5,loss,FCM,,359.52,1s_after_loss,compactness,12.2673,nearest-frame tracking context,medium
8cfdb681-32cf-4ebf-81f1-5c0839ec82d5,loss,FCM,,359.52,1s_after_loss,avg_block_height,-5.102,nearest-frame tracking context,medium
8cfdb681-32cf-4ebf-81f1-5c0839ec82d5,loss,FCM,,359.52,1s_after_loss,defensive_line_height,-14.16,partial role-based,partial
8cfdb681-32cf-4ebf-81f1-5c0839ec82d5,recovery,FCM,J. Andersson,364,at_regain,team_width,31.12,nearest-frame tracking context,medium
8cfdb681-32cf-4ebf-81f1-5c0839ec82d5,recovery,FCM,J. Andersson,364,at_regain,team_depth,28.85,nearest-frame tracking context,medium
8cfdb681-32cf-4ebf-81f1-5c0839ec82d5,recovery,FCM,J. Andersson,364,at_regain,compactness,14.3558,nearest-frame tracking context,medium
8cfdb681-32cf-4ebf-81f1-5c0839ec82d5,recovery,FCM,J. Andersson,364,at_regain,avg_block_height,-9.803,nearest-frame tracking context,medium
8cfdb681-32cf-4ebf-81f1-5c0839ec82d5,recovery,FCM,J. Andersson,364,at_regain,defensive_line_height,-20.3275,partial role-based,partial
8cfdb681-32cf-4ebf-81f1-5c0839ec82d5,loss,FCM,,364.52,1s_after_loss,team_width,31.91,nearest-frame tracking context,medium
8cfdb681-32cf-4ebf-81f1-5c0839ec82d5,loss,FCM,,364.52,1s_after_loss,team_depth,27.24,nearest-frame tracking context,medium
8cfdb681-32cf-4ebf-81f1-5c0839ec82d5,loss,FCM,,364.52,1s_after_loss,compactness,14.2041,nearest-frame tracking context,medium
8cfdb681-32cf-4ebf-81f1-5c0839ec82d5,loss,FCM,,364.52,1s_after_loss,avg_block_height,-9.591,nearest-frame tracking context,medium
8cfdb681-32cf-4ebf-81f1-5c0839ec82d5,loss,FCM,,364.52,1s_after_loss,defensive_line_height,-20,partial role-based,partial
8cfdb681-32cf-4ebf-81f1-5c0839ec82d5,recovery,FCK,L. Lerager,369.24,at_regain,team_width,25.38,nearest-frame tracking context,medium
8cfdb681-32cf-4ebf-81f1-5c0839ec82d5,recovery,FCK,L. Lerager,369.24,at_regain,team_depth,22.19,nearest-frame tracking context,medium
8cfdb681-32cf-4ebf-81f1-5c0839ec82d5,recovery,FCK,L. Lerager,369.24,at_regain,compactness,9.6998,nearest-frame tracking context,medium
8cfdb681-32cf-4ebf-81f1-5c0839ec82d5,recovery,FCK,L. Lerager,369.24,at_regain,avg_block_height,3.842,nearest-frame tracking context,medium
8cfdb681-32cf-4ebf-81f1-5c0839ec82d5,recovery,FCK,L. Lerager,369.24,at_regain,defensive_line_height,-3.69,partial role-based,partial
8cfdb681-32cf-4ebf-81f1-5c0839ec82d5,loss,FCM,D. Osorio,375.32,1s_after_loss,team_width,40.27,nearest-frame tracking context,medium
8cfdb681-32cf-4ebf-81f1-5c0839ec82d5,loss,FCM,D. Osorio,375.32,1s_after_loss,team_depth,23.8,nearest-frame tracking context,medium
8cfdb681-32cf-4ebf-81f1-5c0839ec82d5,loss,FCM,D. Osorio,375.32,1s_after_loss,compactness,10.9947,nearest-frame tracking context,medium
8cfdb681-32cf-4ebf-81f1-5c0839ec82d5,loss,FCM,D. Osorio,375.32,1s_after_loss,avg_block_height,-5.353,nearest-frame tracking context,medium
8cfdb681-32cf-4ebf-81f1-5c0839ec82d5,loss,FCM,D. Osorio,375.32,1s_after_loss,defensive_line_height,-11.81,partial role-based,partial
8cfdb681-32cf-4ebf-81f1-5c0839ec82d5,recovery,FCK,,376.44,at_regain,team_width,22.95,nearest-frame tracking context,medium
8cfdb681-32cf-4ebf-81f1-5c0839ec82d5,recovery,FCK,,376.44,at_regain,team_depth,22.62,nearest-frame tracking context,medium
8cfdb681-32cf-4ebf-81f1-5c0839ec82d5,recovery,FCK,,376.44,at_regain,compactness,9.0925,nearest-frame tracking context,medium
8cfdb681-32cf-4ebf-81f1-5c0839ec82d5,recovery,FCK,,376.44,at_regain,avg_block_height,1.012,nearest-frame tracking context,medium
8cfdb681-32cf-4ebf-81f1-5c0839ec82d5,recovery,FCK,,376.44,at_regain,defensive_line_height,-5.795,partial role-based,partial
8cfdb681-32cf-4ebf-81f1-5c0839ec82d5,loss,FCK,,376.44,1s_after_loss,team_width,23.6,nearest-frame tracking context,medium
8cfdb681-32cf-4ebf-81f1-5c0839ec82d5,loss,FCK,,376.44,1s_after_loss,team_depth,23.15,nearest-frame tracking context,medium
8cfdb681-32cf-4ebf-81f1-5c0839ec82d5,loss,FCK,,376.44,1s_after_loss,compactness,9.701,nearest-frame tracking context,medium
8cfdb681-32cf-4ebf-81f1-5c0839ec82d5,loss,FCK,,376.44,1s_after_loss,avg_block_height,-0.321,nearest-frame tracking context,medium
8cfdb681-32cf-4ebf-81f1-5c0839ec82d5,loss,FCK,,376.44,1s_after_loss,defensive_line_height,-7.42,partial role-based,partial
8cfdb681-32cf-4ebf-81f1-5c0839ec82d5,recovery,FCK,K. Diks,378.04,at_regain,team_width,25.19,nearest-frame tracking context,medium
8cfdb681-32cf-4ebf-81f1-5c0839ec82d5,recovery,FCK,K. Diks,378.04,at_regain,team_depth,23.81,nearest-frame tracking context,medium
8cfdb681-32cf-4ebf-81f1-5c0839ec82d5,recovery,FCK,K. Diks,378.04,at_regain,compactness,10.2077,nearest-frame tracking context,medium
8cfdb681-32cf-4ebf-81f1-5c0839ec82d5,recovery,FCK,K. Diks,378.04,at_regain,avg_block_height,-0.7,nearest-frame tracking context,medium
8cfdb681-32cf-4ebf-81f1-5c0839ec82d5,recovery,FCK,K. Diks,378.04,at_regain,defensive_line_height,-8.1375,partial role-based,partial
8cfdb681-32cf-4ebf-81f1-5c0839ec82d5,loss,FCM,,422.4,1s_after_loss,team_width,60.33,nearest-frame tracking context,medium
8cfdb681-32cf-4ebf-81f1-5c0839ec82d5,loss,FCM,,422.4,1s_after_loss,team_depth,32.2,nearest-frame tracking context,medium
8cfdb681-32cf-4ebf-81f1-5c0839ec82d5,loss,FCM,,422.4,1s_after_loss,compactness,19.3228,nearest-frame tracking context,medium
8cfdb681-32cf-4ebf-81f1-5c0839ec82d5,loss,FCM,,422.4,1s_after_loss,avg_block_height,-1.241,nearest-frame tracking context,medium
8cfdb681-32cf-4ebf-81f1-5c0839ec82d5,loss,FCM,,422.4,1s_after_loss,defensive_line_height,-8.4825,partial role-based,partial
8cfdb681-32cf-4ebf-81f1-5c0839ec82d5,loss,FCK,,436.64,1s_after_loss,team_width,34.23,nearest-frame tracking context,medium
8cfdb681-32cf-4ebf-81f1-5c0839ec82d5,loss,FCK,,436.64,1s_after_loss,team_depth,30.25,nearest-frame tracking context,medium
8cfdb681-32cf-4ebf-81f1-5c0839ec82d5,loss,FCK,,436.64,1s_after_loss,compactness,15.2399,nearest-frame tracking context,medium
8cfdb681-32cf-4ebf-81f1-5c0839ec82d5,loss,FCK,,436.64,1s_after_loss,avg_block_height,-7.166,nearest-frame tracking context,medium
8cfdb681-32cf-4ebf-81f1-5c0839ec82d5,loss,FCK,,436.64,1s_after_loss,defensive_line_height,-17.6975,partial role-based,partial
8cfdb681-32cf-4ebf-81f1-5c0839ec82d5,loss,FCM,,465.2,1s_after_loss,team_width,40.1,nearest-frame tracking context,medium
8cfdb681-32cf-4ebf-81f1-5c0839ec82d5,loss,FCM,,465.2,1s_after_loss,team_depth,39.79,nearest-frame tracking context,medium
8cfdb681-32cf-4ebf-81f1-5c0839ec82d5,loss,FCM,,465.2,1s_after_loss,compactness,16.545,nearest-frame tracking context,medium
8cfdb681-32cf-4ebf-81f1-5c0839ec82d5,loss,FCM,,465.2,1s_after_loss,avg_block_height,-10.385,nearest-frame tracking context,medium
8cfdb681-32cf-4ebf-81f1-5c0839ec82d5,loss,FCM,,465.2,1s_after_loss,defensive_line_height,-22.2975,partial role-based,partial
8cfdb681-32cf-4ebf-81f1-5c0839ec82d5,loss,FCM,,465.2,1s_after_loss,team_width,40.1,nearest-frame tracking context,medium
8cfdb681-32cf-4ebf-81f1-5c0839ec82d5,loss,FCM,,465.2,1s_after_loss,team_depth,39.79,nearest-frame tracking context,medium
8cfdb681-32cf-4ebf-81f1-5c0839ec82d5,loss,FCM,,465.2,1s_after_loss,compactness,16.545,nearest-frame tracking context,medium
8cfdb681-32cf-4ebf-81f1-5c0839ec82d5,loss,FCM,,465.2,1s_after_loss,avg_block_height,-10.385,nearest-frame tracking context,medium
8cfdb681-32cf-4ebf-81f1-5c0839ec82d5,loss,FCM,,465.2,1s_after_loss,defensive_line_height,-22.2975,partial role-based,partial
8cfdb681-32cf-4ebf-81f1-5c0839ec82d5,recovery,FCM,J. Kuchta,467.12,at_regain,team_width,37.8,nearest-frame tracking context,medium
8cfdb681-32cf-4ebf-81f1-5c0839ec82d5,recovery,FCM,J. Kuchta,467.12,at_regain,team_depth,34.79,nearest-frame tracking context,medium
8cfdb681-32cf-4ebf-81f1-5c0839ec82d5,recovery,FCM,J. Kuchta,467.12,at_regain,compactness,15.603,nearest-frame tracking context,medium
8cfdb681-32cf-4ebf-81f1-5c0839ec82d5,recovery,FCM,J. Kuchta,467.12,at_regain,avg_block_height,-8.402,nearest-frame tracking context,medium
8cfdb681-32cf-4ebf-81f1-5c0839ec82d5,recovery,FCM,J. Kuchta,467.12,at_regain,defensive_line_height,-19.5,partial role-based,partial
8cfdb681-32cf-4ebf-81f1-5c0839ec82d5,recovery,FCK,L. Lerager,469.04,at_regain,team_width,26.19,nearest-frame tracking context,medium
8cfdb681-32cf-4ebf-81f1-5c0839ec82d5,recovery,FCK,L. Lerager,469.04,at_regain,team_depth,29.66,nearest-frame tracking context,medium
8cfdb681-32cf-4ebf-81f1-5c0839ec82d5,recovery,FCK,L. Lerager,469.04,at_regain,compactness,10.4579,nearest-frame tracking context,medium
8cfdb681-32cf-4ebf-81f1-5c0839ec82d5,recovery,FCK,L. Lerager,469.04,at_regain,avg_block_height,-4.125,nearest-frame tracking context,medium
8cfdb681-32cf-4ebf-81f1-5c0839ec82d5,recovery,FCK,L. Lerager,469.04,at_regain,defensive_line_height,-12.4175,partial role-based,partial
8cfdb681-32cf-4ebf-81f1-5c0839ec82d5,recovery,FCM,M. Bech,471.92,at_regain,team_width,30.45,nearest-frame tracking context,medium
8cfdb681-32cf-4ebf-81f1-5c0839ec82d5,recovery,FCM,M. Bech,471.92,at_regain,team_depth,23.11,nearest-frame tracking context,medium
8cfdb681-32cf-4ebf-81f1-5c0839ec82d5,recovery,FCM,M. Bech,471.92,at_regain,compactness,9.9841,nearest-frame tracking context,medium
8cfdb681-32cf-4ebf-81f1-5c0839ec82d5,recovery,FCM,M. Bech,471.92,at_regain,avg_block_height,-2.045,nearest-frame tracking context,medium
8cfdb681-32cf-4ebf-81f1-5c0839ec82d5,recovery,FCM,M. Bech,471.92,at_regain,defensive_line_height,-9.055,partial role-based,partial
8cfdb681-32cf-4ebf-81f1-5c0839ec82d5,loss,FCK,,473.56,1s_after_loss,team_width,26.04,nearest-frame tracking context,medium
8cfdb681-32cf-4ebf-81f1-5c0839ec82d5,loss,FCK,,473.56,1s_after_loss,team_depth,21.26,nearest-frame tracking context,medium
8cfdb681-32cf-4ebf-81f1-5c0839ec82d5,loss,FCK,,473.56,1s_after_loss,compactness,10.5444,nearest-frame tracking context,medium
8cfdb681-32cf-4ebf-81f1-5c0839ec82d5,loss,FCK,,473.56,1s_after_loss,avg_block_height,0.874,nearest-frame tracking context,medium
8cfdb681-32cf-4ebf-81f1-5c0839ec82d5,loss,FCK,,473.56,1s_after_loss,defensive_line_height,-7.8775,partial role-based,partial
8cfdb681-32cf-4ebf-81f1-5c0839ec82d5,loss,FCK,,473.56,1s_after_loss,team_width,26.04,nearest-frame tracking context,medium
8cfdb681-32cf-4ebf-81f1-5c0839ec82d5,loss,FCK,,473.56,1s_after_loss,team_depth,21.26,nearest-frame tracking context,medium
8cfdb681-32cf-4ebf-81f1-5c0839ec82d5,loss,FCK,,473.56,1s_after_loss,compactness,10.5444,nearest-frame tracking context,medium
8cfdb681-32cf-4ebf-81f1-5c0839ec82d5,loss,FCK,,473.56,1s_after_loss,avg_block_height,0.874,nearest-frame tracking context,medium
8cfdb681-32cf-4ebf-81f1-5c0839ec82d5,loss,FCK,,473.56,1s_after_loss,defensive_line_height,-7.8775,partial role-based,partial
8cfdb681-32cf-4ebf-81f1-5c0839ec82d5,recovery,FCK,G. Onugkha,474.4,at_regain,team_width,25.84,nearest-frame tracking context,medium
8cfdb681-32cf-4ebf-81f1-5c0839ec82d5,recovery,FCK,G. Onugkha,474.4,at_regain,team_depth,21.39,nearest-frame tracking context,medium
8cfdb681-32cf-4ebf-81f1-5c0839ec82d5,recovery,FCK,G. Onugkha,474.4,at_regain,compactness,10.4206,nearest-frame tracking context,medium
8cfdb681-32cf-4ebf-81f1-5c0839ec82d5,recovery,FCK,G. Onugkha,474.4,at_regain,avg_block_height,0.506,nearest-frame tracking context,medium
8cfdb681-32cf-4ebf-81f1-5c0839ec82d5,recovery,FCK,G. Onugkha,474.4,at_regain,defensive_line_height,-8.1,partial role-based,partial
8cfdb681-32cf-4ebf-81f1-5c0839ec82d5,loss,FCM,,477.56,1s_after_loss,team_width,44.99,nearest-frame tracking context,medium
8cfdb681-32cf-4ebf-81f1-5c0839ec82d5,loss,FCM,,477.56,1s_after_loss,team_depth,39.92,nearest-frame tracking context,medium
8cfdb681-32cf-4ebf-81f1-5c0839ec82d5,loss,FCM,,477.56,1s_after_loss,compactness,16.5027,nearest-frame tracking context,medium
8cfdb681-32cf-4ebf-81f1-5c0839ec82d5,loss,FCM,,477.56,1s_after_loss,avg_block_height,-16.408,nearest-frame tracking context,medium
8cfdb681-32cf-4ebf-81f1-5c0839ec82d5,loss,FCM,,477.56,1s_after_loss,defensive_line_height,-29.7975,partial role-based,partial
8cfdb681-32cf-4ebf-81f1-5c0839ec82d5,recovery,FCM,E. Olafsson,479.28,at_regain,team_width,45.01,nearest-frame tracking context,medium
8cfdb681-32cf-4ebf-81f1-5c0839ec82d5,recovery,FCM,E. Olafsson,479.28,at_regain,team_depth,41.35,nearest-frame tracking context,medium
8cfdb681-32cf-4ebf-81f1-5c0839ec82d5,recovery,FCM,E. Olafsson,479.28,at_regain,compactness,17.1772,nearest-frame tracking context,medium
8cfdb681-32cf-4ebf-81f1-5c0839ec82d5,recovery,FCM,E. Olafsson,479.28,at_regain,avg_block_height,-17.974,nearest-frame tracking context,medium
8cfdb681-32cf-4ebf-81f1-5c0839ec82d5,recovery,FCM,E. Olafsson,479.28,at_regain,defensive_line_height,-32.2975,partial role-based,partial
8cfdb681-32cf-4ebf-81f1-5c0839ec82d5,loss,FCM,,479.56,1s_after_loss,team_width,39.39,nearest-frame tracking context,medium
8cfdb681-32cf-4ebf-81f1-5c0839ec82d5,loss,FCM,,479.56,1s_after_loss,team_depth,41.33,nearest-frame tracking context,medium
8cfdb681-32cf-4ebf-81f1-5c0839ec82d5,loss,FCM,,479.56,1s_after_loss,compactness,16.5488,nearest-frame tracking context,medium
8cfdb681-32cf-4ebf-81f1-5c0839ec82d5,loss,FCM,,479.56,1s_after_loss,avg_block_height,-17.423,nearest-frame tracking context,medium
8cfdb681-32cf-4ebf-81f1-5c0839ec82d5,loss,FCM,,479.56,1s_after_loss,defensive_line_height,-32.1025,partial role-based,partial
8cfdb681-32cf-4ebf-81f1-5c0839ec82d5,loss,FCK,,482.8,1s_after_loss,team_width,29.39,nearest-frame tracking context,medium
8cfdb681-32cf-4ebf-81f1-5c0839ec82d5,loss,FCK,,482.8,1s_after_loss,team_depth,48.32,nearest-frame tracking context,medium
8cfdb681-32cf-4ebf-81f1-5c0839ec82d5,loss,FCK,,482.8,1s_after_loss,compactness,15.3769,nearest-frame tracking context,medium
8cfdb681-32cf-4ebf-81f1-5c0839ec82d5,loss,FCK,,482.8,1s_after_loss,avg_block_height,2.484,nearest-frame tracking context,medium
8cfdb681-32cf-4ebf-81f1-5c0839ec82d5,loss,FCK,,482.8,1s_after_loss,defensive_line_height,-12.315,partial role-based,partial
8cfdb681-32cf-4ebf-81f1-5c0839ec82d5,loss,FCK,,482.8,1s_after_loss,team_width,29.39,nearest-frame tracking context,medium
8cfdb681-32cf-4ebf-81f1-5c0839ec82d5,loss,FCK,,482.8,1s_after_loss,team_depth,48.32,nearest-frame tracking context,medium
8cfdb681-32cf-4ebf-81f1-5c0839ec82d5,loss,FCK,,482.8,1s_after_loss,compactness,15.3769,nearest-frame tracking context,medium
8cfdb681-32cf-4ebf-81f1-5c0839ec82d5,loss,FCK,,482.8,1s_after_loss,avg_block_height,2.484,nearest-frame tracking context,medium
8cfdb681-32cf-4ebf-81f1-5c0839ec82d5,loss,FCK,,482.8,1s_after_loss,defensive_line_height,-12.315,partial role-based,partial
8cfdb681-32cf-4ebf-81f1-5c0839ec82d5,loss,FCK,,482.96,1s_after_loss,team_width,29.1,nearest-frame tracking context,medium
8cfdb681-32cf-4ebf-81f1-5c0839ec82d5,loss,FCK,,482.96,1s_after_loss,team_depth,48.16,nearest-frame tracking context,medium
8cfdb681-32cf-4ebf-81f1-5c0839ec82d5,loss,FCK,,482.96,1s_after_loss,compactness,15.2083,nearest-frame tracking context,medium
8cfdb681-32cf-4ebf-81f1-5c0839ec82d5,loss,FCK,,482.96,1s_after_loss,avg_block_height,2.118,nearest-frame tracking context,medium
8cfdb681-32cf-4ebf-81f1-5c0839ec82d5,loss,FCK,,482.96,1s_after_loss,defensive_line_height,-12.54,partial role-based,partial
8cfdb681-32cf-4ebf-81f1-5c0839ec82d5,loss,FCK,M. Mattsson,484.12,1s_after_loss,team_width,25.07,nearest-frame tracking context,medium
8cfdb681-32cf-4ebf-81f1-5c0839ec82d5,loss,FCK,M. Mattsson,484.12,1s_after_loss,team_depth,44.55,nearest-frame tracking context,medium
8cfdb681-32cf-4ebf-81f1-5c0839ec82d5,loss,FCK,M. Mattsson,484.12,1s_after_loss,compactness,13.8497,nearest-frame tracking context,medium
8cfdb681-32cf-4ebf-81f1-5c0839ec82d5,loss,FCK,M. Mattsson,484.12,1s_after_loss,avg_block_height,0.259,nearest-frame tracking context,medium
8cfdb681-32cf-4ebf-81f1-5c0839ec82d5,loss,FCK,M. Mattsson,484.12,1s_after_loss,defensive_line_height,-12.95,partial role-based,partial
8cfdb681-32cf-4ebf-81f1-5c0839ec82d5,loss,FCM,,484.4,1s_after_loss,team_width,27.84,nearest-frame tracking context,medium
8cfdb681-32cf-4ebf-81f1-5c0839ec82d5,loss,FCM,,484.4,1s_after_loss,team_depth,33.55,nearest-frame tracking context,medium
8cfdb681-32cf-4ebf-81f1-5c0839ec82d5,loss,FCM,,484.4,1s_after_loss,compactness,11.4271,nearest-frame tracking context,medium
8cfdb681-32cf-4ebf-81f1-5c0839ec82d5,loss,FCM,,484.4,1s_after_loss,avg_block_height,-3.137,nearest-frame tracking context,medium
8cfdb681-32cf-4ebf-81f1-5c0839ec82d5,loss,FCM,,484.4,1s_after_loss,defensive_line_height,-13.98,partial role-based,partial
8cfdb681-32cf-4ebf-81f1-5c0839ec82d5,loss,FCM,,484.4,1s_after_loss,team_width,27.84,nearest-frame tracking context,medium
8cfdb681-32cf-4ebf-81f1-5c0839ec82d5,loss,FCM,,484.4,1s_after_loss,team_depth,33.55,nearest-frame tracking context,medium
8cfdb681-32cf-4ebf-81f1-5c0839ec82d5,loss,FCM,,484.4,1s_after_loss,compactness,11.4271,nearest-frame tracking context,medium
8cfdb681-32cf-4ebf-81f1-5c0839ec82d5,loss,FCM,,484.4,1s_after_loss,avg_block_height,-3.137,nearest-frame tracking context,medium
8cfdb681-32cf-4ebf-81f1-5c0839ec82d5,loss,FCM,,484.4,1s_after_loss,defensive_line_height,-13.98,partial role-based,partial
8cfdb681-32cf-4ebf-81f1-5c0839ec82d5,recovery,FCM,A. Simsir,495.68,at_regain,team_width,47.47,nearest-frame tracking context,medium
8cfdb681-32cf-4ebf-81f1-5c0839ec82d5,recovery,FCM,A. Simsir,495.68,at_regain,team_depth,34.39,nearest-frame tracking context,medium
8cfdb681-32cf-4ebf-81f1-5c0839ec82d5,recovery,FCM,A. Simsir,495.68,at_regain,compactness,16.6134,nearest-frame tracking context,medium
8cfdb681-32cf-4ebf-81f1-5c0839ec82d5,recovery,FCM,A. Simsir,495.68,at_regain,avg_block_height,20.594,nearest-frame tracking context,medium
8cfdb681-32cf-4ebf-81f1-5c0839ec82d5,recovery,FCM,A. Simsir,495.68,at_regain,defensive_line_height,13.11,partial role-based,partial
8cfdb681-32cf-4ebf-81f1-5c0839ec82d5,loss,FCK,,496.56,1s_after_loss,team_width,32.99,nearest-frame tracking context,medium
8cfdb681-32cf-4ebf-81f1-5c0839ec82d5,loss,FCK,,496.56,1s_after_loss,team_depth,22.23,nearest-frame tracking context,medium
8cfdb681-32cf-4ebf-81f1-5c0839ec82d5,loss,FCK,,496.56,1s_after_loss,compactness,13.2148,nearest-frame tracking context,medium
8cfdb681-32cf-4ebf-81f1-5c0839ec82d5,loss,FCK,,496.56,1s_after_loss,avg_block_height,-29.053,nearest-frame tracking context,medium
8cfdb681-32cf-4ebf-81f1-5c0839ec82d5,loss,FCK,,496.56,1s_after_loss,defensive_line_height,-35.9175,partial role-based,partial
8cfdb681-32cf-4ebf-81f1-5c0839ec82d5,loss,FCK,,496.56,1s_after_loss,team_width,32.99,nearest-frame tracking context,medium
8cfdb681-32cf-4ebf-81f1-5c0839ec82d5,loss,FCK,,496.56,1s_after_loss,team_depth,22.23,nearest-frame tracking context,medium
8cfdb681-32cf-4ebf-81f1-5c0839ec82d5,loss,FCK,,496.56,1s_after_loss,compactness,13.2148,nearest-frame tracking context,medium
8cfdb681-32cf-4ebf-81f1-5c0839ec82d5,loss,FCK,,496.56,1s_after_loss,avg_block_height,-29.053,nearest-frame tracking context,medium
8cfdb681-32cf-4ebf-81f1-5c0839ec82d5,loss,FCK,,496.56,1s_after_loss,defensive_line_height,-35.9175,partial role-based,partial
8cfdb681-32cf-4ebf-81f1-5c0839ec82d5,loss,FCK,,501.32,1s_after_loss,team_width,32.78,nearest-frame tracking context,medium
8cfdb681-32cf-4ebf-81f1-5c0839ec82d5,loss,FCK,,501.32,1s_after_loss,team_depth,30.18,nearest-frame tracking context,medium
8cfdb681-32cf-4ebf-81f1-5c0839ec82d5,loss,FCK,,501.32,1s_after_loss,compactness,13.6685,nearest-frame tracking context,medium
8cfdb681-32cf-4ebf-81f1-5c0839ec82d5,loss,FCK,,501.32,1s_after_loss,avg_block_height,-20.271,nearest-frame tracking context,medium
8cfdb681-32cf-4ebf-81f1-5c0839ec82d5,loss,FCK,,501.32,1s_after_loss,defensive_line_height,-30.4575,partial role-based,partial
8cfdb681-32cf-4ebf-81f1-5c0839ec82d5,loss,FCK,M. Elyounoussi,502.2,1s_after_loss,team_width,34.18,nearest-frame tracking context,medium
8cfdb681-32cf-4ebf-81f1-5c0839ec82d5,loss,FCK,M. Elyounoussi,502.2,1s_after_loss,team_depth,32.23,nearest-frame tracking context,medium
8cfdb681-32cf-4ebf-81f1-5c0839ec82d5,loss,FCK,M. Elyounoussi,502.2,1s_after_loss,compactness,14.2041,nearest-frame tracking context,medium
8cfdb681-32cf-4ebf-81f1-5c0839ec82d5,loss,FCK,M. Elyounoussi,502.2,1s_after_loss,avg_block_height,-16.931,nearest-frame tracking context,medium
8cfdb681-32cf-4ebf-81f1-5c0839ec82d5,loss,FCK,M. Elyounoussi,502.2,1s_after_loss,defensive_line_height,-27.3925,partial role-based,partial
8cfdb681-32cf-4ebf-81f1-5c0839ec82d5,loss,FCM,,503.64,1s_after_loss,team_width,29.13,nearest-frame tracking context,medium
8cfdb681-32cf-4ebf-81f1-5c0839ec82d5,loss,FCM,,503.64,1s_after_loss,team_depth,33.35,nearest-frame tracking context,medium
8cfdb681-32cf-4ebf-81f1-5c0839ec82d5,loss,FCM,,503.64,1s_after_loss,compactness,12.9251,nearest-frame tracking context,medium
8cfdb681-32cf-4ebf-81f1-5c0839ec82d5,loss,FCM,,503.64,1s_after_loss,avg_block_height,6.673,nearest-frame tracking context,medium
8cfdb681-32cf-4ebf-81f1-5c0839ec82d5,loss,FCM,,503.64,1s_after_loss,defensive_line_height,-3.3075,partial role-based,partial
8cfdb681-32cf-4ebf-81f1-5c0839ec82d5,loss,FCM,,503.64,1s_after_loss,team_width,29.13,nearest-frame tracking context,medium
8cfdb681-32cf-4ebf-81f1-5c0839ec82d5,loss,FCM,,503.64,1s_after_loss,team_depth,33.35,nearest-frame tracking context,medium
8cfdb681-32cf-4ebf-81f1-5c0839ec82d5,loss,FCM,,503.64,1s_after_loss,compactness,12.9251,nearest-frame tracking context,medium
8cfdb681-32cf-4ebf-81f1-5c0839ec82d5,loss,FCM,,503.64,1s_after_loss,avg_block_height,6.673,nearest-frame tracking context,medium
8cfdb681-32cf-4ebf-81f1-5c0839ec82d5,loss,FCM,,503.64,1s_after_loss,defensive_line_height,-3.3075,partial role-based,partial
8cfdb681-32cf-4ebf-81f1-5c0839ec82d5,recovery,FCM,Franculino Dju,505.32,at_regain,team_width,29.08,nearest-frame tracking context,medium
8cfdb681-32cf-4ebf-81f1-5c0839ec82d5,recovery,FCM,Franculino Dju,505.32,at_regain,team_depth,30.64,nearest-frame tracking context,medium
8cfdb681-32cf-4ebf-81f1-5c0839ec82d5,recovery,FCM,Franculino Dju,505.32,at_regain,compactness,12.8166,nearest-frame tracking context,medium
8cfdb681-32cf-4ebf-81f1-5c0839ec82d5,recovery,FCM,Franculino Dju,505.32,at_regain,avg_block_height,6.003,nearest-frame tracking context,medium
8cfdb681-32cf-4ebf-81f1-5c0839ec82d5,recovery,FCM,Franculino Dju,505.32,at_regain,defensive_line_height,-4.0325,partial role-based,partial
8cfdb681-32cf-4ebf-81f1-5c0839ec82d5,recovery,FCK,,507.4,at_regain,team_width,36.13,nearest-frame tracking context,medium
8cfdb681-32cf-4ebf-81f1-5c0839ec82d5,recovery,FCK,,507.4,at_regain,team_depth,32.06,nearest-frame tracking context,medium
8cfdb681-32cf-4ebf-81f1-5c0839ec82d5,recovery,FCK,,507.4,at_regain,compactness,15.171,nearest-frame tracking context,medium
8cfdb681-32cf-4ebf-81f1-5c0839ec82d5,recovery,FCK,,507.4,at_regain,avg_block_height,-12.62,nearest-frame tracking context,medium
8cfdb681-32cf-4ebf-81f1-5c0839ec82d5,recovery,FCK,,507.4,at_regain,defensive_line_height,-22.33,partial role-based,partial
8cfdb681-32cf-4ebf-81f1-5c0839ec82d5,loss,FCK,,526.2,1s_after_loss,team_width,53.32,nearest-frame tracking context,medium
8cfdb681-32cf-4ebf-81f1-5c0839ec82d5,loss,FCK,,526.2,1s_after_loss,team_depth,31.58,nearest-frame tracking context,medium
8cfdb681-32cf-4ebf-81f1-5c0839ec82d5,loss,FCK,,526.2,1s_after_loss,compactness,17.7315,nearest-frame tracking context,medium
8cfdb681-32cf-4ebf-81f1-5c0839ec82d5,loss,FCK,,526.2,1s_after_loss,avg_block_height,3.516,nearest-frame tracking context,medium
8cfdb681-32cf-4ebf-81f1-5c0839ec82d5,loss,FCK,,526.2,1s_after_loss,defensive_line_height,-3.9025,partial role-based,partial
8cfdb681-32cf-4ebf-81f1-5c0839ec82d5,recovery,FCK,G. Gocholeishvili,528.12,at_regain,team_width,51.71,nearest-frame tracking context,medium
8cfdb681-32cf-4ebf-81f1-5c0839ec82d5,recovery,FCK,G. Gocholeishvili,528.12,at_regain,team_depth,32.35,nearest-frame tracking context,medium
8cfdb681-32cf-4ebf-81f1-5c0839ec82d5,recovery,FCK,G. Gocholeishvili,528.12,at_regain,compactness,18.0981,nearest-frame tracking context,medium
8cfdb681-32cf-4ebf-81f1-5c0839ec82d5,recovery,FCK,G. Gocholeishvili,528.12,at_regain,avg_block_height,5.73,nearest-frame tracking context,medium
8cfdb681-32cf-4ebf-81f1-5c0839ec82d5,recovery,FCK,G. Gocholeishvili,528.12,at_regain,defensive_line_height,-2.6275,partial role-based,partial
8cfdb681-32cf-4ebf-81f1-5c0839ec82d5,loss,FCK,,545.32,1s_after_loss,team_width,39.27,nearest-frame tracking context,medium
8cfdb681-32cf-4ebf-81f1-5c0839ec82d5,loss,FCK,,545.32,1s_after_loss,team_depth,27.44,nearest-frame tracking context,medium
8cfdb681-32cf-4ebf-81f1-5c0839ec82d5,loss,FCK,,545.32,1s_after_loss,compactness,14.2412,nearest-frame tracking context,medium
8cfdb681-32cf-4ebf-81f1-5c0839ec82d5,loss,FCK,,545.32,1s_after_loss,avg_block_height,28.155,nearest-frame tracking context,medium
8cfdb681-32cf-4ebf-81f1-5c0839ec82d5,loss,FCK,,545.32,1s_after_loss,defensive_line_height,21.09,partial role-based,partial
8cfdb681-32cf-4ebf-81f1-5c0839ec82d5,loss,FCK,,545.32,1s_after_loss,team_width,39.27,nearest-frame tracking context,medium
8cfdb681-32cf-4ebf-81f1-5c0839ec82d5,loss,FCK,,545.32,1s_after_loss,team_depth,27.44,nearest-frame tracking context,medium
8cfdb681-32cf-4ebf-81f1-5c0839ec82d5,loss,FCK,,545.32,1s_after_loss,compactness,14.2412,nearest-frame tracking context,medium
8cfdb681-32cf-4ebf-81f1-5c0839ec82d5,loss,FCK,,545.32,1s_after_loss,avg_block_height,28.155,nearest-frame tracking context,medium
8cfdb681-32cf-4ebf-81f1-5c0839ec82d5,loss,FCK,,545.32,1s_after_loss,defensive_line_height,21.09,partial role-based,partial
8cfdb681-32cf-4ebf-81f1-5c0839ec82d5,recovery,FCK,G. Gocholeishvili,545.32,at_regain,team_width,40.17,nearest-frame tracking context,medium
8cfdb681-32cf-4ebf-81f1-5c0839ec82d5,recovery,FCK,G. Gocholeishvili,545.32,at_regain,team_depth,25.71,nearest-frame tracking context,medium
8cfdb681-32cf-4ebf-81f1-5c0839ec82d5,recovery,FCK,G. Gocholeishvili,545.32,at_regain,compactness,14.3913,nearest-frame tracking context,medium
8cfdb681-32cf-4ebf-81f1-5c0839ec82d5,recovery,FCK,G. Gocholeishvili,545.32,at_regain,avg_block_height,27.665,nearest-frame tracking context,medium
8cfdb681-32cf-4ebf-81f1-5c0839ec82d5,recovery,FCK,G. Gocholeishvili,545.32,at_regain,defensive_line_height,20.9225,partial role-based,partial
8cfdb681-32cf-4ebf-81f1-5c0839ec82d5,loss,FCM,,546.36,1s_after_loss,team_width,31.67,nearest-frame tracking context,medium
8cfdb681-32cf-4ebf-81f1-5c0839ec82d5,loss,FCM,,546.36,1s_after_loss,team_depth,18.75,nearest-frame tracking context,medium
8cfdb681-32cf-4ebf-81f1-5c0839ec82d5,loss,FCM,,546.36,1s_after_loss,compactness,11.3319,nearest-frame tracking context,medium
8cfdb681-32cf-4ebf-81f1-5c0839ec82d5,loss,FCM,,546.36,1s_after_loss,avg_block_height,-35.83,nearest-frame tracking context,medium
8cfdb681-32cf-4ebf-81f1-5c0839ec82d5,loss,FCM,,546.36,1s_after_loss,defensive_line_height,-41.6025,partial role-based,partial
8cfdb681-32cf-4ebf-81f1-5c0839ec82d5,recovery,FCM,E. Martinez,547.92,at_regain,team_width,30.59,nearest-frame tracking context,medium
8cfdb681-32cf-4ebf-81f1-5c0839ec82d5,recovery,FCM,E. Martinez,547.92,at_regain,team_depth,18.47,nearest-frame tracking context,medium
8cfdb681-32cf-4ebf-81f1-5c0839ec82d5,recovery,FCM,E. Martinez,547.92,at_regain,compactness,11.0464,nearest-frame tracking context,medium
8cfdb681-32cf-4ebf-81f1-5c0839ec82d5,recovery,FCM,E. Martinez,547.92,at_regain,avg_block_height,-35.538,nearest-frame tracking context,medium
8cfdb681-32cf-4ebf-81f1-5c0839ec82d5,recovery,FCM,E. Martinez,547.92,at_regain,defensive_line_height,-41.22,partial role-based,partial
8cfdb681-32cf-4ebf-81f1-5c0839ec82d5,loss,FCK,,560.32,1s_after_loss,team_width,52.38,nearest-frame tracking context,medium
8cfdb681-32cf-4ebf-81f1-5c0839ec82d5,loss,FCK,,560.32,1s_after_loss,team_depth,33.86,nearest-frame tracking context,medium
8cfdb681-32cf-4ebf-81f1-5c0839ec82d5,loss,FCK,,560.32,1s_after_loss,compactness,18.2127,nearest-frame tracking context,medium
8cfdb681-32cf-4ebf-81f1-5c0839ec82d5,loss,FCK,,560.32,1s_after_loss,avg_block_height,-7.339,nearest-frame tracking context,medium
8cfdb681-32cf-4ebf-81f1-5c0839ec82d5,loss,FCK,,560.32,1s_after_loss,defensive_line_height,-16.05,partial role-based,partial
8cfdb681-32cf-4ebf-81f1-5c0839ec82d5,recovery,FCK,G. Onugkha,563,at_regain,team_width,41.35,nearest-frame tracking context,medium
8cfdb681-32cf-4ebf-81f1-5c0839ec82d5,recovery,FCK,G. Onugkha,563,at_regain,team_depth,33.3,nearest-frame tracking context,medium
8cfdb681-32cf-4ebf-81f1-5c0839ec82d5,recovery,FCK,G. Onugkha,563,at_regain,compactness,15.2789,nearest-frame tracking context,medium
8cfdb681-32cf-4ebf-81f1-5c0839ec82d5,recovery,FCK,G. Onugkha,563,at_regain,avg_block_height,-3.616,nearest-frame tracking context,medium
8cfdb681-32cf-4ebf-81f1-5c0839ec82d5,recovery,FCK,G. Onugkha,563,at_regain,defensive_line_height,-12.3525,partial role-based,partial
8cfdb681-32cf-4ebf-81f1-5c0839ec82d5,loss,FCM,,565,1s_after_loss,team_width,28.18,nearest-frame tracking context,medium
8cfdb681-32cf-4ebf-81f1-5c0839ec82d5,loss,FCM,,565,1s_after_loss,team_depth,34.31,nearest-frame tracking context,medium
8cfdb681-32cf-4ebf-81f1-5c0839ec82d5,loss,FCM,,565,1s_after_loss,compactness,14.4476,nearest-frame tracking context,medium
8cfdb681-32cf-4ebf-81f1-5c0839ec82d5,loss,FCM,,565,1s_after_loss,avg_block_height,-5.771,nearest-frame tracking context,medium
8cfdb681-32cf-4ebf-81f1-5c0839ec82d5,loss,FCM,,565,1s_after_loss,defensive_line_height,-17.6625,partial role-based,partial
8cfdb681-32cf-4ebf-81f1-5c0839ec82d5,loss,FCM,,589,1s_after_loss,team_width,62.55,nearest-frame tracking context,medium
8cfdb681-32cf-4ebf-81f1-5c0839ec82d5,loss,FCM,,589,1s_after_loss,team_depth,29.66,nearest-frame tracking context,medium
8cfdb681-32cf-4ebf-81f1-5c0839ec82d5,loss,FCM,,589,1s_after_loss,compactness,19.1524,nearest-frame tracking context,medium
8cfdb681-32cf-4ebf-81f1-5c0839ec82d5,loss,FCM,,589,1s_after_loss,avg_block_height,10.904,nearest-frame tracking context,medium
8cfdb681-32cf-4ebf-81f1-5c0839ec82d5,loss,FCM,,589,1s_after_loss,defensive_line_height,2.6875,partial role-based,partial
8cfdb681-32cf-4ebf-81f1-5c0839ec82d5,loss,FCM,,589.8,1s_after_loss,team_width,60.7,nearest-frame tracking context,medium
8cfdb681-32cf-4ebf-81f1-5c0839ec82d5,loss,FCM,,589.8,1s_after_loss,team_depth,29.43,nearest-frame tracking context,medium
8cfdb681-32cf-4ebf-81f1-5c0839ec82d5,loss,FCM,,589.8,1s_after_loss,compactness,18.8329,nearest-frame tracking context,medium
8cfdb681-32cf-4ebf-81f1-5c0839ec82d5,loss,FCM,,589.8,1s_after_loss,avg_block_height,11.555,nearest-frame tracking context,medium
8cfdb681-32cf-4ebf-81f1-5c0839ec82d5,loss,FCM,,589.8,1s_after_loss,defensive_line_height,3.58,partial role-based,partial
8cfdb681-32cf-4ebf-81f1-5c0839ec82d5,loss,FCM,Franculino Dju,590.8,1s_after_loss,team_width,57.79,nearest-frame tracking context,medium
8cfdb681-32cf-4ebf-81f1-5c0839ec82d5,loss,FCM,Franculino Dju,590.8,1s_after_loss,team_depth,29.28,nearest-frame tracking context,medium
8cfdb681-32cf-4ebf-81f1-5c0839ec82d5,loss,FCM,Franculino Dju,590.8,1s_after_loss,compactness,17.9069,nearest-frame tracking context,medium
8cfdb681-32cf-4ebf-81f1-5c0839ec82d5,loss,FCM,Franculino Dju,590.8,1s_after_loss,avg_block_height,12.698,nearest-frame tracking context,medium
8cfdb681-32cf-4ebf-81f1-5c0839ec82d5,loss,FCM,Franculino Dju,590.8,1s_after_loss,defensive_line_height,4.625,partial role-based,partial
8cfdb681-32cf-4ebf-81f1-5c0839ec82d5,loss,FCK,,593.96,1s_after_loss,team_width,31.59,nearest-frame tracking context,medium
8cfdb681-32cf-4ebf-81f1-5c0839ec82d5,loss,FCK,,593.96,1s_after_loss,team_depth,30.8,nearest-frame tracking context,medium
8cfdb681-32cf-4ebf-81f1-5c0839ec82d5,loss,FCK,,593.96,1s_after_loss,compactness,12.3614,nearest-frame tracking context,medium
8cfdb681-32cf-4ebf-81f1-5c0839ec82d5,loss,FCK,,593.96,1s_after_loss,avg_block_height,-20.981,nearest-frame tracking context,medium
8cfdb681-32cf-4ebf-81f1-5c0839ec82d5,loss,FCK,,593.96,1s_after_loss,defensive_line_height,-30.0675,partial role-based,partial
8cfdb681-32cf-4ebf-81f1-5c0839ec82d5,recovery,FCK,,593.96,at_regain,team_width,32.1,nearest-frame tracking context,medium
8cfdb681-32cf-4ebf-81f1-5c0839ec82d5,recovery,FCK,,593.96,at_regain,team_depth,29.24,nearest-frame tracking context,medium
8cfdb681-32cf-4ebf-81f1-5c0839ec82d5,recovery,FCK,,593.96,at_regain,compactness,12.0322,nearest-frame tracking context,medium
8cfdb681-32cf-4ebf-81f1-5c0839ec82d5,recovery,FCK,,593.96,at_regain,avg_block_height,-20.687,nearest-frame tracking context,medium
8cfdb681-32cf-4ebf-81f1-5c0839ec82d5,recovery,FCK,,593.96,at_regain,defensive_line_height,-28.965,partial role-based,partial
8cfdb681-32cf-4ebf-81f1-5c0839ec82d5,loss,FCM,,597.4,1s_after_loss,team_width,38.22,nearest-frame tracking context,medium
8cfdb681-32cf-4ebf-81f1-5c0839ec82d5,loss,FCM,,597.4,1s_after_loss,team_depth,44.35,nearest-frame tracking context,medium
8cfdb681-32cf-4ebf-81f1-5c0839ec82d5,loss,FCM,,597.4,1s_after_loss,compactness,17.4993,nearest-frame tracking context,medium
8cfdb681-32cf-4ebf-81f1-5c0839ec82d5,loss,FCM,,597.4,1s_after_loss,avg_block_height,22.648,nearest-frame tracking context,medium
8cfdb681-32cf-4ebf-81f1-5c0839ec82d5,loss,FCM,,597.4,1s_after_loss,defensive_line_height,6.9475,partial role-based,partial
8cfdb681-32cf-4ebf-81f1-5c0839ec82d5,loss,FCK,,617.96,1s_after_loss,team_width,58.41,nearest-frame tracking context,medium
8cfdb681-32cf-4ebf-81f1-5c0839ec82d5,loss,FCK,,617.96,1s_after_loss,team_depth,31.56,nearest-frame tracking context,medium
8cfdb681-32cf-4ebf-81f1-5c0839ec82d5,loss,FCK,,617.96,1s_after_loss,compactness,15.9907,nearest-frame tracking context,medium
8cfdb681-32cf-4ebf-81f1-5c0839ec82d5,loss,FCK,,617.96,1s_after_loss,avg_block_height,12.595,nearest-frame tracking context,medium
8cfdb681-32cf-4ebf-81f1-5c0839ec82d5,loss,FCK,,617.96,1s_after_loss,defensive_line_height,7.2975,partial role-based,partial
8cfdb681-32cf-4ebf-81f1-5c0839ec82d5,recovery,FCK,T. Delaney,618.6,at_regain,team_width,58.48,nearest-frame tracking context,medium
8cfdb681-32cf-4ebf-81f1-5c0839ec82d5,recovery,FCK,T. Delaney,618.6,at_regain,team_depth,30.21,nearest-frame tracking context,medium
8cfdb681-32cf-4ebf-81f1-5c0839ec82d5,recovery,FCK,T. Delaney,618.6,at_regain,compactness,15.9553,nearest-frame tracking context,medium
8cfdb681-32cf-4ebf-81f1-5c0839ec82d5,recovery,FCK,T. Delaney,618.6,at_regain,avg_block_height,11.773,nearest-frame tracking context,medium
8cfdb681-32cf-4ebf-81f1-5c0839ec82d5,recovery,FCK,T. Delaney,618.6,at_regain,defensive_line_height,6.655,partial role-based,partial
8cfdb681-32cf-4ebf-81f1-5c0839ec82d5,recovery,FCK,E. Achouri,627.12,at_regain,team_width,39.24,nearest-frame tracking context,medium
8cfdb681-32cf-4ebf-81f1-5c0839ec82d5,recovery,FCK,E. Achouri,627.12,at_regain,team_depth,42.79,nearest-frame tracking context,medium
8cfdb681-32cf-4ebf-81f1-5c0839ec82d5,recovery,FCK,E. Achouri,627.12,at_regain,compactness,17.0259,nearest-frame tracking context,medium
8cfdb681-32cf-4ebf-81f1-5c0839ec82d5,recovery,FCK,E. Achouri,627.12,at_regain,avg_block_height,27.24,nearest-frame tracking context,medium
8cfdb681-32cf-4ebf-81f1-5c0839ec82d5,recovery,FCK,E. Achouri,627.12,at_regain,defensive_line_height,16.5475,partial role-based,partial
8cfdb681-32cf-4ebf-81f1-5c0839ec82d5,loss,FCK,,677.68,1s_after_loss,team_width,38.29,nearest-frame tracking context,medium
8cfdb681-32cf-4ebf-81f1-5c0839ec82d5,loss,FCK,,677.68,1s_after_loss,team_depth,37.46,nearest-frame tracking context,medium
8cfdb681-32cf-4ebf-81f1-5c0839ec82d5,loss,FCK,,677.68,1s_after_loss,compactness,13.2591,nearest-frame tracking context,medium
8cfdb681-32cf-4ebf-81f1-5c0839ec82d5,loss,FCK,,677.68,1s_after_loss,avg_block_height,41.426,nearest-frame tracking context,medium
8cfdb681-32cf-4ebf-81f1-5c0839ec82d5,loss,FCK,,677.68,1s_after_loss,defensive_line_height,39.87,partial role-based,partial
8cfdb681-32cf-4ebf-81f1-5c0839ec82d5,loss,FCM,,700.64,1s_after_loss,team_width,42.73,nearest-frame tracking context,medium
8cfdb681-32cf-4ebf-81f1-5c0839ec82d5,loss,FCM,,700.64,1s_after_loss,team_depth,34.65,nearest-frame tracking context,medium
8cfdb681-32cf-4ebf-81f1-5c0839ec82d5,loss,FCM,,700.64,1s_after_loss,compactness,15.1522,nearest-frame tracking context,medium
8cfdb681-32cf-4ebf-81f1-5c0839ec82d5,loss,FCM,,700.64,1s_after_loss,avg_block_height,-24.673,nearest-frame tracking context,medium
8cfdb681-32cf-4ebf-81f1-5c0839ec82d5,loss,FCM,,700.64,1s_after_loss,defensive_line_height,-34.6875,partial role-based,partial
8cfdb681-32cf-4ebf-81f1-5c0839ec82d5,recovery,FCM,J. Andersson,700.64,at_regain,team_width,43.66,nearest-frame tracking context,medium
8cfdb681-32cf-4ebf-81f1-5c0839ec82d5,recovery,FCM,J. Andersson,700.64,at_regain,team_depth,38.05,nearest-frame tracking context,medium
8cfdb681-32cf-4ebf-81f1-5c0839ec82d5,recovery,FCM,J. Andersson,700.64,at_regain,compactness,16.1143,nearest-frame tracking context,medium
8cfdb681-32cf-4ebf-81f1-5c0839ec82d5,recovery,FCM,J. Andersson,700.64,at_regain,avg_block_height,-26.604,nearest-frame tracking context,medium
8cfdb681-32cf-4ebf-81f1-5c0839ec82d5,recovery,FCM,J. Andersson,700.64,at_regain,defensive_line_height,-37.3525,partial role-based,partial
8cfdb681-32cf-4ebf-81f1-5c0839ec82d5,recovery,FCK,Gabriel Pereira,702.88,at_regain,team_width,24.86,nearest-frame tracking context,medium
8cfdb681-32cf-4ebf-81f1-5c0839ec82d5,recovery,FCK,Gabriel Pereira,702.88,at_regain,team_depth,32.15,nearest-frame tracking context,medium
8cfdb681-32cf-4ebf-81f1-5c0839ec82d5,recovery,FCK,Gabriel Pereira,702.88,at_regain,compactness,11.7858,nearest-frame tracking context,medium
8cfdb681-32cf-4ebf-81f1-5c0839ec82d5,recovery,FCK,Gabriel Pereira,702.88,at_regain,avg_block_height,14.522,nearest-frame tracking context,medium
8cfdb681-32cf-4ebf-81f1-5c0839ec82d5,recovery,FCK,Gabriel Pereira,702.88,at_regain,defensive_line_height,5.8875,partial role-based,partial
8cfdb681-32cf-4ebf-81f1-5c0839ec82d5,recovery,FCM,Oliver Sorensen,703.92,at_regain,team_width,40.01,nearest-frame tracking context,medium
8cfdb681-32cf-4ebf-81f1-5c0839ec82d5,recovery,FCM,Oliver Sorensen,703.92,at_regain,team_depth,26.72,nearest-frame tracking context,medium
8cfdb681-32cf-4ebf-81f1-5c0839ec82d5,recovery,FCM,Oliver Sorensen,703.92,at_regain,compactness,13.4822,nearest-frame tracking context,medium
8cfdb681-32cf-4ebf-81f1-5c0839ec82d5,recovery,FCM,Oliver Sorensen,703.92,at_regain,avg_block_height,-18.205,nearest-frame tracking context,medium
8cfdb681-32cf-4ebf-81f1-5c0839ec82d5,recovery,FCM,Oliver Sorensen,703.92,at_regain,defensive_line_height,-26.985,partial role-based,partial
8cfdb681-32cf-4ebf-81f1-5c0839ec82d5,recovery,FCK,M. Mattsson,709.24,at_regain,team_width,24.26,nearest-frame tracking context,medium
8cfdb681-32cf-4ebf-81f1-5c0839ec82d5,recovery,FCK,M. Mattsson,709.24,at_regain,team_depth,23.71,nearest-frame tracking context,medium
8cfdb681-32cf-4ebf-81f1-5c0839ec82d5,recovery,FCK,M. Mattsson,709.24,at_regain,compactness,9.521,nearest-frame tracking context,medium
8cfdb681-32cf-4ebf-81f1-5c0839ec82d5,recovery,FCK,M. Mattsson,709.24,at_regain,avg_block_height,5.09,nearest-frame tracking context,medium
8cfdb681-32cf-4ebf-81f1-5c0839ec82d5,recovery,FCK,M. Mattsson,709.24,at_regain,defensive_line_height,-1.29,partial role-based,partial
8cfdb681-32cf-4ebf-81f1-5c0839ec82d5,loss,FCM,,710.84,1s_after_loss,team_width,31.41,nearest-frame tracking context,medium
8cfdb681-32cf-4ebf-81f1-5c0839ec82d5,loss,FCM,,710.84,1s_after_loss,team_depth,26.96,nearest-frame tracking context,medium
8cfdb681-32cf-4ebf-81f1-5c0839ec82d5,loss,FCM,,710.84,1s_after_loss,compactness,11.0236,nearest-frame tracking context,medium
8cfdb681-32cf-4ebf-81f1-5c0839ec82d5,loss,FCM,,710.84,1s_after_loss,avg_block_height,-7.307,nearest-frame tracking context,medium
8cfdb681-32cf-4ebf-81f1-5c0839ec82d5,loss,FCM,,710.84,1s_after_loss,defensive_line_height,-14.985,partial role-based,partial
8cfdb681-32cf-4ebf-81f1-5c0839ec82d5,loss,FCM,,727.84,1s_after_loss,team_width,52.82,nearest-frame tracking context,medium
8cfdb681-32cf-4ebf-81f1-5c0839ec82d5,loss,FCM,,727.84,1s_after_loss,team_depth,32.54,nearest-frame tracking context,medium
8cfdb681-32cf-4ebf-81f1-5c0839ec82d5,loss,FCM,,727.84,1s_after_loss,compactness,17.6611,nearest-frame tracking context,medium
8cfdb681-32cf-4ebf-81f1-5c0839ec82d5,loss,FCM,,727.84,1s_after_loss,avg_block_height,20.275,nearest-frame tracking context,medium
8cfdb681-32cf-4ebf-81f1-5c0839ec82d5,loss,FCM,,727.84,1s_after_loss,defensive_line_height,11.355,partial role-based,partial
8cfdb681-32cf-4ebf-81f1-5c0839ec82d5,recovery,FCM,E. Martinez,729.96,at_regain,team_width,51.27,nearest-frame tracking context,medium
8cfdb681-32cf-4ebf-81f1-5c0839ec82d5,recovery,FCM,E. Martinez,729.96,at_regain,team_depth,34.92,nearest-frame tracking context,medium
8cfdb681-32cf-4ebf-81f1-5c0839ec82d5,recovery,FCM,E. Martinez,729.96,at_regain,compactness,17.4062,nearest-frame tracking context,medium
8cfdb681-32cf-4ebf-81f1-5c0839ec82d5,recovery,FCM,E. Martinez,729.96,at_regain,avg_block_height,23.149,nearest-frame tracking context,medium
8cfdb681-32cf-4ebf-81f1-5c0839ec82d5,recovery,FCM,E. Martinez,729.96,at_regain,defensive_line_height,13.93,partial role-based,partial
8cfdb681-32cf-4ebf-81f1-5c0839ec82d5,loss,FCK,,730.76,1s_after_loss,team_width,24.12,nearest-frame tracking context,medium
8cfdb681-32cf-4ebf-81f1-5c0839ec82d5,loss,FCK,,730.76,1s_after_loss,team_depth,29.73,nearest-frame tracking context,medium
8cfdb681-32cf-4ebf-81f1-5c0839ec82d5,loss,FCK,,730.76,1s_after_loss,compactness,9.9544,nearest-frame tracking context,medium
8cfdb681-32cf-4ebf-81f1-5c0839ec82d5,loss,FCK,,730.76,1s_after_loss,avg_block_height,-33.117,nearest-frame tracking context,medium
8cfdb681-32cf-4ebf-81f1-5c0839ec82d5,loss,FCK,,730.76,1s_after_loss,defensive_line_height,-39.555,partial role-based,partial
8cfdb681-32cf-4ebf-81f1-5c0839ec82d5,loss,FCK,,734.76,1s_after_loss,team_width,40.58,nearest-frame tracking context,medium
8cfdb681-32cf-4ebf-81f1-5c0839ec82d5,loss,FCK,,734.76,1s_after_loss,team_depth,35.77,nearest-frame tracking context,medium
8cfdb681-32cf-4ebf-81f1-5c0839ec82d5,loss,FCK,,734.76,1s_after_loss,compactness,14.7391,nearest-frame tracking context,medium
8cfdb681-32cf-4ebf-81f1-5c0839ec82d5,loss,FCK,,734.76,1s_after_loss,avg_block_height,-32.676,nearest-frame tracking context,medium
8cfdb681-32cf-4ebf-81f1-5c0839ec82d5,loss,FCK,,734.76,1s_after_loss,defensive_line_height,-39.36,partial role-based,partial
8cfdb681-32cf-4ebf-81f1-5c0839ec82d5,recovery,FCK,T. Delaney,735.08,at_regain,team_width,39.29,nearest-frame tracking context,medium
8cfdb681-32cf-4ebf-81f1-5c0839ec82d5,recovery,FCK,T. Delaney,735.08,at_regain,team_depth,34.51,nearest-frame tracking context,medium
8cfdb681-32cf-4ebf-81f1-5c0839ec82d5,recovery,FCK,T. Delaney,735.08,at_regain,compactness,14.1355,nearest-frame tracking context,medium
8cfdb681-32cf-4ebf-81f1-5c0839ec82d5,recovery,FCK,T. Delaney,735.08,at_regain,avg_block_height,-33.352,nearest-frame tracking context,medium
8cfdb681-32cf-4ebf-81f1-5c0839ec82d5,recovery,FCK,T. Delaney,735.08,at_regain,defensive_line_height,-40.29,partial role-based,partial
8cfdb681-32cf-4ebf-81f1-5c0839ec82d5,loss,FCM,,738.2,1s_after_loss,team_width,46.61,nearest-frame tracking context,medium
8cfdb681-32cf-4ebf-81f1-5c0839ec82d5,loss,FCM,,738.2,1s_after_loss,team_depth,37.53,nearest-frame tracking context,medium
8cfdb681-32cf-4ebf-81f1-5c0839ec82d5,loss,FCM,,738.2,1s_after_loss,compactness,17.3055,nearest-frame tracking context,medium
8cfdb681-32cf-4ebf-81f1-5c0839ec82d5,loss,FCM,,738.2,1s_after_loss,avg_block_height,19.1,nearest-frame tracking context,medium
8cfdb681-32cf-4ebf-81f1-5c0839ec82d5,loss,FCM,,738.2,1s_after_loss,defensive_line_height,12.4175,partial role-based,partial
8cfdb681-32cf-4ebf-81f1-5c0839ec82d5,recovery,FCK,N. Trott,751.2,at_regain,team_width,63.14,nearest-frame tracking context,medium
8cfdb681-32cf-4ebf-81f1-5c0839ec82d5,recovery,FCK,N. Trott,751.2,at_regain,team_depth,39.19,nearest-frame tracking context,medium
8cfdb681-32cf-4ebf-81f1-5c0839ec82d5,recovery,FCK,N. Trott,751.2,at_regain,compactness,20.8852,nearest-frame tracking context,medium
8cfdb681-32cf-4ebf-81f1-5c0839ec82d5,recovery,FCK,N. Trott,751.2,at_regain,avg_block_height,-14.477,nearest-frame tracking context,medium
8cfdb681-32cf-4ebf-81f1-5c0839ec82d5,recovery,FCK,N. Trott,751.2,at_regain,defensive_line_height,-22.5325,partial role-based,partial
8cfdb681-32cf-4ebf-81f1-5c0839ec82d5,loss,FCK,,751.36,1s_after_loss,team_width,62.59,nearest-frame tracking context,medium
8cfdb681-32cf-4ebf-81f1-5c0839ec82d5,loss,FCK,,751.36,1s_after_loss,team_depth,39.27,nearest-frame tracking context,medium
8cfdb681-32cf-4ebf-81f1-5c0839ec82d5,loss,FCK,,751.36,1s_after_loss,compactness,20.575,nearest-frame tracking context,medium
8cfdb681-32cf-4ebf-81f1-5c0839ec82d5,loss,FCK,,751.36,1s_after_loss,avg_block_height,-14.611,nearest-frame tracking context,medium
8cfdb681-32cf-4ebf-81f1-5c0839ec82d5,loss,FCK,,751.36,1s_after_loss,defensive_line_height,-22.325,partial role-based,partial
8cfdb681-32cf-4ebf-81f1-5c0839ec82d5,loss,FCM,,753.2,1s_after_loss,team_width,36.33,nearest-frame tracking context,medium
8cfdb681-32cf-4ebf-81f1-5c0839ec82d5,loss,FCM,,753.2,1s_after_loss,team_depth,35.99,nearest-frame tracking context,medium
8cfdb681-32cf-4ebf-81f1-5c0839ec82d5,loss,FCM,,753.2,1s_after_loss,compactness,15.0971,nearest-frame tracking context,medium
8cfdb681-32cf-4ebf-81f1-5c0839ec82d5,loss,FCM,,753.2,1s_after_loss,avg_block_height,11.449,nearest-frame tracking context,medium
8cfdb681-32cf-4ebf-81f1-5c0839ec82d5,loss,FCM,,753.2,1s_after_loss,defensive_line_height,-0.3175,partial role-based,partial
8cfdb681-32cf-4ebf-81f1-5c0839ec82d5,loss,FCM,,753.2,1s_after_loss,team_width,36.33,nearest-frame tracking context,medium
8cfdb681-32cf-4ebf-81f1-5c0839ec82d5,loss,FCM,,753.2,1s_after_loss,team_depth,35.99,nearest-frame tracking context,medium
8cfdb681-32cf-4ebf-81f1-5c0839ec82d5,loss,FCM,,753.2,1s_after_loss,compactness,15.0971,nearest-frame tracking context,medium
8cfdb681-32cf-4ebf-81f1-5c0839ec82d5,loss,FCM,,753.2,1s_after_loss,avg_block_height,11.449,nearest-frame tracking context,medium
8cfdb681-32cf-4ebf-81f1-5c0839ec82d5,loss,FCM,,753.2,1s_after_loss,defensive_line_height,-0.3175,partial role-based,partial
8cfdb681-32cf-4ebf-81f1-5c0839ec82d5,recovery,FCM,D. Osorio,757.44,at_regain,team_width,32.81,nearest-frame tracking context,medium
8cfdb681-32cf-4ebf-81f1-5c0839ec82d5,recovery,FCM,D. Osorio,757.44,at_regain,team_depth,24.56,nearest-frame tracking context,medium
8cfdb681-32cf-4ebf-81f1-5c0839ec82d5,recovery,FCM,D. Osorio,757.44,at_regain,compactness,12.0366,nearest-frame tracking context,medium
8cfdb681-32cf-4ebf-81f1-5c0839ec82d5,recovery,FCM,D. Osorio,757.44,at_regain,avg_block_height,10.083,nearest-frame tracking context,medium
8cfdb681-32cf-4ebf-81f1-5c0839ec82d5,recovery,FCM,D. Osorio,757.44,at_regain,defensive_line_height,0.0525,partial role-based,partial
8cfdb681-32cf-4ebf-81f1-5c0839ec82d5,recovery,FCK,,758.52,at_regain,team_width,46.57,nearest-frame tracking context,medium
8cfdb681-32cf-4ebf-81f1-5c0839ec82d5,recovery,FCK,,758.52,at_regain,team_depth,25.04,nearest-frame tracking context,medium
8cfdb681-32cf-4ebf-81f1-5c0839ec82d5,recovery,FCK,,758.52,at_regain,compactness,12.4864,nearest-frame tracking context,medium
8cfdb681-32cf-4ebf-81f1-5c0839ec82d5,recovery,FCK,,758.52,at_regain,avg_block_height,-16.223,nearest-frame tracking context,medium
8cfdb681-32cf-4ebf-81f1-5c0839ec82d5,recovery,FCK,,758.52,at_regain,defensive_line_height,-23.2775,partial role-based,partial
8cfdb681-32cf-4ebf-81f1-5c0839ec82d5,loss,FCK,,778.92,1s_after_loss,team_width,57.29,nearest-frame tracking context,medium
8cfdb681-32cf-4ebf-81f1-5c0839ec82d5,loss,FCK,,778.92,1s_after_loss,team_depth,38.16,nearest-frame tracking context,medium
8cfdb681-32cf-4ebf-81f1-5c0839ec82d5,loss,FCK,,778.92,1s_after_loss,compactness,19.0246,nearest-frame tracking context,medium
8cfdb681-32cf-4ebf-81f1-5c0839ec82d5,loss,FCK,,778.92,1s_after_loss,avg_block_height,-14.902,nearest-frame tracking context,medium
8cfdb681-32cf-4ebf-81f1-5c0839ec82d5,loss,FCK,,778.92,1s_after_loss,defensive_line_height,-24.92,partial role-based,partial
8cfdb681-32cf-4ebf-81f1-5c0839ec82d5,recovery,FCK,L. Lerager,784.24,at_regain,team_width,49.33,nearest-frame tracking context,medium
8cfdb681-32cf-4ebf-81f1-5c0839ec82d5,recovery,FCK,L. Lerager,784.24,at_regain,team_depth,36.09,nearest-frame tracking context,medium
8cfdb681-32cf-4ebf-81f1-5c0839ec82d5,recovery,FCK,L. Lerager,784.24,at_regain,compactness,17.3537,nearest-frame tracking context,medium
8cfdb681-32cf-4ebf-81f1-5c0839ec82d5,recovery,FCK,L. Lerager,784.24,at_regain,avg_block_height,-7.491,nearest-frame tracking context,medium
8cfdb681-32cf-4ebf-81f1-5c0839ec82d5,recovery,FCK,L. Lerager,784.24,at_regain,defensive_line_height,-14.78,partial role-based,partial
8cfdb681-32cf-4ebf-81f1-5c0839ec82d5,loss,FCM,,806.84,1s_after_loss,team_width,62.9,nearest-frame tracking context,medium
8cfdb681-32cf-4ebf-81f1-5c0839ec82d5,loss,FCM,,806.84,1s_after_loss,team_depth,30.74,nearest-frame tracking context,medium
8cfdb681-32cf-4ebf-81f1-5c0839ec82d5,loss,FCM,,806.84,1s_after_loss,compactness,19.3587,nearest-frame tracking context,medium
8cfdb681-32cf-4ebf-81f1-5c0839ec82d5,loss,FCM,,806.84,1s_after_loss,avg_block_height,6.926,nearest-frame tracking context,medium
8cfdb681-32cf-4ebf-81f1-5c0839ec82d5,loss,FCM,,806.84,1s_after_loss,defensive_line_height,-1.4375,partial role-based,partial
8cfdb681-32cf-4ebf-81f1-5c0839ec82d5,loss,FCM,,822.84,1s_after_loss,team_width,58.94,nearest-frame tracking context,medium
8cfdb681-32cf-4ebf-81f1-5c0839ec82d5,loss,FCM,,822.84,1s_after_loss,team_depth,30.13,nearest-frame tracking context,medium
8cfdb681-32cf-4ebf-81f1-5c0839ec82d5,loss,FCM,,822.84,1s_after_loss,compactness,15.074,nearest-frame tracking context,medium
8cfdb681-32cf-4ebf-81f1-5c0839ec82d5,loss,FCM,,822.84,1s_after_loss,avg_block_height,14.944,nearest-frame tracking context,medium
8cfdb681-32cf-4ebf-81f1-5c0839ec82d5,loss,FCM,,822.84,1s_after_loss,defensive_line_height,7.805,partial role-based,partial
8cfdb681-32cf-4ebf-81f1-5c0839ec82d5,recovery,FCM,O. Diao,823.28,at_regain,team_width,59.18,nearest-frame tracking context,medium
8cfdb681-32cf-4ebf-81f1-5c0839ec82d5,recovery,FCM,O. Diao,823.28,at_regain,team_depth,30.18,nearest-frame tracking context,medium
8cfdb681-32cf-4ebf-81f1-5c0839ec82d5,recovery,FCM,O. Diao,823.28,at_regain,compactness,15.1488,nearest-frame tracking context,medium
8cfdb681-32cf-4ebf-81f1-5c0839ec82d5,recovery,FCM,O. Diao,823.28,at_regain,avg_block_height,13.712,nearest-frame tracking context,medium
8cfdb681-32cf-4ebf-81f1-5c0839ec82d5,recovery,FCM,O. Diao,823.28,at_regain,defensive_line_height,6.355,partial role-based,partial
8cfdb681-32cf-4ebf-81f1-5c0839ec82d5,loss,FCK,,823.96,1s_after_loss,team_width,26.08,nearest-frame tracking context,medium
8cfdb681-32cf-4ebf-81f1-5c0839ec82d5,loss,FCK,,823.96,1s_after_loss,team_depth,25.64,nearest-frame tracking context,medium
8cfdb681-32cf-4ebf-81f1-5c0839ec82d5,loss,FCK,,823.96,1s_after_loss,compactness,10.5675,nearest-frame tracking context,medium
8cfdb681-32cf-4ebf-81f1-5c0839ec82d5,loss,FCK,,823.96,1s_after_loss,avg_block_height,-19.09,nearest-frame tracking context,medium
8cfdb681-32cf-4ebf-81f1-5c0839ec82d5,loss,FCK,,823.96,1s_after_loss,defensive_line_height,-26.4975,partial role-based,partial
8cfdb681-32cf-4ebf-81f1-5c0839ec82d5,loss,FCK,,823.96,1s_after_loss,team_width,26.08,nearest-frame tracking context,medium
8cfdb681-32cf-4ebf-81f1-5c0839ec82d5,loss,FCK,,823.96,1s_after_loss,team_depth,25.64,nearest-frame tracking context,medium
8cfdb681-32cf-4ebf-81f1-5c0839ec82d5,loss,FCK,,823.96,1s_after_loss,compactness,10.5675,nearest-frame tracking context,medium
8cfdb681-32cf-4ebf-81f1-5c0839ec82d5,loss,FCK,,823.96,1s_after_loss,avg_block_height,-19.09,nearest-frame tracking context,medium
8cfdb681-32cf-4ebf-81f1-5c0839ec82d5,loss,FCK,,823.96,1s_after_loss,defensive_line_height,-26.4975,partial role-based,partial
8cfdb681-32cf-4ebf-81f1-5c0839ec82d5,recovery,FCK,K. Diks,824.88,at_regain,team_width,26.27,nearest-frame tracking context,medium
8cfdb681-32cf-4ebf-81f1-5c0839ec82d5,recovery,FCK,K. Diks,824.88,at_regain,team_depth,25.41,nearest-frame tracking context,medium
8cfdb681-32cf-4ebf-81f1-5c0839ec82d5,recovery,FCK,K. Diks,824.88,at_regain,compactness,10.6208,nearest-frame tracking context,medium
8cfdb681-32cf-4ebf-81f1-5c0839ec82d5,recovery,FCK,K. Diks,824.88,at_regain,avg_block_height,-18.97,nearest-frame tracking context,medium
8cfdb681-32cf-4ebf-81f1-5c0839ec82d5,recovery,FCK,K. Diks,824.88,at_regain,defensive_line_height,-26.3225,partial role-based,partial
8cfdb681-32cf-4ebf-81f1-5c0839ec82d5,recovery,FCM,O. Diao,827.4,at_regain,team_width,53.5,nearest-frame tracking context,medium
8cfdb681-32cf-4ebf-81f1-5c0839ec82d5,recovery,FCM,O. Diao,827.4,at_regain,team_depth,30.1,nearest-frame tracking context,medium
8cfdb681-32cf-4ebf-81f1-5c0839ec82d5,recovery,FCM,O. Diao,827.4,at_regain,compactness,14.4719,nearest-frame tracking context,medium
8cfdb681-32cf-4ebf-81f1-5c0839ec82d5,recovery,FCM,O. Diao,827.4,at_regain,avg_block_height,15.302,nearest-frame tracking context,medium
8cfdb681-32cf-4ebf-81f1-5c0839ec82d5,recovery,FCM,O. Diao,827.4,at_regain,defensive_line_height,7.88,partial role-based,partial
8cfdb681-32cf-4ebf-81f1-5c0839ec82d5,recovery,FCK,M. Elyounoussi,829.64,at_regain,team_width,27.56,nearest-frame tracking context,medium
8cfdb681-32cf-4ebf-81f1-5c0839ec82d5,recovery,FCK,M. Elyounoussi,829.64,at_regain,team_depth,25.2,nearest-frame tracking context,medium
8cfdb681-32cf-4ebf-81f1-5c0839ec82d5,recovery,FCK,M. Elyounoussi,829.64,at_regain,compactness,10.0819,nearest-frame tracking context,medium
8cfdb681-32cf-4ebf-81f1-5c0839ec82d5,recovery,FCK,M. Elyounoussi,829.64,at_regain,avg_block_height,-16.299,nearest-frame tracking context,medium
8cfdb681-32cf-4ebf-81f1-5c0839ec82d5,recovery,FCK,M. Elyounoussi,829.64,at_regain,defensive_line_height,-22.975,partial role-based,partial
8cfdb681-32cf-4ebf-81f1-5c0839ec82d5,loss,FCM,,830.8,1s_after_loss,team_width,47.7,nearest-frame tracking context,medium
8cfdb681-32cf-4ebf-81f1-5c0839ec82d5,loss,FCM,,830.8,1s_after_loss,team_depth,25.81,nearest-frame tracking context,medium
8cfdb681-32cf-4ebf-81f1-5c0839ec82d5,loss,FCM,,830.8,1s_after_loss,compactness,13.4275,nearest-frame tracking context,medium
8cfdb681-32cf-4ebf-81f1-5c0839ec82d5,loss,FCM,,830.8,1s_after_loss,avg_block_height,13.073,nearest-frame tracking context,medium
8cfdb681-32cf-4ebf-81f1-5c0839ec82d5,loss,FCM,,830.8,1s_after_loss,defensive_line_height,5.105,partial role-based,partial
8cfdb681-32cf-4ebf-81f1-5c0839ec82d5,loss,FCM,,830.8,1s_after_loss,team_width,47.7,nearest-frame tracking context,medium
8cfdb681-32cf-4ebf-81f1-5c0839ec82d5,loss,FCM,,830.8,1s_after_loss,team_depth,25.81,nearest-frame tracking context,medium
8cfdb681-32cf-4ebf-81f1-5c0839ec82d5,loss,FCM,,830.8,1s_after_loss,compactness,13.4275,nearest-frame tracking context,medium
8cfdb681-32cf-4ebf-81f1-5c0839ec82d5,loss,FCM,,830.8,1s_after_loss,avg_block_height,13.073,nearest-frame tracking context,medium
8cfdb681-32cf-4ebf-81f1-5c0839ec82d5,loss,FCM,,830.8,1s_after_loss,defensive_line_height,5.105,partial role-based,partial
8cfdb681-32cf-4ebf-81f1-5c0839ec82d5,loss,FCM,J. Kuchta,832.48,1s_after_loss,team_width,46.37,nearest-frame tracking context,medium
8cfdb681-32cf-4ebf-81f1-5c0839ec82d5,loss,FCM,J. Kuchta,832.48,1s_after_loss,team_depth,31.67,nearest-frame tracking context,medium
8cfdb681-32cf-4ebf-81f1-5c0839ec82d5,loss,FCM,J. Kuchta,832.48,1s_after_loss,compactness,15.2448,nearest-frame tracking context,medium
8cfdb681-32cf-4ebf-81f1-5c0839ec82d5,loss,FCM,J. Kuchta,832.48,1s_after_loss,avg_block_height,17.647,nearest-frame tracking context,medium
8cfdb681-32cf-4ebf-81f1-5c0839ec82d5,loss,FCM,J. Kuchta,832.48,1s_after_loss,defensive_line_height,7.39,partial role-based,partial
8cfdb681-32cf-4ebf-81f1-5c0839ec82d5,loss,FCK,,835.68,1s_after_loss,team_width,22.19,nearest-frame tracking context,medium
8cfdb681-32cf-4ebf-81f1-5c0839ec82d5,loss,FCK,,835.68,1s_after_loss,team_depth,41.91,nearest-frame tracking context,medium
8cfdb681-32cf-4ebf-81f1-5c0839ec82d5,loss,FCK,,835.68,1s_after_loss,compactness,13.8157,nearest-frame tracking context,medium
8cfdb681-32cf-4ebf-81f1-5c0839ec82d5,loss,FCK,,835.68,1s_after_loss,avg_block_height,-29.376,nearest-frame tracking context,medium
8cfdb681-32cf-4ebf-81f1-5c0839ec82d5,loss,FCK,,835.68,1s_after_loss,defensive_line_height,-41.81,partial role-based,partial
8cfdb681-32cf-4ebf-81f1-5c0839ec82d5,loss,FCK,,835.92,1s_after_loss,team_width,22.31,nearest-frame tracking context,medium
8cfdb681-32cf-4ebf-81f1-5c0839ec82d5,loss,FCK,,835.92,1s_after_loss,team_depth,42.22,nearest-frame tracking context,medium
8cfdb681-32cf-4ebf-81f1-5c0839ec82d5,loss,FCK,,835.92,1s_after_loss,compactness,13.9292,nearest-frame tracking context,medium
8cfdb681-32cf-4ebf-81f1-5c0839ec82d5,loss,FCK,,835.92,1s_after_loss,avg_block_height,-29.557,nearest-frame tracking context,medium
8cfdb681-32cf-4ebf-81f1-5c0839ec82d5,loss,FCK,,835.92,1s_after_loss,defensive_line_height,-42.0675,partial role-based,partial
8cfdb681-32cf-4ebf-81f1-5c0839ec82d5,loss,FCK,,836.24,1s_after_loss,team_width,22.59,nearest-frame tracking context,medium
8cfdb681-32cf-4ebf-81f1-5c0839ec82d5,loss,FCK,,836.24,1s_after_loss,team_depth,42.49,nearest-frame tracking context,medium
8cfdb681-32cf-4ebf-81f1-5c0839ec82d5,loss,FCK,,836.24,1s_after_loss,compactness,14.0724,nearest-frame tracking context,medium
8cfdb681-32cf-4ebf-81f1-5c0839ec82d5,loss,FCK,,836.24,1s_after_loss,avg_block_height,-29.7,nearest-frame tracking context,medium
8cfdb681-32cf-4ebf-81f1-5c0839ec82d5,loss,FCK,,836.24,1s_after_loss,defensive_line_height,-42.2825,partial role-based,partial
8cfdb681-32cf-4ebf-81f1-5c0839ec82d5,loss,FCK,,836.24,1s_after_loss,team_width,22.59,nearest-frame tracking context,medium
8cfdb681-32cf-4ebf-81f1-5c0839ec82d5,loss,FCK,,836.24,1s_after_loss,team_depth,42.49,nearest-frame tracking context,medium
8cfdb681-32cf-4ebf-81f1-5c0839ec82d5,loss,FCK,,836.24,1s_after_loss,compactness,14.0724,nearest-frame tracking context,medium
8cfdb681-32cf-4ebf-81f1-5c0839ec82d5,loss,FCK,,836.24,1s_after_loss,avg_block_height,-29.7,nearest-frame tracking context,medium
8cfdb681-32cf-4ebf-81f1-5c0839ec82d5,loss,FCK,,836.24,1s_after_loss,defensive_line_height,-42.2825,partial role-based,partial
8cfdb681-32cf-4ebf-81f1-5c0839ec82d5,loss,FCM,,836.96,1s_after_loss,team_width,36.82,nearest-frame tracking context,medium
8cfdb681-32cf-4ebf-81f1-5c0839ec82d5,loss,FCM,,836.96,1s_after_loss,team_depth,39.41,nearest-frame tracking context,medium
8cfdb681-32cf-4ebf-81f1-5c0839ec82d5,loss,FCM,,836.96,1s_after_loss,compactness,17.1252,nearest-frame tracking context,medium
8cfdb681-32cf-4ebf-81f1-5c0839ec82d5,loss,FCM,,836.96,1s_after_loss,avg_block_height,24.409,nearest-frame tracking context,medium
8cfdb681-32cf-4ebf-81f1-5c0839ec82d5,loss,FCM,,836.96,1s_after_loss,defensive_line_height,12.335,partial role-based,partial
8cfdb681-32cf-4ebf-81f1-5c0839ec82d5,loss,FCK,T. Delaney,837.04,1s_after_loss,team_width,23.71,nearest-frame tracking context,medium
8cfdb681-32cf-4ebf-81f1-5c0839ec82d5,loss,FCK,T. Delaney,837.04,1s_after_loss,team_depth,42.04,nearest-frame tracking context,medium
8cfdb681-32cf-4ebf-81f1-5c0839ec82d5,loss,FCK,T. Delaney,837.04,1s_after_loss,compactness,14.2563,nearest-frame tracking context,medium
8cfdb681-32cf-4ebf-81f1-5c0839ec82d5,loss,FCK,T. Delaney,837.04,1s_after_loss,avg_block_height,-29.747,nearest-frame tracking context,medium
8cfdb681-32cf-4ebf-81f1-5c0839ec82d5,loss,FCK,T. Delaney,837.04,1s_after_loss,defensive_line_height,-42.115,partial role-based,partial
8cfdb681-32cf-4ebf-81f1-5c0839ec82d5,recovery,FCM,,838.12,at_regain,team_width,36.94,nearest-frame tracking context,medium
8cfdb681-32cf-4ebf-81f1-5c0839ec82d5,recovery,FCM,,838.12,at_regain,team_depth,39.32,nearest-frame tracking context,medium
8cfdb681-32cf-4ebf-81f1-5c0839ec82d5,recovery,FCM,,838.12,at_regain,compactness,17.1055,nearest-frame tracking context,medium
8cfdb681-32cf-4ebf-81f1-5c0839ec82d5,recovery,FCM,,838.12,at_regain,avg_block_height,24.353,nearest-frame tracking context,medium
8cfdb681-32cf-4ebf-81f1-5c0839ec82d5,recovery,FCM,,838.12,at_regain,defensive_line_height,12.455,partial role-based,partial
8cfdb681-32cf-4ebf-81f1-5c0839ec82d5,loss,FCM,,838.12,1s_after_loss,team_width,39.16,nearest-frame tracking context,medium
8cfdb681-32cf-4ebf-81f1-5c0839ec82d5,loss,FCM,,838.12,1s_after_loss,team_depth,39.23,nearest-frame tracking context,medium
8cfdb681-32cf-4ebf-81f1-5c0839ec82d5,loss,FCM,,838.12,1s_after_loss,compactness,17.2149,nearest-frame tracking context,medium
8cfdb681-32cf-4ebf-81f1-5c0839ec82d5,loss,FCM,,838.12,1s_after_loss,avg_block_height,24.16,nearest-frame tracking context,medium
8cfdb681-32cf-4ebf-81f1-5c0839ec82d5,loss,FCM,,838.12,1s_after_loss,defensive_line_height,12.9625,partial role-based,partial
8cfdb681-32cf-4ebf-81f1-5c0839ec82d5,loss,FCM,K. Mbabu,838.12,1s_after_loss,team_width,39.16,nearest-frame tracking context,medium
8cfdb681-32cf-4ebf-81f1-5c0839ec82d5,loss,FCM,K. Mbabu,838.12,1s_after_loss,team_depth,39.23,nearest-frame tracking context,medium
8cfdb681-32cf-4ebf-81f1-5c0839ec82d5,loss,FCM,K. Mbabu,838.12,1s_after_loss,compactness,17.2149,nearest-frame tracking context,medium
8cfdb681-32cf-4ebf-81f1-5c0839ec82d5,loss,FCM,K. Mbabu,838.12,1s_after_loss,avg_block_height,24.16,nearest-frame tracking context,medium
8cfdb681-32cf-4ebf-81f1-5c0839ec82d5,loss,FCM,K. Mbabu,838.12,1s_after_loss,defensive_line_height,12.9625,partial role-based,partial
8cfdb681-32cf-4ebf-81f1-5c0839ec82d5,loss,FCK,,872.96,1s_after_loss,team_width,47.98,nearest-frame tracking context,medium
8cfdb681-32cf-4ebf-81f1-5c0839ec82d5,loss,FCK,,872.96,1s_after_loss,team_depth,39,nearest-frame tracking context,medium
8cfdb681-32cf-4ebf-81f1-5c0839ec82d5,loss,FCK,,872.96,1s_after_loss,compactness,19.0427,nearest-frame tracking context,medium
8cfdb681-32cf-4ebf-81f1-5c0839ec82d5,loss,FCK,,872.96,1s_after_loss,avg_block_height,1.515,nearest-frame tracking context,medium
8cfdb681-32cf-4ebf-81f1-5c0839ec82d5,loss,FCK,,872.96,1s_after_loss,defensive_line_height,-10.17,partial role-based,partial
8cfdb681-32cf-4ebf-81f1-5c0839ec82d5,loss,FCK,,884.96,1s_after_loss,team_width,31.46,nearest-frame tracking context,medium
8cfdb681-32cf-4ebf-81f1-5c0839ec82d5,loss,FCK,,884.96,1s_after_loss,team_depth,35.68,nearest-frame tracking context,medium
8cfdb681-32cf-4ebf-81f1-5c0839ec82d5,loss,FCK,,884.96,1s_after_loss,compactness,14.8474,nearest-frame tracking context,medium
8cfdb681-32cf-4ebf-81f1-5c0839ec82d5,loss,FCK,,884.96,1s_after_loss,avg_block_height,23.295,nearest-frame tracking context,medium
8cfdb681-32cf-4ebf-81f1-5c0839ec82d5,loss,FCK,,884.96,1s_after_loss,defensive_line_height,10.7525,partial role-based,partial
8cfdb681-32cf-4ebf-81f1-5c0839ec82d5,loss,FCK,L. Lerager,886.72,1s_after_loss,team_width,32.43,nearest-frame tracking context,medium
8cfdb681-32cf-4ebf-81f1-5c0839ec82d5,loss,FCK,L. Lerager,886.72,1s_after_loss,team_depth,29.94,nearest-frame tracking context,medium
8cfdb681-32cf-4ebf-81f1-5c0839ec82d5,loss,FCK,L. Lerager,886.72,1s_after_loss,compactness,13.6336,nearest-frame tracking context,medium
8cfdb681-32cf-4ebf-81f1-5c0839ec82d5,loss,FCK,L. Lerager,886.72,1s_after_loss,avg_block_height,23.344,nearest-frame tracking context,medium
8cfdb681-32cf-4ebf-81f1-5c0839ec82d5,loss,FCK,L. Lerager,886.72,1s_after_loss,defensive_line_height,11.9675,partial role-based,partial
8cfdb681-32cf-4ebf-81f1-5c0839ec82d5,recovery,FCM,,887.68,at_regain,team_width,28.89,nearest-frame tracking context,medium
8cfdb681-32cf-4ebf-81f1-5c0839ec82d5,recovery,FCM,,887.68,at_regain,team_depth,19.22,nearest-frame tracking context,medium
8cfdb681-32cf-4ebf-81f1-5c0839ec82d5,recovery,FCM,,887.68,at_regain,compactness,9.4899,nearest-frame tracking context,medium
8cfdb681-32cf-4ebf-81f1-5c0839ec82d5,recovery,FCM,,887.68,at_regain,avg_block_height,-28.698,nearest-frame tracking context,medium
8cfdb681-32cf-4ebf-81f1-5c0839ec82d5,recovery,FCM,,887.68,at_regain,defensive_line_height,-35.265,partial role-based,partial
8cfdb681-32cf-4ebf-81f1-5c0839ec82d5,loss,FCM,,978.08,1s_after_loss,team_width,29.9,nearest-frame tracking context,medium
8cfdb681-32cf-4ebf-81f1-5c0839ec82d5,loss,FCM,,978.08,1s_after_loss,team_depth,23.09,nearest-frame tracking context,medium
8cfdb681-32cf-4ebf-81f1-5c0839ec82d5,loss,FCM,,978.08,1s_after_loss,compactness,10.1102,nearest-frame tracking context,medium
8cfdb681-32cf-4ebf-81f1-5c0839ec82d5,loss,FCM,,978.08,1s_after_loss,avg_block_height,33.502,nearest-frame tracking context,medium
8cfdb681-32cf-4ebf-81f1-5c0839ec82d5,loss,FCM,,978.08,1s_after_loss,defensive_line_height,33.55,partial role-based,partial
8cfdb681-32cf-4ebf-81f1-5c0839ec82d5,loss,FCK,,981.24,1s_after_loss,team_width,31.61,nearest-frame tracking context,medium
8cfdb681-32cf-4ebf-81f1-5c0839ec82d5,loss,FCK,,981.24,1s_after_loss,team_depth,24.49,nearest-frame tracking context,medium
8cfdb681-32cf-4ebf-81f1-5c0839ec82d5,loss,FCK,,981.24,1s_after_loss,compactness,9.7417,nearest-frame tracking context,medium
8cfdb681-32cf-4ebf-81f1-5c0839ec82d5,loss,FCK,,981.24,1s_after_loss,avg_block_height,-40.458,nearest-frame tracking context,medium
8cfdb681-32cf-4ebf-81f1-5c0839ec82d5,loss,FCK,,981.24,1s_after_loss,defensive_line_height,-45.64,partial role-based,partial
8cfdb681-32cf-4ebf-81f1-5c0839ec82d5,loss,FCM,,1003.96,1s_after_loss,team_width,43.07,nearest-frame tracking context,medium
8cfdb681-32cf-4ebf-81f1-5c0839ec82d5,loss,FCM,,1003.96,1s_after_loss,team_depth,28.16,nearest-frame tracking context,medium
8cfdb681-32cf-4ebf-81f1-5c0839ec82d5,loss,FCM,,1003.96,1s_after_loss,compactness,12.3956,nearest-frame tracking context,medium
8cfdb681-32cf-4ebf-81f1-5c0839ec82d5,loss,FCM,,1003.96,1s_after_loss,avg_block_height,40.243,nearest-frame tracking context,medium
8cfdb681-32cf-4ebf-81f1-5c0839ec82d5,loss,FCM,,1003.96,1s_after_loss,defensive_line_height,41.325,partial role-based,partial
8cfdb681-32cf-4ebf-81f1-5c0839ec82d5,loss,FCM,,1003.96,1s_after_loss,team_width,43.07,nearest-frame tracking context,medium
8cfdb681-32cf-4ebf-81f1-5c0839ec82d5,loss,FCM,,1003.96,1s_after_loss,team_depth,28.16,nearest-frame tracking context,medium
8cfdb681-32cf-4ebf-81f1-5c0839ec82d5,loss,FCM,,1003.96,1s_after_loss,compactness,12.3956,nearest-frame tracking context,medium
8cfdb681-32cf-4ebf-81f1-5c0839ec82d5,loss,FCM,,1003.96,1s_after_loss,avg_block_height,40.243,nearest-frame tracking context,medium
8cfdb681-32cf-4ebf-81f1-5c0839ec82d5,loss,FCM,,1003.96,1s_after_loss,defensive_line_height,41.325,partial role-based,partial
8cfdb681-32cf-4ebf-81f1-5c0839ec82d5,recovery,FCM,M. Bech,1003.96,at_regain,team_width,45.19,nearest-frame tracking context,medium
8cfdb681-32cf-4ebf-81f1-5c0839ec82d5,recovery,FCM,M. Bech,1003.96,at_regain,team_depth,28.59,nearest-frame tracking context,medium
8cfdb681-32cf-4ebf-81f1-5c0839ec82d5,recovery,FCM,M. Bech,1003.96,at_regain,compactness,13.0355,nearest-frame tracking context,medium
8cfdb681-32cf-4ebf-81f1-5c0839ec82d5,recovery,FCM,M. Bech,1003.96,at_regain,avg_block_height,39.712,nearest-frame tracking context,medium
8cfdb681-32cf-4ebf-81f1-5c0839ec82d5,recovery,FCM,M. Bech,1003.96,at_regain,defensive_line_height,41.945,partial role-based,partial
8cfdb681-32cf-4ebf-81f1-5c0839ec82d5,loss,FCK,,1006,1s_after_loss,team_width,27.08,nearest-frame tracking context,medium
8cfdb681-32cf-4ebf-81f1-5c0839ec82d5,loss,FCK,,1006,1s_after_loss,team_depth,13.84,nearest-frame tracking context,medium
8cfdb681-32cf-4ebf-81f1-5c0839ec82d5,loss,FCK,,1006,1s_after_loss,compactness,7.1415,nearest-frame tracking context,medium
8cfdb681-32cf-4ebf-81f1-5c0839ec82d5,loss,FCK,,1006,1s_after_loss,avg_block_height,-46.239,nearest-frame tracking context,medium
8cfdb681-32cf-4ebf-81f1-5c0839ec82d5,loss,FCK,,1006,1s_after_loss,defensive_line_height,-49.4575,partial role-based,partial
8cfdb681-32cf-4ebf-81f1-5c0839ec82d5,loss,FCK,,1039,1s_after_loss,team_width,56.82,nearest-frame tracking context,medium
8cfdb681-32cf-4ebf-81f1-5c0839ec82d5,loss,FCK,,1039,1s_after_loss,team_depth,31.53,nearest-frame tracking context,medium
8cfdb681-32cf-4ebf-81f1-5c0839ec82d5,loss,FCK,,1039,1s_after_loss,compactness,15.2964,nearest-frame tracking context,medium
8cfdb681-32cf-4ebf-81f1-5c0839ec82d5,loss,FCK,,1039,1s_after_loss,avg_block_height,-3.577,nearest-frame tracking context,medium
8cfdb681-32cf-4ebf-81f1-5c0839ec82d5,loss,FCK,,1039,1s_after_loss,defensive_line_height,-9.8475,partial role-based,partial
8cfdb681-32cf-4ebf-81f1-5c0839ec82d5,recovery,FCK,P. Hatzidiakos,1039.16,at_regain,team_width,57.53,nearest-frame tracking context,medium
8cfdb681-32cf-4ebf-81f1-5c0839ec82d5,recovery,FCK,P. Hatzidiakos,1039.16,at_regain,team_depth,32.35,nearest-frame tracking context,medium
8cfdb681-32cf-4ebf-81f1-5c0839ec82d5,recovery,FCK,P. Hatzidiakos,1039.16,at_regain,compactness,15.3083,nearest-frame tracking context,medium
8cfdb681-32cf-4ebf-81f1-5c0839ec82d5,recovery,FCK,P. Hatzidiakos,1039.16,at_regain,avg_block_height,-5.149,nearest-frame tracking context,medium
8cfdb681-32cf-4ebf-81f1-5c0839ec82d5,recovery,FCK,P. Hatzidiakos,1039.16,at_regain,defensive_line_height,-10.885,partial role-based,partial
8cfdb681-32cf-4ebf-81f1-5c0839ec82d5,recovery,FCM,,1044.48,at_regain,team_width,46.27,nearest-frame tracking context,medium
8cfdb681-32cf-4ebf-81f1-5c0839ec82d5,recovery,FCM,,1044.48,at_regain,team_depth,43.32,nearest-frame tracking context,medium
8cfdb681-32cf-4ebf-81f1-5c0839ec82d5,recovery,FCM,,1044.48,at_regain,compactness,18.9094,nearest-frame tracking context,medium
8cfdb681-32cf-4ebf-81f1-5c0839ec82d5,recovery,FCM,,1044.48,at_regain,avg_block_height,-10.164,nearest-frame tracking context,medium
8cfdb681-32cf-4ebf-81f1-5c0839ec82d5,recovery,FCM,,1044.48,at_regain,defensive_line_height,-26.4575,partial role-based,partial
8cfdb681-32cf-4ebf-81f1-5c0839ec82d5,loss,FCM,,1095.6,1s_after_loss,team_width,38.96,nearest-frame tracking context,medium
8cfdb681-32cf-4ebf-81f1-5c0839ec82d5,loss,FCM,,1095.6,1s_after_loss,team_depth,19.65,nearest-frame tracking context,medium
8cfdb681-32cf-4ebf-81f1-5c0839ec82d5,loss,FCM,,1095.6,1s_after_loss,compactness,13.1254,nearest-frame tracking context,medium
8cfdb681-32cf-4ebf-81f1-5c0839ec82d5,loss,FCM,,1095.6,1s_after_loss,avg_block_height,36.069,nearest-frame tracking context,medium
8cfdb681-32cf-4ebf-81f1-5c0839ec82d5,loss,FCM,,1095.6,1s_after_loss,defensive_line_height,37.985,partial role-based,partial
8cfdb681-32cf-4ebf-81f1-5c0839ec82d5,loss,FCK,,1126.84,1s_after_loss,team_width,58.99,nearest-frame tracking context,medium
8cfdb681-32cf-4ebf-81f1-5c0839ec82d5,loss,FCK,,1126.84,1s_after_loss,team_depth,43.61,nearest-frame tracking context,medium
8cfdb681-32cf-4ebf-81f1-5c0839ec82d5,loss,FCK,,1126.84,1s_after_loss,compactness,22.0252,nearest-frame tracking context,medium
8cfdb681-32cf-4ebf-81f1-5c0839ec82d5,loss,FCK,,1126.84,1s_after_loss,avg_block_height,-17.168,nearest-frame tracking context,medium
8cfdb681-32cf-4ebf-81f1-5c0839ec82d5,loss,FCK,,1126.84,1s_after_loss,defensive_line_height,-31.11,partial role-based,partial
8cfdb681-32cf-4ebf-81f1-5c0839ec82d5,loss,FCK,,1130.84,1s_after_loss,team_width,59.17,nearest-frame tracking context,medium
8cfdb681-32cf-4ebf-81f1-5c0839ec82d5,loss,FCK,,1130.84,1s_after_loss,team_depth,34.5,nearest-frame tracking context,medium
8cfdb681-32cf-4ebf-81f1-5c0839ec82d5,loss,FCK,,1130.84,1s_after_loss,compactness,20.3065,nearest-frame tracking context,medium
8cfdb681-32cf-4ebf-81f1-5c0839ec82d5,loss,FCK,,1130.84,1s_after_loss,avg_block_height,-18.086,nearest-frame tracking context,medium
8cfdb681-32cf-4ebf-81f1-5c0839ec82d5,loss,FCK,,1130.84,1s_after_loss,defensive_line_height,-28.77,partial role-based,partial
8cfdb681-32cf-4ebf-81f1-5c0839ec82d5,recovery,FCK,M. Mattsson,1132.12,at_regain,team_width,58.88,nearest-frame tracking context,medium
8cfdb681-32cf-4ebf-81f1-5c0839ec82d5,recovery,FCK,M. Mattsson,1132.12,at_regain,team_depth,34.07,nearest-frame tracking context,medium
8cfdb681-32cf-4ebf-81f1-5c0839ec82d5,recovery,FCK,M. Mattsson,1132.12,at_regain,compactness,20.0748,nearest-frame tracking context,medium
8cfdb681-32cf-4ebf-81f1-5c0839ec82d5,recovery,FCK,M. Mattsson,1132.12,at_regain,avg_block_height,-17.87,nearest-frame tracking context,medium
8cfdb681-32cf-4ebf-81f1-5c0839ec82d5,recovery,FCK,M. Mattsson,1132.12,at_regain,defensive_line_height,-28.28,partial role-based,partial
8cfdb681-32cf-4ebf-81f1-5c0839ec82d5,loss,FCM,,1133,1s_after_loss,team_width,35.07,nearest-frame tracking context,medium
8cfdb681-32cf-4ebf-81f1-5c0839ec82d5,loss,FCM,,1133,1s_after_loss,team_depth,30.25,nearest-frame tracking context,medium
8cfdb681-32cf-4ebf-81f1-5c0839ec82d5,loss,FCM,,1133,1s_after_loss,compactness,15.3471,nearest-frame tracking context,medium
8cfdb681-32cf-4ebf-81f1-5c0839ec82d5,loss,FCM,,1133,1s_after_loss,avg_block_height,10.306,nearest-frame tracking context,medium
8cfdb681-32cf-4ebf-81f1-5c0839ec82d5,loss,FCM,,1133,1s_after_loss,defensive_line_height,-1.2075,partial role-based,partial
8cfdb681-32cf-4ebf-81f1-5c0839ec82d5,loss,FCM,,1133,1s_after_loss,team_width,35.07,nearest-frame tracking context,medium
8cfdb681-32cf-4ebf-81f1-5c0839ec82d5,loss,FCM,,1133,1s_after_loss,team_depth,30.25,nearest-frame tracking context,medium
8cfdb681-32cf-4ebf-81f1-5c0839ec82d5,loss,FCM,,1133,1s_after_loss,compactness,15.3471,nearest-frame tracking context,medium
8cfdb681-32cf-4ebf-81f1-5c0839ec82d5,loss,FCM,,1133,1s_after_loss,avg_block_height,10.306,nearest-frame tracking context,medium
8cfdb681-32cf-4ebf-81f1-5c0839ec82d5,loss,FCM,,1133,1s_after_loss,defensive_line_height,-1.2075,partial role-based,partial
8cfdb681-32cf-4ebf-81f1-5c0839ec82d5,recovery,FCM,M. Bech,1137.32,at_regain,team_width,41.92,nearest-frame tracking context,medium
8cfdb681-32cf-4ebf-81f1-5c0839ec82d5,recovery,FCM,M. Bech,1137.32,at_regain,team_depth,32.13,nearest-frame tracking context,medium
8cfdb681-32cf-4ebf-81f1-5c0839ec82d5,recovery,FCM,M. Bech,1137.32,at_regain,compactness,15.698,nearest-frame tracking context,medium
8cfdb681-32cf-4ebf-81f1-5c0839ec82d5,recovery,FCM,M. Bech,1137.32,at_regain,avg_block_height,3.579,nearest-frame tracking context,medium
8cfdb681-32cf-4ebf-81f1-5c0839ec82d5,recovery,FCM,M. Bech,1137.32,at_regain,defensive_line_height,-7.3475,partial role-based,partial
8cfdb681-32cf-4ebf-81f1-5c0839ec82d5,loss,FCK,G. Gocholeishvili,1138.96,1s_after_loss,team_width,37.66,nearest-frame tracking context,medium
8cfdb681-32cf-4ebf-81f1-5c0839ec82d5,loss,FCK,G. Gocholeishvili,1138.96,1s_after_loss,team_depth,26.98,nearest-frame tracking context,medium
8cfdb681-32cf-4ebf-81f1-5c0839ec82d5,loss,FCK,G. Gocholeishvili,1138.96,1s_after_loss,compactness,15.1977,nearest-frame tracking context,medium
8cfdb681-32cf-4ebf-81f1-5c0839ec82d5,loss,FCK,G. Gocholeishvili,1138.96,1s_after_loss,avg_block_height,-6.89,nearest-frame tracking context,medium
8cfdb681-32cf-4ebf-81f1-5c0839ec82d5,loss,FCK,G. Gocholeishvili,1138.96,1s_after_loss,defensive_line_height,-16.7325,partial role-based,partial
8cfdb681-32cf-4ebf-81f1-5c0839ec82d5,recovery,FCK,,1138.96,at_regain,team_width,38.39,nearest-frame tracking context,medium
8cfdb681-32cf-4ebf-81f1-5c0839ec82d5,recovery,FCK,,1138.96,at_regain,team_depth,29.05,nearest-frame tracking context,medium
8cfdb681-32cf-4ebf-81f1-5c0839ec82d5,recovery,FCK,,1138.96,at_regain,compactness,15.6891,nearest-frame tracking context,medium
8cfdb681-32cf-4ebf-81f1-5c0839ec82d5,recovery,FCK,,1138.96,at_regain,avg_block_height,-5.593,nearest-frame tracking context,medium
8cfdb681-32cf-4ebf-81f1-5c0839ec82d5,recovery,FCK,,1138.96,at_regain,defensive_line_height,-16.4725,partial role-based,partial
8cfdb681-32cf-4ebf-81f1-5c0839ec82d5,loss,FCK,,1154.96,1s_after_loss,team_width,29.93,nearest-frame tracking context,medium
8cfdb681-32cf-4ebf-81f1-5c0839ec82d5,loss,FCK,,1154.96,1s_after_loss,team_depth,32.77,nearest-frame tracking context,medium
8cfdb681-32cf-4ebf-81f1-5c0839ec82d5,loss,FCK,,1154.96,1s_after_loss,compactness,13.2259,nearest-frame tracking context,medium
8cfdb681-32cf-4ebf-81f1-5c0839ec82d5,loss,FCK,,1154.96,1s_after_loss,avg_block_height,-1.026,nearest-frame tracking context,medium
8cfdb681-32cf-4ebf-81f1-5c0839ec82d5,loss,FCK,,1154.96,1s_after_loss,defensive_line_height,-11.275,partial role-based,partial
8cfdb681-32cf-4ebf-81f1-5c0839ec82d5,recovery,FCK,G. Onugkha,1164.72,at_regain,team_width,25.81,nearest-frame tracking context,medium
8cfdb681-32cf-4ebf-81f1-5c0839ec82d5,recovery,FCK,G. Onugkha,1164.72,at_regain,team_depth,47.58,nearest-frame tracking context,medium
8cfdb681-32cf-4ebf-81f1-5c0839ec82d5,recovery,FCK,G. Onugkha,1164.72,at_regain,compactness,16.2261,nearest-frame tracking context,medium
8cfdb681-32cf-4ebf-81f1-5c0839ec82d5,recovery,FCK,G. Onugkha,1164.72,at_regain,avg_block_height,23.326,nearest-frame tracking context,medium
8cfdb681-32cf-4ebf-81f1-5c0839ec82d5,recovery,FCK,G. Onugkha,1164.72,at_regain,defensive_line_height,12.8625,partial role-based,partial
8cfdb681-32cf-4ebf-81f1-5c0839ec82d5,loss,FCM,J. Andersson,1168.2,1s_after_loss,team_width,25.75,nearest-frame tracking context,medium
8cfdb681-32cf-4ebf-81f1-5c0839ec82d5,loss,FCM,J. Andersson,1168.2,1s_after_loss,team_depth,39.73,nearest-frame tracking context,medium
8cfdb681-32cf-4ebf-81f1-5c0839ec82d5,loss,FCM,J. Andersson,1168.2,1s_after_loss,compactness,14.5397,nearest-frame tracking context,medium
8cfdb681-32cf-4ebf-81f1-5c0839ec82d5,loss,FCM,J. Andersson,1168.2,1s_after_loss,avg_block_height,-31.207,nearest-frame tracking context,medium
8cfdb681-32cf-4ebf-81f1-5c0839ec82d5,loss,FCM,J. Andersson,1168.2,1s_after_loss,defensive_line_height,-41.8775,partial role-based,partial
8cfdb681-32cf-4ebf-81f1-5c0839ec82d5,loss,FCK,G. Gocholeishvili,1169.2,1s_after_loss,team_width,24.7,nearest-frame tracking context,medium
8cfdb681-32cf-4ebf-81f1-5c0839ec82d5,loss,FCK,G. Gocholeishvili,1169.2,1s_after_loss,team_depth,39.34,nearest-frame tracking context,medium
8cfdb681-32cf-4ebf-81f1-5c0839ec82d5,loss,FCK,G. Gocholeishvili,1169.2,1s_after_loss,compactness,14.8503,nearest-frame tracking context,medium
8cfdb681-32cf-4ebf-81f1-5c0839ec82d5,loss,FCK,G. Gocholeishvili,1169.2,1s_after_loss,avg_block_height,25.492,nearest-frame tracking context,medium
8cfdb681-32cf-4ebf-81f1-5c0839ec82d5,loss,FCK,G. Gocholeishvili,1169.2,1s_after_loss,defensive_line_height,15.97,partial role-based,partial
8cfdb681-32cf-4ebf-81f1-5c0839ec82d5,loss,FCK,,1173.72,1s_after_loss,team_width,29.62,nearest-frame tracking context,medium
8cfdb681-32cf-4ebf-81f1-5c0839ec82d5,loss,FCK,,1173.72,1s_after_loss,team_depth,32.34,nearest-frame tracking context,medium
8cfdb681-32cf-4ebf-81f1-5c0839ec82d5,loss,FCK,,1173.72,1s_after_loss,compactness,14.0414,nearest-frame tracking context,medium
8cfdb681-32cf-4ebf-81f1-5c0839ec82d5,loss,FCK,,1173.72,1s_after_loss,avg_block_height,26.479,nearest-frame tracking context,medium
8cfdb681-32cf-4ebf-81f1-5c0839ec82d5,loss,FCK,,1173.72,1s_after_loss,defensive_line_height,17.8525,partial role-based,partial
8cfdb681-32cf-4ebf-81f1-5c0839ec82d5,recovery,FCK,G. Gocholeishvili,1173.72,at_regain,team_width,28.6,nearest-frame tracking context,medium
8cfdb681-32cf-4ebf-81f1-5c0839ec82d5,recovery,FCK,G. Gocholeishvili,1173.72,at_regain,team_depth,31.68,nearest-frame tracking context,medium
8cfdb681-32cf-4ebf-81f1-5c0839ec82d5,recovery,FCK,G. Gocholeishvili,1173.72,at_regain,compactness,13.8213,nearest-frame tracking context,medium
8cfdb681-32cf-4ebf-81f1-5c0839ec82d5,recovery,FCK,G. Gocholeishvili,1173.72,at_regain,avg_block_height,25.317,nearest-frame tracking context,medium
8cfdb681-32cf-4ebf-81f1-5c0839ec82d5,recovery,FCK,G. Gocholeishvili,1173.72,at_regain,defensive_line_height,16.94,partial role-based,partial
8cfdb681-32cf-4ebf-81f1-5c0839ec82d5,loss,FCK,,1173.72,1s_after_loss,team_width,29.62,nearest-frame tracking context,medium
8cfdb681-32cf-4ebf-81f1-5c0839ec82d5,loss,FCK,,1173.72,1s_after_loss,team_depth,32.34,nearest-frame tracking context,medium
8cfdb681-32cf-4ebf-81f1-5c0839ec82d5,loss,FCK,,1173.72,1s_after_loss,compactness,14.0414,nearest-frame tracking context,medium
8cfdb681-32cf-4ebf-81f1-5c0839ec82d5,loss,FCK,,1173.72,1s_after_loss,avg_block_height,26.479,nearest-frame tracking context,medium
8cfdb681-32cf-4ebf-81f1-5c0839ec82d5,loss,FCK,,1173.72,1s_after_loss,defensive_line_height,17.8525,partial role-based,partial
8cfdb681-32cf-4ebf-81f1-5c0839ec82d5,recovery,FCM,,1175.84,at_regain,team_width,25.98,nearest-frame tracking context,medium
8cfdb681-32cf-4ebf-81f1-5c0839ec82d5,recovery,FCM,,1175.84,at_regain,team_depth,33.67,nearest-frame tracking context,medium
8cfdb681-32cf-4ebf-81f1-5c0839ec82d5,recovery,FCM,,1175.84,at_regain,compactness,12.7396,nearest-frame tracking context,medium
8cfdb681-32cf-4ebf-81f1-5c0839ec82d5,recovery,FCM,,1175.84,at_regain,avg_block_height,-34.376,nearest-frame tracking context,medium
8cfdb681-32cf-4ebf-81f1-5c0839ec82d5,recovery,FCM,,1175.84,at_regain,defensive_line_height,-42.77,partial role-based,partial
8cfdb681-32cf-4ebf-81f1-5c0839ec82d5,loss,FCM,,1180.84,1s_after_loss,team_width,37.22,nearest-frame tracking context,medium
8cfdb681-32cf-4ebf-81f1-5c0839ec82d5,loss,FCM,,1180.84,1s_after_loss,team_depth,36.63,nearest-frame tracking context,medium
8cfdb681-32cf-4ebf-81f1-5c0839ec82d5,loss,FCM,,1180.84,1s_after_loss,compactness,15.5452,nearest-frame tracking context,medium
8cfdb681-32cf-4ebf-81f1-5c0839ec82d5,loss,FCM,,1180.84,1s_after_loss,avg_block_height,-30.547,nearest-frame tracking context,medium
8cfdb681-32cf-4ebf-81f1-5c0839ec82d5,loss,FCM,,1180.84,1s_after_loss,defensive_line_height,-40.3025,partial role-based,partial
8cfdb681-32cf-4ebf-81f1-5c0839ec82d5,recovery,FCM,E. Martinez,1180.84,at_regain,team_width,36.74,nearest-frame tracking context,medium
8cfdb681-32cf-4ebf-81f1-5c0839ec82d5,recovery,FCM,E. Martinez,1180.84,at_regain,team_depth,38.58,nearest-frame tracking context,medium
8cfdb681-32cf-4ebf-81f1-5c0839ec82d5,recovery,FCM,E. Martinez,1180.84,at_regain,compactness,15.4544,nearest-frame tracking context,medium
8cfdb681-32cf-4ebf-81f1-5c0839ec82d5,recovery,FCM,E. Martinez,1180.84,at_regain,avg_block_height,-32.248,nearest-frame tracking context,medium
8cfdb681-32cf-4ebf-81f1-5c0839ec82d5,recovery,FCM,E. Martinez,1180.84,at_regain,defensive_line_height,-42.375,partial role-based,partial
8cfdb681-32cf-4ebf-81f1-5c0839ec82d5,recovery,FCK,Gabriel Pereira,1182.72,at_regain,team_width,33.8,nearest-frame tracking context,medium
8cfdb681-32cf-4ebf-81f1-5c0839ec82d5,recovery,FCK,Gabriel Pereira,1182.72,at_regain,team_depth,39.02,nearest-frame tracking context,medium
8cfdb681-32cf-4ebf-81f1-5c0839ec82d5,recovery,FCK,Gabriel Pereira,1182.72,at_regain,compactness,15.7197,nearest-frame tracking context,medium
8cfdb681-32cf-4ebf-81f1-5c0839ec82d5,recovery,FCK,Gabriel Pereira,1182.72,at_regain,avg_block_height,20.954,nearest-frame tracking context,medium
8cfdb681-32cf-4ebf-81f1-5c0839ec82d5,recovery,FCK,Gabriel Pereira,1182.72,at_regain,defensive_line_height,11.28,partial role-based,partial
8cfdb681-32cf-4ebf-81f1-5c0839ec82d5,loss,FCM,A. Simsir,1186.04,1s_after_loss,team_width,38.46,nearest-frame tracking context,medium
8cfdb681-32cf-4ebf-81f1-5c0839ec82d5,loss,FCM,A. Simsir,1186.04,1s_after_loss,team_depth,35.5,nearest-frame tracking context,medium
8cfdb681-32cf-4ebf-81f1-5c0839ec82d5,loss,FCM,A. Simsir,1186.04,1s_after_loss,compactness,15.9694,nearest-frame tracking context,medium
8cfdb681-32cf-4ebf-81f1-5c0839ec82d5,loss,FCM,A. Simsir,1186.04,1s_after_loss,avg_block_height,-11.086,nearest-frame tracking context,medium
8cfdb681-32cf-4ebf-81f1-5c0839ec82d5,loss,FCM,A. Simsir,1186.04,1s_after_loss,defensive_line_height,-23.3025,partial role-based,partial
8cfdb681-32cf-4ebf-81f1-5c0839ec82d5,loss,FCK,,1206.68,1s_after_loss,team_width,31.36,nearest-frame tracking context,medium
8cfdb681-32cf-4ebf-81f1-5c0839ec82d5,loss,FCK,,1206.68,1s_after_loss,team_depth,38.66,nearest-frame tracking context,medium
8cfdb681-32cf-4ebf-81f1-5c0839ec82d5,loss,FCK,,1206.68,1s_after_loss,compactness,14.1056,nearest-frame tracking context,medium
8cfdb681-32cf-4ebf-81f1-5c0839ec82d5,loss,FCK,,1206.68,1s_after_loss,avg_block_height,-3.799,nearest-frame tracking context,medium
8cfdb681-32cf-4ebf-81f1-5c0839ec82d5,loss,FCK,,1206.68,1s_after_loss,defensive_line_height,-14.375,partial role-based,partial
8cfdb681-32cf-4ebf-81f1-5c0839ec82d5,loss,FCK,,1206.68,1s_after_loss,team_width,31.36,nearest-frame tracking context,medium
8cfdb681-32cf-4ebf-81f1-5c0839ec82d5,loss,FCK,,1206.68,1s_after_loss,team_depth,38.66,nearest-frame tracking context,medium
8cfdb681-32cf-4ebf-81f1-5c0839ec82d5,loss,FCK,,1206.68,1s_after_loss,compactness,14.1056,nearest-frame tracking context,medium
8cfdb681-32cf-4ebf-81f1-5c0839ec82d5,loss,FCK,,1206.68,1s_after_loss,avg_block_height,-3.799,nearest-frame tracking context,medium
8cfdb681-32cf-4ebf-81f1-5c0839ec82d5,loss,FCK,,1206.68,1s_after_loss,defensive_line_height,-14.375,partial role-based,partial
8cfdb681-32cf-4ebf-81f1-5c0839ec82d5,recovery,FCK,M. Elyounoussi,1207.48,at_regain,team_width,31.45,nearest-frame tracking context,medium
8cfdb681-32cf-4ebf-81f1-5c0839ec82d5,recovery,FCK,M. Elyounoussi,1207.48,at_regain,team_depth,38.9,nearest-frame tracking context,medium
8cfdb681-32cf-4ebf-81f1-5c0839ec82d5,recovery,FCK,M. Elyounoussi,1207.48,at_regain,compactness,14.0973,nearest-frame tracking context,medium
8cfdb681-32cf-4ebf-81f1-5c0839ec82d5,recovery,FCK,M. Elyounoussi,1207.48,at_regain,avg_block_height,-3.856,nearest-frame tracking context,medium
8cfdb681-32cf-4ebf-81f1-5c0839ec82d5,recovery,FCK,M. Elyounoussi,1207.48,at_regain,defensive_line_height,-14.3825,partial role-based,partial
8cfdb681-32cf-4ebf-81f1-5c0839ec82d5,recovery,FCM,,1208.72,at_regain,team_width,26.66,nearest-frame tracking context,medium
8cfdb681-32cf-4ebf-81f1-5c0839ec82d5,recovery,FCM,,1208.72,at_regain,team_depth,33.72,nearest-frame tracking context,medium
8cfdb681-32cf-4ebf-81f1-5c0839ec82d5,recovery,FCM,,1208.72,at_regain,compactness,11.3984,nearest-frame tracking context,medium
8cfdb681-32cf-4ebf-81f1-5c0839ec82d5,recovery,FCM,,1208.72,at_regain,avg_block_height,-3.14,nearest-frame tracking context,medium
8cfdb681-32cf-4ebf-81f1-5c0839ec82d5,recovery,FCM,,1208.72,at_regain,defensive_line_height,-13.0525,partial role-based,partial
8cfdb681-32cf-4ebf-81f1-5c0839ec82d5,loss,FCM,,1208.72,1s_after_loss,team_width,26.51,nearest-frame tracking context,medium
8cfdb681-32cf-4ebf-81f1-5c0839ec82d5,loss,FCM,,1208.72,1s_after_loss,team_depth,31.63,nearest-frame tracking context,medium
8cfdb681-32cf-4ebf-81f1-5c0839ec82d5,loss,FCM,,1208.72,1s_after_loss,compactness,11.2291,nearest-frame tracking context,medium
8cfdb681-32cf-4ebf-81f1-5c0839ec82d5,loss,FCM,,1208.72,1s_after_loss,avg_block_height,-2.898,nearest-frame tracking context,medium
8cfdb681-32cf-4ebf-81f1-5c0839ec82d5,loss,FCM,,1208.72,1s_after_loss,defensive_line_height,-12.005,partial role-based,partial
8cfdb681-32cf-4ebf-81f1-5c0839ec82d5,loss,FCK,,1249.88,1s_after_loss,team_width,29.81,nearest-frame tracking context,medium
8cfdb681-32cf-4ebf-81f1-5c0839ec82d5,loss,FCK,,1249.88,1s_after_loss,team_depth,31.28,nearest-frame tracking context,medium
8cfdb681-32cf-4ebf-81f1-5c0839ec82d5,loss,FCK,,1249.88,1s_after_loss,compactness,13.3491,nearest-frame tracking context,medium
8cfdb681-32cf-4ebf-81f1-5c0839ec82d5,loss,FCK,,1249.88,1s_after_loss,avg_block_height,11.9,nearest-frame tracking context,medium
8cfdb681-32cf-4ebf-81f1-5c0839ec82d5,loss,FCK,,1249.88,1s_after_loss,defensive_line_height,2.5825,partial role-based,partial
8cfdb681-32cf-4ebf-81f1-5c0839ec82d5,loss,FCM,,1260.52,1s_after_loss,team_width,48.88,nearest-frame tracking context,medium
8cfdb681-32cf-4ebf-81f1-5c0839ec82d5,loss,FCM,,1260.52,1s_after_loss,team_depth,40.17,nearest-frame tracking context,medium
8cfdb681-32cf-4ebf-81f1-5c0839ec82d5,loss,FCM,,1260.52,1s_after_loss,compactness,17.4228,nearest-frame tracking context,medium
8cfdb681-32cf-4ebf-81f1-5c0839ec82d5,loss,FCM,,1260.52,1s_after_loss,avg_block_height,-11.903,nearest-frame tracking context,medium
8cfdb681-32cf-4ebf-81f1-5c0839ec82d5,loss,FCM,,1260.52,1s_after_loss,defensive_line_height,-24.84,partial role-based,partial
8cfdb681-32cf-4ebf-81f1-5c0839ec82d5,loss,FCM,,1260.52,1s_after_loss,team_width,48.88,nearest-frame tracking context,medium
8cfdb681-32cf-4ebf-81f1-5c0839ec82d5,loss,FCM,,1260.52,1s_after_loss,team_depth,40.17,nearest-frame tracking context,medium
8cfdb681-32cf-4ebf-81f1-5c0839ec82d5,loss,FCM,,1260.52,1s_after_loss,compactness,17.4228,nearest-frame tracking context,medium
8cfdb681-32cf-4ebf-81f1-5c0839ec82d5,loss,FCM,,1260.52,1s_after_loss,avg_block_height,-11.903,nearest-frame tracking context,medium
8cfdb681-32cf-4ebf-81f1-5c0839ec82d5,loss,FCM,,1260.52,1s_after_loss,defensive_line_height,-24.84,partial role-based,partial
8cfdb681-32cf-4ebf-81f1-5c0839ec82d5,loss,FCM,,1270.88,1s_after_loss,team_width,52.89,nearest-frame tracking context,medium
8cfdb681-32cf-4ebf-81f1-5c0839ec82d5,loss,FCM,,1270.88,1s_after_loss,team_depth,33.85,nearest-frame tracking context,medium
8cfdb681-32cf-4ebf-81f1-5c0839ec82d5,loss,FCM,,1270.88,1s_after_loss,compactness,17.1024,nearest-frame tracking context,medium
8cfdb681-32cf-4ebf-81f1-5c0839ec82d5,loss,FCM,,1270.88,1s_after_loss,avg_block_height,-15.064,nearest-frame tracking context,medium
8cfdb681-32cf-4ebf-81f1-5c0839ec82d5,loss,FCM,,1270.88,1s_after_loss,defensive_line_height,-23.6275,partial role-based,partial
8cfdb681-32cf-4ebf-81f1-5c0839ec82d5,loss,FCM,E. Martinez,1272.24,1s_after_loss,team_width,51.27,nearest-frame tracking context,medium
8cfdb681-32cf-4ebf-81f1-5c0839ec82d5,loss,FCM,E. Martinez,1272.24,1s_after_loss,team_depth,33.76,nearest-frame tracking context,medium
8cfdb681-32cf-4ebf-81f1-5c0839ec82d5,loss,FCM,E. Martinez,1272.24,1s_after_loss,compactness,17.0513,nearest-frame tracking context,medium
8cfdb681-32cf-4ebf-81f1-5c0839ec82d5,loss,FCM,E. Martinez,1272.24,1s_after_loss,avg_block_height,-14.942,nearest-frame tracking context,medium
8cfdb681-32cf-4ebf-81f1-5c0839ec82d5,loss,FCM,E. Martinez,1272.24,1s_after_loss,defensive_line_height,-23.4575,partial role-based,partial
8cfdb681-32cf-4ebf-81f1-5c0839ec82d5,recovery,FCK,,1273.28,at_regain,team_width,28.8,nearest-frame tracking context,medium
8cfdb681-32cf-4ebf-81f1-5c0839ec82d5,recovery,FCK,,1273.28,at_regain,team_depth,22.45,nearest-frame tracking context,medium
8cfdb681-32cf-4ebf-81f1-5c0839ec82d5,recovery,FCK,,1273.28,at_regain,compactness,12.171,nearest-frame tracking context,medium
8cfdb681-32cf-4ebf-81f1-5c0839ec82d5,recovery,FCK,,1273.28,at_regain,avg_block_height,9.959,nearest-frame tracking context,medium
8cfdb681-32cf-4ebf-81f1-5c0839ec82d5,recovery,FCK,,1273.28,at_regain,defensive_line_height,1.315,partial role-based,partial
8cfdb681-32cf-4ebf-81f1-5c0839ec82d5,loss,FCK,,1285.12,1s_after_loss,team_width,38.15,nearest-frame tracking context,medium
8cfdb681-32cf-4ebf-81f1-5c0839ec82d5,loss,FCK,,1285.12,1s_after_loss,team_depth,33.44,nearest-frame tracking context,medium
8cfdb681-32cf-4ebf-81f1-5c0839ec82d5,loss,FCK,,1285.12,1s_after_loss,compactness,16.7078,nearest-frame tracking context,medium
8cfdb681-32cf-4ebf-81f1-5c0839ec82d5,loss,FCK,,1285.12,1s_after_loss,avg_block_height,31.756,nearest-frame tracking context,medium
8cfdb681-32cf-4ebf-81f1-5c0839ec82d5,loss,FCK,,1285.12,1s_after_loss,defensive_line_height,21.07,partial role-based,partial
8cfdb681-32cf-4ebf-81f1-5c0839ec82d5,loss,FCK,E. Achouri,1286.8,1s_after_loss,team_width,43.11,nearest-frame tracking context,medium
8cfdb681-32cf-4ebf-81f1-5c0839ec82d5,loss,FCK,E. Achouri,1286.8,1s_after_loss,team_depth,34.15,nearest-frame tracking context,medium
8cfdb681-32cf-4ebf-81f1-5c0839ec82d5,loss,FCK,E. Achouri,1286.8,1s_after_loss,compactness,17.3342,nearest-frame tracking context,medium
8cfdb681-32cf-4ebf-81f1-5c0839ec82d5,loss,FCK,E. Achouri,1286.8,1s_after_loss,avg_block_height,32,nearest-frame tracking context,medium
8cfdb681-32cf-4ebf-81f1-5c0839ec82d5,loss,FCK,E. Achouri,1286.8,1s_after_loss,defensive_line_height,22.065,partial role-based,partial
8cfdb681-32cf-4ebf-81f1-5c0839ec82d5,loss,FCK,,1286.8,1s_after_loss,team_width,43.11,nearest-frame tracking context,medium
8cfdb681-32cf-4ebf-81f1-5c0839ec82d5,loss,FCK,,1286.8,1s_after_loss,team_depth,34.15,nearest-frame tracking context,medium
8cfdb681-32cf-4ebf-81f1-5c0839ec82d5,loss,FCK,,1286.8,1s_after_loss,compactness,17.3342,nearest-frame tracking context,medium
8cfdb681-32cf-4ebf-81f1-5c0839ec82d5,loss,FCK,,1286.8,1s_after_loss,avg_block_height,32,nearest-frame tracking context,medium
8cfdb681-32cf-4ebf-81f1-5c0839ec82d5,loss,FCK,,1286.8,1s_after_loss,defensive_line_height,22.065,partial role-based,partial
8cfdb681-32cf-4ebf-81f1-5c0839ec82d5,loss,FCM,,1314.96,1s_after_loss,team_width,49.18,nearest-frame tracking context,medium
8cfdb681-32cf-4ebf-81f1-5c0839ec82d5,loss,FCM,,1314.96,1s_after_loss,team_depth,43.51,nearest-frame tracking context,medium
8cfdb681-32cf-4ebf-81f1-5c0839ec82d5,loss,FCM,,1314.96,1s_after_loss,compactness,18.9302,nearest-frame tracking context,medium
8cfdb681-32cf-4ebf-81f1-5c0839ec82d5,loss,FCM,,1314.96,1s_after_loss,avg_block_height,-13.65,nearest-frame tracking context,medium
8cfdb681-32cf-4ebf-81f1-5c0839ec82d5,loss,FCM,,1314.96,1s_after_loss,defensive_line_height,-28.2725,partial role-based,partial
8cfdb681-32cf-4ebf-81f1-5c0839ec82d5,loss,FCM,,1322.96,1s_after_loss,team_width,58.13,nearest-frame tracking context,medium
8cfdb681-32cf-4ebf-81f1-5c0839ec82d5,loss,FCM,,1322.96,1s_after_loss,team_depth,40.79,nearest-frame tracking context,medium
8cfdb681-32cf-4ebf-81f1-5c0839ec82d5,loss,FCM,,1322.96,1s_after_loss,compactness,19.7909,nearest-frame tracking context,medium
8cfdb681-32cf-4ebf-81f1-5c0839ec82d5,loss,FCM,,1322.96,1s_after_loss,avg_block_height,-15.684,nearest-frame tracking context,medium
8cfdb681-32cf-4ebf-81f1-5c0839ec82d5,loss,FCM,,1322.96,1s_after_loss,defensive_line_height,-31.085,partial role-based,partial
8cfdb681-32cf-4ebf-81f1-5c0839ec82d5,recovery,FCM,O. Diao,1323.32,at_regain,team_width,58.74,nearest-frame tracking context,medium
8cfdb681-32cf-4ebf-81f1-5c0839ec82d5,recovery,FCM,O. Diao,1323.32,at_regain,team_depth,41.67,nearest-frame tracking context,medium
8cfdb681-32cf-4ebf-81f1-5c0839ec82d5,recovery,FCM,O. Diao,1323.32,at_regain,compactness,20.1752,nearest-frame tracking context,medium
8cfdb681-32cf-4ebf-81f1-5c0839ec82d5,recovery,FCM,O. Diao,1323.32,at_regain,avg_block_height,-16.421,nearest-frame tracking context,medium
8cfdb681-32cf-4ebf-81f1-5c0839ec82d5,recovery,FCM,O. Diao,1323.32,at_regain,defensive_line_height,-31.945,partial role-based,partial
8cfdb681-32cf-4ebf-81f1-5c0839ec82d5,recovery,FCK,P. Hatzidiakos,1326.44,at_regain,team_width,31.95,nearest-frame tracking context,medium
8cfdb681-32cf-4ebf-81f1-5c0839ec82d5,recovery,FCK,P. Hatzidiakos,1326.44,at_regain,team_depth,41.5,nearest-frame tracking context,medium
8cfdb681-32cf-4ebf-81f1-5c0839ec82d5,recovery,FCK,P. Hatzidiakos,1326.44,at_regain,compactness,15.6684,nearest-frame tracking context,medium
8cfdb681-32cf-4ebf-81f1-5c0839ec82d5,recovery,FCK,P. Hatzidiakos,1326.44,at_regain,avg_block_height,0.263,nearest-frame tracking context,medium
8cfdb681-32cf-4ebf-81f1-5c0839ec82d5,recovery,FCK,P. Hatzidiakos,1326.44,at_regain,defensive_line_height,-13.87,partial role-based,partial
8cfdb681-32cf-4ebf-81f1-5c0839ec82d5,recovery,FCM,J. Andersson,1336.68,at_regain,team_width,39.67,nearest-frame tracking context,medium
8cfdb681-32cf-4ebf-81f1-5c0839ec82d5,recovery,FCM,J. Andersson,1336.68,at_regain,team_depth,34.26,nearest-frame tracking context,medium
8cfdb681-32cf-4ebf-81f1-5c0839ec82d5,recovery,FCM,J. Andersson,1336.68,at_regain,compactness,15.8491,nearest-frame tracking context,medium
8cfdb681-32cf-4ebf-81f1-5c0839ec82d5,recovery,FCM,J. Andersson,1336.68,at_regain,avg_block_height,20.273,nearest-frame tracking context,medium
8cfdb681-32cf-4ebf-81f1-5c0839ec82d5,recovery,FCM,J. Andersson,1336.68,at_regain,defensive_line_height,9.87,partial role-based,partial
8cfdb681-32cf-4ebf-81f1-5c0839ec82d5,recovery,FCK,,1339.08,at_regain,team_width,28.54,nearest-frame tracking context,medium
8cfdb681-32cf-4ebf-81f1-5c0839ec82d5,recovery,FCK,,1339.08,at_regain,team_depth,41.27,nearest-frame tracking context,medium
8cfdb681-32cf-4ebf-81f1-5c0839ec82d5,recovery,FCK,,1339.08,at_regain,compactness,13.8055,nearest-frame tracking context,medium
8cfdb681-32cf-4ebf-81f1-5c0839ec82d5,recovery,FCK,,1339.08,at_regain,avg_block_height,-31.917,nearest-frame tracking context,medium
8cfdb681-32cf-4ebf-81f1-5c0839ec82d5,recovery,FCK,,1339.08,at_regain,defensive_line_height,-40.92,partial role-based,partial
8cfdb681-32cf-4ebf-81f1-5c0839ec82d5,loss,FCK,M. Elyounoussi,1350.84,1s_after_loss,team_width,30.23,nearest-frame tracking context,medium
8cfdb681-32cf-4ebf-81f1-5c0839ec82d5,loss,FCK,M. Elyounoussi,1350.84,1s_after_loss,team_depth,28.9,nearest-frame tracking context,medium
8cfdb681-32cf-4ebf-81f1-5c0839ec82d5,loss,FCK,M. Elyounoussi,1350.84,1s_after_loss,compactness,12.9459,nearest-frame tracking context,medium
8cfdb681-32cf-4ebf-81f1-5c0839ec82d5,loss,FCK,M. Elyounoussi,1350.84,1s_after_loss,avg_block_height,-2.828,nearest-frame tracking context,medium
8cfdb681-32cf-4ebf-81f1-5c0839ec82d5,loss,FCK,M. Elyounoussi,1350.84,1s_after_loss,defensive_line_height,-10.98,partial role-based,partial
8cfdb681-32cf-4ebf-81f1-5c0839ec82d5,loss,FCK,,1404.04,1s_after_loss,team_width,36.19,nearest-frame tracking context,medium
8cfdb681-32cf-4ebf-81f1-5c0839ec82d5,loss,FCK,,1404.04,1s_after_loss,team_depth,36.6,nearest-frame tracking context,medium
8cfdb681-32cf-4ebf-81f1-5c0839ec82d5,loss,FCK,,1404.04,1s_after_loss,compactness,11.5783,nearest-frame tracking context,medium
8cfdb681-32cf-4ebf-81f1-5c0839ec82d5,loss,FCK,,1404.04,1s_after_loss,avg_block_height,39.747,nearest-frame tracking context,medium
8cfdb681-32cf-4ebf-81f1-5c0839ec82d5,loss,FCK,,1404.04,1s_after_loss,defensive_line_height,35.965,partial role-based,partial
8cfdb681-32cf-4ebf-81f1-5c0839ec82d5,recovery,FCK,M. Mattsson,1404.04,at_regain,team_width,40.16,nearest-frame tracking context,medium
8cfdb681-32cf-4ebf-81f1-5c0839ec82d5,recovery,FCK,M. Mattsson,1404.04,at_regain,team_depth,37.81,nearest-frame tracking context,medium
8cfdb681-32cf-4ebf-81f1-5c0839ec82d5,recovery,FCK,M. Mattsson,1404.04,at_regain,compactness,11.8458,nearest-frame tracking context,medium
8cfdb681-32cf-4ebf-81f1-5c0839ec82d5,recovery,FCK,M. Mattsson,1404.04,at_regain,avg_block_height,39.007,nearest-frame tracking context,medium
8cfdb681-32cf-4ebf-81f1-5c0839ec82d5,recovery,FCK,M. Mattsson,1404.04,at_regain,defensive_line_height,35.2,partial role-based,partial
8cfdb681-32cf-4ebf-81f1-5c0839ec82d5,shot,FCK,M. Elyounoussi,1406.84,1s_before_shot,team_width,33.33,nearest-frame tracking context,medium
8cfdb681-32cf-4ebf-81f1-5c0839ec82d5,shot,FCK,M. Elyounoussi,1406.84,1s_before_shot,team_depth,35.32,nearest-frame tracking context,medium
8cfdb681-32cf-4ebf-81f1-5c0839ec82d5,shot,FCK,M. Elyounoussi,1406.84,1s_before_shot,compactness,11.3922,nearest-frame tracking context,medium
8cfdb681-32cf-4ebf-81f1-5c0839ec82d5,shot,FCK,M. Elyounoussi,1406.84,1s_before_shot,avg_block_height,39.714,nearest-frame tracking context,medium
8cfdb681-32cf-4ebf-81f1-5c0839ec82d5,shot,FCK,M. Elyounoussi,1406.84,1s_before_shot,defensive_line_height,36.3075,partial role-based,partial
8cfdb681-32cf-4ebf-81f1-5c0839ec82d5,loss,FCM,,1408.52,1s_after_loss,team_width,14.47,nearest-frame tracking context,medium
8cfdb681-32cf-4ebf-81f1-5c0839ec82d5,loss,FCM,,1408.52,1s_after_loss,team_depth,19.18,nearest-frame tracking context,medium
8cfdb681-32cf-4ebf-81f1-5c0839ec82d5,loss,FCM,,1408.52,1s_after_loss,compactness,6.9713,nearest-frame tracking context,medium
8cfdb681-32cf-4ebf-81f1-5c0839ec82d5,loss,FCM,,1408.52,1s_after_loss,avg_block_height,-38.95,nearest-frame tracking context,medium
8cfdb681-32cf-4ebf-81f1-5c0839ec82d5,loss,FCM,,1408.52,1s_after_loss,defensive_line_height,-43.295,partial role-based,partial
8cfdb681-32cf-4ebf-81f1-5c0839ec82d5,loss,FCM,,1408.52,1s_after_loss,team_width,14.47,nearest-frame tracking context,medium
8cfdb681-32cf-4ebf-81f1-5c0839ec82d5,loss,FCM,,1408.52,1s_after_loss,team_depth,19.18,nearest-frame tracking context,medium
8cfdb681-32cf-4ebf-81f1-5c0839ec82d5,loss,FCM,,1408.52,1s_after_loss,compactness,6.9713,nearest-frame tracking context,medium
8cfdb681-32cf-4ebf-81f1-5c0839ec82d5,loss,FCM,,1408.52,1s_after_loss,avg_block_height,-38.95,nearest-frame tracking context,medium
8cfdb681-32cf-4ebf-81f1-5c0839ec82d5,loss,FCM,,1408.52,1s_after_loss,defensive_line_height,-43.295,partial role-based,partial
8cfdb681-32cf-4ebf-81f1-5c0839ec82d5,loss,FCM,A. Simsir,1413.28,1s_after_loss,team_width,45.66,nearest-frame tracking context,medium
8cfdb681-32cf-4ebf-81f1-5c0839ec82d5,loss,FCM,A. Simsir,1413.28,1s_after_loss,team_depth,32.33,nearest-frame tracking context,medium
8cfdb681-32cf-4ebf-81f1-5c0839ec82d5,loss,FCM,A. Simsir,1413.28,1s_after_loss,compactness,16.0388,nearest-frame tracking context,medium
8cfdb681-32cf-4ebf-81f1-5c0839ec82d5,loss,FCM,A. Simsir,1413.28,1s_after_loss,avg_block_height,-18.902,nearest-frame tracking context,medium
8cfdb681-32cf-4ebf-81f1-5c0839ec82d5,loss,FCM,A. Simsir,1413.28,1s_after_loss,defensive_line_height,-29.6875,partial role-based,partial
8cfdb681-32cf-4ebf-81f1-5c0839ec82d5,loss,FCK,,1421.44,1s_after_loss,team_width,36.29,nearest-frame tracking context,medium
8cfdb681-32cf-4ebf-81f1-5c0839ec82d5,loss,FCK,,1421.44,1s_after_loss,team_depth,42.84,nearest-frame tracking context,medium
8cfdb681-32cf-4ebf-81f1-5c0839ec82d5,loss,FCK,,1421.44,1s_after_loss,compactness,14.9551,nearest-frame tracking context,medium
8cfdb681-32cf-4ebf-81f1-5c0839ec82d5,loss,FCK,,1421.44,1s_after_loss,avg_block_height,-31.871,nearest-frame tracking context,medium
8cfdb681-32cf-4ebf-81f1-5c0839ec82d5,loss,FCK,,1421.44,1s_after_loss,defensive_line_height,-38.59,partial role-based,partial
8cfdb681-32cf-4ebf-81f1-5c0839ec82d5,recovery,FCK,,1421.44,at_regain,team_width,35.69,nearest-frame tracking context,medium
8cfdb681-32cf-4ebf-81f1-5c0839ec82d5,recovery,FCK,,1421.44,at_regain,team_depth,44.78,nearest-frame tracking context,medium
8cfdb681-32cf-4ebf-81f1-5c0839ec82d5,recovery,FCK,,1421.44,at_regain,compactness,14.5636,nearest-frame tracking context,medium
8cfdb681-32cf-4ebf-81f1-5c0839ec82d5,recovery,FCK,,1421.44,at_regain,avg_block_height,-29.699,nearest-frame tracking context,medium
8cfdb681-32cf-4ebf-81f1-5c0839ec82d5,recovery,FCK,,1421.44,at_regain,defensive_line_height,-35.81,partial role-based,partial
8cfdb681-32cf-4ebf-81f1-5c0839ec82d5,loss,FCK,,1453.64,1s_after_loss,team_width,55.98,nearest-frame tracking context,medium
8cfdb681-32cf-4ebf-81f1-5c0839ec82d5,loss,FCK,,1453.64,1s_after_loss,team_depth,48.54,nearest-frame tracking context,medium
8cfdb681-32cf-4ebf-81f1-5c0839ec82d5,loss,FCK,,1453.64,1s_after_loss,compactness,22.6172,nearest-frame tracking context,medium
8cfdb681-32cf-4ebf-81f1-5c0839ec82d5,loss,FCK,,1453.64,1s_after_loss,avg_block_height,-23.638,nearest-frame tracking context,medium
8cfdb681-32cf-4ebf-81f1-5c0839ec82d5,loss,FCK,,1453.64,1s_after_loss,defensive_line_height,-39.8,partial role-based,partial
8cfdb681-32cf-4ebf-81f1-5c0839ec82d5,loss,FCK,,1462.64,1s_after_loss,team_width,55.08,nearest-frame tracking context,medium
8cfdb681-32cf-4ebf-81f1-5c0839ec82d5,loss,FCK,,1462.64,1s_after_loss,team_depth,37.29,nearest-frame tracking context,medium
8cfdb681-32cf-4ebf-81f1-5c0839ec82d5,loss,FCK,,1462.64,1s_after_loss,compactness,18.4486,nearest-frame tracking context,medium
8cfdb681-32cf-4ebf-81f1-5c0839ec82d5,loss,FCK,,1462.64,1s_after_loss,avg_block_height,-21.287,nearest-frame tracking context,medium
8cfdb681-32cf-4ebf-81f1-5c0839ec82d5,loss,FCK,,1462.64,1s_after_loss,defensive_line_height,-32.235,partial role-based,partial
8cfdb681-32cf-4ebf-81f1-5c0839ec82d5,recovery,FCK,E. Achouri,1463.92,at_regain,team_width,54.53,nearest-frame tracking context,medium
8cfdb681-32cf-4ebf-81f1-5c0839ec82d5,recovery,FCK,E. Achouri,1463.92,at_regain,team_depth,36.76,nearest-frame tracking context,medium
8cfdb681-32cf-4ebf-81f1-5c0839ec82d5,recovery,FCK,E. Achouri,1463.92,at_regain,compactness,18.1732,nearest-frame tracking context,medium
8cfdb681-32cf-4ebf-81f1-5c0839ec82d5,recovery,FCK,E. Achouri,1463.92,at_regain,avg_block_height,-21.149,nearest-frame tracking context,medium
8cfdb681-32cf-4ebf-81f1-5c0839ec82d5,recovery,FCK,E. Achouri,1463.92,at_regain,defensive_line_height,-31.8575,partial role-based,partial
8cfdb681-32cf-4ebf-81f1-5c0839ec82d5,recovery,FCM,,1465.56,at_regain,team_width,35.62,nearest-frame tracking context,medium
8cfdb681-32cf-4ebf-81f1-5c0839ec82d5,recovery,FCM,,1465.56,at_regain,team_depth,32.62,nearest-frame tracking context,medium
8cfdb681-32cf-4ebf-81f1-5c0839ec82d5,recovery,FCM,,1465.56,at_regain,compactness,15.0985,nearest-frame tracking context,medium
8cfdb681-32cf-4ebf-81f1-5c0839ec82d5,recovery,FCM,,1465.56,at_regain,avg_block_height,13.396,nearest-frame tracking context,medium
8cfdb681-32cf-4ebf-81f1-5c0839ec82d5,recovery,FCM,,1465.56,at_regain,defensive_line_height,2.87,partial role-based,partial
8cfdb681-32cf-4ebf-81f1-5c0839ec82d5,loss,FCM,,1465.56,1s_after_loss,team_width,36.16,nearest-frame tracking context,medium
8cfdb681-32cf-4ebf-81f1-5c0839ec82d5,loss,FCM,,1465.56,1s_after_loss,team_depth,33.59,nearest-frame tracking context,medium
8cfdb681-32cf-4ebf-81f1-5c0839ec82d5,loss,FCM,,1465.56,1s_after_loss,compactness,15.2554,nearest-frame tracking context,medium
8cfdb681-32cf-4ebf-81f1-5c0839ec82d5,loss,FCM,,1465.56,1s_after_loss,avg_block_height,12.124,nearest-frame tracking context,medium
8cfdb681-32cf-4ebf-81f1-5c0839ec82d5,loss,FCM,,1465.56,1s_after_loss,defensive_line_height,1.625,partial role-based,partial
8cfdb681-32cf-4ebf-81f1-5c0839ec82d5,recovery,FCM,K. Mbabu,1469.76,at_regain,team_width,37.58,nearest-frame tracking context,medium
8cfdb681-32cf-4ebf-81f1-5c0839ec82d5,recovery,FCM,K. Mbabu,1469.76,at_regain,team_depth,37.94,nearest-frame tracking context,medium
8cfdb681-32cf-4ebf-81f1-5c0839ec82d5,recovery,FCM,K. Mbabu,1469.76,at_regain,compactness,15.9692,nearest-frame tracking context,medium
8cfdb681-32cf-4ebf-81f1-5c0839ec82d5,recovery,FCM,K. Mbabu,1469.76,at_regain,avg_block_height,16.693,nearest-frame tracking context,medium
8cfdb681-32cf-4ebf-81f1-5c0839ec82d5,recovery,FCM,K. Mbabu,1469.76,at_regain,defensive_line_height,7.405,partial role-based,partial
8cfdb681-32cf-4ebf-81f1-5c0839ec82d5,loss,FCK,,1469.76,1s_after_loss,team_width,35.52,nearest-frame tracking context,medium
8cfdb681-32cf-4ebf-81f1-5c0839ec82d5,loss,FCK,,1469.76,1s_after_loss,team_depth,39.2,nearest-frame tracking context,medium
8cfdb681-32cf-4ebf-81f1-5c0839ec82d5,loss,FCK,,1469.76,1s_after_loss,compactness,14.4135,nearest-frame tracking context,medium
8cfdb681-32cf-4ebf-81f1-5c0839ec82d5,loss,FCK,,1469.76,1s_after_loss,avg_block_height,-26.545,nearest-frame tracking context,medium
8cfdb681-32cf-4ebf-81f1-5c0839ec82d5,loss,FCK,,1469.76,1s_after_loss,defensive_line_height,-36.675,partial role-based,partial
8cfdb681-32cf-4ebf-81f1-5c0839ec82d5,recovery,FCM,K. Mbabu,1478.52,at_regain,team_width,43.66,nearest-frame tracking context,medium
8cfdb681-32cf-4ebf-81f1-5c0839ec82d5,recovery,FCM,K. Mbabu,1478.52,at_regain,team_depth,37.48,nearest-frame tracking context,medium
8cfdb681-32cf-4ebf-81f1-5c0839ec82d5,recovery,FCM,K. Mbabu,1478.52,at_regain,compactness,16.2034,nearest-frame tracking context,medium
8cfdb681-32cf-4ebf-81f1-5c0839ec82d5,recovery,FCM,K. Mbabu,1478.52,at_regain,avg_block_height,25.767,nearest-frame tracking context,medium
8cfdb681-32cf-4ebf-81f1-5c0839ec82d5,recovery,FCM,K. Mbabu,1478.52,at_regain,defensive_line_height,17.095,partial role-based,partial
8cfdb681-32cf-4ebf-81f1-5c0839ec82d5,loss,FCM,,1478.52,1s_after_loss,team_width,42.56,nearest-frame tracking context,medium
8cfdb681-32cf-4ebf-81f1-5c0839ec82d5,loss,FCM,,1478.52,1s_after_loss,team_depth,34.87,nearest-frame tracking context,medium
8cfdb681-32cf-4ebf-81f1-5c0839ec82d5,loss,FCM,,1478.52,1s_after_loss,compactness,15.8317,nearest-frame tracking context,medium
8cfdb681-32cf-4ebf-81f1-5c0839ec82d5,loss,FCM,,1478.52,1s_after_loss,avg_block_height,26.34,nearest-frame tracking context,medium
8cfdb681-32cf-4ebf-81f1-5c0839ec82d5,loss,FCM,,1478.52,1s_after_loss,defensive_line_height,18.6975,partial role-based,partial
8cfdb681-32cf-4ebf-81f1-5c0839ec82d5,loss,FCK,,1480.24,1s_after_loss,team_width,35.29,nearest-frame tracking context,medium
8cfdb681-32cf-4ebf-81f1-5c0839ec82d5,loss,FCK,,1480.24,1s_after_loss,team_depth,29.2,nearest-frame tracking context,medium
8cfdb681-32cf-4ebf-81f1-5c0839ec82d5,loss,FCK,,1480.24,1s_after_loss,compactness,12.8091,nearest-frame tracking context,medium
8cfdb681-32cf-4ebf-81f1-5c0839ec82d5,loss,FCK,,1480.24,1s_after_loss,avg_block_height,-35.353,nearest-frame tracking context,medium
8cfdb681-32cf-4ebf-81f1-5c0839ec82d5,loss,FCK,,1480.24,1s_after_loss,defensive_line_height,-42.495,partial role-based,partial
8cfdb681-32cf-4ebf-81f1-5c0839ec82d5,recovery,FCM,M. Bech,1504.28,at_regain,team_width,45.85,nearest-frame tracking context,medium
8cfdb681-32cf-4ebf-81f1-5c0839ec82d5,recovery,FCM,M. Bech,1504.28,at_regain,team_depth,27.06,nearest-frame tracking context,medium
8cfdb681-32cf-4ebf-81f1-5c0839ec82d5,recovery,FCM,M. Bech,1504.28,at_regain,compactness,13.7218,nearest-frame tracking context,medium
8cfdb681-32cf-4ebf-81f1-5c0839ec82d5,recovery,FCM,M. Bech,1504.28,at_regain,avg_block_height,37.892,nearest-frame tracking context,medium
8cfdb681-32cf-4ebf-81f1-5c0839ec82d5,recovery,FCM,M. Bech,1504.28,at_regain,defensive_line_height,40.8025,partial role-based,partial
8cfdb681-32cf-4ebf-81f1-5c0839ec82d5,loss,FCM,,1504.28,1s_after_loss,team_width,41.49,nearest-frame tracking context,medium
8cfdb681-32cf-4ebf-81f1-5c0839ec82d5,loss,FCM,,1504.28,1s_after_loss,team_depth,27.67,nearest-frame tracking context,medium
8cfdb681-32cf-4ebf-81f1-5c0839ec82d5,loss,FCM,,1504.28,1s_after_loss,compactness,13.1556,nearest-frame tracking context,medium
8cfdb681-32cf-4ebf-81f1-5c0839ec82d5,loss,FCM,,1504.28,1s_after_loss,avg_block_height,38.288,nearest-frame tracking context,medium
8cfdb681-32cf-4ebf-81f1-5c0839ec82d5,loss,FCM,,1504.28,1s_after_loss,defensive_line_height,40.2775,partial role-based,partial
8cfdb681-32cf-4ebf-81f1-5c0839ec82d5,recovery,FCM,M. Bech,1510.16,at_regain,team_width,26.51,nearest-frame tracking context,medium
8cfdb681-32cf-4ebf-81f1-5c0839ec82d5,recovery,FCM,M. Bech,1510.16,at_regain,team_depth,26.41,nearest-frame tracking context,medium
8cfdb681-32cf-4ebf-81f1-5c0839ec82d5,recovery,FCM,M. Bech,1510.16,at_regain,compactness,10.9059,nearest-frame tracking context,medium
8cfdb681-32cf-4ebf-81f1-5c0839ec82d5,recovery,FCM,M. Bech,1510.16,at_regain,avg_block_height,34.351,nearest-frame tracking context,medium
8cfdb681-32cf-4ebf-81f1-5c0839ec82d5,recovery,FCM,M. Bech,1510.16,at_regain,defensive_line_height,33.1575,partial role-based,partial
8cfdb681-32cf-4ebf-81f1-5c0839ec82d5,loss,FCM,,1512.92,1s_after_loss,team_width,29.29,nearest-frame tracking context,medium
8cfdb681-32cf-4ebf-81f1-5c0839ec82d5,loss,FCM,,1512.92,1s_after_loss,team_depth,30.85,nearest-frame tracking context,medium
8cfdb681-32cf-4ebf-81f1-5c0839ec82d5,loss,FCM,,1512.92,1s_after_loss,compactness,10.5264,nearest-frame tracking context,medium
8cfdb681-32cf-4ebf-81f1-5c0839ec82d5,loss,FCM,,1512.92,1s_after_loss,avg_block_height,31.137,nearest-frame tracking context,medium
8cfdb681-32cf-4ebf-81f1-5c0839ec82d5,loss,FCM,,1512.92,1s_after_loss,defensive_line_height,29.745,partial role-based,partial
8cfdb681-32cf-4ebf-81f1-5c0839ec82d5,loss,FCK,,1595.16,1s_after_loss,team_width,36.12,nearest-frame tracking context,medium
8cfdb681-32cf-4ebf-81f1-5c0839ec82d5,loss,FCK,,1595.16,1s_after_loss,team_depth,38.05,nearest-frame tracking context,medium
8cfdb681-32cf-4ebf-81f1-5c0839ec82d5,loss,FCK,,1595.16,1s_after_loss,compactness,12.545,nearest-frame tracking context,medium
8cfdb681-32cf-4ebf-81f1-5c0839ec82d5,loss,FCK,,1595.16,1s_after_loss,avg_block_height,42.451,nearest-frame tracking context,medium
8cfdb681-32cf-4ebf-81f1-5c0839ec82d5,loss,FCK,,1595.16,1s_after_loss,defensive_line_height,39.78,partial role-based,partial
8cfdb681-32cf-4ebf-81f1-5c0839ec82d5,recovery,FCK,M. Mattsson,1595.16,at_regain,team_width,39.77,nearest-frame tracking context,medium
8cfdb681-32cf-4ebf-81f1-5c0839ec82d5,recovery,FCK,M. Mattsson,1595.16,at_regain,team_depth,38.82,nearest-frame tracking context,medium
8cfdb681-32cf-4ebf-81f1-5c0839ec82d5,recovery,FCK,M. Mattsson,1595.16,at_regain,compactness,13.4844,nearest-frame tracking context,medium
8cfdb681-32cf-4ebf-81f1-5c0839ec82d5,recovery,FCK,M. Mattsson,1595.16,at_regain,avg_block_height,43.184,nearest-frame tracking context,medium
8cfdb681-32cf-4ebf-81f1-5c0839ec82d5,recovery,FCK,M. Mattsson,1595.16,at_regain,defensive_line_height,40.4225,partial role-based,partial
8cfdb681-32cf-4ebf-81f1-5c0839ec82d5,recovery,FCM,E. Olafsson,1605.28,at_regain,team_width,40.69,nearest-frame tracking context,medium
8cfdb681-32cf-4ebf-81f1-5c0839ec82d5,recovery,FCM,E. Olafsson,1605.28,at_regain,team_depth,36.87,nearest-frame tracking context,medium
8cfdb681-32cf-4ebf-81f1-5c0839ec82d5,recovery,FCM,E. Olafsson,1605.28,at_regain,compactness,14.7541,nearest-frame tracking context,medium
8cfdb681-32cf-4ebf-81f1-5c0839ec82d5,recovery,FCM,E. Olafsson,1605.28,at_regain,avg_block_height,-30.641,nearest-frame tracking context,medium
8cfdb681-32cf-4ebf-81f1-5c0839ec82d5,recovery,FCM,E. Olafsson,1605.28,at_regain,defensive_line_height,-42.3875,partial role-based,partial
8cfdb681-32cf-4ebf-81f1-5c0839ec82d5,loss,FCM,,1611.68,1s_after_loss,team_width,35.19,nearest-frame tracking context,medium
8cfdb681-32cf-4ebf-81f1-5c0839ec82d5,loss,FCM,,1611.68,1s_after_loss,team_depth,43.71,nearest-frame tracking context,medium
8cfdb681-32cf-4ebf-81f1-5c0839ec82d5,loss,FCM,,1611.68,1s_after_loss,compactness,15.8273,nearest-frame tracking context,medium
8cfdb681-32cf-4ebf-81f1-5c0839ec82d5,loss,FCM,,1611.68,1s_after_loss,avg_block_height,1.419,nearest-frame tracking context,medium
8cfdb681-32cf-4ebf-81f1-5c0839ec82d5,loss,FCM,,1611.68,1s_after_loss,defensive_line_height,-12.56,partial role-based,partial
8cfdb681-32cf-4ebf-81f1-5c0839ec82d5,loss,FCK,,1612.36,1s_after_loss,team_width,34.19,nearest-frame tracking context,medium
8cfdb681-32cf-4ebf-81f1-5c0839ec82d5,loss,FCK,,1612.36,1s_after_loss,team_depth,33.64,nearest-frame tracking context,medium
8cfdb681-32cf-4ebf-81f1-5c0839ec82d5,loss,FCK,,1612.36,1s_after_loss,compactness,13.1474,nearest-frame tracking context,medium
8cfdb681-32cf-4ebf-81f1-5c0839ec82d5,loss,FCK,,1612.36,1s_after_loss,avg_block_height,-6.181,nearest-frame tracking context,medium
8cfdb681-32cf-4ebf-81f1-5c0839ec82d5,loss,FCK,,1612.36,1s_after_loss,defensive_line_height,-15.8625,partial role-based,partial
8cfdb681-32cf-4ebf-81f1-5c0839ec82d5,loss,FCM,,1628.64,1s_after_loss,team_width,52.87,nearest-frame tracking context,medium
8cfdb681-32cf-4ebf-81f1-5c0839ec82d5,loss,FCM,,1628.64,1s_after_loss,team_depth,33.58,nearest-frame tracking context,medium
8cfdb681-32cf-4ebf-81f1-5c0839ec82d5,loss,FCM,,1628.64,1s_after_loss,compactness,19.1593,nearest-frame tracking context,medium
8cfdb681-32cf-4ebf-81f1-5c0839ec82d5,loss,FCM,,1628.64,1s_after_loss,avg_block_height,0.168,nearest-frame tracking context,medium
8cfdb681-32cf-4ebf-81f1-5c0839ec82d5,loss,FCM,,1628.64,1s_after_loss,defensive_line_height,-11.235,partial role-based,partial
8cfdb681-32cf-4ebf-81f1-5c0839ec82d5,loss,FCM,,1628.64,1s_after_loss,team_width,52.87,nearest-frame tracking context,medium
8cfdb681-32cf-4ebf-81f1-5c0839ec82d5,loss,FCM,,1628.64,1s_after_loss,team_depth,33.58,nearest-frame tracking context,medium
8cfdb681-32cf-4ebf-81f1-5c0839ec82d5,loss,FCM,,1628.64,1s_after_loss,compactness,19.1593,nearest-frame tracking context,medium
8cfdb681-32cf-4ebf-81f1-5c0839ec82d5,loss,FCM,,1628.64,1s_after_loss,avg_block_height,0.168,nearest-frame tracking context,medium
8cfdb681-32cf-4ebf-81f1-5c0839ec82d5,loss,FCM,,1628.64,1s_after_loss,defensive_line_height,-11.235,partial role-based,partial
8cfdb681-32cf-4ebf-81f1-5c0839ec82d5,recovery,FCM,J. Andersson,1637.56,at_regain,team_width,56.21,nearest-frame tracking context,medium
8cfdb681-32cf-4ebf-81f1-5c0839ec82d5,recovery,FCM,J. Andersson,1637.56,at_regain,team_depth,36.06,nearest-frame tracking context,medium
8cfdb681-32cf-4ebf-81f1-5c0839ec82d5,recovery,FCM,J. Andersson,1637.56,at_regain,compactness,20.0444,nearest-frame tracking context,medium
8cfdb681-32cf-4ebf-81f1-5c0839ec82d5,recovery,FCM,J. Andersson,1637.56,at_regain,avg_block_height,2.475,nearest-frame tracking context,medium
8cfdb681-32cf-4ebf-81f1-5c0839ec82d5,recovery,FCM,J. Andersson,1637.56,at_regain,defensive_line_height,-6.57,partial role-based,partial
8cfdb681-32cf-4ebf-81f1-5c0839ec82d5,loss,FCK,,1638.2,1s_after_loss,team_width,37.25,nearest-frame tracking context,medium
8cfdb681-32cf-4ebf-81f1-5c0839ec82d5,loss,FCK,,1638.2,1s_after_loss,team_depth,20.03,nearest-frame tracking context,medium
8cfdb681-32cf-4ebf-81f1-5c0839ec82d5,loss,FCK,,1638.2,1s_after_loss,compactness,13.9253,nearest-frame tracking context,medium
8cfdb681-32cf-4ebf-81f1-5c0839ec82d5,loss,FCK,,1638.2,1s_after_loss,avg_block_height,-8.382,nearest-frame tracking context,medium
8cfdb681-32cf-4ebf-81f1-5c0839ec82d5,loss,FCK,,1638.2,1s_after_loss,defensive_line_height,-15.175,partial role-based,partial
8cfdb681-32cf-4ebf-81f1-5c0839ec82d5,loss,FCK,,1638.2,1s_after_loss,team_width,37.25,nearest-frame tracking context,medium
8cfdb681-32cf-4ebf-81f1-5c0839ec82d5,loss,FCK,,1638.2,1s_after_loss,team_depth,20.03,nearest-frame tracking context,medium
8cfdb681-32cf-4ebf-81f1-5c0839ec82d5,loss,FCK,,1638.2,1s_after_loss,compactness,13.9253,nearest-frame tracking context,medium
8cfdb681-32cf-4ebf-81f1-5c0839ec82d5,loss,FCK,,1638.2,1s_after_loss,avg_block_height,-8.382,nearest-frame tracking context,medium
8cfdb681-32cf-4ebf-81f1-5c0839ec82d5,loss,FCK,,1638.2,1s_after_loss,defensive_line_height,-15.175,partial role-based,partial
8cfdb681-32cf-4ebf-81f1-5c0839ec82d5,loss,FCK,K. Diks,1654.44,1s_after_loss,team_width,28.78,nearest-frame tracking context,medium
8cfdb681-32cf-4ebf-81f1-5c0839ec82d5,loss,FCK,K. Diks,1654.44,1s_after_loss,team_depth,40.35,nearest-frame tracking context,medium
8cfdb681-32cf-4ebf-81f1-5c0839ec82d5,loss,FCK,K. Diks,1654.44,1s_after_loss,compactness,17.6054,nearest-frame tracking context,medium
8cfdb681-32cf-4ebf-81f1-5c0839ec82d5,loss,FCK,K. Diks,1654.44,1s_after_loss,avg_block_height,25.129,nearest-frame tracking context,medium
8cfdb681-32cf-4ebf-81f1-5c0839ec82d5,loss,FCK,K. Diks,1654.44,1s_after_loss,defensive_line_height,17.0525,partial role-based,partial
8cfdb681-32cf-4ebf-81f1-5c0839ec82d5,loss,FCM,,1656.96,1s_after_loss,team_width,34.34,nearest-frame tracking context,medium
8cfdb681-32cf-4ebf-81f1-5c0839ec82d5,loss,FCM,,1656.96,1s_after_loss,team_depth,44.37,nearest-frame tracking context,medium
8cfdb681-32cf-4ebf-81f1-5c0839ec82d5,loss,FCM,,1656.96,1s_after_loss,compactness,18.2679,nearest-frame tracking context,medium
8cfdb681-32cf-4ebf-81f1-5c0839ec82d5,loss,FCM,,1656.96,1s_after_loss,avg_block_height,-34.968,nearest-frame tracking context,medium
8cfdb681-32cf-4ebf-81f1-5c0839ec82d5,loss,FCM,,1656.96,1s_after_loss,defensive_line_height,-49.125,partial role-based,partial
8cfdb681-32cf-4ebf-81f1-5c0839ec82d5,loss,FCM,,1681.36,1s_after_loss,team_width,52.74,nearest-frame tracking context,medium
8cfdb681-32cf-4ebf-81f1-5c0839ec82d5,loss,FCM,,1681.36,1s_after_loss,team_depth,32.04,nearest-frame tracking context,medium
8cfdb681-32cf-4ebf-81f1-5c0839ec82d5,loss,FCM,,1681.36,1s_after_loss,compactness,18.3862,nearest-frame tracking context,medium
8cfdb681-32cf-4ebf-81f1-5c0839ec82d5,loss,FCM,,1681.36,1s_after_loss,avg_block_height,12.296,nearest-frame tracking context,medium
8cfdb681-32cf-4ebf-81f1-5c0839ec82d5,loss,FCM,,1681.36,1s_after_loss,defensive_line_height,3.255,partial role-based,partial
8cfdb681-32cf-4ebf-81f1-5c0839ec82d5,loss,FCM,Franculino Dju,1684.56,1s_after_loss,team_width,43.82,nearest-frame tracking context,medium
8cfdb681-32cf-4ebf-81f1-5c0839ec82d5,loss,FCM,Franculino Dju,1684.56,1s_after_loss,team_depth,39.88,nearest-frame tracking context,medium
8cfdb681-32cf-4ebf-81f1-5c0839ec82d5,loss,FCM,Franculino Dju,1684.56,1s_after_loss,compactness,17.431,nearest-frame tracking context,medium
8cfdb681-32cf-4ebf-81f1-5c0839ec82d5,loss,FCM,Franculino Dju,1684.56,1s_after_loss,avg_block_height,20.817,nearest-frame tracking context,medium
8cfdb681-32cf-4ebf-81f1-5c0839ec82d5,loss,FCM,Franculino Dju,1684.56,1s_after_loss,defensive_line_height,10.035,partial role-based,partial
8cfdb681-32cf-4ebf-81f1-5c0839ec82d5,recovery,FCK,,1686.12,at_regain,team_width,26.25,nearest-frame tracking context,medium
8cfdb681-32cf-4ebf-81f1-5c0839ec82d5,recovery,FCK,,1686.12,at_regain,team_depth,26.42,nearest-frame tracking context,medium
8cfdb681-32cf-4ebf-81f1-5c0839ec82d5,recovery,FCK,,1686.12,at_regain,compactness,12.237,nearest-frame tracking context,medium
8cfdb681-32cf-4ebf-81f1-5c0839ec82d5,recovery,FCK,,1686.12,at_regain,avg_block_height,-29.085,nearest-frame tracking context,medium
8cfdb681-32cf-4ebf-81f1-5c0839ec82d5,recovery,FCK,,1686.12,at_regain,defensive_line_height,-37.4575,partial role-based,partial
8cfdb681-32cf-4ebf-81f1-5c0839ec82d5,loss,FCK,,1686.12,1s_after_loss,team_width,25.36,nearest-frame tracking context,medium
8cfdb681-32cf-4ebf-81f1-5c0839ec82d5,loss,FCK,,1686.12,1s_after_loss,team_depth,28.07,nearest-frame tracking context,medium
8cfdb681-32cf-4ebf-81f1-5c0839ec82d5,loss,FCK,,1686.12,1s_after_loss,compactness,11.5027,nearest-frame tracking context,medium
8cfdb681-32cf-4ebf-81f1-5c0839ec82d5,loss,FCK,,1686.12,1s_after_loss,avg_block_height,-30.089,nearest-frame tracking context,medium
8cfdb681-32cf-4ebf-81f1-5c0839ec82d5,loss,FCK,,1686.12,1s_after_loss,defensive_line_height,-38,partial role-based,partial
8cfdb681-32cf-4ebf-81f1-5c0839ec82d5,recovery,FCK,M. Elyounoussi,1697.96,at_regain,team_width,25.2,nearest-frame tracking context,medium
8cfdb681-32cf-4ebf-81f1-5c0839ec82d5,recovery,FCK,M. Elyounoussi,1697.96,at_regain,team_depth,50.83,nearest-frame tracking context,medium
8cfdb681-32cf-4ebf-81f1-5c0839ec82d5,recovery,FCK,M. Elyounoussi,1697.96,at_regain,compactness,19.1492,nearest-frame tracking context,medium
8cfdb681-32cf-4ebf-81f1-5c0839ec82d5,recovery,FCK,M. Elyounoussi,1697.96,at_regain,avg_block_height,14.797,nearest-frame tracking context,medium
8cfdb681-32cf-4ebf-81f1-5c0839ec82d5,recovery,FCK,M. Elyounoussi,1697.96,at_regain,defensive_line_height,-4.4175,partial role-based,partial
8cfdb681-32cf-4ebf-81f1-5c0839ec82d5,loss,FCM,,1699.68,1s_after_loss,team_width,30.78,nearest-frame tracking context,medium
8cfdb681-32cf-4ebf-81f1-5c0839ec82d5,loss,FCM,,1699.68,1s_after_loss,team_depth,52.22,nearest-frame tracking context,medium
8cfdb681-32cf-4ebf-81f1-5c0839ec82d5,loss,FCM,,1699.68,1s_after_loss,compactness,20.8252,nearest-frame tracking context,medium
8cfdb681-32cf-4ebf-81f1-5c0839ec82d5,loss,FCM,,1699.68,1s_after_loss,avg_block_height,-23.441,nearest-frame tracking context,medium
8cfdb681-32cf-4ebf-81f1-5c0839ec82d5,loss,FCM,,1699.68,1s_after_loss,defensive_line_height,-38.7225,partial role-based,partial
8cfdb681-32cf-4ebf-81f1-5c0839ec82d5,loss,FCK,,1705.96,1s_after_loss,team_width,48.64,nearest-frame tracking context,medium
8cfdb681-32cf-4ebf-81f1-5c0839ec82d5,loss,FCK,,1705.96,1s_after_loss,team_depth,52.8,nearest-frame tracking context,medium
8cfdb681-32cf-4ebf-81f1-5c0839ec82d5,loss,FCK,,1705.96,1s_after_loss,compactness,22.6623,nearest-frame tracking context,medium
8cfdb681-32cf-4ebf-81f1-5c0839ec82d5,loss,FCK,,1705.96,1s_after_loss,avg_block_height,18.64,nearest-frame tracking context,medium
8cfdb681-32cf-4ebf-81f1-5c0839ec82d5,loss,FCK,,1705.96,1s_after_loss,defensive_line_height,0.785,partial role-based,partial
8cfdb681-32cf-4ebf-81f1-5c0839ec82d5,loss,FCK,,1721.96,1s_after_loss,team_width,39.75,nearest-frame tracking context,medium
8cfdb681-32cf-4ebf-81f1-5c0839ec82d5,loss,FCK,,1721.96,1s_after_loss,team_depth,36.23,nearest-frame tracking context,medium
8cfdb681-32cf-4ebf-81f1-5c0839ec82d5,loss,FCK,,1721.96,1s_after_loss,compactness,16.2035,nearest-frame tracking context,medium
8cfdb681-32cf-4ebf-81f1-5c0839ec82d5,loss,FCK,,1721.96,1s_after_loss,avg_block_height,22.556,nearest-frame tracking context,medium
8cfdb681-32cf-4ebf-81f1-5c0839ec82d5,loss,FCK,,1721.96,1s_after_loss,defensive_line_height,12.0425,partial role-based,partial
8cfdb681-32cf-4ebf-81f1-5c0839ec82d5,recovery,FCK,E. Achouri,1723.6,at_regain,team_width,37.8,nearest-frame tracking context,medium
8cfdb681-32cf-4ebf-81f1-5c0839ec82d5,recovery,FCK,E. Achouri,1723.6,at_regain,team_depth,35.78,nearest-frame tracking context,medium
8cfdb681-32cf-4ebf-81f1-5c0839ec82d5,recovery,FCK,E. Achouri,1723.6,at_regain,compactness,15.9998,nearest-frame tracking context,medium
8cfdb681-32cf-4ebf-81f1-5c0839ec82d5,recovery,FCK,E. Achouri,1723.6,at_regain,avg_block_height,23.407,nearest-frame tracking context,medium
8cfdb681-32cf-4ebf-81f1-5c0839ec82d5,recovery,FCK,E. Achouri,1723.6,at_regain,defensive_line_height,13.01,partial role-based,partial
8cfdb681-32cf-4ebf-81f1-5c0839ec82d5,recovery,FCK,E. Achouri,1723.6,at_regain,team_width,37.8,nearest-frame tracking context,medium
8cfdb681-32cf-4ebf-81f1-5c0839ec82d5,recovery,FCK,E. Achouri,1723.6,at_regain,team_depth,35.78,nearest-frame tracking context,medium
8cfdb681-32cf-4ebf-81f1-5c0839ec82d5,recovery,FCK,E. Achouri,1723.6,at_regain,compactness,15.9998,nearest-frame tracking context,medium
8cfdb681-32cf-4ebf-81f1-5c0839ec82d5,recovery,FCK,E. Achouri,1723.6,at_regain,avg_block_height,23.407,nearest-frame tracking context,medium
8cfdb681-32cf-4ebf-81f1-5c0839ec82d5,recovery,FCK,E. Achouri,1723.6,at_regain,defensive_line_height,13.01,partial role-based,partial
8cfdb681-32cf-4ebf-81f1-5c0839ec82d5,loss,FCM,,1725.52,1s_after_loss,team_width,27.24,nearest-frame tracking context,medium
8cfdb681-32cf-4ebf-81f1-5c0839ec82d5,loss,FCM,,1725.52,1s_after_loss,team_depth,22.45,nearest-frame tracking context,medium
8cfdb681-32cf-4ebf-81f1-5c0839ec82d5,loss,FCM,,1725.52,1s_after_loss,compactness,11.5765,nearest-frame tracking context,medium
8cfdb681-32cf-4ebf-81f1-5c0839ec82d5,loss,FCM,,1725.52,1s_after_loss,avg_block_height,-32.336,nearest-frame tracking context,medium
8cfdb681-32cf-4ebf-81f1-5c0839ec82d5,loss,FCM,,1725.52,1s_after_loss,defensive_line_height,-39.2175,partial role-based,partial
8cfdb681-32cf-4ebf-81f1-5c0839ec82d5,shot,FCM,,1725.52,1s_before_shot,team_width,29.93,nearest-frame tracking context,medium
8cfdb681-32cf-4ebf-81f1-5c0839ec82d5,shot,FCM,,1725.52,1s_before_shot,team_depth,24.36,nearest-frame tracking context,medium
8cfdb681-32cf-4ebf-81f1-5c0839ec82d5,shot,FCM,,1725.52,1s_before_shot,compactness,12.2124,nearest-frame tracking context,medium
8cfdb681-32cf-4ebf-81f1-5c0839ec82d5,shot,FCM,,1725.52,1s_before_shot,avg_block_height,-33.912,nearest-frame tracking context,medium
8cfdb681-32cf-4ebf-81f1-5c0839ec82d5,shot,FCM,,1725.52,1s_before_shot,defensive_line_height,-41.1525,partial role-based,partial
8cfdb681-32cf-4ebf-81f1-5c0839ec82d5,shot,FCM,Franculino Dju,1739.48,1s_before_shot,team_width,30.58,nearest-frame tracking context,medium
8cfdb681-32cf-4ebf-81f1-5c0839ec82d5,shot,FCM,Franculino Dju,1739.48,1s_before_shot,team_depth,47.1,nearest-frame tracking context,medium
8cfdb681-32cf-4ebf-81f1-5c0839ec82d5,shot,FCM,Franculino Dju,1739.48,1s_before_shot,compactness,19.2346,nearest-frame tracking context,medium
8cfdb681-32cf-4ebf-81f1-5c0839ec82d5,shot,FCM,Franculino Dju,1739.48,1s_before_shot,avg_block_height,10.447,nearest-frame tracking context,medium
8cfdb681-32cf-4ebf-81f1-5c0839ec82d5,shot,FCM,Franculino Dju,1739.48,1s_before_shot,defensive_line_height,-3.2075,partial role-based,partial
8cfdb681-32cf-4ebf-81f1-5c0839ec82d5,shot,FCK,M. Elyounoussi,1788.84,1s_before_shot,team_width,28.96,nearest-frame tracking context,medium
8cfdb681-32cf-4ebf-81f1-5c0839ec82d5,shot,FCK,M. Elyounoussi,1788.84,1s_before_shot,team_depth,43.23,nearest-frame tracking context,medium
8cfdb681-32cf-4ebf-81f1-5c0839ec82d5,shot,FCK,M. Elyounoussi,1788.84,1s_before_shot,compactness,18.5403,nearest-frame tracking context,medium
8cfdb681-32cf-4ebf-81f1-5c0839ec82d5,shot,FCK,M. Elyounoussi,1788.84,1s_before_shot,avg_block_height,16.628,nearest-frame tracking context,medium
8cfdb681-32cf-4ebf-81f1-5c0839ec82d5,shot,FCK,M. Elyounoussi,1788.84,1s_before_shot,defensive_line_height,3.3775,partial role-based,partial
8cfdb681-32cf-4ebf-81f1-5c0839ec82d5,loss,FCM,,1912.6,1s_after_loss,team_width,46.72,nearest-frame tracking context,medium
8cfdb681-32cf-4ebf-81f1-5c0839ec82d5,loss,FCM,,1912.6,1s_after_loss,team_depth,19.47,nearest-frame tracking context,medium
8cfdb681-32cf-4ebf-81f1-5c0839ec82d5,loss,FCM,,1912.6,1s_after_loss,compactness,11.2049,nearest-frame tracking context,medium
8cfdb681-32cf-4ebf-81f1-5c0839ec82d5,loss,FCM,,1912.6,1s_after_loss,avg_block_height,-1.711,nearest-frame tracking context,medium
8cfdb681-32cf-4ebf-81f1-5c0839ec82d5,loss,FCM,,1912.6,1s_after_loss,defensive_line_height,-6.235,partial role-based,partial
8cfdb681-32cf-4ebf-81f1-5c0839ec82d5,recovery,FCM,O. Diao,1914.92,at_regain,team_width,49.3,nearest-frame tracking context,medium
8cfdb681-32cf-4ebf-81f1-5c0839ec82d5,recovery,FCM,O. Diao,1914.92,at_regain,team_depth,26.53,nearest-frame tracking context,medium
8cfdb681-32cf-4ebf-81f1-5c0839ec82d5,recovery,FCM,O. Diao,1914.92,at_regain,compactness,12.0625,nearest-frame tracking context,medium
8cfdb681-32cf-4ebf-81f1-5c0839ec82d5,recovery,FCM,O. Diao,1914.92,at_regain,avg_block_height,1.393,nearest-frame tracking context,medium
8cfdb681-32cf-4ebf-81f1-5c0839ec82d5,recovery,FCM,O. Diao,1914.92,at_regain,defensive_line_height,-4.16,partial role-based,partial
8cfdb681-32cf-4ebf-81f1-5c0839ec82d5,loss,FCM,,1917.6,1s_after_loss,team_width,48.59,nearest-frame tracking context,medium
8cfdb681-32cf-4ebf-81f1-5c0839ec82d5,loss,FCM,,1917.6,1s_after_loss,team_depth,38.42,nearest-frame tracking context,medium
8cfdb681-32cf-4ebf-81f1-5c0839ec82d5,loss,FCM,,1917.6,1s_after_loss,compactness,15.5245,nearest-frame tracking context,medium
8cfdb681-32cf-4ebf-81f1-5c0839ec82d5,loss,FCM,,1917.6,1s_after_loss,avg_block_height,6.96,nearest-frame tracking context,medium
8cfdb681-32cf-4ebf-81f1-5c0839ec82d5,loss,FCM,,1917.6,1s_after_loss,defensive_line_height,-2.8375,partial role-based,partial
8cfdb681-32cf-4ebf-81f1-5c0839ec82d5,recovery,FCK,T. Delaney,1921.24,at_regain,team_width,33.2,nearest-frame tracking context,medium
8cfdb681-32cf-4ebf-81f1-5c0839ec82d5,recovery,FCK,T. Delaney,1921.24,at_regain,team_depth,31.78,nearest-frame tracking context,medium
8cfdb681-32cf-4ebf-81f1-5c0839ec82d5,recovery,FCK,T. Delaney,1921.24,at_regain,compactness,14.3448,nearest-frame tracking context,medium
8cfdb681-32cf-4ebf-81f1-5c0839ec82d5,recovery,FCK,T. Delaney,1921.24,at_regain,avg_block_height,-14.081,nearest-frame tracking context,medium
8cfdb681-32cf-4ebf-81f1-5c0839ec82d5,recovery,FCK,T. Delaney,1921.24,at_regain,defensive_line_height,-24.8625,partial role-based,partial
8cfdb681-32cf-4ebf-81f1-5c0839ec82d5,recovery,FCM,M. Bech,1922.96,at_regain,team_width,32.76,nearest-frame tracking context,medium
8cfdb681-32cf-4ebf-81f1-5c0839ec82d5,recovery,FCM,M. Bech,1922.96,at_regain,team_depth,35.01,nearest-frame tracking context,medium
8cfdb681-32cf-4ebf-81f1-5c0839ec82d5,recovery,FCM,M. Bech,1922.96,at_regain,compactness,14.7777,nearest-frame tracking context,medium
8cfdb681-32cf-4ebf-81f1-5c0839ec82d5,recovery,FCM,M. Bech,1922.96,at_regain,avg_block_height,4.011,nearest-frame tracking context,medium
8cfdb681-32cf-4ebf-81f1-5c0839ec82d5,recovery,FCM,M. Bech,1922.96,at_regain,defensive_line_height,-6.72,partial role-based,partial
8cfdb681-32cf-4ebf-81f1-5c0839ec82d5,recovery,FCK,K. Diks,1926.8,at_regain,team_width,41.09,nearest-frame tracking context,medium
8cfdb681-32cf-4ebf-81f1-5c0839ec82d5,recovery,FCK,K. Diks,1926.8,at_regain,team_depth,36.56,nearest-frame tracking context,medium
8cfdb681-32cf-4ebf-81f1-5c0839ec82d5,recovery,FCK,K. Diks,1926.8,at_regain,compactness,16.4027,nearest-frame tracking context,medium
8cfdb681-32cf-4ebf-81f1-5c0839ec82d5,recovery,FCK,K. Diks,1926.8,at_regain,avg_block_height,-9.498,nearest-frame tracking context,medium
8cfdb681-32cf-4ebf-81f1-5c0839ec82d5,recovery,FCK,K. Diks,1926.8,at_regain,defensive_line_height,-21.0275,partial role-based,partial
8cfdb681-32cf-4ebf-81f1-5c0839ec82d5,recovery,FCM,Oliver Sorensen,1927.88,at_regain,team_width,38.47,nearest-frame tracking context,medium
8cfdb681-32cf-4ebf-81f1-5c0839ec82d5,recovery,FCM,Oliver Sorensen,1927.88,at_regain,team_depth,28.57,nearest-frame tracking context,medium
8cfdb681-32cf-4ebf-81f1-5c0839ec82d5,recovery,FCM,Oliver Sorensen,1927.88,at_regain,compactness,15.056,nearest-frame tracking context,medium
8cfdb681-32cf-4ebf-81f1-5c0839ec82d5,recovery,FCM,Oliver Sorensen,1927.88,at_regain,avg_block_height,5.434,nearest-frame tracking context,medium
8cfdb681-32cf-4ebf-81f1-5c0839ec82d5,recovery,FCM,Oliver Sorensen,1927.88,at_regain,defensive_line_height,-3.55,partial role-based,partial
8cfdb681-32cf-4ebf-81f1-5c0839ec82d5,loss,FCK,L. Lerager,1930,1s_after_loss,team_width,36.27,nearest-frame tracking context,medium
8cfdb681-32cf-4ebf-81f1-5c0839ec82d5,loss,FCK,L. Lerager,1930,1s_after_loss,team_depth,29.21,nearest-frame tracking context,medium
8cfdb681-32cf-4ebf-81f1-5c0839ec82d5,loss,FCK,L. Lerager,1930,1s_after_loss,compactness,13.7996,nearest-frame tracking context,medium
8cfdb681-32cf-4ebf-81f1-5c0839ec82d5,loss,FCK,L. Lerager,1930,1s_after_loss,avg_block_height,-14.057,nearest-frame tracking context,medium
8cfdb681-32cf-4ebf-81f1-5c0839ec82d5,loss,FCK,L. Lerager,1930,1s_after_loss,defensive_line_height,-23.405,partial role-based,partial
8cfdb681-32cf-4ebf-81f1-5c0839ec82d5,shot,FCM,,1931,1s_before_shot,team_width,32.92,nearest-frame tracking context,medium
8cfdb681-32cf-4ebf-81f1-5c0839ec82d5,shot,FCM,,1931,1s_before_shot,team_depth,25.04,nearest-frame tracking context,medium
8cfdb681-32cf-4ebf-81f1-5c0839ec82d5,shot,FCM,,1931,1s_before_shot,compactness,12.9251,nearest-frame tracking context,medium
8cfdb681-32cf-4ebf-81f1-5c0839ec82d5,shot,FCM,,1931,1s_before_shot,avg_block_height,7.753,nearest-frame tracking context,medium
8cfdb681-32cf-4ebf-81f1-5c0839ec82d5,shot,FCM,,1931,1s_before_shot,defensive_line_height,-1.6275,partial role-based,partial
8cfdb681-32cf-4ebf-81f1-5c0839ec82d5,shot,FCM,D. Osorio,1933,1s_before_shot,team_width,30.88,nearest-frame tracking context,medium
8cfdb681-32cf-4ebf-81f1-5c0839ec82d5,shot,FCM,D. Osorio,1933,1s_before_shot,team_depth,29.82,nearest-frame tracking context,medium
8cfdb681-32cf-4ebf-81f1-5c0839ec82d5,shot,FCM,D. Osorio,1933,1s_before_shot,compactness,13.4106,nearest-frame tracking context,medium
8cfdb681-32cf-4ebf-81f1-5c0839ec82d5,shot,FCM,D. Osorio,1933,1s_before_shot,avg_block_height,10.65,nearest-frame tracking context,medium
8cfdb681-32cf-4ebf-81f1-5c0839ec82d5,shot,FCM,D. Osorio,1933,1s_before_shot,defensive_line_height,-0.7925,partial role-based,partial
8cfdb681-32cf-4ebf-81f1-5c0839ec82d5,loss,FCK,,1950.32,1s_after_loss,team_width,55.82,nearest-frame tracking context,medium
8cfdb681-32cf-4ebf-81f1-5c0839ec82d5,loss,FCK,,1950.32,1s_after_loss,team_depth,48.03,nearest-frame tracking context,medium
8cfdb681-32cf-4ebf-81f1-5c0839ec82d5,loss,FCK,,1950.32,1s_after_loss,compactness,22.6015,nearest-frame tracking context,medium
8cfdb681-32cf-4ebf-81f1-5c0839ec82d5,loss,FCK,,1950.32,1s_after_loss,avg_block_height,-22.608,nearest-frame tracking context,medium
8cfdb681-32cf-4ebf-81f1-5c0839ec82d5,loss,FCK,,1950.32,1s_after_loss,defensive_line_height,-37.565,partial role-based,partial
8cfdb681-32cf-4ebf-81f1-5c0839ec82d5,loss,FCK,,1953.32,1s_after_loss,team_width,53.78,nearest-frame tracking context,medium
8cfdb681-32cf-4ebf-81f1-5c0839ec82d5,loss,FCK,,1953.32,1s_after_loss,team_depth,43.17,nearest-frame tracking context,medium
8cfdb681-32cf-4ebf-81f1-5c0839ec82d5,loss,FCK,,1953.32,1s_after_loss,compactness,21.0725,nearest-frame tracking context,medium
8cfdb681-32cf-4ebf-81f1-5c0839ec82d5,loss,FCK,,1953.32,1s_after_loss,avg_block_height,-20.911,nearest-frame tracking context,medium
8cfdb681-32cf-4ebf-81f1-5c0839ec82d5,loss,FCK,,1953.32,1s_after_loss,defensive_line_height,-34.355,partial role-based,partial
8cfdb681-32cf-4ebf-81f1-5c0839ec82d5,recovery,FCK,G. Onugkha,1956.44,at_regain,team_width,46.58,nearest-frame tracking context,medium
8cfdb681-32cf-4ebf-81f1-5c0839ec82d5,recovery,FCK,G. Onugkha,1956.44,at_regain,team_depth,35.55,nearest-frame tracking context,medium
8cfdb681-32cf-4ebf-81f1-5c0839ec82d5,recovery,FCK,G. Onugkha,1956.44,at_regain,compactness,17.5934,nearest-frame tracking context,medium
8cfdb681-32cf-4ebf-81f1-5c0839ec82d5,recovery,FCK,G. Onugkha,1956.44,at_regain,avg_block_height,-14.945,nearest-frame tracking context,medium
8cfdb681-32cf-4ebf-81f1-5c0839ec82d5,recovery,FCK,G. Onugkha,1956.44,at_regain,defensive_line_height,-26.7225,partial role-based,partial
8cfdb681-32cf-4ebf-81f1-5c0839ec82d5,recovery,FCM,,1960.88,at_regain,team_width,24.83,nearest-frame tracking context,medium
8cfdb681-32cf-4ebf-81f1-5c0839ec82d5,recovery,FCM,,1960.88,at_regain,team_depth,27.52,nearest-frame tracking context,medium
8cfdb681-32cf-4ebf-81f1-5c0839ec82d5,recovery,FCM,,1960.88,at_regain,compactness,10.8505,nearest-frame tracking context,medium
8cfdb681-32cf-4ebf-81f1-5c0839ec82d5,recovery,FCM,,1960.88,at_regain,avg_block_height,-1.169,nearest-frame tracking context,medium
8cfdb681-32cf-4ebf-81f1-5c0839ec82d5,recovery,FCM,,1960.88,at_regain,defensive_line_height,-10.6975,partial role-based,partial
8cfdb681-32cf-4ebf-81f1-5c0839ec82d5,recovery,FCM,J. Kuchta,1969.84,at_regain,team_width,47.64,nearest-frame tracking context,medium
8cfdb681-32cf-4ebf-81f1-5c0839ec82d5,recovery,FCM,J. Kuchta,1969.84,at_regain,team_depth,46.65,nearest-frame tracking context,medium
8cfdb681-32cf-4ebf-81f1-5c0839ec82d5,recovery,FCM,J. Kuchta,1969.84,at_regain,compactness,17.933,nearest-frame tracking context,medium
8cfdb681-32cf-4ebf-81f1-5c0839ec82d5,recovery,FCM,J. Kuchta,1969.84,at_regain,avg_block_height,20.29,nearest-frame tracking context,medium
8cfdb681-32cf-4ebf-81f1-5c0839ec82d5,recovery,FCM,J. Kuchta,1969.84,at_regain,defensive_line_height,6.4375,partial role-based,partial
8cfdb681-32cf-4ebf-81f1-5c0839ec82d5,loss,FCM,,1996.84,1s_after_loss,team_width,40.16,nearest-frame tracking context,medium
8cfdb681-32cf-4ebf-81f1-5c0839ec82d5,loss,FCM,,1996.84,1s_after_loss,team_depth,33.53,nearest-frame tracking context,medium
8cfdb681-32cf-4ebf-81f1-5c0839ec82d5,loss,FCM,,1996.84,1s_after_loss,compactness,12.6919,nearest-frame tracking context,medium
8cfdb681-32cf-4ebf-81f1-5c0839ec82d5,loss,FCM,,1996.84,1s_after_loss,avg_block_height,42.068,nearest-frame tracking context,medium
8cfdb681-32cf-4ebf-81f1-5c0839ec82d5,loss,FCM,,1996.84,1s_after_loss,defensive_line_height,41.4825,partial role-based,partial
8cfdb681-32cf-4ebf-81f1-5c0839ec82d5,recovery,FCM,A. Simsir,1996.84,at_regain,team_width,42.29,nearest-frame tracking context,medium
8cfdb681-32cf-4ebf-81f1-5c0839ec82d5,recovery,FCM,A. Simsir,1996.84,at_regain,team_depth,35.82,nearest-frame tracking context,medium
8cfdb681-32cf-4ebf-81f1-5c0839ec82d5,recovery,FCM,A. Simsir,1996.84,at_regain,compactness,13.1348,nearest-frame tracking context,medium
8cfdb681-32cf-4ebf-81f1-5c0839ec82d5,recovery,FCM,A. Simsir,1996.84,at_regain,avg_block_height,42.47,nearest-frame tracking context,medium
8cfdb681-32cf-4ebf-81f1-5c0839ec82d5,recovery,FCM,A. Simsir,1996.84,at_regain,defensive_line_height,41.31,partial role-based,partial
8cfdb681-32cf-4ebf-81f1-5c0839ec82d5,recovery,FCM,Oliver Sorensen,2001.16,at_regain,team_width,32.09,nearest-frame tracking context,medium
8cfdb681-32cf-4ebf-81f1-5c0839ec82d5,recovery,FCM,Oliver Sorensen,2001.16,at_regain,team_depth,31.15,nearest-frame tracking context,medium
8cfdb681-32cf-4ebf-81f1-5c0839ec82d5,recovery,FCM,Oliver Sorensen,2001.16,at_regain,compactness,11.6141,nearest-frame tracking context,medium
8cfdb681-32cf-4ebf-81f1-5c0839ec82d5,recovery,FCM,Oliver Sorensen,2001.16,at_regain,avg_block_height,37.307,nearest-frame tracking context,medium
8cfdb681-32cf-4ebf-81f1-5c0839ec82d5,recovery,FCM,Oliver Sorensen,2001.16,at_regain,defensive_line_height,36.765,partial role-based,partial
8cfdb681-32cf-4ebf-81f1-5c0839ec82d5,loss,FCM,,2004.68,1s_after_loss,team_width,35.52,nearest-frame tracking context,medium
8cfdb681-32cf-4ebf-81f1-5c0839ec82d5,loss,FCM,,2004.68,1s_after_loss,team_depth,22.09,nearest-frame tracking context,medium
8cfdb681-32cf-4ebf-81f1-5c0839ec82d5,loss,FCM,,2004.68,1s_after_loss,compactness,11.6804,nearest-frame tracking context,medium
8cfdb681-32cf-4ebf-81f1-5c0839ec82d5,loss,FCM,,2004.68,1s_after_loss,avg_block_height,28.114,nearest-frame tracking context,medium
8cfdb681-32cf-4ebf-81f1-5c0839ec82d5,loss,FCM,,2004.68,1s_after_loss,defensive_line_height,27.92,partial role-based,partial
8cfdb681-32cf-4ebf-81f1-5c0839ec82d5,recovery,FCM,,2004.68,at_regain,team_width,32.47,nearest-frame tracking context,medium
8cfdb681-32cf-4ebf-81f1-5c0839ec82d5,recovery,FCM,,2004.68,at_regain,team_depth,23.44,nearest-frame tracking context,medium
8cfdb681-32cf-4ebf-81f1-5c0839ec82d5,recovery,FCM,,2004.68,at_regain,compactness,10.8306,nearest-frame tracking context,medium
8cfdb681-32cf-4ebf-81f1-5c0839ec82d5,recovery,FCM,,2004.68,at_regain,avg_block_height,29.11,nearest-frame tracking context,medium
8cfdb681-32cf-4ebf-81f1-5c0839ec82d5,recovery,FCM,,2004.68,at_regain,defensive_line_height,28.665,partial role-based,partial
8cfdb681-32cf-4ebf-81f1-5c0839ec82d5,loss,FCM,,2005.28,1s_after_loss,team_width,35.08,nearest-frame tracking context,medium
8cfdb681-32cf-4ebf-81f1-5c0839ec82d5,loss,FCM,,2005.28,1s_after_loss,team_depth,22.75,nearest-frame tracking context,medium
8cfdb681-32cf-4ebf-81f1-5c0839ec82d5,loss,FCM,,2005.28,1s_after_loss,compactness,12.076,nearest-frame tracking context,medium
8cfdb681-32cf-4ebf-81f1-5c0839ec82d5,loss,FCM,,2005.28,1s_after_loss,avg_block_height,27.929,nearest-frame tracking context,medium
8cfdb681-32cf-4ebf-81f1-5c0839ec82d5,loss,FCM,,2005.28,1s_after_loss,defensive_line_height,27.335,partial role-based,partial
8cfdb681-32cf-4ebf-81f1-5c0839ec82d5,loss,FCM,A. Simsir,2007.44,1s_after_loss,team_width,35.1,nearest-frame tracking context,medium
8cfdb681-32cf-4ebf-81f1-5c0839ec82d5,loss,FCM,A. Simsir,2007.44,1s_after_loss,team_depth,31.48,nearest-frame tracking context,medium
8cfdb681-32cf-4ebf-81f1-5c0839ec82d5,loss,FCM,A. Simsir,2007.44,1s_after_loss,compactness,13.5594,nearest-frame tracking context,medium
8cfdb681-32cf-4ebf-81f1-5c0839ec82d5,loss,FCM,A. Simsir,2007.44,1s_after_loss,avg_block_height,28.857,nearest-frame tracking context,medium
8cfdb681-32cf-4ebf-81f1-5c0839ec82d5,loss,FCM,A. Simsir,2007.44,1s_after_loss,defensive_line_height,26.955,partial role-based,partial
8cfdb681-32cf-4ebf-81f1-5c0839ec82d5,recovery,FCK,N. Trott,2037.08,at_regain,team_width,52.2,nearest-frame tracking context,medium
8cfdb681-32cf-4ebf-81f1-5c0839ec82d5,recovery,FCK,N. Trott,2037.08,at_regain,team_depth,49.07,nearest-frame tracking context,medium
8cfdb681-32cf-4ebf-81f1-5c0839ec82d5,recovery,FCK,N. Trott,2037.08,at_regain,compactness,23.0541,nearest-frame tracking context,medium
8cfdb681-32cf-4ebf-81f1-5c0839ec82d5,recovery,FCK,N. Trott,2037.08,at_regain,avg_block_height,-23.854,nearest-frame tracking context,medium
8cfdb681-32cf-4ebf-81f1-5c0839ec82d5,recovery,FCK,N. Trott,2037.08,at_regain,defensive_line_height,-40.815,partial role-based,partial
8cfdb681-32cf-4ebf-81f1-5c0839ec82d5,loss,FCK,,2037.08,1s_after_loss,team_width,52.04,nearest-frame tracking context,medium
8cfdb681-32cf-4ebf-81f1-5c0839ec82d5,loss,FCK,,2037.08,1s_after_loss,team_depth,48.93,nearest-frame tracking context,medium
8cfdb681-32cf-4ebf-81f1-5c0839ec82d5,loss,FCK,,2037.08,1s_after_loss,compactness,23.179,nearest-frame tracking context,medium
8cfdb681-32cf-4ebf-81f1-5c0839ec82d5,loss,FCK,,2037.08,1s_after_loss,avg_block_height,-23.856,nearest-frame tracking context,medium
8cfdb681-32cf-4ebf-81f1-5c0839ec82d5,loss,FCK,,2037.08,1s_after_loss,defensive_line_height,-40.96,partial role-based,partial
8cfdb681-32cf-4ebf-81f1-5c0839ec82d5,loss,FCK,,2040.08,1s_after_loss,team_width,53.47,nearest-frame tracking context,medium
8cfdb681-32cf-4ebf-81f1-5c0839ec82d5,loss,FCK,,2040.08,1s_after_loss,team_depth,43.71,nearest-frame tracking context,medium
8cfdb681-32cf-4ebf-81f1-5c0839ec82d5,loss,FCK,,2040.08,1s_after_loss,compactness,21.699,nearest-frame tracking context,medium
8cfdb681-32cf-4ebf-81f1-5c0839ec82d5,loss,FCK,,2040.08,1s_after_loss,avg_block_height,-24.23,nearest-frame tracking context,medium
8cfdb681-32cf-4ebf-81f1-5c0839ec82d5,loss,FCK,,2040.08,1s_after_loss,defensive_line_height,-38.8825,partial role-based,partial
8cfdb681-32cf-4ebf-81f1-5c0839ec82d5,shot,FCM,,2043.4,1s_before_shot,team_width,34.4,nearest-frame tracking context,medium
8cfdb681-32cf-4ebf-81f1-5c0839ec82d5,shot,FCM,,2043.4,1s_before_shot,team_depth,38.87,nearest-frame tracking context,medium
8cfdb681-32cf-4ebf-81f1-5c0839ec82d5,shot,FCM,,2043.4,1s_before_shot,compactness,17.303,nearest-frame tracking context,medium
8cfdb681-32cf-4ebf-81f1-5c0839ec82d5,shot,FCM,,2043.4,1s_before_shot,avg_block_height,17.225,nearest-frame tracking context,medium
8cfdb681-32cf-4ebf-81f1-5c0839ec82d5,shot,FCM,,2043.4,1s_before_shot,defensive_line_height,0.8925,partial role-based,partial
8cfdb681-32cf-4ebf-81f1-5c0839ec82d5,loss,FCM,,2056.84,1s_after_loss,team_width,42.61,nearest-frame tracking context,medium
8cfdb681-32cf-4ebf-81f1-5c0839ec82d5,loss,FCM,,2056.84,1s_after_loss,team_depth,33.06,nearest-frame tracking context,medium
8cfdb681-32cf-4ebf-81f1-5c0839ec82d5,loss,FCM,,2056.84,1s_after_loss,compactness,14.4941,nearest-frame tracking context,medium
8cfdb681-32cf-4ebf-81f1-5c0839ec82d5,loss,FCM,,2056.84,1s_after_loss,avg_block_height,33.572,nearest-frame tracking context,medium
8cfdb681-32cf-4ebf-81f1-5c0839ec82d5,loss,FCM,,2056.84,1s_after_loss,defensive_line_height,26.34,partial role-based,partial
8cfdb681-32cf-4ebf-81f1-5c0839ec82d5,shot,FCM,Oliver Sorensen,2058.44,1s_before_shot,team_width,42.45,nearest-frame tracking context,medium
8cfdb681-32cf-4ebf-81f1-5c0839ec82d5,shot,FCM,Oliver Sorensen,2058.44,1s_before_shot,team_depth,33.68,nearest-frame tracking context,medium
8cfdb681-32cf-4ebf-81f1-5c0839ec82d5,shot,FCM,Oliver Sorensen,2058.44,1s_before_shot,compactness,14.6294,nearest-frame tracking context,medium
8cfdb681-32cf-4ebf-81f1-5c0839ec82d5,shot,FCM,Oliver Sorensen,2058.44,1s_before_shot,avg_block_height,33.274,nearest-frame tracking context,medium
8cfdb681-32cf-4ebf-81f1-5c0839ec82d5,shot,FCM,Oliver Sorensen,2058.44,1s_before_shot,defensive_line_height,25.88,partial role-based,partial
8cfdb681-32cf-4ebf-81f1-5c0839ec82d5,loss,FCK,,2073.48,1s_after_loss,team_width,51.73,nearest-frame tracking context,medium
8cfdb681-32cf-4ebf-81f1-5c0839ec82d5,loss,FCK,,2073.48,1s_after_loss,team_depth,43.99,nearest-frame tracking context,medium
8cfdb681-32cf-4ebf-81f1-5c0839ec82d5,loss,FCK,,2073.48,1s_after_loss,compactness,19.2562,nearest-frame tracking context,medium
8cfdb681-32cf-4ebf-81f1-5c0839ec82d5,loss,FCK,,2073.48,1s_after_loss,avg_block_height,-26.934,nearest-frame tracking context,medium
8cfdb681-32cf-4ebf-81f1-5c0839ec82d5,loss,FCK,,2073.48,1s_after_loss,defensive_line_height,-39.335,partial role-based,partial
8cfdb681-32cf-4ebf-81f1-5c0839ec82d5,loss,FCK,,2097.48,1s_after_loss,team_width,54.98,nearest-frame tracking context,medium
8cfdb681-32cf-4ebf-81f1-5c0839ec82d5,loss,FCK,,2097.48,1s_after_loss,team_depth,33.61,nearest-frame tracking context,medium
8cfdb681-32cf-4ebf-81f1-5c0839ec82d5,loss,FCK,,2097.48,1s_after_loss,compactness,18.1037,nearest-frame tracking context,medium
8cfdb681-32cf-4ebf-81f1-5c0839ec82d5,loss,FCK,,2097.48,1s_after_loss,avg_block_height,1.875,nearest-frame tracking context,medium
8cfdb681-32cf-4ebf-81f1-5c0839ec82d5,loss,FCK,,2097.48,1s_after_loss,defensive_line_height,-8.575,partial role-based,partial
8cfdb681-32cf-4ebf-81f1-5c0839ec82d5,recovery,FCK,G. Gocholeishvili,2099.16,at_regain,team_width,54.04,nearest-frame tracking context,medium
8cfdb681-32cf-4ebf-81f1-5c0839ec82d5,recovery,FCK,G. Gocholeishvili,2099.16,at_regain,team_depth,34.99,nearest-frame tracking context,medium
8cfdb681-32cf-4ebf-81f1-5c0839ec82d5,recovery,FCK,G. Gocholeishvili,2099.16,at_regain,compactness,18.1939,nearest-frame tracking context,medium
8cfdb681-32cf-4ebf-81f1-5c0839ec82d5,recovery,FCK,G. Gocholeishvili,2099.16,at_regain,avg_block_height,3.035,nearest-frame tracking context,medium
8cfdb681-32cf-4ebf-81f1-5c0839ec82d5,recovery,FCK,G. Gocholeishvili,2099.16,at_regain,defensive_line_height,-7.4175,partial role-based,partial
8cfdb681-32cf-4ebf-81f1-5c0839ec82d5,recovery,FCM,,2100.56,at_regain,team_width,37.87,nearest-frame tracking context,medium
8cfdb681-32cf-4ebf-81f1-5c0839ec82d5,recovery,FCM,,2100.56,at_regain,team_depth,29.52,nearest-frame tracking context,medium
8cfdb681-32cf-4ebf-81f1-5c0839ec82d5,recovery,FCM,,2100.56,at_regain,compactness,14.9321,nearest-frame tracking context,medium
8cfdb681-32cf-4ebf-81f1-5c0839ec82d5,recovery,FCM,,2100.56,at_regain,avg_block_height,-11.954,nearest-frame tracking context,medium
8cfdb681-32cf-4ebf-81f1-5c0839ec82d5,recovery,FCM,,2100.56,at_regain,defensive_line_height,-22.785,partial role-based,partial
8cfdb681-32cf-4ebf-81f1-5c0839ec82d5,loss,FCM,,2110.56,1s_after_loss,team_width,42.44,nearest-frame tracking context,medium
8cfdb681-32cf-4ebf-81f1-5c0839ec82d5,loss,FCM,,2110.56,1s_after_loss,team_depth,37.29,nearest-frame tracking context,medium
8cfdb681-32cf-4ebf-81f1-5c0839ec82d5,loss,FCM,,2110.56,1s_after_loss,compactness,16.0488,nearest-frame tracking context,medium
8cfdb681-32cf-4ebf-81f1-5c0839ec82d5,loss,FCM,,2110.56,1s_after_loss,avg_block_height,4.133,nearest-frame tracking context,medium
8cfdb681-32cf-4ebf-81f1-5c0839ec82d5,loss,FCM,,2110.56,1s_after_loss,defensive_line_height,-9.3175,partial role-based,partial
8cfdb681-32cf-4ebf-81f1-5c0839ec82d5,recovery,FCK,G. Gocholeishvili,2132.2,at_regain,team_width,29.11,nearest-frame tracking context,medium
8cfdb681-32cf-4ebf-81f1-5c0839ec82d5,recovery,FCK,G. Gocholeishvili,2132.2,at_regain,team_depth,30.94,nearest-frame tracking context,medium
8cfdb681-32cf-4ebf-81f1-5c0839ec82d5,recovery,FCK,G. Gocholeishvili,2132.2,at_regain,compactness,11.9112,nearest-frame tracking context,medium
8cfdb681-32cf-4ebf-81f1-5c0839ec82d5,recovery,FCK,G. Gocholeishvili,2132.2,at_regain,avg_block_height,-2.473,nearest-frame tracking context,medium
8cfdb681-32cf-4ebf-81f1-5c0839ec82d5,recovery,FCK,G. Gocholeishvili,2132.2,at_regain,defensive_line_height,-11.4025,partial role-based,partial
8cfdb681-32cf-4ebf-81f1-5c0839ec82d5,loss,FCK,,2132.2,1s_after_loss,team_width,28.86,nearest-frame tracking context,medium
8cfdb681-32cf-4ebf-81f1-5c0839ec82d5,loss,FCK,,2132.2,1s_after_loss,team_depth,30.03,nearest-frame tracking context,medium
8cfdb681-32cf-4ebf-81f1-5c0839ec82d5,loss,FCK,,2132.2,1s_after_loss,compactness,11.8013,nearest-frame tracking context,medium
8cfdb681-32cf-4ebf-81f1-5c0839ec82d5,loss,FCK,,2132.2,1s_after_loss,avg_block_height,-1.486,nearest-frame tracking context,medium
8cfdb681-32cf-4ebf-81f1-5c0839ec82d5,loss,FCK,,2132.2,1s_after_loss,defensive_line_height,-10.4875,partial role-based,partial
8cfdb681-32cf-4ebf-81f1-5c0839ec82d5,loss,FCK,,2132.2,1s_after_loss,team_width,28.86,nearest-frame tracking context,medium
8cfdb681-32cf-4ebf-81f1-5c0839ec82d5,loss,FCK,,2132.2,1s_after_loss,team_depth,30.03,nearest-frame tracking context,medium
8cfdb681-32cf-4ebf-81f1-5c0839ec82d5,loss,FCK,,2132.2,1s_after_loss,compactness,11.8013,nearest-frame tracking context,medium
8cfdb681-32cf-4ebf-81f1-5c0839ec82d5,loss,FCK,,2132.2,1s_after_loss,avg_block_height,-1.486,nearest-frame tracking context,medium
8cfdb681-32cf-4ebf-81f1-5c0839ec82d5,loss,FCK,,2132.2,1s_after_loss,defensive_line_height,-10.4875,partial role-based,partial
8cfdb681-32cf-4ebf-81f1-5c0839ec82d5,shot,FCM,,2133.92,1s_before_shot,team_width,26.64,nearest-frame tracking context,medium
8cfdb681-32cf-4ebf-81f1-5c0839ec82d5,shot,FCM,,2133.92,1s_before_shot,team_depth,29.91,nearest-frame tracking context,medium
8cfdb681-32cf-4ebf-81f1-5c0839ec82d5,shot,FCM,,2133.92,1s_before_shot,compactness,9.9451,nearest-frame tracking context,medium
8cfdb681-32cf-4ebf-81f1-5c0839ec82d5,shot,FCM,,2133.92,1s_before_shot,avg_block_height,-4.16,nearest-frame tracking context,medium
8cfdb681-32cf-4ebf-81f1-5c0839ec82d5,shot,FCM,,2133.92,1s_before_shot,defensive_line_height,-12.7975,partial role-based,partial
8cfdb681-32cf-4ebf-81f1-5c0839ec82d5,recovery,FCM,K. Mbabu,2148.72,at_regain,team_width,41.67,nearest-frame tracking context,medium
8cfdb681-32cf-4ebf-81f1-5c0839ec82d5,recovery,FCM,K. Mbabu,2148.72,at_regain,team_depth,40.01,nearest-frame tracking context,medium
8cfdb681-32cf-4ebf-81f1-5c0839ec82d5,recovery,FCM,K. Mbabu,2148.72,at_regain,compactness,17.2676,nearest-frame tracking context,medium
8cfdb681-32cf-4ebf-81f1-5c0839ec82d5,recovery,FCM,K. Mbabu,2148.72,at_regain,avg_block_height,23.871,nearest-frame tracking context,medium
8cfdb681-32cf-4ebf-81f1-5c0839ec82d5,recovery,FCM,K. Mbabu,2148.72,at_regain,defensive_line_height,12.9325,partial role-based,partial
8cfdb681-32cf-4ebf-81f1-5c0839ec82d5,loss,FCM,,2184.16,1s_after_loss,team_width,57.81,nearest-frame tracking context,medium
8cfdb681-32cf-4ebf-81f1-5c0839ec82d5,loss,FCM,,2184.16,1s_after_loss,team_depth,30.37,nearest-frame tracking context,medium
8cfdb681-32cf-4ebf-81f1-5c0839ec82d5,loss,FCM,,2184.16,1s_after_loss,compactness,16.5887,nearest-frame tracking context,medium
8cfdb681-32cf-4ebf-81f1-5c0839ec82d5,loss,FCM,,2184.16,1s_after_loss,avg_block_height,9.388,nearest-frame tracking context,medium
8cfdb681-32cf-4ebf-81f1-5c0839ec82d5,loss,FCM,,2184.16,1s_after_loss,defensive_line_height,0.3175,partial role-based,partial
8cfdb681-32cf-4ebf-81f1-5c0839ec82d5,recovery,FCM,Oliver Sorensen,2189.96,at_regain,team_width,49.81,nearest-frame tracking context,medium
8cfdb681-32cf-4ebf-81f1-5c0839ec82d5,recovery,FCM,Oliver Sorensen,2189.96,at_regain,team_depth,36.92,nearest-frame tracking context,medium
8cfdb681-32cf-4ebf-81f1-5c0839ec82d5,recovery,FCM,Oliver Sorensen,2189.96,at_regain,compactness,18.1385,nearest-frame tracking context,medium
8cfdb681-32cf-4ebf-81f1-5c0839ec82d5,recovery,FCM,Oliver Sorensen,2189.96,at_regain,avg_block_height,19.709,nearest-frame tracking context,medium
8cfdb681-32cf-4ebf-81f1-5c0839ec82d5,recovery,FCM,Oliver Sorensen,2189.96,at_regain,defensive_line_height,8.3325,partial role-based,partial
8cfdb681-32cf-4ebf-81f1-5c0839ec82d5,loss,FCK,,2191.04,1s_after_loss,team_width,21.87,nearest-frame tracking context,medium
8cfdb681-32cf-4ebf-81f1-5c0839ec82d5,loss,FCK,,2191.04,1s_after_loss,team_depth,39.93,nearest-frame tracking context,medium
8cfdb681-32cf-4ebf-81f1-5c0839ec82d5,loss,FCK,,2191.04,1s_after_loss,compactness,11.1936,nearest-frame tracking context,medium
8cfdb681-32cf-4ebf-81f1-5c0839ec82d5,loss,FCK,,2191.04,1s_after_loss,avg_block_height,-31.185,nearest-frame tracking context,medium
8cfdb681-32cf-4ebf-81f1-5c0839ec82d5,loss,FCK,,2191.04,1s_after_loss,defensive_line_height,-40.66,partial role-based,partial
8cfdb681-32cf-4ebf-81f1-5c0839ec82d5,loss,FCM,,2191.16,1s_after_loss,team_width,41.66,nearest-frame tracking context,medium
8cfdb681-32cf-4ebf-81f1-5c0839ec82d5,loss,FCM,,2191.16,1s_after_loss,team_depth,40.99,nearest-frame tracking context,medium
8cfdb681-32cf-4ebf-81f1-5c0839ec82d5,loss,FCM,,2191.16,1s_after_loss,compactness,16.9854,nearest-frame tracking context,medium
8cfdb681-32cf-4ebf-81f1-5c0839ec82d5,loss,FCM,,2191.16,1s_after_loss,avg_block_height,25.372,nearest-frame tracking context,medium
8cfdb681-32cf-4ebf-81f1-5c0839ec82d5,loss,FCM,,2191.16,1s_after_loss,defensive_line_height,13.0225,partial role-based,partial
8cfdb681-32cf-4ebf-81f1-5c0839ec82d5,recovery,FCM,Franculino Dju,2200.08,at_regain,team_width,46.96,nearest-frame tracking context,medium
8cfdb681-32cf-4ebf-81f1-5c0839ec82d5,recovery,FCM,Franculino Dju,2200.08,at_regain,team_depth,28.73,nearest-frame tracking context,medium
8cfdb681-32cf-4ebf-81f1-5c0839ec82d5,recovery,FCM,Franculino Dju,2200.08,at_regain,compactness,14.222,nearest-frame tracking context,medium
8cfdb681-32cf-4ebf-81f1-5c0839ec82d5,recovery,FCM,Franculino Dju,2200.08,at_regain,avg_block_height,26.377,nearest-frame tracking context,medium
8cfdb681-32cf-4ebf-81f1-5c0839ec82d5,recovery,FCM,Franculino Dju,2200.08,at_regain,defensive_line_height,18.04,partial role-based,partial
8cfdb681-32cf-4ebf-81f1-5c0839ec82d5,recovery,FCM,Franculino Dju,2200.08,at_regain,team_width,46.96,nearest-frame tracking context,medium
8cfdb681-32cf-4ebf-81f1-5c0839ec82d5,recovery,FCM,Franculino Dju,2200.08,at_regain,team_depth,28.73,nearest-frame tracking context,medium
8cfdb681-32cf-4ebf-81f1-5c0839ec82d5,recovery,FCM,Franculino Dju,2200.08,at_regain,compactness,14.222,nearest-frame tracking context,medium
8cfdb681-32cf-4ebf-81f1-5c0839ec82d5,recovery,FCM,Franculino Dju,2200.08,at_regain,avg_block_height,26.377,nearest-frame tracking context,medium
8cfdb681-32cf-4ebf-81f1-5c0839ec82d5,recovery,FCM,Franculino Dju,2200.08,at_regain,defensive_line_height,18.04,partial role-based,partial
8cfdb681-32cf-4ebf-81f1-5c0839ec82d5,loss,FCK,,2201,1s_after_loss,team_width,21.2,nearest-frame tracking context,medium
8cfdb681-32cf-4ebf-81f1-5c0839ec82d5,loss,FCK,,2201,1s_after_loss,team_depth,26.27,nearest-frame tracking context,medium
8cfdb681-32cf-4ebf-81f1-5c0839ec82d5,loss,FCK,,2201,1s_after_loss,compactness,9.0115,nearest-frame tracking context,medium
8cfdb681-32cf-4ebf-81f1-5c0839ec82d5,loss,FCK,,2201,1s_after_loss,avg_block_height,-31.477,nearest-frame tracking context,medium
8cfdb681-32cf-4ebf-81f1-5c0839ec82d5,loss,FCK,,2201,1s_after_loss,defensive_line_height,-37.075,partial role-based,partial
8cfdb681-32cf-4ebf-81f1-5c0839ec82d5,shot,FCM,K. Mbabu,2218.72,1s_before_shot,team_width,35.97,nearest-frame tracking context,medium
8cfdb681-32cf-4ebf-81f1-5c0839ec82d5,shot,FCM,K. Mbabu,2218.72,1s_before_shot,team_depth,31.22,nearest-frame tracking context,medium
8cfdb681-32cf-4ebf-81f1-5c0839ec82d5,shot,FCM,K. Mbabu,2218.72,1s_before_shot,compactness,13.2698,nearest-frame tracking context,medium
8cfdb681-32cf-4ebf-81f1-5c0839ec82d5,shot,FCM,K. Mbabu,2218.72,1s_before_shot,avg_block_height,34.408,nearest-frame tracking context,medium
8cfdb681-32cf-4ebf-81f1-5c0839ec82d5,shot,FCM,K. Mbabu,2218.72,1s_before_shot,defensive_line_height,27.825,partial role-based,partial
8cfdb681-32cf-4ebf-81f1-5c0839ec82d5,loss,FCM,,2292.16,1s_after_loss,team_width,42.64,nearest-frame tracking context,medium
8cfdb681-32cf-4ebf-81f1-5c0839ec82d5,loss,FCM,,2292.16,1s_after_loss,team_depth,31.19,nearest-frame tracking context,medium
8cfdb681-32cf-4ebf-81f1-5c0839ec82d5,loss,FCM,,2292.16,1s_after_loss,compactness,12.17,nearest-frame tracking context,medium
8cfdb681-32cf-4ebf-81f1-5c0839ec82d5,loss,FCM,,2292.16,1s_after_loss,avg_block_height,43.574,nearest-frame tracking context,medium
8cfdb681-32cf-4ebf-81f1-5c0839ec82d5,loss,FCM,,2292.16,1s_after_loss,defensive_line_height,42.3675,partial role-based,partial
8cfdb681-32cf-4ebf-81f1-5c0839ec82d5,recovery,FCM,D. Osorio,2292.16,at_regain,team_width,44.75,nearest-frame tracking context,medium
8cfdb681-32cf-4ebf-81f1-5c0839ec82d5,recovery,FCM,D. Osorio,2292.16,at_regain,team_depth,32.55,nearest-frame tracking context,medium
8cfdb681-32cf-4ebf-81f1-5c0839ec82d5,recovery,FCM,D. Osorio,2292.16,at_regain,compactness,12.3577,nearest-frame tracking context,medium
8cfdb681-32cf-4ebf-81f1-5c0839ec82d5,recovery,FCM,D. Osorio,2292.16,at_regain,avg_block_height,43.337,nearest-frame tracking context,medium
8cfdb681-32cf-4ebf-81f1-5c0839ec82d5,recovery,FCM,D. Osorio,2292.16,at_regain,defensive_line_height,42.26,partial role-based,partial
8cfdb681-32cf-4ebf-81f1-5c0839ec82d5,loss,FCK,,2293.76,1s_after_loss,team_width,15.69,nearest-frame tracking context,medium
8cfdb681-32cf-4ebf-81f1-5c0839ec82d5,loss,FCK,,2293.76,1s_after_loss,team_depth,10.52,nearest-frame tracking context,medium
8cfdb681-32cf-4ebf-81f1-5c0839ec82d5,loss,FCK,,2293.76,1s_after_loss,compactness,5.4391,nearest-frame tracking context,medium
8cfdb681-32cf-4ebf-81f1-5c0839ec82d5,loss,FCK,,2293.76,1s_after_loss,avg_block_height,-49.594,nearest-frame tracking context,medium
8cfdb681-32cf-4ebf-81f1-5c0839ec82d5,loss,FCK,,2293.76,1s_after_loss,defensive_line_height,-50.725,partial role-based,partial
8cfdb681-32cf-4ebf-81f1-5c0839ec82d5,recovery,FCM,A. Simsir,2319.36,at_regain,team_width,43.05,nearest-frame tracking context,medium
8cfdb681-32cf-4ebf-81f1-5c0839ec82d5,recovery,FCM,A. Simsir,2319.36,at_regain,team_depth,35.03,nearest-frame tracking context,medium
8cfdb681-32cf-4ebf-81f1-5c0839ec82d5,recovery,FCM,A. Simsir,2319.36,at_regain,compactness,13.0526,nearest-frame tracking context,medium
8cfdb681-32cf-4ebf-81f1-5c0839ec82d5,recovery,FCM,A. Simsir,2319.36,at_regain,avg_block_height,43.655,nearest-frame tracking context,medium
8cfdb681-32cf-4ebf-81f1-5c0839ec82d5,recovery,FCM,A. Simsir,2319.36,at_regain,defensive_line_height,43.3175,partial role-based,partial
8cfdb681-32cf-4ebf-81f1-5c0839ec82d5,recovery,FCM,A. Simsir,2337.04,at_regain,team_width,44.11,nearest-frame tracking context,medium
8cfdb681-32cf-4ebf-81f1-5c0839ec82d5,recovery,FCM,A. Simsir,2337.04,at_regain,team_depth,28.13,nearest-frame tracking context,medium
8cfdb681-32cf-4ebf-81f1-5c0839ec82d5,recovery,FCM,A. Simsir,2337.04,at_regain,compactness,12.0658,nearest-frame tracking context,medium
8cfdb681-32cf-4ebf-81f1-5c0839ec82d5,recovery,FCM,A. Simsir,2337.04,at_regain,avg_block_height,44.397,nearest-frame tracking context,medium
8cfdb681-32cf-4ebf-81f1-5c0839ec82d5,recovery,FCM,A. Simsir,2337.04,at_regain,defensive_line_height,44.6875,partial role-based,partial
8cfdb681-32cf-4ebf-81f1-5c0839ec82d5,recovery,FCM,A. Simsir,2357.44,at_regain,team_width,42.14,nearest-frame tracking context,medium
8cfdb681-32cf-4ebf-81f1-5c0839ec82d5,recovery,FCM,A. Simsir,2357.44,at_regain,team_depth,32.96,nearest-frame tracking context,medium
8cfdb681-32cf-4ebf-81f1-5c0839ec82d5,recovery,FCM,A. Simsir,2357.44,at_regain,compactness,12.885,nearest-frame tracking context,medium
8cfdb681-32cf-4ebf-81f1-5c0839ec82d5,recovery,FCM,A. Simsir,2357.44,at_regain,avg_block_height,43.997,nearest-frame tracking context,medium
8cfdb681-32cf-4ebf-81f1-5c0839ec82d5,recovery,FCM,A. Simsir,2357.44,at_regain,defensive_line_height,43.66,partial role-based,partial
8cfdb681-32cf-4ebf-81f1-5c0839ec82d5,loss,FCM,,2357.44,1s_after_loss,team_width,40.99,nearest-frame tracking context,medium
8cfdb681-32cf-4ebf-81f1-5c0839ec82d5,loss,FCM,,2357.44,1s_after_loss,team_depth,31.8,nearest-frame tracking context,medium
8cfdb681-32cf-4ebf-81f1-5c0839ec82d5,loss,FCM,,2357.44,1s_after_loss,compactness,12.8659,nearest-frame tracking context,medium
8cfdb681-32cf-4ebf-81f1-5c0839ec82d5,loss,FCM,,2357.44,1s_after_loss,avg_block_height,43.662,nearest-frame tracking context,medium
8cfdb681-32cf-4ebf-81f1-5c0839ec82d5,loss,FCM,,2357.44,1s_after_loss,defensive_line_height,43.2775,partial role-based,partial
8cfdb681-32cf-4ebf-81f1-5c0839ec82d5,loss,FCM,,2361.84,1s_after_loss,team_width,36.24,nearest-frame tracking context,medium
8cfdb681-32cf-4ebf-81f1-5c0839ec82d5,loss,FCM,,2361.84,1s_after_loss,team_depth,19.42,nearest-frame tracking context,medium
8cfdb681-32cf-4ebf-81f1-5c0839ec82d5,loss,FCM,,2361.84,1s_after_loss,compactness,10.9299,nearest-frame tracking context,medium
8cfdb681-32cf-4ebf-81f1-5c0839ec82d5,loss,FCM,,2361.84,1s_after_loss,avg_block_height,32.225,nearest-frame tracking context,medium
8cfdb681-32cf-4ebf-81f1-5c0839ec82d5,loss,FCM,,2361.84,1s_after_loss,defensive_line_height,33.2375,partial role-based,partial
8cfdb681-32cf-4ebf-81f1-5c0839ec82d5,recovery,FCM,J. Andersson,2361.88,at_regain,team_width,38.11,nearest-frame tracking context,medium
8cfdb681-32cf-4ebf-81f1-5c0839ec82d5,recovery,FCM,J. Andersson,2361.88,at_regain,team_depth,24.68,nearest-frame tracking context,medium
8cfdb681-32cf-4ebf-81f1-5c0839ec82d5,recovery,FCM,J. Andersson,2361.88,at_regain,compactness,11.6583,nearest-frame tracking context,medium
8cfdb681-32cf-4ebf-81f1-5c0839ec82d5,recovery,FCM,J. Andersson,2361.88,at_regain,avg_block_height,34.918,nearest-frame tracking context,medium
8cfdb681-32cf-4ebf-81f1-5c0839ec82d5,recovery,FCM,J. Andersson,2361.88,at_regain,defensive_line_height,35.965,partial role-based,partial
8cfdb681-32cf-4ebf-81f1-5c0839ec82d5,shot,FCM,,2365.32,1s_before_shot,team_width,31.93,nearest-frame tracking context,medium
8cfdb681-32cf-4ebf-81f1-5c0839ec82d5,shot,FCM,,2365.32,1s_before_shot,team_depth,23.22,nearest-frame tracking context,medium
8cfdb681-32cf-4ebf-81f1-5c0839ec82d5,shot,FCM,,2365.32,1s_before_shot,compactness,10.8096,nearest-frame tracking context,medium
8cfdb681-32cf-4ebf-81f1-5c0839ec82d5,shot,FCM,,2365.32,1s_before_shot,avg_block_height,29.532,nearest-frame tracking context,medium
8cfdb681-32cf-4ebf-81f1-5c0839ec82d5,shot,FCM,,2365.32,1s_before_shot,defensive_line_height,29.6125,partial role-based,partial
8cfdb681-32cf-4ebf-81f1-5c0839ec82d5,shot,FCM,E. Martinez,2365.36,1s_before_shot,team_width,31.84,nearest-frame tracking context,medium
8cfdb681-32cf-4ebf-81f1-5c0839ec82d5,shot,FCM,E. Martinez,2365.36,1s_before_shot,team_depth,23.38,nearest-frame tracking context,medium
8cfdb681-32cf-4ebf-81f1-5c0839ec82d5,shot,FCM,E. Martinez,2365.36,1s_before_shot,compactness,10.8007,nearest-frame tracking context,medium
8cfdb681-32cf-4ebf-81f1-5c0839ec82d5,shot,FCM,E. Martinez,2365.36,1s_before_shot,avg_block_height,29.474,nearest-frame tracking context,medium
8cfdb681-32cf-4ebf-81f1-5c0839ec82d5,shot,FCM,E. Martinez,2365.36,1s_before_shot,defensive_line_height,29.51,partial role-based,partial
8cfdb681-32cf-4ebf-81f1-5c0839ec82d5,shot,FCK,,2366.36,1s_before_shot,team_width,25.68,nearest-frame tracking context,medium
8cfdb681-32cf-4ebf-81f1-5c0839ec82d5,shot,FCK,,2366.36,1s_before_shot,team_depth,22.89,nearest-frame tracking context,medium
8cfdb681-32cf-4ebf-81f1-5c0839ec82d5,shot,FCK,,2366.36,1s_before_shot,compactness,8.0369,nearest-frame tracking context,medium
8cfdb681-32cf-4ebf-81f1-5c0839ec82d5,shot,FCK,,2366.36,1s_before_shot,avg_block_height,-31.13,nearest-frame tracking context,medium
8cfdb681-32cf-4ebf-81f1-5c0839ec82d5,shot,FCK,,2366.36,1s_before_shot,defensive_line_height,-34.33,partial role-based,partial
8cfdb681-32cf-4ebf-81f1-5c0839ec82d5,loss,FCK,,2382.36,1s_after_loss,team_width,49.07,nearest-frame tracking context,medium
8cfdb681-32cf-4ebf-81f1-5c0839ec82d5,loss,FCK,,2382.36,1s_after_loss,team_depth,34.23,nearest-frame tracking context,medium
8cfdb681-32cf-4ebf-81f1-5c0839ec82d5,loss,FCK,,2382.36,1s_after_loss,compactness,18.4522,nearest-frame tracking context,medium
8cfdb681-32cf-4ebf-81f1-5c0839ec82d5,loss,FCK,,2382.36,1s_after_loss,avg_block_height,-11.008,nearest-frame tracking context,medium
8cfdb681-32cf-4ebf-81f1-5c0839ec82d5,loss,FCK,,2382.36,1s_after_loss,defensive_line_height,-19.3925,partial role-based,partial
8cfdb681-32cf-4ebf-81f1-5c0839ec82d5,shot,FCK,M. Mattsson,2390.76,1s_before_shot,team_width,34.07,nearest-frame tracking context,medium
8cfdb681-32cf-4ebf-81f1-5c0839ec82d5,shot,FCK,M. Mattsson,2390.76,1s_before_shot,team_depth,42.27,nearest-frame tracking context,medium
8cfdb681-32cf-4ebf-81f1-5c0839ec82d5,shot,FCK,M. Mattsson,2390.76,1s_before_shot,compactness,18.5182,nearest-frame tracking context,medium
8cfdb681-32cf-4ebf-81f1-5c0839ec82d5,shot,FCK,M. Mattsson,2390.76,1s_before_shot,avg_block_height,14.293,nearest-frame tracking context,medium
8cfdb681-32cf-4ebf-81f1-5c0839ec82d5,shot,FCK,M. Mattsson,2390.76,1s_before_shot,defensive_line_height,-0.3775,partial role-based,partial
8cfdb681-32cf-4ebf-81f1-5c0839ec82d5,loss,FCM,,2407.2,1s_after_loss,team_width,62.6,nearest-frame tracking context,medium
8cfdb681-32cf-4ebf-81f1-5c0839ec82d5,loss,FCM,,2407.2,1s_after_loss,team_depth,53.88,nearest-frame tracking context,medium
8cfdb681-32cf-4ebf-81f1-5c0839ec82d5,loss,FCM,,2407.2,1s_after_loss,compactness,22.2969,nearest-frame tracking context,medium
8cfdb681-32cf-4ebf-81f1-5c0839ec82d5,loss,FCM,,2407.2,1s_after_loss,avg_block_height,-20.002,nearest-frame tracking context,medium
8cfdb681-32cf-4ebf-81f1-5c0839ec82d5,loss,FCM,,2407.2,1s_after_loss,defensive_line_height,-38.7825,partial role-based,partial
8cfdb681-32cf-4ebf-81f1-5c0839ec82d5,loss,FCM,,2411.2,1s_after_loss,team_width,62.88,nearest-frame tracking context,medium
8cfdb681-32cf-4ebf-81f1-5c0839ec82d5,loss,FCM,,2411.2,1s_after_loss,team_depth,49.05,nearest-frame tracking context,medium
8cfdb681-32cf-4ebf-81f1-5c0839ec82d5,loss,FCM,,2411.2,1s_after_loss,compactness,22.1849,nearest-frame tracking context,medium
8cfdb681-32cf-4ebf-81f1-5c0839ec82d5,loss,FCM,,2411.2,1s_after_loss,avg_block_height,-22.018,nearest-frame tracking context,medium
8cfdb681-32cf-4ebf-81f1-5c0839ec82d5,loss,FCM,,2411.2,1s_after_loss,defensive_line_height,-40.3625,partial role-based,partial
8cfdb681-32cf-4ebf-81f1-5c0839ec82d5,recovery,FCM,O. Diao,2411.76,at_regain,team_width,63.2,nearest-frame tracking context,medium
8cfdb681-32cf-4ebf-81f1-5c0839ec82d5,recovery,FCM,O. Diao,2411.76,at_regain,team_depth,50,nearest-frame tracking context,medium
8cfdb681-32cf-4ebf-81f1-5c0839ec82d5,recovery,FCM,O. Diao,2411.76,at_regain,compactness,22.3513,nearest-frame tracking context,medium
8cfdb681-32cf-4ebf-81f1-5c0839ec82d5,recovery,FCM,O. Diao,2411.76,at_regain,avg_block_height,-21.77,nearest-frame tracking context,medium
8cfdb681-32cf-4ebf-81f1-5c0839ec82d5,recovery,FCM,O. Diao,2411.76,at_regain,defensive_line_height,-40.5175,partial role-based,partial
8cfdb681-32cf-4ebf-81f1-5c0839ec82d5,recovery,FCK,,2414.76,at_regain,team_width,21.94,nearest-frame tracking context,medium
8cfdb681-32cf-4ebf-81f1-5c0839ec82d5,recovery,FCK,,2414.76,at_regain,team_depth,44.01,nearest-frame tracking context,medium
8cfdb681-32cf-4ebf-81f1-5c0839ec82d5,recovery,FCK,,2414.76,at_regain,compactness,16.3413,nearest-frame tracking context,medium
8cfdb681-32cf-4ebf-81f1-5c0839ec82d5,recovery,FCK,,2414.76,at_regain,avg_block_height,12.998,nearest-frame tracking context,medium
8cfdb681-32cf-4ebf-81f1-5c0839ec82d5,recovery,FCK,,2414.76,at_regain,defensive_line_height,-1.6375,partial role-based,partial
8cfdb681-32cf-4ebf-81f1-5c0839ec82d5,loss,FCK,,2414.76,1s_after_loss,team_width,21.92,nearest-frame tracking context,medium
8cfdb681-32cf-4ebf-81f1-5c0839ec82d5,loss,FCK,,2414.76,1s_after_loss,team_depth,42.64,nearest-frame tracking context,medium
8cfdb681-32cf-4ebf-81f1-5c0839ec82d5,loss,FCK,,2414.76,1s_after_loss,compactness,15.0882,nearest-frame tracking context,medium
8cfdb681-32cf-4ebf-81f1-5c0839ec82d5,loss,FCK,,2414.76,1s_after_loss,avg_block_height,10.684,nearest-frame tracking context,medium
8cfdb681-32cf-4ebf-81f1-5c0839ec82d5,loss,FCK,,2414.76,1s_after_loss,defensive_line_height,-2.2625,partial role-based,partial
8cfdb681-32cf-4ebf-81f1-5c0839ec82d5,recovery,FCK,E. Achouri,2418.04,at_regain,team_width,27.62,nearest-frame tracking context,medium
8cfdb681-32cf-4ebf-81f1-5c0839ec82d5,recovery,FCK,E. Achouri,2418.04,at_regain,team_depth,34.13,nearest-frame tracking context,medium
8cfdb681-32cf-4ebf-81f1-5c0839ec82d5,recovery,FCK,E. Achouri,2418.04,at_regain,compactness,13.6325,nearest-frame tracking context,medium
8cfdb681-32cf-4ebf-81f1-5c0839ec82d5,recovery,FCK,E. Achouri,2418.04,at_regain,avg_block_height,8.987,nearest-frame tracking context,medium
8cfdb681-32cf-4ebf-81f1-5c0839ec82d5,recovery,FCK,E. Achouri,2418.04,at_regain,defensive_line_height,-1.93,partial role-based,partial
8cfdb681-32cf-4ebf-81f1-5c0839ec82d5,loss,FCM,,2419.08,1s_after_loss,team_width,34.19,nearest-frame tracking context,medium
8cfdb681-32cf-4ebf-81f1-5c0839ec82d5,loss,FCM,,2419.08,1s_after_loss,team_depth,28.07,nearest-frame tracking context,medium
8cfdb681-32cf-4ebf-81f1-5c0839ec82d5,loss,FCM,,2419.08,1s_after_loss,compactness,12.4398,nearest-frame tracking context,medium
8cfdb681-32cf-4ebf-81f1-5c0839ec82d5,loss,FCM,,2419.08,1s_after_loss,avg_block_height,-13.807,nearest-frame tracking context,medium
8cfdb681-32cf-4ebf-81f1-5c0839ec82d5,loss,FCM,,2419.08,1s_after_loss,defensive_line_height,-23.0575,partial role-based,partial
8cfdb681-32cf-4ebf-81f1-5c0839ec82d5,loss,FCK,,2444.28,1s_after_loss,team_width,52.61,nearest-frame tracking context,medium
8cfdb681-32cf-4ebf-81f1-5c0839ec82d5,loss,FCK,,2444.28,1s_after_loss,team_depth,27.48,nearest-frame tracking context,medium
8cfdb681-32cf-4ebf-81f1-5c0839ec82d5,loss,FCK,,2444.28,1s_after_loss,compactness,16.4995,nearest-frame tracking context,medium
8cfdb681-32cf-4ebf-81f1-5c0839ec82d5,loss,FCK,,2444.28,1s_after_loss,avg_block_height,6.448,nearest-frame tracking context,medium
8cfdb681-32cf-4ebf-81f1-5c0839ec82d5,loss,FCK,,2444.28,1s_after_loss,defensive_line_height,-3.96,partial role-based,partial
8cfdb681-32cf-4ebf-81f1-5c0839ec82d5,loss,FCK,,2444.28,1s_after_loss,team_width,52.61,nearest-frame tracking context,medium
8cfdb681-32cf-4ebf-81f1-5c0839ec82d5,loss,FCK,,2444.28,1s_after_loss,team_depth,27.48,nearest-frame tracking context,medium
8cfdb681-32cf-4ebf-81f1-5c0839ec82d5,loss,FCK,,2444.28,1s_after_loss,compactness,16.4995,nearest-frame tracking context,medium
8cfdb681-32cf-4ebf-81f1-5c0839ec82d5,loss,FCK,,2444.28,1s_after_loss,avg_block_height,6.448,nearest-frame tracking context,medium
8cfdb681-32cf-4ebf-81f1-5c0839ec82d5,loss,FCK,,2444.28,1s_after_loss,defensive_line_height,-3.96,partial role-based,partial
8cfdb681-32cf-4ebf-81f1-5c0839ec82d5,loss,FCK,,2451.2,1s_after_loss,team_width,58.02,nearest-frame tracking context,medium
8cfdb681-32cf-4ebf-81f1-5c0839ec82d5,loss,FCK,,2451.2,1s_after_loss,team_depth,30.86,nearest-frame tracking context,medium
8cfdb681-32cf-4ebf-81f1-5c0839ec82d5,loss,FCK,,2451.2,1s_after_loss,compactness,18.0609,nearest-frame tracking context,medium
8cfdb681-32cf-4ebf-81f1-5c0839ec82d5,loss,FCK,,2451.2,1s_after_loss,avg_block_height,-3.605,nearest-frame tracking context,medium
8cfdb681-32cf-4ebf-81f1-5c0839ec82d5,loss,FCK,,2451.2,1s_after_loss,defensive_line_height,-12.0675,partial role-based,partial
8cfdb681-32cf-4ebf-81f1-5c0839ec82d5,loss,FCK,M. Elyounoussi,2452.44,1s_after_loss,team_width,55.23,nearest-frame tracking context,medium
8cfdb681-32cf-4ebf-81f1-5c0839ec82d5,loss,FCK,M. Elyounoussi,2452.44,1s_after_loss,team_depth,28.71,nearest-frame tracking context,medium
8cfdb681-32cf-4ebf-81f1-5c0839ec82d5,loss,FCK,M. Elyounoussi,2452.44,1s_after_loss,compactness,17.2324,nearest-frame tracking context,medium
8cfdb681-32cf-4ebf-81f1-5c0839ec82d5,loss,FCK,M. Elyounoussi,2452.44,1s_after_loss,avg_block_height,-3.331,nearest-frame tracking context,medium
8cfdb681-32cf-4ebf-81f1-5c0839ec82d5,loss,FCK,M. Elyounoussi,2452.44,1s_after_loss,defensive_line_height,-10.85,partial role-based,partial
8cfdb681-32cf-4ebf-81f1-5c0839ec82d5,loss,FCM,,2454.08,1s_after_loss,team_width,39.69,nearest-frame tracking context,medium
8cfdb681-32cf-4ebf-81f1-5c0839ec82d5,loss,FCM,,2454.08,1s_after_loss,team_depth,26.74,nearest-frame tracking context,medium
8cfdb681-32cf-4ebf-81f1-5c0839ec82d5,loss,FCM,,2454.08,1s_after_loss,compactness,15.1978,nearest-frame tracking context,medium
8cfdb681-32cf-4ebf-81f1-5c0839ec82d5,loss,FCM,,2454.08,1s_after_loss,avg_block_height,3.381,nearest-frame tracking context,medium
8cfdb681-32cf-4ebf-81f1-5c0839ec82d5,loss,FCM,,2454.08,1s_after_loss,defensive_line_height,-7.875,partial role-based,partial
8cfdb681-32cf-4ebf-81f1-5c0839ec82d5,loss,FCM,,2454.08,1s_after_loss,team_width,39.69,nearest-frame tracking context,medium
8cfdb681-32cf-4ebf-81f1-5c0839ec82d5,loss,FCM,,2454.08,1s_after_loss,team_depth,26.74,nearest-frame tracking context,medium
8cfdb681-32cf-4ebf-81f1-5c0839ec82d5,loss,FCM,,2454.08,1s_after_loss,compactness,15.1978,nearest-frame tracking context,medium
8cfdb681-32cf-4ebf-81f1-5c0839ec82d5,loss,FCM,,2454.08,1s_after_loss,avg_block_height,3.381,nearest-frame tracking context,medium
8cfdb681-32cf-4ebf-81f1-5c0839ec82d5,loss,FCM,,2454.08,1s_after_loss,defensive_line_height,-7.875,partial role-based,partial
8cfdb681-32cf-4ebf-81f1-5c0839ec82d5,recovery,FCM,J. Kuchta,2456.16,at_regain,team_width,41.31,nearest-frame tracking context,medium
8cfdb681-32cf-4ebf-81f1-5c0839ec82d5,recovery,FCM,J. Kuchta,2456.16,at_regain,team_depth,28.55,nearest-frame tracking context,medium
8cfdb681-32cf-4ebf-81f1-5c0839ec82d5,recovery,FCM,J. Kuchta,2456.16,at_regain,compactness,16.2536,nearest-frame tracking context,medium
8cfdb681-32cf-4ebf-81f1-5c0839ec82d5,recovery,FCM,J. Kuchta,2456.16,at_regain,avg_block_height,6.783,nearest-frame tracking context,medium
8cfdb681-32cf-4ebf-81f1-5c0839ec82d5,recovery,FCM,J. Kuchta,2456.16,at_regain,defensive_line_height,-5.545,partial role-based,partial
8cfdb681-32cf-4ebf-81f1-5c0839ec82d5,loss,FCK,,2458.12,1s_after_loss,team_width,33.87,nearest-frame tracking context,medium
8cfdb681-32cf-4ebf-81f1-5c0839ec82d5,loss,FCK,,2458.12,1s_after_loss,team_depth,39.19,nearest-frame tracking context,medium
8cfdb681-32cf-4ebf-81f1-5c0839ec82d5,loss,FCK,,2458.12,1s_after_loss,compactness,16.0401,nearest-frame tracking context,medium
8cfdb681-32cf-4ebf-81f1-5c0839ec82d5,loss,FCK,,2458.12,1s_after_loss,avg_block_height,-22.126,nearest-frame tracking context,medium
8cfdb681-32cf-4ebf-81f1-5c0839ec82d5,loss,FCK,,2458.12,1s_after_loss,defensive_line_height,-33.9725,partial role-based,partial
8cfdb681-32cf-4ebf-81f1-5c0839ec82d5,recovery,FCK,N. Trott,2460.08,at_regain,team_width,33.04,nearest-frame tracking context,medium
8cfdb681-32cf-4ebf-81f1-5c0839ec82d5,recovery,FCK,N. Trott,2460.08,at_regain,team_depth,36.91,nearest-frame tracking context,medium
8cfdb681-32cf-4ebf-81f1-5c0839ec82d5,recovery,FCK,N. Trott,2460.08,at_regain,compactness,15.4362,nearest-frame tracking context,medium
8cfdb681-32cf-4ebf-81f1-5c0839ec82d5,recovery,FCK,N. Trott,2460.08,at_regain,avg_block_height,-23.198,nearest-frame tracking context,medium
8cfdb681-32cf-4ebf-81f1-5c0839ec82d5,recovery,FCK,N. Trott,2460.08,at_regain,defensive_line_height,-34.8075,partial role-based,partial
8cfdb681-32cf-4ebf-81f1-5c0839ec82d5,loss,FCK,,2460.12,1s_after_loss,team_width,31.94,nearest-frame tracking context,medium
8cfdb681-32cf-4ebf-81f1-5c0839ec82d5,loss,FCK,,2460.12,1s_after_loss,team_depth,33.54,nearest-frame tracking context,medium
8cfdb681-32cf-4ebf-81f1-5c0839ec82d5,loss,FCK,,2460.12,1s_after_loss,compactness,14.1968,nearest-frame tracking context,medium
8cfdb681-32cf-4ebf-81f1-5c0839ec82d5,loss,FCK,,2460.12,1s_after_loss,avg_block_height,-22.701,nearest-frame tracking context,medium
8cfdb681-32cf-4ebf-81f1-5c0839ec82d5,loss,FCK,,2460.12,1s_after_loss,defensive_line_height,-33.4375,partial role-based,partial
8cfdb681-32cf-4ebf-81f1-5c0839ec82d5,loss,FCM,,2462.84,1s_after_loss,team_width,28.94,nearest-frame tracking context,medium
8cfdb681-32cf-4ebf-81f1-5c0839ec82d5,loss,FCM,,2462.84,1s_after_loss,team_depth,32.76,nearest-frame tracking context,medium
8cfdb681-32cf-4ebf-81f1-5c0839ec82d5,loss,FCM,,2462.84,1s_after_loss,compactness,13.7641,nearest-frame tracking context,medium
8cfdb681-32cf-4ebf-81f1-5c0839ec82d5,loss,FCM,,2462.84,1s_after_loss,avg_block_height,16.776,nearest-frame tracking context,medium
8cfdb681-32cf-4ebf-81f1-5c0839ec82d5,loss,FCM,,2462.84,1s_after_loss,defensive_line_height,3.9675,partial role-based,partial
8cfdb681-32cf-4ebf-81f1-5c0839ec82d5,recovery,FCM,D. Osorio,2463.04,at_regain,team_width,28.68,nearest-frame tracking context,medium
8cfdb681-32cf-4ebf-81f1-5c0839ec82d5,recovery,FCM,D. Osorio,2463.04,at_regain,team_depth,35.87,nearest-frame tracking context,medium
8cfdb681-32cf-4ebf-81f1-5c0839ec82d5,recovery,FCM,D. Osorio,2463.04,at_regain,compactness,14.5735,nearest-frame tracking context,medium
8cfdb681-32cf-4ebf-81f1-5c0839ec82d5,recovery,FCM,D. Osorio,2463.04,at_regain,avg_block_height,17.093,nearest-frame tracking context,medium
8cfdb681-32cf-4ebf-81f1-5c0839ec82d5,recovery,FCM,D. Osorio,2463.04,at_regain,defensive_line_height,3.48,partial role-based,partial
8cfdb681-32cf-4ebf-81f1-5c0839ec82d5,recovery,FCK,N. Trott,2510.32,at_regain,team_width,55.4,nearest-frame tracking context,medium
8cfdb681-32cf-4ebf-81f1-5c0839ec82d5,recovery,FCK,N. Trott,2510.32,at_regain,team_depth,32.04,nearest-frame tracking context,medium
8cfdb681-32cf-4ebf-81f1-5c0839ec82d5,recovery,FCK,N. Trott,2510.32,at_regain,compactness,18.9178,nearest-frame tracking context,medium
8cfdb681-32cf-4ebf-81f1-5c0839ec82d5,recovery,FCK,N. Trott,2510.32,at_regain,avg_block_height,-4.343,nearest-frame tracking context,medium
8cfdb681-32cf-4ebf-81f1-5c0839ec82d5,recovery,FCK,N. Trott,2510.32,at_regain,defensive_line_height,-12.475,partial role-based,partial
8cfdb681-32cf-4ebf-81f1-5c0839ec82d5,loss,FCK,,2510.52,1s_after_loss,team_width,56.06,nearest-frame tracking context,medium
8cfdb681-32cf-4ebf-81f1-5c0839ec82d5,loss,FCK,,2510.52,1s_after_loss,team_depth,29.22,nearest-frame tracking context,medium
8cfdb681-32cf-4ebf-81f1-5c0839ec82d5,loss,FCK,,2510.52,1s_after_loss,compactness,18.6057,nearest-frame tracking context,medium
8cfdb681-32cf-4ebf-81f1-5c0839ec82d5,loss,FCK,,2510.52,1s_after_loss,avg_block_height,-4.919,nearest-frame tracking context,medium
8cfdb681-32cf-4ebf-81f1-5c0839ec82d5,loss,FCK,,2510.52,1s_after_loss,defensive_line_height,-12.0275,partial role-based,partial
8cfdb681-32cf-4ebf-81f1-5c0839ec82d5,loss,FCM,,2513.28,1s_after_loss,team_width,41.01,nearest-frame tracking context,medium
8cfdb681-32cf-4ebf-81f1-5c0839ec82d5,loss,FCM,,2513.28,1s_after_loss,team_depth,36.7,nearest-frame tracking context,medium
8cfdb681-32cf-4ebf-81f1-5c0839ec82d5,loss,FCM,,2513.28,1s_after_loss,compactness,17.6061,nearest-frame tracking context,medium
8cfdb681-32cf-4ebf-81f1-5c0839ec82d5,loss,FCM,,2513.28,1s_after_loss,avg_block_height,3.265,nearest-frame tracking context,medium
8cfdb681-32cf-4ebf-81f1-5c0839ec82d5,loss,FCM,,2513.28,1s_after_loss,defensive_line_height,-7.545,partial role-based,partial
8cfdb681-32cf-4ebf-81f1-5c0839ec82d5,recovery,FCM,,2513.28,at_regain,team_width,41.69,nearest-frame tracking context,medium
8cfdb681-32cf-4ebf-81f1-5c0839ec82d5,recovery,FCM,,2513.28,at_regain,team_depth,37.02,nearest-frame tracking context,medium
8cfdb681-32cf-4ebf-81f1-5c0839ec82d5,recovery,FCM,,2513.28,at_regain,compactness,16.9515,nearest-frame tracking context,medium
8cfdb681-32cf-4ebf-81f1-5c0839ec82d5,recovery,FCM,,2513.28,at_regain,avg_block_height,3.537,nearest-frame tracking context,medium
8cfdb681-32cf-4ebf-81f1-5c0839ec82d5,recovery,FCM,,2513.28,at_regain,defensive_line_height,-6.825,partial role-based,partial
8cfdb681-32cf-4ebf-81f1-5c0839ec82d5,loss,FCM,,2514.8,1s_after_loss,team_width,39.6,nearest-frame tracking context,medium
8cfdb681-32cf-4ebf-81f1-5c0839ec82d5,loss,FCM,,2514.8,1s_after_loss,team_depth,33.14,nearest-frame tracking context,medium
8cfdb681-32cf-4ebf-81f1-5c0839ec82d5,loss,FCM,,2514.8,1s_after_loss,compactness,16.9303,nearest-frame tracking context,medium
8cfdb681-32cf-4ebf-81f1-5c0839ec82d5,loss,FCM,,2514.8,1s_after_loss,avg_block_height,4.576,nearest-frame tracking context,medium
8cfdb681-32cf-4ebf-81f1-5c0839ec82d5,loss,FCM,,2514.8,1s_after_loss,defensive_line_height,-6.605,partial role-based,partial
8cfdb681-32cf-4ebf-81f1-5c0839ec82d5,loss,FCM,Oliver Sorensen,2515.32,1s_after_loss,team_width,39,nearest-frame tracking context,medium
8cfdb681-32cf-4ebf-81f1-5c0839ec82d5,loss,FCM,Oliver Sorensen,2515.32,1s_after_loss,team_depth,31.84,nearest-frame tracking context,medium
8cfdb681-32cf-4ebf-81f1-5c0839ec82d5,loss,FCM,Oliver Sorensen,2515.32,1s_after_loss,compactness,16.3772,nearest-frame tracking context,medium
8cfdb681-32cf-4ebf-81f1-5c0839ec82d5,loss,FCM,Oliver Sorensen,2515.32,1s_after_loss,avg_block_height,5.078,nearest-frame tracking context,medium
8cfdb681-32cf-4ebf-81f1-5c0839ec82d5,loss,FCM,Oliver Sorensen,2515.32,1s_after_loss,defensive_line_height,-5.9675,partial role-based,partial
8cfdb681-32cf-4ebf-81f1-5c0839ec82d5,loss,FCK,,2568.92,1s_after_loss,team_width,33.58,nearest-frame tracking context,medium
8cfdb681-32cf-4ebf-81f1-5c0839ec82d5,loss,FCK,,2568.92,1s_after_loss,team_depth,25.01,nearest-frame tracking context,medium
8cfdb681-32cf-4ebf-81f1-5c0839ec82d5,loss,FCK,,2568.92,1s_after_loss,compactness,10.9675,nearest-frame tracking context,medium
8cfdb681-32cf-4ebf-81f1-5c0839ec82d5,loss,FCK,,2568.92,1s_after_loss,avg_block_height,0.894,nearest-frame tracking context,medium
8cfdb681-32cf-4ebf-81f1-5c0839ec82d5,loss,FCK,,2568.92,1s_after_loss,defensive_line_height,-5.915,partial role-based,partial
8cfdb681-32cf-4ebf-81f1-5c0839ec82d5,recovery,FCK,N. Trott,2568.92,at_regain,team_width,34.86,nearest-frame tracking context,medium
8cfdb681-32cf-4ebf-81f1-5c0839ec82d5,recovery,FCK,N. Trott,2568.92,at_regain,team_depth,25.1,nearest-frame tracking context,medium
8cfdb681-32cf-4ebf-81f1-5c0839ec82d5,recovery,FCK,N. Trott,2568.92,at_regain,compactness,11.0155,nearest-frame tracking context,medium
8cfdb681-32cf-4ebf-81f1-5c0839ec82d5,recovery,FCK,N. Trott,2568.92,at_regain,avg_block_height,0.102,nearest-frame tracking context,medium
8cfdb681-32cf-4ebf-81f1-5c0839ec82d5,recovery,FCK,N. Trott,2568.92,at_regain,defensive_line_height,-6.3275,partial role-based,partial
8cfdb681-32cf-4ebf-81f1-5c0839ec82d5,loss,FCK,,2568.92,1s_after_loss,team_width,33.58,nearest-frame tracking context,medium
8cfdb681-32cf-4ebf-81f1-5c0839ec82d5,loss,FCK,,2568.92,1s_after_loss,team_depth,25.01,nearest-frame tracking context,medium
8cfdb681-32cf-4ebf-81f1-5c0839ec82d5,loss,FCK,,2568.92,1s_after_loss,compactness,10.9675,nearest-frame tracking context,medium
8cfdb681-32cf-4ebf-81f1-5c0839ec82d5,loss,FCK,,2568.92,1s_after_loss,avg_block_height,0.894,nearest-frame tracking context,medium
8cfdb681-32cf-4ebf-81f1-5c0839ec82d5,loss,FCK,,2568.92,1s_after_loss,defensive_line_height,-5.915,partial role-based,partial
8cfdb681-32cf-4ebf-81f1-5c0839ec82d5,recovery,FCM,,2572.64,at_regain,team_width,32.97,nearest-frame tracking context,medium
8cfdb681-32cf-4ebf-81f1-5c0839ec82d5,recovery,FCM,,2572.64,at_regain,team_depth,23.97,nearest-frame tracking context,medium
8cfdb681-32cf-4ebf-81f1-5c0839ec82d5,recovery,FCM,,2572.64,at_regain,compactness,11.7309,nearest-frame tracking context,medium
8cfdb681-32cf-4ebf-81f1-5c0839ec82d5,recovery,FCM,,2572.64,at_regain,avg_block_height,-7.142,nearest-frame tracking context,medium
8cfdb681-32cf-4ebf-81f1-5c0839ec82d5,recovery,FCM,,2572.64,at_regain,defensive_line_height,-15.325,partial role-based,partial
8cfdb681-32cf-4ebf-81f1-5c0839ec82d5,loss,FCM,,2587.84,1s_after_loss,team_width,56.43,nearest-frame tracking context,medium
8cfdb681-32cf-4ebf-81f1-5c0839ec82d5,loss,FCM,,2587.84,1s_after_loss,team_depth,39.21,nearest-frame tracking context,medium
8cfdb681-32cf-4ebf-81f1-5c0839ec82d5,loss,FCM,,2587.84,1s_after_loss,compactness,20.1812,nearest-frame tracking context,medium
8cfdb681-32cf-4ebf-81f1-5c0839ec82d5,loss,FCM,,2587.84,1s_after_loss,avg_block_height,7.766,nearest-frame tracking context,medium
8cfdb681-32cf-4ebf-81f1-5c0839ec82d5,loss,FCM,,2587.84,1s_after_loss,defensive_line_height,-2.6375,partial role-based,partial
8cfdb681-32cf-4ebf-81f1-5c0839ec82d5,loss,FCM,A. Simsir,2589.12,1s_after_loss,team_width,57.85,nearest-frame tracking context,medium
8cfdb681-32cf-4ebf-81f1-5c0839ec82d5,loss,FCM,A. Simsir,2589.12,1s_after_loss,team_depth,39.44,nearest-frame tracking context,medium
8cfdb681-32cf-4ebf-81f1-5c0839ec82d5,loss,FCM,A. Simsir,2589.12,1s_after_loss,compactness,20.719,nearest-frame tracking context,medium
8cfdb681-32cf-4ebf-81f1-5c0839ec82d5,loss,FCM,A. Simsir,2589.12,1s_after_loss,avg_block_height,12.847,nearest-frame tracking context,medium
8cfdb681-32cf-4ebf-81f1-5c0839ec82d5,loss,FCM,A. Simsir,2589.12,1s_after_loss,defensive_line_height,3.015,partial role-based,partial
8cfdb681-32cf-4ebf-81f1-5c0839ec82d5,recovery,FCM,D. Osorio,2615.36,at_regain,team_width,47.01,nearest-frame tracking context,medium
8cfdb681-32cf-4ebf-81f1-5c0839ec82d5,recovery,FCM,D. Osorio,2615.36,at_regain,team_depth,31.03,nearest-frame tracking context,medium
8cfdb681-32cf-4ebf-81f1-5c0839ec82d5,recovery,FCM,D. Osorio,2615.36,at_regain,compactness,14.2211,nearest-frame tracking context,medium
8cfdb681-32cf-4ebf-81f1-5c0839ec82d5,recovery,FCM,D. Osorio,2615.36,at_regain,avg_block_height,23.408,nearest-frame tracking context,medium
8cfdb681-32cf-4ebf-81f1-5c0839ec82d5,recovery,FCM,D. Osorio,2615.36,at_regain,defensive_line_height,14.66,partial role-based,partial
8cfdb681-32cf-4ebf-81f1-5c0839ec82d5,loss,FCM,,2616.68,1s_after_loss,team_width,34.4,nearest-frame tracking context,medium
8cfdb681-32cf-4ebf-81f1-5c0839ec82d5,loss,FCM,,2616.68,1s_after_loss,team_depth,35.5,nearest-frame tracking context,medium
8cfdb681-32cf-4ebf-81f1-5c0839ec82d5,loss,FCM,,2616.68,1s_after_loss,compactness,13.7434,nearest-frame tracking context,medium
8cfdb681-32cf-4ebf-81f1-5c0839ec82d5,loss,FCM,,2616.68,1s_after_loss,avg_block_height,29.315,nearest-frame tracking context,medium
8cfdb681-32cf-4ebf-81f1-5c0839ec82d5,loss,FCM,,2616.68,1s_after_loss,defensive_line_height,18.525,partial role-based,partial
8cfdb681-32cf-4ebf-81f1-5c0839ec82d5,loss,FCK,,2620.72,1s_after_loss,team_width,26.92,nearest-frame tracking context,medium
8cfdb681-32cf-4ebf-81f1-5c0839ec82d5,loss,FCK,,2620.72,1s_after_loss,team_depth,34.98,nearest-frame tracking context,medium
8cfdb681-32cf-4ebf-81f1-5c0839ec82d5,loss,FCK,,2620.72,1s_after_loss,compactness,13.0157,nearest-frame tracking context,medium
8cfdb681-32cf-4ebf-81f1-5c0839ec82d5,loss,FCK,,2620.72,1s_after_loss,avg_block_height,-35.399,nearest-frame tracking context,medium
8cfdb681-32cf-4ebf-81f1-5c0839ec82d5,loss,FCK,,2620.72,1s_after_loss,defensive_line_height,-44.57,partial role-based,partial
8cfdb681-32cf-4ebf-81f1-5c0839ec82d5,recovery,FCK,G. Gocholeishvili,2622.32,at_regain,team_width,28.92,nearest-frame tracking context,medium
8cfdb681-32cf-4ebf-81f1-5c0839ec82d5,recovery,FCK,G. Gocholeishvili,2622.32,at_regain,team_depth,35.37,nearest-frame tracking context,medium
8cfdb681-32cf-4ebf-81f1-5c0839ec82d5,recovery,FCK,G. Gocholeishvili,2622.32,at_regain,compactness,13.4757,nearest-frame tracking context,medium
8cfdb681-32cf-4ebf-81f1-5c0839ec82d5,recovery,FCK,G. Gocholeishvili,2622.32,at_regain,avg_block_height,-34.419,nearest-frame tracking context,medium
8cfdb681-32cf-4ebf-81f1-5c0839ec82d5,recovery,FCK,G. Gocholeishvili,2622.32,at_regain,defensive_line_height,-43.845,partial role-based,partial
8cfdb681-32cf-4ebf-81f1-5c0839ec82d5,recovery,FCM,K. Mbabu,2639.92,at_regain,team_width,33.39,nearest-frame tracking context,medium
8cfdb681-32cf-4ebf-81f1-5c0839ec82d5,recovery,FCM,K. Mbabu,2639.92,at_regain,team_depth,42.07,nearest-frame tracking context,medium
8cfdb681-32cf-4ebf-81f1-5c0839ec82d5,recovery,FCM,K. Mbabu,2639.92,at_regain,compactness,15.6442,nearest-frame tracking context,medium
8cfdb681-32cf-4ebf-81f1-5c0839ec82d5,recovery,FCM,K. Mbabu,2639.92,at_regain,avg_block_height,33.151,nearest-frame tracking context,medium
8cfdb681-32cf-4ebf-81f1-5c0839ec82d5,recovery,FCM,K. Mbabu,2639.92,at_regain,defensive_line_height,24.43,partial role-based,partial
8cfdb681-32cf-4ebf-81f1-5c0839ec82d5,loss,FCM,,2672.48,1s_after_loss,team_width,40.82,nearest-frame tracking context,medium
8cfdb681-32cf-4ebf-81f1-5c0839ec82d5,loss,FCM,,2672.48,1s_after_loss,team_depth,30.67,nearest-frame tracking context,medium
8cfdb681-32cf-4ebf-81f1-5c0839ec82d5,loss,FCM,,2672.48,1s_after_loss,compactness,12.3007,nearest-frame tracking context,medium
8cfdb681-32cf-4ebf-81f1-5c0839ec82d5,loss,FCM,,2672.48,1s_after_loss,avg_block_height,42.673,nearest-frame tracking context,medium
8cfdb681-32cf-4ebf-81f1-5c0839ec82d5,loss,FCM,,2672.48,1s_after_loss,defensive_line_height,41.3625,partial role-based,partial
8cfdb681-32cf-4ebf-81f1-5c0839ec82d5,recovery,FCM,A. Simsir,2672.48,at_regain,team_width,42.05,nearest-frame tracking context,medium
8cfdb681-32cf-4ebf-81f1-5c0839ec82d5,recovery,FCM,A. Simsir,2672.48,at_regain,team_depth,32.36,nearest-frame tracking context,medium
8cfdb681-32cf-4ebf-81f1-5c0839ec82d5,recovery,FCM,A. Simsir,2672.48,at_regain,compactness,12.5577,nearest-frame tracking context,medium
8cfdb681-32cf-4ebf-81f1-5c0839ec82d5,recovery,FCM,A. Simsir,2672.48,at_regain,avg_block_height,42.95,nearest-frame tracking context,medium
8cfdb681-32cf-4ebf-81f1-5c0839ec82d5,recovery,FCM,A. Simsir,2672.48,at_regain,defensive_line_height,41.505,partial role-based,partial
8cfdb681-32cf-4ebf-81f1-5c0839ec82d5,shot,FCM,D. Osorio,2676.16,1s_before_shot,team_width,40.04,nearest-frame tracking context,medium
8cfdb681-32cf-4ebf-81f1-5c0839ec82d5,shot,FCM,D. Osorio,2676.16,1s_before_shot,team_depth,30.88,nearest-frame tracking context,medium
8cfdb681-32cf-4ebf-81f1-5c0839ec82d5,shot,FCM,D. Osorio,2676.16,1s_before_shot,compactness,12.2193,nearest-frame tracking context,medium
8cfdb681-32cf-4ebf-81f1-5c0839ec82d5,shot,FCM,D. Osorio,2676.16,1s_before_shot,avg_block_height,41.195,nearest-frame tracking context,medium
8cfdb681-32cf-4ebf-81f1-5c0839ec82d5,shot,FCM,D. Osorio,2676.16,1s_before_shot,defensive_line_height,40.285,partial role-based,partial
8cfdb681-32cf-4ebf-81f1-5c0839ec82d5,shot,FCM,E. Martinez,2679.16,1s_before_shot,team_width,40.09,nearest-frame tracking context,medium
8cfdb681-32cf-4ebf-81f1-5c0839ec82d5,shot,FCM,E. Martinez,2679.16,1s_before_shot,team_depth,30.56,nearest-frame tracking context,medium
8cfdb681-32cf-4ebf-81f1-5c0839ec82d5,shot,FCM,E. Martinez,2679.16,1s_before_shot,compactness,12.3211,nearest-frame tracking context,medium
8cfdb681-32cf-4ebf-81f1-5c0839ec82d5,shot,FCM,E. Martinez,2679.16,1s_before_shot,avg_block_height,37.883,nearest-frame tracking context,medium
8cfdb681-32cf-4ebf-81f1-5c0839ec82d5,shot,FCM,E. Martinez,2679.16,1s_before_shot,defensive_line_height,36.5725,partial role-based,partial
8cfdb681-32cf-4ebf-81f1-5c0839ec82d5,loss,FCK,,2713.04,1s_after_loss,team_width,30.92,nearest-frame tracking context,medium
8cfdb681-32cf-4ebf-81f1-5c0839ec82d5,loss,FCK,,2713.04,1s_after_loss,team_depth,18.31,nearest-frame tracking context,medium
8cfdb681-32cf-4ebf-81f1-5c0839ec82d5,loss,FCK,,2713.04,1s_after_loss,compactness,9.9361,nearest-frame tracking context,medium
8cfdb681-32cf-4ebf-81f1-5c0839ec82d5,loss,FCK,,2713.04,1s_after_loss,avg_block_height,0.549,nearest-frame tracking context,medium
8cfdb681-32cf-4ebf-81f1-5c0839ec82d5,loss,FCK,,2713.04,1s_after_loss,defensive_line_height,-5.565,partial role-based,partial
8cfdb681-32cf-4ebf-81f1-5c0839ec82d5,loss,FCM,,2736.56,1s_after_loss,team_width,43.43,nearest-frame tracking context,medium
8cfdb681-32cf-4ebf-81f1-5c0839ec82d5,loss,FCM,,2736.56,1s_after_loss,team_depth,35.64,nearest-frame tracking context,medium
8cfdb681-32cf-4ebf-81f1-5c0839ec82d5,loss,FCM,,2736.56,1s_after_loss,compactness,15.5777,nearest-frame tracking context,medium
8cfdb681-32cf-4ebf-81f1-5c0839ec82d5,loss,FCM,,2736.56,1s_after_loss,avg_block_height,-4.29,nearest-frame tracking context,medium
8cfdb681-32cf-4ebf-81f1-5c0839ec82d5,loss,FCM,,2736.56,1s_after_loss,defensive_line_height,-14.53,partial role-based,partial
8cfdb681-32cf-4ebf-81f1-5c0839ec82d5,loss,FCM,,2736.56,1s_after_loss,team_width,43.43,nearest-frame tracking context,medium
8cfdb681-32cf-4ebf-81f1-5c0839ec82d5,loss,FCM,,2736.56,1s_after_loss,team_depth,35.64,nearest-frame tracking context,medium
8cfdb681-32cf-4ebf-81f1-5c0839ec82d5,loss,FCM,,2736.56,1s_after_loss,compactness,15.5777,nearest-frame tracking context,medium
8cfdb681-32cf-4ebf-81f1-5c0839ec82d5,loss,FCM,,2736.56,1s_after_loss,avg_block_height,-4.29,nearest-frame tracking context,medium
8cfdb681-32cf-4ebf-81f1-5c0839ec82d5,loss,FCM,,2736.56,1s_after_loss,defensive_line_height,-14.53,partial role-based,partial
8cfdb681-32cf-4ebf-81f1-5c0839ec82d5,loss,FCM,Franculino Dju,2739.36,1s_after_loss,team_width,39.15,nearest-frame tracking context,medium
8cfdb681-32cf-4ebf-81f1-5c0839ec82d5,loss,FCM,Franculino Dju,2739.36,1s_after_loss,team_depth,30.69,nearest-frame tracking context,medium
8cfdb681-32cf-4ebf-81f1-5c0839ec82d5,loss,FCM,Franculino Dju,2739.36,1s_after_loss,compactness,13.8953,nearest-frame tracking context,medium
8cfdb681-32cf-4ebf-81f1-5c0839ec82d5,loss,FCM,Franculino Dju,2739.36,1s_after_loss,avg_block_height,2.606,nearest-frame tracking context,medium
8cfdb681-32cf-4ebf-81f1-5c0839ec82d5,loss,FCM,Franculino Dju,2739.36,1s_after_loss,defensive_line_height,-6.93,partial role-based,partial
8cfdb681-32cf-4ebf-81f1-5c0839ec82d5,recovery,FCM,Franculino Dju,2748.08,at_regain,team_width,36.96,nearest-frame tracking context,medium
8cfdb681-32cf-4ebf-81f1-5c0839ec82d5,recovery,FCM,Franculino Dju,2748.08,at_regain,team_depth,26.9,nearest-frame tracking context,medium
8cfdb681-32cf-4ebf-81f1-5c0839ec82d5,recovery,FCM,Franculino Dju,2748.08,at_regain,compactness,12.0059,nearest-frame tracking context,medium
8cfdb681-32cf-4ebf-81f1-5c0839ec82d5,recovery,FCM,Franculino Dju,2748.08,at_regain,avg_block_height,-0.314,nearest-frame tracking context,medium
8cfdb681-32cf-4ebf-81f1-5c0839ec82d5,recovery,FCM,Franculino Dju,2748.08,at_regain,defensive_line_height,-6.6975,partial role-based,partial
8cfdb681-32cf-4ebf-81f1-5c0839ec82d5,recovery,FCK,,2748.88,at_regain,team_width,26.71,nearest-frame tracking context,medium
8cfdb681-32cf-4ebf-81f1-5c0839ec82d5,recovery,FCK,,2748.88,at_regain,team_depth,26.28,nearest-frame tracking context,medium
8cfdb681-32cf-4ebf-81f1-5c0839ec82d5,recovery,FCK,,2748.88,at_regain,compactness,9.5833,nearest-frame tracking context,medium
8cfdb681-32cf-4ebf-81f1-5c0839ec82d5,recovery,FCK,,2748.88,at_regain,avg_block_height,-6.808,nearest-frame tracking context,medium
8cfdb681-32cf-4ebf-81f1-5c0839ec82d5,recovery,FCK,,2748.88,at_regain,defensive_line_height,-15.5725,partial role-based,partial
8cfdb681-32cf-4ebf-81f1-5c0839ec82d5,loss,FCK,,2748.88,1s_after_loss,team_width,29.07,nearest-frame tracking context,medium
8cfdb681-32cf-4ebf-81f1-5c0839ec82d5,loss,FCK,,2748.88,1s_after_loss,team_depth,25.99,nearest-frame tracking context,medium
8cfdb681-32cf-4ebf-81f1-5c0839ec82d5,loss,FCK,,2748.88,1s_after_loss,compactness,9.8766,nearest-frame tracking context,medium
8cfdb681-32cf-4ebf-81f1-5c0839ec82d5,loss,FCK,,2748.88,1s_after_loss,avg_block_height,-6.801,nearest-frame tracking context,medium
8cfdb681-32cf-4ebf-81f1-5c0839ec82d5,loss,FCK,,2748.88,1s_after_loss,defensive_line_height,-15.6425,partial role-based,partial
8cfdb681-32cf-4ebf-81f1-5c0839ec82d5,loss,FCM,,2762.24,1s_after_loss,team_width,42.57,nearest-frame tracking context,medium
8cfdb681-32cf-4ebf-81f1-5c0839ec82d5,loss,FCM,,2762.24,1s_after_loss,team_depth,20.53,nearest-frame tracking context,medium
8cfdb681-32cf-4ebf-81f1-5c0839ec82d5,loss,FCM,,2762.24,1s_after_loss,compactness,11.3447,nearest-frame tracking context,medium
8cfdb681-32cf-4ebf-81f1-5c0839ec82d5,loss,FCM,,2762.24,1s_after_loss,avg_block_height,-1.699,nearest-frame tracking context,medium
8cfdb681-32cf-4ebf-81f1-5c0839ec82d5,loss,FCM,,2762.24,1s_after_loss,defensive_line_height,-5.64,partial role-based,partial
8cfdb681-32cf-4ebf-81f1-5c0839ec82d5,loss,FCM,,2765.24,1s_after_loss,team_width,41.31,nearest-frame tracking context,medium
8cfdb681-32cf-4ebf-81f1-5c0839ec82d5,loss,FCM,,2765.24,1s_after_loss,team_depth,34.18,nearest-frame tracking context,medium
8cfdb681-32cf-4ebf-81f1-5c0839ec82d5,loss,FCM,,2765.24,1s_after_loss,compactness,13.5975,nearest-frame tracking context,medium
8cfdb681-32cf-4ebf-81f1-5c0839ec82d5,loss,FCM,,2765.24,1s_after_loss,avg_block_height,8.105,nearest-frame tracking context,medium
8cfdb681-32cf-4ebf-81f1-5c0839ec82d5,loss,FCM,,2765.24,1s_after_loss,defensive_line_height,1.51,partial role-based,partial
8cfdb681-32cf-4ebf-81f1-5c0839ec82d5,recovery,FCM,K. Mbabu,2768.12,at_regain,team_width,36.13,nearest-frame tracking context,medium
8cfdb681-32cf-4ebf-81f1-5c0839ec82d5,recovery,FCM,K. Mbabu,2768.12,at_regain,team_depth,35.87,nearest-frame tracking context,medium
8cfdb681-32cf-4ebf-81f1-5c0839ec82d5,recovery,FCM,K. Mbabu,2768.12,at_regain,compactness,14.6086,nearest-frame tracking context,medium
8cfdb681-32cf-4ebf-81f1-5c0839ec82d5,recovery,FCM,K. Mbabu,2768.12,at_regain,avg_block_height,13.697,nearest-frame tracking context,medium
8cfdb681-32cf-4ebf-81f1-5c0839ec82d5,recovery,FCM,K. Mbabu,2768.12,at_regain,defensive_line_height,5.19,partial role-based,partial
8cfdb681-32cf-4ebf-81f1-5c0839ec82d5,loss,FCK,,2769.2,1s_after_loss,team_width,34.7,nearest-frame tracking context,medium
8cfdb681-32cf-4ebf-81f1-5c0839ec82d5,loss,FCK,,2769.2,1s_after_loss,team_depth,31.83,nearest-frame tracking context,medium
8cfdb681-32cf-4ebf-81f1-5c0839ec82d5,loss,FCK,,2769.2,1s_after_loss,compactness,13.7002,nearest-frame tracking context,medium
8cfdb681-32cf-4ebf-81f1-5c0839ec82d5,loss,FCK,,2769.2,1s_after_loss,avg_block_height,-25.847,nearest-frame tracking context,medium
8cfdb681-32cf-4ebf-81f1-5c0839ec82d5,loss,FCK,,2769.2,1s_after_loss,defensive_line_height,-33.7025,partial role-based,partial
8cfdb681-32cf-4ebf-81f1-5c0839ec82d5,loss,FCK,,2769.2,1s_after_loss,team_width,34.7,nearest-frame tracking context,medium
8cfdb681-32cf-4ebf-81f1-5c0839ec82d5,loss,FCK,,2769.2,1s_after_loss,team_depth,31.83,nearest-frame tracking context,medium
8cfdb681-32cf-4ebf-81f1-5c0839ec82d5,loss,FCK,,2769.2,1s_after_loss,compactness,13.7002,nearest-frame tracking context,medium
8cfdb681-32cf-4ebf-81f1-5c0839ec82d5,loss,FCK,,2769.2,1s_after_loss,avg_block_height,-25.847,nearest-frame tracking context,medium
8cfdb681-32cf-4ebf-81f1-5c0839ec82d5,loss,FCK,,2769.2,1s_after_loss,defensive_line_height,-33.7025,partial role-based,partial
8cfdb681-32cf-4ebf-81f1-5c0839ec82d5,loss,FCM,,2774.2,1s_after_loss,team_width,30.51,nearest-frame tracking context,medium
8cfdb681-32cf-4ebf-81f1-5c0839ec82d5,loss,FCM,,2774.2,1s_after_loss,team_depth,28.42,nearest-frame tracking context,medium
8cfdb681-32cf-4ebf-81f1-5c0839ec82d5,loss,FCM,,2774.2,1s_after_loss,compactness,14.5917,nearest-frame tracking context,medium
8cfdb681-32cf-4ebf-81f1-5c0839ec82d5,loss,FCM,,2774.2,1s_after_loss,avg_block_height,3.64,nearest-frame tracking context,medium
8cfdb681-32cf-4ebf-81f1-5c0839ec82d5,loss,FCM,,2774.2,1s_after_loss,defensive_line_height,-5.28,partial role-based,partial
8cfdb681-32cf-4ebf-81f1-5c0839ec82d5,recovery,FCK,G. Onugkha,2774.2,at_regain,team_width,35.96,nearest-frame tracking context,medium
8cfdb681-32cf-4ebf-81f1-5c0839ec82d5,recovery,FCK,G. Onugkha,2774.2,at_regain,team_depth,25.63,nearest-frame tracking context,medium
8cfdb681-32cf-4ebf-81f1-5c0839ec82d5,recovery,FCK,G. Onugkha,2774.2,at_regain,compactness,13.8832,nearest-frame tracking context,medium
8cfdb681-32cf-4ebf-81f1-5c0839ec82d5,recovery,FCK,G. Onugkha,2774.2,at_regain,avg_block_height,-11.077,nearest-frame tracking context,medium
8cfdb681-32cf-4ebf-81f1-5c0839ec82d5,recovery,FCK,G. Onugkha,2774.2,at_regain,defensive_line_height,-19.5025,partial role-based,partial
8cfdb681-32cf-4ebf-81f1-5c0839ec82d5,recovery,FCM,,2775.76,at_regain,team_width,32.1,nearest-frame tracking context,medium
8cfdb681-32cf-4ebf-81f1-5c0839ec82d5,recovery,FCM,,2775.76,at_regain,team_depth,26.67,nearest-frame tracking context,medium
8cfdb681-32cf-4ebf-81f1-5c0839ec82d5,recovery,FCM,,2775.76,at_regain,compactness,13.8738,nearest-frame tracking context,medium
8cfdb681-32cf-4ebf-81f1-5c0839ec82d5,recovery,FCM,,2775.76,at_regain,avg_block_height,3.131,nearest-frame tracking context,medium
8cfdb681-32cf-4ebf-81f1-5c0839ec82d5,recovery,FCM,,2775.76,at_regain,defensive_line_height,-5.6025,partial role-based,partial
8cfdb681-32cf-4ebf-81f1-5c0839ec82d5,loss,FCM,K. Mbabu,2775.76,1s_after_loss,team_width,35.14,nearest-frame tracking context,medium
8cfdb681-32cf-4ebf-81f1-5c0839ec82d5,loss,FCM,K. Mbabu,2775.76,1s_after_loss,team_depth,26.76,nearest-frame tracking context,medium
8cfdb681-32cf-4ebf-81f1-5c0839ec82d5,loss,FCM,K. Mbabu,2775.76,1s_after_loss,compactness,13.4937,nearest-frame tracking context,medium
8cfdb681-32cf-4ebf-81f1-5c0839ec82d5,loss,FCM,K. Mbabu,2775.76,1s_after_loss,avg_block_height,3.719,nearest-frame tracking context,medium
8cfdb681-32cf-4ebf-81f1-5c0839ec82d5,loss,FCM,K. Mbabu,2775.76,1s_after_loss,defensive_line_height,-4.595,partial role-based,partial
8cfdb681-32cf-4ebf-81f1-5c0839ec82d5,loss,FCM,,2788.68,1s_after_loss,team_width,38.8,nearest-frame tracking context,medium
8cfdb681-32cf-4ebf-81f1-5c0839ec82d5,loss,FCM,,2788.68,1s_after_loss,team_depth,37.27,nearest-frame tracking context,medium
8cfdb681-32cf-4ebf-81f1-5c0839ec82d5,loss,FCM,,2788.68,1s_after_loss,compactness,16.7549,nearest-frame tracking context,medium
8cfdb681-32cf-4ebf-81f1-5c0839ec82d5,loss,FCM,,2788.68,1s_after_loss,avg_block_height,16.515,nearest-frame tracking context,medium
8cfdb681-32cf-4ebf-81f1-5c0839ec82d5,loss,FCM,,2788.68,1s_after_loss,defensive_line_height,5.4375,partial role-based,partial
8cfdb681-32cf-4ebf-81f1-5c0839ec82d5,loss,FCM,,2788.68,1s_after_loss,team_width,38.8,nearest-frame tracking context,medium
8cfdb681-32cf-4ebf-81f1-5c0839ec82d5,loss,FCM,,2788.68,1s_after_loss,team_depth,37.27,nearest-frame tracking context,medium
8cfdb681-32cf-4ebf-81f1-5c0839ec82d5,loss,FCM,,2788.68,1s_after_loss,compactness,16.7549,nearest-frame tracking context,medium
8cfdb681-32cf-4ebf-81f1-5c0839ec82d5,loss,FCM,,2788.68,1s_after_loss,avg_block_height,16.515,nearest-frame tracking context,medium
8cfdb681-32cf-4ebf-81f1-5c0839ec82d5,loss,FCM,,2788.68,1s_after_loss,defensive_line_height,5.4375,partial role-based,partial
8cfdb681-32cf-4ebf-81f1-5c0839ec82d5,loss,FCK,,2790.64,1s_after_loss,team_width,27.97,nearest-frame tracking context,medium
8cfdb681-32cf-4ebf-81f1-5c0839ec82d5,loss,FCK,,2790.64,1s_after_loss,team_depth,30.84,nearest-frame tracking context,medium
8cfdb681-32cf-4ebf-81f1-5c0839ec82d5,loss,FCK,,2790.64,1s_after_loss,compactness,12.6215,nearest-frame tracking context,medium
8cfdb681-32cf-4ebf-81f1-5c0839ec82d5,loss,FCK,,2790.64,1s_after_loss,avg_block_height,-26.261,nearest-frame tracking context,medium
8cfdb681-32cf-4ebf-81f1-5c0839ec82d5,loss,FCK,,2790.64,1s_after_loss,defensive_line_height,-33.915,partial role-based,partial
8cfdb681-32cf-4ebf-81f1-5c0839ec82d5,recovery,FCK,K. Diks,2791,at_regain,team_width,28.96,nearest-frame tracking context,medium
8cfdb681-32cf-4ebf-81f1-5c0839ec82d5,recovery,FCK,K. Diks,2791,at_regain,team_depth,30.85,nearest-frame tracking context,medium
8cfdb681-32cf-4ebf-81f1-5c0839ec82d5,recovery,FCK,K. Diks,2791,at_regain,compactness,12.9317,nearest-frame tracking context,medium
8cfdb681-32cf-4ebf-81f1-5c0839ec82d5,recovery,FCK,K. Diks,2791,at_regain,avg_block_height,-25.422,nearest-frame tracking context,medium
8cfdb681-32cf-4ebf-81f1-5c0839ec82d5,recovery,FCK,K. Diks,2791,at_regain,defensive_line_height,-33.345,partial role-based,partial
8cfdb681-32cf-4ebf-81f1-5c0839ec82d5,loss,FCM,,2793.68,1s_after_loss,team_width,33.75,nearest-frame tracking context,medium
8cfdb681-32cf-4ebf-81f1-5c0839ec82d5,loss,FCM,,2793.68,1s_after_loss,team_depth,38.25,nearest-frame tracking context,medium
8cfdb681-32cf-4ebf-81f1-5c0839ec82d5,loss,FCM,,2793.68,1s_after_loss,compactness,15.1797,nearest-frame tracking context,medium
8cfdb681-32cf-4ebf-81f1-5c0839ec82d5,loss,FCM,,2793.68,1s_after_loss,avg_block_height,25.483,nearest-frame tracking context,medium
8cfdb681-32cf-4ebf-81f1-5c0839ec82d5,loss,FCM,,2793.68,1s_after_loss,defensive_line_height,12.7625,partial role-based,partial
8cfdb681-32cf-4ebf-81f1-5c0839ec82d5,recovery,FCM,Oliver Sorensen,2794.6,at_regain,team_width,33.71,nearest-frame tracking context,medium
8cfdb681-32cf-4ebf-81f1-5c0839ec82d5,recovery,FCM,Oliver Sorensen,2794.6,at_regain,team_depth,38.36,nearest-frame tracking context,medium
8cfdb681-32cf-4ebf-81f1-5c0839ec82d5,recovery,FCM,Oliver Sorensen,2794.6,at_regain,compactness,15.1815,nearest-frame tracking context,medium
8cfdb681-32cf-4ebf-81f1-5c0839ec82d5,recovery,FCM,Oliver Sorensen,2794.6,at_regain,avg_block_height,25.345,nearest-frame tracking context,medium
8cfdb681-32cf-4ebf-81f1-5c0839ec82d5,recovery,FCM,Oliver Sorensen,2794.6,at_regain,defensive_line_height,12.6275,partial role-based,partial
8cfdb681-32cf-4ebf-81f1-5c0839ec82d5,loss,FCK,,2795.76,1s_after_loss,team_width,27.82,nearest-frame tracking context,medium
8cfdb681-32cf-4ebf-81f1-5c0839ec82d5,loss,FCK,,2795.76,1s_after_loss,team_depth,31.36,nearest-frame tracking context,medium
8cfdb681-32cf-4ebf-81f1-5c0839ec82d5,loss,FCK,,2795.76,1s_after_loss,compactness,10.7538,nearest-frame tracking context,medium
8cfdb681-32cf-4ebf-81f1-5c0839ec82d5,loss,FCK,,2795.76,1s_after_loss,avg_block_height,-33.586,nearest-frame tracking context,medium
8cfdb681-32cf-4ebf-81f1-5c0839ec82d5,loss,FCK,,2795.76,1s_after_loss,defensive_line_height,-39.2175,partial role-based,partial
8cfdb681-32cf-4ebf-81f1-5c0839ec82d5,recovery,FCK,,2795.76,at_regain,team_width,25.38,nearest-frame tracking context,medium
8cfdb681-32cf-4ebf-81f1-5c0839ec82d5,recovery,FCK,,2795.76,at_regain,team_depth,34.5,nearest-frame tracking context,medium
8cfdb681-32cf-4ebf-81f1-5c0839ec82d5,recovery,FCK,,2795.76,at_regain,compactness,10.7358,nearest-frame tracking context,medium
8cfdb681-32cf-4ebf-81f1-5c0839ec82d5,recovery,FCK,,2795.76,at_regain,avg_block_height,-33.875,nearest-frame tracking context,medium
8cfdb681-32cf-4ebf-81f1-5c0839ec82d5,recovery,FCK,,2795.76,at_regain,defensive_line_height,-40.4725,partial role-based,partial
8cfdb681-32cf-4ebf-81f1-5c0839ec82d5,recovery,FCK,T. Delaney,2798.8,at_regain,team_width,31.31,nearest-frame tracking context,medium
8cfdb681-32cf-4ebf-81f1-5c0839ec82d5,recovery,FCK,T. Delaney,2798.8,at_regain,team_depth,26.01,nearest-frame tracking context,medium
8cfdb681-32cf-4ebf-81f1-5c0839ec82d5,recovery,FCK,T. Delaney,2798.8,at_regain,compactness,11.7904,nearest-frame tracking context,medium
8cfdb681-32cf-4ebf-81f1-5c0839ec82d5,recovery,FCK,T. Delaney,2798.8,at_regain,avg_block_height,-30.668,nearest-frame tracking context,medium
8cfdb681-32cf-4ebf-81f1-5c0839ec82d5,recovery,FCK,T. Delaney,2798.8,at_regain,defensive_line_height,-35.9775,partial role-based,partial
8cfdb681-32cf-4ebf-81f1-5c0839ec82d5,loss,FCM,,2808.44,1s_after_loss,team_width,33.21,nearest-frame tracking context,medium
8cfdb681-32cf-4ebf-81f1-5c0839ec82d5,loss,FCM,,2808.44,1s_after_loss,team_depth,40.97,nearest-frame tracking context,medium
8cfdb681-32cf-4ebf-81f1-5c0839ec82d5,loss,FCM,,2808.44,1s_after_loss,compactness,15.0865,nearest-frame tracking context,medium
8cfdb681-32cf-4ebf-81f1-5c0839ec82d5,loss,FCM,,2808.44,1s_after_loss,avg_block_height,11.373,nearest-frame tracking context,medium
8cfdb681-32cf-4ebf-81f1-5c0839ec82d5,loss,FCM,,2808.44,1s_after_loss,defensive_line_height,1.6675,partial role-based,partial
8cfdb681-32cf-4ebf-81f1-5c0839ec82d5,loss,FCK,,2810.4,1s_after_loss,team_width,30.54,nearest-frame tracking context,medium
8cfdb681-32cf-4ebf-81f1-5c0839ec82d5,loss,FCK,,2810.4,1s_after_loss,team_depth,31.98,nearest-frame tracking context,medium
8cfdb681-32cf-4ebf-81f1-5c0839ec82d5,loss,FCK,,2810.4,1s_after_loss,compactness,13.3376,nearest-frame tracking context,medium
8cfdb681-32cf-4ebf-81f1-5c0839ec82d5,loss,FCK,,2810.4,1s_after_loss,avg_block_height,-26.768,nearest-frame tracking context,medium
8cfdb681-32cf-4ebf-81f1-5c0839ec82d5,loss,FCK,,2810.4,1s_after_loss,defensive_line_height,-34.5675,partial role-based,partial
8cfdb681-32cf-4ebf-81f1-5c0839ec82d5,recovery,FCM,O. Diao,2836.68,at_regain,team_width,36.64,nearest-frame tracking context,medium
8cfdb681-32cf-4ebf-81f1-5c0839ec82d5,recovery,FCM,O. Diao,2836.68,at_regain,team_depth,29.63,nearest-frame tracking context,medium
8cfdb681-32cf-4ebf-81f1-5c0839ec82d5,recovery,FCM,O. Diao,2836.68,at_regain,compactness,13.0258,nearest-frame tracking context,medium
8cfdb681-32cf-4ebf-81f1-5c0839ec82d5,recovery,FCM,O. Diao,2836.68,at_regain,avg_block_height,38.083,nearest-frame tracking context,medium
8cfdb681-32cf-4ebf-81f1-5c0839ec82d5,recovery,FCM,O. Diao,2836.68,at_regain,defensive_line_height,37.7575,partial role-based,partial
8cfdb681-32cf-4ebf-81f1-5c0839ec82d5,loss,FCM,A. Simsir,2845.52,1s_after_loss,team_width,37.77,nearest-frame tracking context,medium
8cfdb681-32cf-4ebf-81f1-5c0839ec82d5,loss,FCM,A. Simsir,2845.52,1s_after_loss,team_depth,33.76,nearest-frame tracking context,medium
8cfdb681-32cf-4ebf-81f1-5c0839ec82d5,loss,FCM,A. Simsir,2845.52,1s_after_loss,compactness,15.3485,nearest-frame tracking context,medium
8cfdb681-32cf-4ebf-81f1-5c0839ec82d5,loss,FCM,A. Simsir,2845.52,1s_after_loss,avg_block_height,23.293,nearest-frame tracking context,medium
8cfdb681-32cf-4ebf-81f1-5c0839ec82d5,loss,FCM,A. Simsir,2845.52,1s_after_loss,defensive_line_height,23.1775,partial role-based,partial
8cfdb681-32cf-4ebf-81f1-5c0839ec82d5,loss,FCM,,2874.56,1s_after_loss,team_width,38.47,nearest-frame tracking context,medium
8cfdb681-32cf-4ebf-81f1-5c0839ec82d5,loss,FCM,,2874.56,1s_after_loss,team_depth,29.02,nearest-frame tracking context,medium
8cfdb681-32cf-4ebf-81f1-5c0839ec82d5,loss,FCM,,2874.56,1s_after_loss,compactness,11.9282,nearest-frame tracking context,medium
8cfdb681-32cf-4ebf-81f1-5c0839ec82d5,loss,FCM,,2874.56,1s_after_loss,avg_block_height,44.281,nearest-frame tracking context,medium
8cfdb681-32cf-4ebf-81f1-5c0839ec82d5,loss,FCM,,2874.56,1s_after_loss,defensive_line_height,43.4,partial role-based,partial
8cfdb681-32cf-4ebf-81f1-5c0839ec82d5,loss,FCM,,2880.6,1s_after_loss,team_width,33.94,nearest-frame tracking context,medium
8cfdb681-32cf-4ebf-81f1-5c0839ec82d5,loss,FCM,,2880.6,1s_after_loss,team_depth,20.73,nearest-frame tracking context,medium
8cfdb681-32cf-4ebf-81f1-5c0839ec82d5,loss,FCM,,2880.6,1s_after_loss,compactness,12.3871,nearest-frame tracking context,medium
8cfdb681-32cf-4ebf-81f1-5c0839ec82d5,loss,FCM,,2880.6,1s_after_loss,avg_block_height,32.291,nearest-frame tracking context,medium
8cfdb681-32cf-4ebf-81f1-5c0839ec82d5,loss,FCM,,2880.6,1s_after_loss,defensive_line_height,32.17,partial role-based,partial
8cfdb681-32cf-4ebf-81f1-5c0839ec82d5,loss,FCM,D. Osorio,2882.88,1s_after_loss,team_width,35.15,nearest-frame tracking context,medium
8cfdb681-32cf-4ebf-81f1-5c0839ec82d5,loss,FCM,D. Osorio,2882.88,1s_after_loss,team_depth,24.93,nearest-frame tracking context,medium
8cfdb681-32cf-4ebf-81f1-5c0839ec82d5,loss,FCM,D. Osorio,2882.88,1s_after_loss,compactness,13.7176,nearest-frame tracking context,medium
8cfdb681-32cf-4ebf-81f1-5c0839ec82d5,loss,FCM,D. Osorio,2882.88,1s_after_loss,avg_block_height,32.305,nearest-frame tracking context,medium
8cfdb681-32cf-4ebf-81f1-5c0839ec82d5,loss,FCM,D. Osorio,2882.88,1s_after_loss,defensive_line_height,30.68,partial role-based,partial
8cfdb681-32cf-4ebf-81f1-5c0839ec82d5,loss,FCM,,2885.28,1s_after_loss,team_width,34.68,nearest-frame tracking context,medium
8cfdb681-32cf-4ebf-81f1-5c0839ec82d5,loss,FCM,,2885.28,1s_after_loss,team_depth,34.16,nearest-frame tracking context,medium
8cfdb681-32cf-4ebf-81f1-5c0839ec82d5,loss,FCM,,2885.28,1s_after_loss,compactness,13.8729,nearest-frame tracking context,medium
8cfdb681-32cf-4ebf-81f1-5c0839ec82d5,loss,FCM,,2885.28,1s_after_loss,avg_block_height,37.064,nearest-frame tracking context,medium
8cfdb681-32cf-4ebf-81f1-5c0839ec82d5,loss,FCM,,2885.28,1s_after_loss,defensive_line_height,34.3725,partial role-based,partial
8cfdb681-32cf-4ebf-81f1-5c0839ec82d5,loss,FCK,,2886.64,1s_after_loss,team_width,31,nearest-frame tracking context,medium
8cfdb681-32cf-4ebf-81f1-5c0839ec82d5,loss,FCK,,2886.64,1s_after_loss,team_depth,13.06,nearest-frame tracking context,medium
8cfdb681-32cf-4ebf-81f1-5c0839ec82d5,loss,FCK,,2886.64,1s_after_loss,compactness,10.6903,nearest-frame tracking context,medium
8cfdb681-32cf-4ebf-81f1-5c0839ec82d5,loss,FCK,,2886.64,1s_after_loss,avg_block_height,-44.956,nearest-frame tracking context,medium
8cfdb681-32cf-4ebf-81f1-5c0839ec82d5,loss,FCK,,2886.64,1s_after_loss,defensive_line_height,-47.87,partial role-based,partial
8cfdb681-32cf-4ebf-81f1-5c0839ec82d5,loss,FCK,,2886.64,1s_after_loss,team_width,31,nearest-frame tracking context,medium
8cfdb681-32cf-4ebf-81f1-5c0839ec82d5,loss,FCK,,2886.64,1s_after_loss,team_depth,13.06,nearest-frame tracking context,medium
8cfdb681-32cf-4ebf-81f1-5c0839ec82d5,loss,FCK,,2886.64,1s_after_loss,compactness,10.6903,nearest-frame tracking context,medium
8cfdb681-32cf-4ebf-81f1-5c0839ec82d5,loss,FCK,,2886.64,1s_after_loss,avg_block_height,-44.956,nearest-frame tracking context,medium
8cfdb681-32cf-4ebf-81f1-5c0839ec82d5,loss,FCK,,2886.64,1s_after_loss,defensive_line_height,-47.87,partial role-based,partial
8cfdb681-32cf-4ebf-81f1-5c0839ec82d5,loss,FCK,E. Achouri,2891.68,1s_after_loss,team_width,37.51,nearest-frame tracking context,medium
8cfdb681-32cf-4ebf-81f1-5c0839ec82d5,loss,FCK,E. Achouri,2891.68,1s_after_loss,team_depth,21.94,nearest-frame tracking context,medium
8cfdb681-32cf-4ebf-81f1-5c0839ec82d5,loss,FCK,E. Achouri,2891.68,1s_after_loss,compactness,14.7704,nearest-frame tracking context,medium
8cfdb681-32cf-4ebf-81f1-5c0839ec82d5,loss,FCK,E. Achouri,2891.68,1s_after_loss,avg_block_height,-29.223,nearest-frame tracking context,medium
8cfdb681-32cf-4ebf-81f1-5c0839ec82d5,loss,FCK,E. Achouri,2891.68,1s_after_loss,defensive_line_height,-35.86,partial role-based,partial
8cfdb681-32cf-4ebf-81f1-5c0839ec82d5,recovery,FCM,,2893.84,at_regain,team_width,33.8,nearest-frame tracking context,medium
8cfdb681-32cf-4ebf-81f1-5c0839ec82d5,recovery,FCM,,2893.84,at_regain,team_depth,33.47,nearest-frame tracking context,medium
8cfdb681-32cf-4ebf-81f1-5c0839ec82d5,recovery,FCM,,2893.84,at_regain,compactness,13.8969,nearest-frame tracking context,medium
8cfdb681-32cf-4ebf-81f1-5c0839ec82d5,recovery,FCM,,2893.84,at_regain,avg_block_height,20.519,nearest-frame tracking context,medium
8cfdb681-32cf-4ebf-81f1-5c0839ec82d5,recovery,FCM,,2893.84,at_regain,defensive_line_height,13.495,partial role-based,partial
8cfdb681-32cf-4ebf-81f1-5c0839ec82d5,recovery,FCM,K. Mbabu,2899.28,at_regain,team_width,28.29,nearest-frame tracking context,medium
8cfdb681-32cf-4ebf-81f1-5c0839ec82d5,recovery,FCM,K. Mbabu,2899.28,at_regain,team_depth,37.28,nearest-frame tracking context,medium
8cfdb681-32cf-4ebf-81f1-5c0839ec82d5,recovery,FCM,K. Mbabu,2899.28,at_regain,compactness,13.858,nearest-frame tracking context,medium
8cfdb681-32cf-4ebf-81f1-5c0839ec82d5,recovery,FCM,K. Mbabu,2899.28,at_regain,avg_block_height,23.655,nearest-frame tracking context,medium
8cfdb681-32cf-4ebf-81f1-5c0839ec82d5,recovery,FCM,K. Mbabu,2899.28,at_regain,defensive_line_height,14.345,partial role-based,partial
8cfdb681-32cf-4ebf-81f1-5c0839ec82d5,loss,FCM,,2899.28,1s_after_loss,team_width,29.01,nearest-frame tracking context,medium
8cfdb681-32cf-4ebf-81f1-5c0839ec82d5,loss,FCM,,2899.28,1s_after_loss,team_depth,41.69,nearest-frame tracking context,medium
8cfdb681-32cf-4ebf-81f1-5c0839ec82d5,loss,FCM,,2899.28,1s_after_loss,compactness,14.3444,nearest-frame tracking context,medium
8cfdb681-32cf-4ebf-81f1-5c0839ec82d5,loss,FCM,,2899.28,1s_after_loss,avg_block_height,25.392,nearest-frame tracking context,medium
8cfdb681-32cf-4ebf-81f1-5c0839ec82d5,loss,FCM,,2899.28,1s_after_loss,defensive_line_height,15.445,partial role-based,partial
8cfdb681-32cf-4ebf-81f1-5c0839ec82d5,loss,FCK,G. Onugkha,2944.84,1s_after_loss,team_width,38.15,nearest-frame tracking context,medium
8cfdb681-32cf-4ebf-81f1-5c0839ec82d5,loss,FCK,G. Onugkha,2944.84,1s_after_loss,team_depth,31.22,nearest-frame tracking context,medium
8cfdb681-32cf-4ebf-81f1-5c0839ec82d5,loss,FCK,G. Onugkha,2944.84,1s_after_loss,compactness,14.2573,nearest-frame tracking context,medium
8cfdb681-32cf-4ebf-81f1-5c0839ec82d5,loss,FCK,G. Onugkha,2944.84,1s_after_loss,avg_block_height,-10.522,nearest-frame tracking context,medium
8cfdb681-32cf-4ebf-81f1-5c0839ec82d5,loss,FCK,G. Onugkha,2944.84,1s_after_loss,defensive_line_height,-19.62,partial role-based,partial
8cfdb681-32cf-4ebf-81f1-5c0839ec82d5,loss,FCK,,2965.32,1s_after_loss,team_width,37.22,nearest-frame tracking context,medium
8cfdb681-32cf-4ebf-81f1-5c0839ec82d5,loss,FCK,,2965.32,1s_after_loss,team_depth,37.86,nearest-frame tracking context,medium
8cfdb681-32cf-4ebf-81f1-5c0839ec82d5,loss,FCK,,2965.32,1s_after_loss,compactness,14.775,nearest-frame tracking context,medium
8cfdb681-32cf-4ebf-81f1-5c0839ec82d5,loss,FCK,,2965.32,1s_after_loss,avg_block_height,19.962,nearest-frame tracking context,medium
8cfdb681-32cf-4ebf-81f1-5c0839ec82d5,loss,FCK,,2965.32,1s_after_loss,defensive_line_height,9.865,partial role-based,partial
8cfdb681-32cf-4ebf-81f1-5c0839ec82d5,loss,FCK,,2965.32,1s_after_loss,team_width,37.22,nearest-frame tracking context,medium
8cfdb681-32cf-4ebf-81f1-5c0839ec82d5,loss,FCK,,2965.32,1s_after_loss,team_depth,37.86,nearest-frame tracking context,medium
8cfdb681-32cf-4ebf-81f1-5c0839ec82d5,loss,FCK,,2965.32,1s_after_loss,compactness,14.775,nearest-frame tracking context,medium
8cfdb681-32cf-4ebf-81f1-5c0839ec82d5,loss,FCK,,2965.32,1s_after_loss,avg_block_height,19.962,nearest-frame tracking context,medium
8cfdb681-32cf-4ebf-81f1-5c0839ec82d5,loss,FCK,,2965.32,1s_after_loss,defensive_line_height,9.865,partial role-based,partial
8cfdb681-32cf-4ebf-81f1-5c0839ec82d5,loss,FCM,,2967.56,1s_after_loss,team_width,25,nearest-frame tracking context,medium
8cfdb681-32cf-4ebf-81f1-5c0839ec82d5,loss,FCM,,2967.56,1s_after_loss,team_depth,27.95,nearest-frame tracking context,medium
8cfdb681-32cf-4ebf-81f1-5c0839ec82d5,loss,FCM,,2967.56,1s_after_loss,compactness,10.0913,nearest-frame tracking context,medium
8cfdb681-32cf-4ebf-81f1-5c0839ec82d5,loss,FCM,,2967.56,1s_after_loss,avg_block_height,-28.971,nearest-frame tracking context,medium
8cfdb681-32cf-4ebf-81f1-5c0839ec82d5,loss,FCM,,2967.56,1s_after_loss,defensive_line_height,-36.7925,partial role-based,partial
8cfdb681-32cf-4ebf-81f1-5c0839ec82d5,loss,FCM,,2971.56,1s_after_loss,team_width,42.02,nearest-frame tracking context,medium
8cfdb681-32cf-4ebf-81f1-5c0839ec82d5,loss,FCM,,2971.56,1s_after_loss,team_depth,38.91,nearest-frame tracking context,medium
8cfdb681-32cf-4ebf-81f1-5c0839ec82d5,loss,FCM,,2971.56,1s_after_loss,compactness,16.4384,nearest-frame tracking context,medium
8cfdb681-32cf-4ebf-81f1-5c0839ec82d5,loss,FCM,,2971.56,1s_after_loss,avg_block_height,-23.829,nearest-frame tracking context,medium
8cfdb681-32cf-4ebf-81f1-5c0839ec82d5,loss,FCM,,2971.56,1s_after_loss,defensive_line_height,-35.9925,partial role-based,partial
8cfdb681-32cf-4ebf-81f1-5c0839ec82d5,recovery,FCM,M. Bech,2971.72,at_regain,team_width,39.27,nearest-frame tracking context,medium
8cfdb681-32cf-4ebf-81f1-5c0839ec82d5,recovery,FCM,M. Bech,2971.72,at_regain,team_depth,37.95,nearest-frame tracking context,medium
8cfdb681-32cf-4ebf-81f1-5c0839ec82d5,recovery,FCM,M. Bech,2971.72,at_regain,compactness,15.2491,nearest-frame tracking context,medium
8cfdb681-32cf-4ebf-81f1-5c0839ec82d5,recovery,FCM,M. Bech,2971.72,at_regain,avg_block_height,-25.15,nearest-frame tracking context,medium
8cfdb681-32cf-4ebf-81f1-5c0839ec82d5,recovery,FCM,M. Bech,2971.72,at_regain,defensive_line_height,-36.62,partial role-based,partial
8cfdb681-32cf-4ebf-81f1-5c0839ec82d5,loss,FCK,,2976.28,1s_after_loss,team_width,31.59,nearest-frame tracking context,medium
8cfdb681-32cf-4ebf-81f1-5c0839ec82d5,loss,FCK,,2976.28,1s_after_loss,team_depth,42.88,nearest-frame tracking context,medium
8cfdb681-32cf-4ebf-81f1-5c0839ec82d5,loss,FCK,,2976.28,1s_after_loss,compactness,16.0156,nearest-frame tracking context,medium
8cfdb681-32cf-4ebf-81f1-5c0839ec82d5,loss,FCK,,2976.28,1s_after_loss,avg_block_height,4.422,nearest-frame tracking context,medium
8cfdb681-32cf-4ebf-81f1-5c0839ec82d5,loss,FCK,,2976.28,1s_after_loss,defensive_line_height,-8.22,partial role-based,partial
8cfdb681-32cf-4ebf-81f1-5c0839ec82d5,recovery,FCK,P. Hatzidiakos,2976.56,at_regain,team_width,30.91,nearest-frame tracking context,medium
8cfdb681-32cf-4ebf-81f1-5c0839ec82d5,recovery,FCK,P. Hatzidiakos,2976.56,at_regain,team_depth,43.83,nearest-frame tracking context,medium
8cfdb681-32cf-4ebf-81f1-5c0839ec82d5,recovery,FCK,P. Hatzidiakos,2976.56,at_regain,compactness,16.2123,nearest-frame tracking context,medium
8cfdb681-32cf-4ebf-81f1-5c0839ec82d5,recovery,FCK,P. Hatzidiakos,2976.56,at_regain,avg_block_height,5.67,nearest-frame tracking context,medium
8cfdb681-32cf-4ebf-81f1-5c0839ec82d5,recovery,FCK,P. Hatzidiakos,2976.56,at_regain,defensive_line_height,-7.67,partial role-based,partial
8cfdb681-32cf-4ebf-81f1-5c0839ec82d5,recovery,FCM,J. Andersson,2983.72,at_regain,team_width,36.55,nearest-frame tracking context,medium
8cfdb681-32cf-4ebf-81f1-5c0839ec82d5,recovery,FCM,J. Andersson,2983.72,at_regain,team_depth,42.92,nearest-frame tracking context,medium
8cfdb681-32cf-4ebf-81f1-5c0839ec82d5,recovery,FCM,J. Andersson,2983.72,at_regain,compactness,19.391,nearest-frame tracking context,medium
8cfdb681-32cf-4ebf-81f1-5c0839ec82d5,recovery,FCM,J. Andersson,2983.72,at_regain,avg_block_height,-17.349,nearest-frame tracking context,medium
8cfdb681-32cf-4ebf-81f1-5c0839ec82d5,recovery,FCM,J. Andersson,2983.72,at_regain,defensive_line_height,-33.8775,partial role-based,partial
8cfdb681-32cf-4ebf-81f1-5c0839ec82d5,loss,FCM,,2984.56,1s_after_loss,team_width,39.17,nearest-frame tracking context,medium
8cfdb681-32cf-4ebf-81f1-5c0839ec82d5,loss,FCM,,2984.56,1s_after_loss,team_depth,38.45,nearest-frame tracking context,medium
8cfdb681-32cf-4ebf-81f1-5c0839ec82d5,loss,FCM,,2984.56,1s_after_loss,compactness,18.8446,nearest-frame tracking context,medium
8cfdb681-32cf-4ebf-81f1-5c0839ec82d5,loss,FCM,,2984.56,1s_after_loss,avg_block_height,-17.063,nearest-frame tracking context,medium
8cfdb681-32cf-4ebf-81f1-5c0839ec82d5,loss,FCM,,2984.56,1s_after_loss,defensive_line_height,-32.1625,partial role-based,partial
8cfdb681-32cf-4ebf-81f1-5c0839ec82d5,loss,FCK,,2987.76,1s_after_loss,team_width,30.02,nearest-frame tracking context,medium
8cfdb681-32cf-4ebf-81f1-5c0839ec82d5,loss,FCK,,2987.76,1s_after_loss,team_depth,37.14,nearest-frame tracking context,medium
8cfdb681-32cf-4ebf-81f1-5c0839ec82d5,loss,FCK,,2987.76,1s_after_loss,compactness,14.3299,nearest-frame tracking context,medium
8cfdb681-32cf-4ebf-81f1-5c0839ec82d5,loss,FCK,,2987.76,1s_after_loss,avg_block_height,10.01,nearest-frame tracking context,medium
8cfdb681-32cf-4ebf-81f1-5c0839ec82d5,loss,FCK,,2987.76,1s_after_loss,defensive_line_height,-0.3175,partial role-based,partial
8cfdb681-32cf-4ebf-81f1-5c0839ec82d5,loss,FCK,M. Elyounoussi,2995.44,1s_after_loss,team_width,34.48,nearest-frame tracking context,medium
8cfdb681-32cf-4ebf-81f1-5c0839ec82d5,loss,FCK,M. Elyounoussi,2995.44,1s_after_loss,team_depth,35.32,nearest-frame tracking context,medium
8cfdb681-32cf-4ebf-81f1-5c0839ec82d5,loss,FCK,M. Elyounoussi,2995.44,1s_after_loss,compactness,15.8065,nearest-frame tracking context,medium
8cfdb681-32cf-4ebf-81f1-5c0839ec82d5,loss,FCK,M. Elyounoussi,2995.44,1s_after_loss,avg_block_height,11.873,nearest-frame tracking context,medium
8cfdb681-32cf-4ebf-81f1-5c0839ec82d5,loss,FCK,M. Elyounoussi,2995.44,1s_after_loss,defensive_line_height,0.265,partial role-based,partial
8cfdb681-32cf-4ebf-81f1-5c0839ec82d5,loss,FCK,,2995.76,1s_after_loss,team_width,34.54,nearest-frame tracking context,medium
8cfdb681-32cf-4ebf-81f1-5c0839ec82d5,loss,FCK,,2995.76,1s_after_loss,team_depth,35.76,nearest-frame tracking context,medium
8cfdb681-32cf-4ebf-81f1-5c0839ec82d5,loss,FCK,,2995.76,1s_after_loss,compactness,15.9509,nearest-frame tracking context,medium
8cfdb681-32cf-4ebf-81f1-5c0839ec82d5,loss,FCK,,2995.76,1s_after_loss,avg_block_height,11.182,nearest-frame tracking context,medium
8cfdb681-32cf-4ebf-81f1-5c0839ec82d5,loss,FCK,,2995.76,1s_after_loss,defensive_line_height,-0.3225,partial role-based,partial
8cfdb681-32cf-4ebf-81f1-5c0839ec82d5,recovery,FCM,,2997.48,at_regain,team_width,30.31,nearest-frame tracking context,medium
8cfdb681-32cf-4ebf-81f1-5c0839ec82d5,recovery,FCM,,2997.48,at_regain,team_depth,24.64,nearest-frame tracking context,medium
8cfdb681-32cf-4ebf-81f1-5c0839ec82d5,recovery,FCM,,2997.48,at_regain,compactness,12.4276,nearest-frame tracking context,medium
8cfdb681-32cf-4ebf-81f1-5c0839ec82d5,recovery,FCM,,2997.48,at_regain,avg_block_height,-14.123,nearest-frame tracking context,medium
8cfdb681-32cf-4ebf-81f1-5c0839ec82d5,recovery,FCM,,2997.48,at_regain,defensive_line_height,-23.315,partial role-based,partial
8cfdb681-32cf-4ebf-81f1-5c0839ec82d5,loss,FCM,,2997.48,1s_after_loss,team_width,31.04,nearest-frame tracking context,medium
8cfdb681-32cf-4ebf-81f1-5c0839ec82d5,loss,FCM,,2997.48,1s_after_loss,team_depth,25.15,nearest-frame tracking context,medium
8cfdb681-32cf-4ebf-81f1-5c0839ec82d5,loss,FCM,,2997.48,1s_after_loss,compactness,13.0786,nearest-frame tracking context,medium
8cfdb681-32cf-4ebf-81f1-5c0839ec82d5,loss,FCM,,2997.48,1s_after_loss,avg_block_height,-9.757,nearest-frame tracking context,medium
8cfdb681-32cf-4ebf-81f1-5c0839ec82d5,loss,FCM,,2997.48,1s_after_loss,defensive_line_height,-19.885,partial role-based,partial
8cfdb681-32cf-4ebf-81f1-5c0839ec82d5,loss,FCK,,3004.72,1s_after_loss,team_width,29.01,nearest-frame tracking context,medium
8cfdb681-32cf-4ebf-81f1-5c0839ec82d5,loss,FCK,,3004.72,1s_after_loss,team_depth,63.11,nearest-frame tracking context,medium
8cfdb681-32cf-4ebf-81f1-5c0839ec82d5,loss,FCK,,3004.72,1s_after_loss,compactness,21.9226,nearest-frame tracking context,medium
8cfdb681-32cf-4ebf-81f1-5c0839ec82d5,loss,FCK,,3004.72,1s_after_loss,avg_block_height,-26.64,nearest-frame tracking context,medium
8cfdb681-32cf-4ebf-81f1-5c0839ec82d5,loss,FCK,,3004.72,1s_after_loss,defensive_line_height,-42.015,partial role-based,partial
8cfdb681-32cf-4ebf-81f1-5c0839ec82d5,loss,FCM,,3027.2,1s_after_loss,team_width,37.77,nearest-frame tracking context,medium
8cfdb681-32cf-4ebf-81f1-5c0839ec82d5,loss,FCM,,3027.2,1s_after_loss,team_depth,28.47,nearest-frame tracking context,medium
8cfdb681-32cf-4ebf-81f1-5c0839ec82d5,loss,FCM,,3027.2,1s_after_loss,compactness,12.369,nearest-frame tracking context,medium
8cfdb681-32cf-4ebf-81f1-5c0839ec82d5,loss,FCM,,3027.2,1s_after_loss,avg_block_height,41.999,nearest-frame tracking context,medium
8cfdb681-32cf-4ebf-81f1-5c0839ec82d5,loss,FCM,,3027.2,1s_after_loss,defensive_line_height,40.775,partial role-based,partial
8cfdb681-32cf-4ebf-81f1-5c0839ec82d5,recovery,FCM,A. Simsir,3029.04,at_regain,team_width,33.84,nearest-frame tracking context,medium
8cfdb681-32cf-4ebf-81f1-5c0839ec82d5,recovery,FCM,A. Simsir,3029.04,at_regain,team_depth,27.6,nearest-frame tracking context,medium
8cfdb681-32cf-4ebf-81f1-5c0839ec82d5,recovery,FCM,A. Simsir,3029.04,at_regain,compactness,12.2533,nearest-frame tracking context,medium
8cfdb681-32cf-4ebf-81f1-5c0839ec82d5,recovery,FCM,A. Simsir,3029.04,at_regain,avg_block_height,41.364,nearest-frame tracking context,medium
8cfdb681-32cf-4ebf-81f1-5c0839ec82d5,recovery,FCM,A. Simsir,3029.04,at_regain,defensive_line_height,40.7375,partial role-based,partial
8cfdb681-32cf-4ebf-81f1-5c0839ec82d5,recovery,FCK,N. Trott,3054.72,at_regain,team_width,56.76,nearest-frame tracking context,medium
8cfdb681-32cf-4ebf-81f1-5c0839ec82d5,recovery,FCK,N. Trott,3054.72,at_regain,team_depth,45.11,nearest-frame tracking context,medium
8cfdb681-32cf-4ebf-81f1-5c0839ec82d5,recovery,FCK,N. Trott,3054.72,at_regain,compactness,22.8362,nearest-frame tracking context,medium
8cfdb681-32cf-4ebf-81f1-5c0839ec82d5,recovery,FCK,N. Trott,3054.72,at_regain,avg_block_height,-21.912,nearest-frame tracking context,medium
8cfdb681-32cf-4ebf-81f1-5c0839ec82d5,recovery,FCK,N. Trott,3054.72,at_regain,defensive_line_height,-32.24,partial role-based,partial
8cfdb681-32cf-4ebf-81f1-5c0839ec82d5,loss,FCK,,3055.08,1s_after_loss,team_width,56.53,nearest-frame tracking context,medium
8cfdb681-32cf-4ebf-81f1-5c0839ec82d5,loss,FCK,,3055.08,1s_after_loss,team_depth,41.72,nearest-frame tracking context,medium
8cfdb681-32cf-4ebf-81f1-5c0839ec82d5,loss,FCK,,3055.08,1s_after_loss,compactness,22.3932,nearest-frame tracking context,medium
8cfdb681-32cf-4ebf-81f1-5c0839ec82d5,loss,FCK,,3055.08,1s_after_loss,avg_block_height,-20.86,nearest-frame tracking context,medium
8cfdb681-32cf-4ebf-81f1-5c0839ec82d5,loss,FCK,,3055.08,1s_after_loss,defensive_line_height,-30.05,partial role-based,partial
8cfdb681-32cf-4ebf-81f1-5c0839ec82d5,loss,FCM,,3057.56,1s_after_loss,team_width,45.26,nearest-frame tracking context,medium
8cfdb681-32cf-4ebf-81f1-5c0839ec82d5,loss,FCM,,3057.56,1s_after_loss,team_depth,39.33,nearest-frame tracking context,medium
8cfdb681-32cf-4ebf-81f1-5c0839ec82d5,loss,FCM,,3057.56,1s_after_loss,compactness,19.2175,nearest-frame tracking context,medium
8cfdb681-32cf-4ebf-81f1-5c0839ec82d5,loss,FCM,,3057.56,1s_after_loss,avg_block_height,17.118,nearest-frame tracking context,medium
8cfdb681-32cf-4ebf-81f1-5c0839ec82d5,loss,FCM,,3057.56,1s_after_loss,defensive_line_height,4.62,partial role-based,partial
8cfdb681-32cf-4ebf-81f1-5c0839ec82d5,loss,FCK,,3073.28,1s_after_loss,team_width,36.09,nearest-frame tracking context,medium
8cfdb681-32cf-4ebf-81f1-5c0839ec82d5,loss,FCK,,3073.28,1s_after_loss,team_depth,35.63,nearest-frame tracking context,medium
8cfdb681-32cf-4ebf-81f1-5c0839ec82d5,loss,FCK,,3073.28,1s_after_loss,compactness,14.2126,nearest-frame tracking context,medium
8cfdb681-32cf-4ebf-81f1-5c0839ec82d5,loss,FCK,,3073.28,1s_after_loss,avg_block_height,-10.549,nearest-frame tracking context,medium
8cfdb681-32cf-4ebf-81f1-5c0839ec82d5,loss,FCK,,3073.28,1s_after_loss,defensive_line_height,-20.3125,partial role-based,partial
8cfdb681-32cf-4ebf-81f1-5c0839ec82d5,loss,FCK,,3073.28,1s_after_loss,team_width,36.09,nearest-frame tracking context,medium
8cfdb681-32cf-4ebf-81f1-5c0839ec82d5,loss,FCK,,3073.28,1s_after_loss,team_depth,35.63,nearest-frame tracking context,medium
8cfdb681-32cf-4ebf-81f1-5c0839ec82d5,loss,FCK,,3073.28,1s_after_loss,compactness,14.2126,nearest-frame tracking context,medium
8cfdb681-32cf-4ebf-81f1-5c0839ec82d5,loss,FCK,,3073.28,1s_after_loss,avg_block_height,-10.549,nearest-frame tracking context,medium
8cfdb681-32cf-4ebf-81f1-5c0839ec82d5,loss,FCK,,3073.28,1s_after_loss,defensive_line_height,-20.3125,partial role-based,partial
8cfdb681-32cf-4ebf-81f1-5c0839ec82d5,loss,FCM,,3074.8,1s_after_loss,team_width,25.73,nearest-frame tracking context,medium
8cfdb681-32cf-4ebf-81f1-5c0839ec82d5,loss,FCM,,3074.8,1s_after_loss,team_depth,35.54,nearest-frame tracking context,medium
8cfdb681-32cf-4ebf-81f1-5c0839ec82d5,loss,FCM,,3074.8,1s_after_loss,compactness,12.4487,nearest-frame tracking context,medium
8cfdb681-32cf-4ebf-81f1-5c0839ec82d5,loss,FCM,,3074.8,1s_after_loss,avg_block_height,-0.515,nearest-frame tracking context,medium
8cfdb681-32cf-4ebf-81f1-5c0839ec82d5,loss,FCM,,3074.8,1s_after_loss,defensive_line_height,-9.6725,partial role-based,partial
8cfdb681-32cf-4ebf-81f1-5c0839ec82d5,loss,FCK,G. Onugkha,3075.16,1s_after_loss,team_width,35.16,nearest-frame tracking context,medium
8cfdb681-32cf-4ebf-81f1-5c0839ec82d5,loss,FCK,G. Onugkha,3075.16,1s_after_loss,team_depth,32.99,nearest-frame tracking context,medium
8cfdb681-32cf-4ebf-81f1-5c0839ec82d5,loss,FCK,G. Onugkha,3075.16,1s_after_loss,compactness,14.6737,nearest-frame tracking context,medium
8cfdb681-32cf-4ebf-81f1-5c0839ec82d5,loss,FCK,G. Onugkha,3075.16,1s_after_loss,avg_block_height,-5.842,nearest-frame tracking context,medium
8cfdb681-32cf-4ebf-81f1-5c0839ec82d5,loss,FCK,G. Onugkha,3075.16,1s_after_loss,defensive_line_height,-16.185,partial role-based,partial
8cfdb681-32cf-4ebf-81f1-5c0839ec82d5,loss,FCM,,3077.44,1s_after_loss,team_width,28.83,nearest-frame tracking context,medium
8cfdb681-32cf-4ebf-81f1-5c0839ec82d5,loss,FCM,,3077.44,1s_after_loss,team_depth,42.05,nearest-frame tracking context,medium
8cfdb681-32cf-4ebf-81f1-5c0839ec82d5,loss,FCM,,3077.44,1s_after_loss,compactness,15.8733,nearest-frame tracking context,medium
8cfdb681-32cf-4ebf-81f1-5c0839ec82d5,loss,FCM,,3077.44,1s_after_loss,avg_block_height,-7.994,nearest-frame tracking context,medium
8cfdb681-32cf-4ebf-81f1-5c0839ec82d5,loss,FCM,,3077.44,1s_after_loss,defensive_line_height,-19.58,partial role-based,partial
8cfdb681-32cf-4ebf-81f1-5c0839ec82d5,loss,FCM,,3080.44,1s_after_loss,team_width,34.3,nearest-frame tracking context,medium
8cfdb681-32cf-4ebf-81f1-5c0839ec82d5,loss,FCM,,3080.44,1s_after_loss,team_depth,42.32,nearest-frame tracking context,medium
8cfdb681-32cf-4ebf-81f1-5c0839ec82d5,loss,FCM,,3080.44,1s_after_loss,compactness,17.0046,nearest-frame tracking context,medium
8cfdb681-32cf-4ebf-81f1-5c0839ec82d5,loss,FCM,,3080.44,1s_after_loss,avg_block_height,-12.609,nearest-frame tracking context,medium
8cfdb681-32cf-4ebf-81f1-5c0839ec82d5,loss,FCM,,3080.44,1s_after_loss,defensive_line_height,-25.005,partial role-based,partial
8cfdb681-32cf-4ebf-81f1-5c0839ec82d5,recovery,FCM,E. Olafsson,3080.48,at_regain,team_width,35.05,nearest-frame tracking context,medium
8cfdb681-32cf-4ebf-81f1-5c0839ec82d5,recovery,FCM,E. Olafsson,3080.48,at_regain,team_depth,43.88,nearest-frame tracking context,medium
8cfdb681-32cf-4ebf-81f1-5c0839ec82d5,recovery,FCM,E. Olafsson,3080.48,at_regain,compactness,17.5868,nearest-frame tracking context,medium
8cfdb681-32cf-4ebf-81f1-5c0839ec82d5,recovery,FCM,E. Olafsson,3080.48,at_regain,avg_block_height,-12.222,nearest-frame tracking context,medium
8cfdb681-32cf-4ebf-81f1-5c0839ec82d5,recovery,FCM,E. Olafsson,3080.48,at_regain,defensive_line_height,-24.665,partial role-based,partial
8cfdb681-32cf-4ebf-81f1-5c0839ec82d5,recovery,FCK,,3084.2,at_regain,team_width,25.66,nearest-frame tracking context,medium
8cfdb681-32cf-4ebf-81f1-5c0839ec82d5,recovery,FCK,,3084.2,at_regain,team_depth,42.21,nearest-frame tracking context,medium
8cfdb681-32cf-4ebf-81f1-5c0839ec82d5,recovery,FCK,,3084.2,at_regain,compactness,14.1141,nearest-frame tracking context,medium
8cfdb681-32cf-4ebf-81f1-5c0839ec82d5,recovery,FCK,,3084.2,at_regain,avg_block_height,0.516,nearest-frame tracking context,medium
8cfdb681-32cf-4ebf-81f1-5c0839ec82d5,recovery,FCK,,3084.2,at_regain,defensive_line_height,-10.545,partial role-based,partial
8cfdb681-32cf-4ebf-81f1-5c0839ec82d5,loss,FCK,,3101,1s_after_loss,team_width,54.42,nearest-frame tracking context,medium
8cfdb681-32cf-4ebf-81f1-5c0839ec82d5,loss,FCK,,3101,1s_after_loss,team_depth,30.38,nearest-frame tracking context,medium
8cfdb681-32cf-4ebf-81f1-5c0839ec82d5,loss,FCK,,3101,1s_after_loss,compactness,18.1513,nearest-frame tracking context,medium
8cfdb681-32cf-4ebf-81f1-5c0839ec82d5,loss,FCK,,3101,1s_after_loss,avg_block_height,3.779,nearest-frame tracking context,medium
8cfdb681-32cf-4ebf-81f1-5c0839ec82d5,loss,FCK,,3101,1s_after_loss,defensive_line_height,-4.1275,partial role-based,partial
8cfdb681-32cf-4ebf-81f1-5c0839ec82d5,loss,FCM,,3122.92,1s_after_loss,team_width,38.24,nearest-frame tracking context,medium
8cfdb681-32cf-4ebf-81f1-5c0839ec82d5,loss,FCM,,3122.92,1s_after_loss,team_depth,35.84,nearest-frame tracking context,medium
8cfdb681-32cf-4ebf-81f1-5c0839ec82d5,loss,FCM,,3122.92,1s_after_loss,compactness,15.8005,nearest-frame tracking context,medium
8cfdb681-32cf-4ebf-81f1-5c0839ec82d5,loss,FCM,,3122.92,1s_after_loss,avg_block_height,-11.447,nearest-frame tracking context,medium
8cfdb681-32cf-4ebf-81f1-5c0839ec82d5,loss,FCM,,3122.92,1s_after_loss,defensive_line_height,-22.1475,partial role-based,partial
8cfdb681-32cf-4ebf-81f1-5c0839ec82d5,loss,FCM,,3122.92,1s_after_loss,team_width,38.24,nearest-frame tracking context,medium
8cfdb681-32cf-4ebf-81f1-5c0839ec82d5,loss,FCM,,3122.92,1s_after_loss,team_depth,35.84,nearest-frame tracking context,medium
8cfdb681-32cf-4ebf-81f1-5c0839ec82d5,loss,FCM,,3122.92,1s_after_loss,compactness,15.8005,nearest-frame tracking context,medium
8cfdb681-32cf-4ebf-81f1-5c0839ec82d5,loss,FCM,,3122.92,1s_after_loss,avg_block_height,-11.447,nearest-frame tracking context,medium
8cfdb681-32cf-4ebf-81f1-5c0839ec82d5,loss,FCM,,3122.92,1s_after_loss,defensive_line_height,-22.1475,partial role-based,partial
8cfdb681-32cf-4ebf-81f1-5c0839ec82d5,loss,FCM,,3122.92,1s_after_loss,team_width,38.24,nearest-frame tracking context,medium
8cfdb681-32cf-4ebf-81f1-5c0839ec82d5,loss,FCM,,3122.92,1s_after_loss,team_depth,35.84,nearest-frame tracking context,medium
8cfdb681-32cf-4ebf-81f1-5c0839ec82d5,loss,FCM,,3122.92,1s_after_loss,compactness,15.8005,nearest-frame tracking context,medium
8cfdb681-32cf-4ebf-81f1-5c0839ec82d5,loss,FCM,,3122.92,1s_after_loss,avg_block_height,-11.447,nearest-frame tracking context,medium
8cfdb681-32cf-4ebf-81f1-5c0839ec82d5,loss,FCM,,3122.92,1s_after_loss,defensive_line_height,-22.1475,partial role-based,partial
8cfdb681-32cf-4ebf-81f1-5c0839ec82d5,loss,FCK,,3123.88,1s_after_loss,team_width,25.28,nearest-frame tracking context,medium
8cfdb681-32cf-4ebf-81f1-5c0839ec82d5,loss,FCK,,3123.88,1s_after_loss,team_depth,32.95,nearest-frame tracking context,medium
8cfdb681-32cf-4ebf-81f1-5c0839ec82d5,loss,FCK,,3123.88,1s_after_loss,compactness,11.8123,nearest-frame tracking context,medium
8cfdb681-32cf-4ebf-81f1-5c0839ec82d5,loss,FCK,,3123.88,1s_after_loss,avg_block_height,3.223,nearest-frame tracking context,medium
8cfdb681-32cf-4ebf-81f1-5c0839ec82d5,loss,FCK,,3123.88,1s_after_loss,defensive_line_height,-3.8375,partial role-based,partial
8cfdb681-32cf-4ebf-81f1-5c0839ec82d5,loss,FCM,J. Kuchta,3124.08,1s_after_loss,team_width,36.3,nearest-frame tracking context,medium
8cfdb681-32cf-4ebf-81f1-5c0839ec82d5,loss,FCM,J. Kuchta,3124.08,1s_after_loss,team_depth,33.47,nearest-frame tracking context,medium
8cfdb681-32cf-4ebf-81f1-5c0839ec82d5,loss,FCM,J. Kuchta,3124.08,1s_after_loss,compactness,14.7979,nearest-frame tracking context,medium
8cfdb681-32cf-4ebf-81f1-5c0839ec82d5,loss,FCM,J. Kuchta,3124.08,1s_after_loss,avg_block_height,-10.491,nearest-frame tracking context,medium
8cfdb681-32cf-4ebf-81f1-5c0839ec82d5,loss,FCM,J. Kuchta,3124.08,1s_after_loss,defensive_line_height,-20.345,partial role-based,partial
8cfdb681-32cf-4ebf-81f1-5c0839ec82d5,loss,FCK,,3124.12,1s_after_loss,team_width,25.02,nearest-frame tracking context,medium
8cfdb681-32cf-4ebf-81f1-5c0839ec82d5,loss,FCK,,3124.12,1s_after_loss,team_depth,32.62,nearest-frame tracking context,medium
8cfdb681-32cf-4ebf-81f1-5c0839ec82d5,loss,FCK,,3124.12,1s_after_loss,compactness,11.7439,nearest-frame tracking context,medium
8cfdb681-32cf-4ebf-81f1-5c0839ec82d5,loss,FCK,,3124.12,1s_after_loss,avg_block_height,3.071,nearest-frame tracking context,medium
8cfdb681-32cf-4ebf-81f1-5c0839ec82d5,loss,FCK,,3124.12,1s_after_loss,defensive_line_height,-4.0375,partial role-based,partial
8cfdb681-32cf-4ebf-81f1-5c0839ec82d5,loss,FCK,E. Achouri,3125.04,1s_after_loss,team_width,25.15,nearest-frame tracking context,medium
8cfdb681-32cf-4ebf-81f1-5c0839ec82d5,loss,FCK,E. Achouri,3125.04,1s_after_loss,team_depth,31.24,nearest-frame tracking context,medium
8cfdb681-32cf-4ebf-81f1-5c0839ec82d5,loss,FCK,E. Achouri,3125.04,1s_after_loss,compactness,11.6086,nearest-frame tracking context,medium
8cfdb681-32cf-4ebf-81f1-5c0839ec82d5,loss,FCK,E. Achouri,3125.04,1s_after_loss,avg_block_height,2.814,nearest-frame tracking context,medium
8cfdb681-32cf-4ebf-81f1-5c0839ec82d5,loss,FCK,E. Achouri,3125.04,1s_after_loss,defensive_line_height,-4.3375,partial role-based,partial
8cfdb681-32cf-4ebf-81f1-5c0839ec82d5,loss,FCK,,3125.04,1s_after_loss,team_width,25.15,nearest-frame tracking context,medium
8cfdb681-32cf-4ebf-81f1-5c0839ec82d5,loss,FCK,,3125.04,1s_after_loss,team_depth,31.24,nearest-frame tracking context,medium
8cfdb681-32cf-4ebf-81f1-5c0839ec82d5,loss,FCK,,3125.04,1s_after_loss,compactness,11.6086,nearest-frame tracking context,medium
8cfdb681-32cf-4ebf-81f1-5c0839ec82d5,loss,FCK,,3125.04,1s_after_loss,avg_block_height,2.814,nearest-frame tracking context,medium
8cfdb681-32cf-4ebf-81f1-5c0839ec82d5,loss,FCK,,3125.04,1s_after_loss,defensive_line_height,-4.3375,partial role-based,partial
8cfdb681-32cf-4ebf-81f1-5c0839ec82d5,recovery,FCK,,3125.04,at_regain,team_width,25.09,nearest-frame tracking context,medium
8cfdb681-32cf-4ebf-81f1-5c0839ec82d5,recovery,FCK,,3125.04,at_regain,team_depth,32.73,nearest-frame tracking context,medium
8cfdb681-32cf-4ebf-81f1-5c0839ec82d5,recovery,FCK,,3125.04,at_regain,compactness,11.7654,nearest-frame tracking context,medium
8cfdb681-32cf-4ebf-81f1-5c0839ec82d5,recovery,FCK,,3125.04,at_regain,avg_block_height,3.119,nearest-frame tracking context,medium
8cfdb681-32cf-4ebf-81f1-5c0839ec82d5,recovery,FCK,,3125.04,at_regain,defensive_line_height,-3.98,partial role-based,partial
8cfdb681-32cf-4ebf-81f1-5c0839ec82d5,shot,FCM,M. Bech,3185,1s_before_shot,team_width,30.21,nearest-frame tracking context,medium
8cfdb681-32cf-4ebf-81f1-5c0839ec82d5,shot,FCM,M. Bech,3185,1s_before_shot,team_depth,29.33,nearest-frame tracking context,medium
8cfdb681-32cf-4ebf-81f1-5c0839ec82d5,shot,FCM,M. Bech,3185,1s_before_shot,compactness,10.9204,nearest-frame tracking context,medium
8cfdb681-32cf-4ebf-81f1-5c0839ec82d5,shot,FCM,M. Bech,3185,1s_before_shot,avg_block_height,37.756,nearest-frame tracking context,medium
8cfdb681-32cf-4ebf-81f1-5c0839ec82d5,shot,FCM,M. Bech,3185,1s_before_shot,defensive_line_height,35.6575,partial role-based,partial
8cfdb681-32cf-4ebf-81f1-5c0839ec82d5,loss,FCM,,3190.4,1s_after_loss,team_width,36.44,nearest-frame tracking context,medium
8cfdb681-32cf-4ebf-81f1-5c0839ec82d5,loss,FCM,,3190.4,1s_after_loss,team_depth,33.51,nearest-frame tracking context,medium
8cfdb681-32cf-4ebf-81f1-5c0839ec82d5,loss,FCM,,3190.4,1s_after_loss,compactness,13.6756,nearest-frame tracking context,medium
8cfdb681-32cf-4ebf-81f1-5c0839ec82d5,loss,FCM,,3190.4,1s_after_loss,avg_block_height,35.082,nearest-frame tracking context,medium
8cfdb681-32cf-4ebf-81f1-5c0839ec82d5,loss,FCM,,3190.4,1s_after_loss,defensive_line_height,34.1125,partial role-based,partial
8cfdb681-32cf-4ebf-81f1-5c0839ec82d5,shot,FCM,Franculino Dju,3191.52,1s_before_shot,team_width,35.4,nearest-frame tracking context,medium
8cfdb681-32cf-4ebf-81f1-5c0839ec82d5,shot,FCM,Franculino Dju,3191.52,1s_before_shot,team_depth,31.17,nearest-frame tracking context,medium
8cfdb681-32cf-4ebf-81f1-5c0839ec82d5,shot,FCM,Franculino Dju,3191.52,1s_before_shot,compactness,13.3434,nearest-frame tracking context,medium
8cfdb681-32cf-4ebf-81f1-5c0839ec82d5,shot,FCM,Franculino Dju,3191.52,1s_before_shot,avg_block_height,34.415,nearest-frame tracking context,medium
8cfdb681-32cf-4ebf-81f1-5c0839ec82d5,shot,FCM,Franculino Dju,3191.52,1s_before_shot,defensive_line_height,33.3525,partial role-based,partial
8cfdb681-32cf-4ebf-81f1-5c0839ec82d5,loss,FCK,,3193.48,1s_after_loss,team_width,19.96,nearest-frame tracking context,medium
8cfdb681-32cf-4ebf-81f1-5c0839ec82d5,loss,FCK,,3193.48,1s_after_loss,team_depth,28.14,nearest-frame tracking context,medium
8cfdb681-32cf-4ebf-81f1-5c0839ec82d5,loss,FCK,,3193.48,1s_after_loss,compactness,9.8047,nearest-frame tracking context,medium
8cfdb681-32cf-4ebf-81f1-5c0839ec82d5,loss,FCK,,3193.48,1s_after_loss,avg_block_height,-41.549,nearest-frame tracking context,medium
8cfdb681-32cf-4ebf-81f1-5c0839ec82d5,loss,FCK,,3193.48,1s_after_loss,defensive_line_height,-45.87,partial role-based,partial
8cfdb681-32cf-4ebf-81f1-5c0839ec82d5,loss,FCK,,3217.68,1s_after_loss,team_width,56.29,nearest-frame tracking context,medium
8cfdb681-32cf-4ebf-81f1-5c0839ec82d5,loss,FCK,,3217.68,1s_after_loss,team_depth,37.18,nearest-frame tracking context,medium
8cfdb681-32cf-4ebf-81f1-5c0839ec82d5,loss,FCK,,3217.68,1s_after_loss,compactness,20.3274,nearest-frame tracking context,medium
8cfdb681-32cf-4ebf-81f1-5c0839ec82d5,loss,FCK,,3217.68,1s_after_loss,avg_block_height,-15.557,nearest-frame tracking context,medium
8cfdb681-32cf-4ebf-81f1-5c0839ec82d5,loss,FCK,,3217.68,1s_after_loss,defensive_line_height,-25.7,partial role-based,partial
8cfdb681-32cf-4ebf-81f1-5c0839ec82d5,recovery,FCK,P. Hatzidiakos,3218.2,at_regain,team_width,58.36,nearest-frame tracking context,medium
8cfdb681-32cf-4ebf-81f1-5c0839ec82d5,recovery,FCK,P. Hatzidiakos,3218.2,at_regain,team_depth,37.36,nearest-frame tracking context,medium
8cfdb681-32cf-4ebf-81f1-5c0839ec82d5,recovery,FCK,P. Hatzidiakos,3218.2,at_regain,compactness,20.8046,nearest-frame tracking context,medium
8cfdb681-32cf-4ebf-81f1-5c0839ec82d5,recovery,FCK,P. Hatzidiakos,3218.2,at_regain,avg_block_height,-16.086,nearest-frame tracking context,medium
8cfdb681-32cf-4ebf-81f1-5c0839ec82d5,recovery,FCK,P. Hatzidiakos,3218.2,at_regain,defensive_line_height,-26.165,partial role-based,partial
8cfdb681-32cf-4ebf-81f1-5c0839ec82d5,recovery,FCM,,3220.56,at_regain,team_width,40.8,nearest-frame tracking context,medium
8cfdb681-32cf-4ebf-81f1-5c0839ec82d5,recovery,FCM,,3220.56,at_regain,team_depth,31.49,nearest-frame tracking context,medium
8cfdb681-32cf-4ebf-81f1-5c0839ec82d5,recovery,FCM,,3220.56,at_regain,compactness,15.7772,nearest-frame tracking context,medium
8cfdb681-32cf-4ebf-81f1-5c0839ec82d5,recovery,FCM,,3220.56,at_regain,avg_block_height,8.04,nearest-frame tracking context,medium
8cfdb681-32cf-4ebf-81f1-5c0839ec82d5,recovery,FCM,,3220.56,at_regain,defensive_line_height,-3.1025,partial role-based,partial
8cfdb681-32cf-4ebf-81f1-5c0839ec82d5,loss,FCM,,3230.96,1s_after_loss,team_width,65.05,nearest-frame tracking context,medium
8cfdb681-32cf-4ebf-81f1-5c0839ec82d5,loss,FCM,,3230.96,1s_after_loss,team_depth,37.22,nearest-frame tracking context,medium
8cfdb681-32cf-4ebf-81f1-5c0839ec82d5,loss,FCM,,3230.96,1s_after_loss,compactness,20.8682,nearest-frame tracking context,medium
8cfdb681-32cf-4ebf-81f1-5c0839ec82d5,loss,FCM,,3230.96,1s_after_loss,avg_block_height,-8.517,nearest-frame tracking context,medium
8cfdb681-32cf-4ebf-81f1-5c0839ec82d5,loss,FCM,,3230.96,1s_after_loss,defensive_line_height,-19.155,partial role-based,partial
8cfdb681-32cf-4ebf-81f1-5c0839ec82d5,recovery,FCM,J. Andersson,3250.08,at_regain,team_width,54.45,nearest-frame tracking context,medium
8cfdb681-32cf-4ebf-81f1-5c0839ec82d5,recovery,FCM,J. Andersson,3250.08,at_regain,team_depth,30.04,nearest-frame tracking context,medium
8cfdb681-32cf-4ebf-81f1-5c0839ec82d5,recovery,FCM,J. Andersson,3250.08,at_regain,compactness,18.8534,nearest-frame tracking context,medium
8cfdb681-32cf-4ebf-81f1-5c0839ec82d5,recovery,FCM,J. Andersson,3250.08,at_regain,avg_block_height,14.054,nearest-frame tracking context,medium
8cfdb681-32cf-4ebf-81f1-5c0839ec82d5,recovery,FCM,J. Andersson,3250.08,at_regain,defensive_line_height,12.3725,partial role-based,partial
8cfdb681-32cf-4ebf-81f1-5c0839ec82d5,loss,FCK,,3251.68,1s_after_loss,team_width,43.19,nearest-frame tracking context,medium
8cfdb681-32cf-4ebf-81f1-5c0839ec82d5,loss,FCK,,3251.68,1s_after_loss,team_depth,22.97,nearest-frame tracking context,medium
8cfdb681-32cf-4ebf-81f1-5c0839ec82d5,loss,FCK,,3251.68,1s_after_loss,compactness,12.8128,nearest-frame tracking context,medium
8cfdb681-32cf-4ebf-81f1-5c0839ec82d5,loss,FCK,,3251.68,1s_after_loss,avg_block_height,-18.89,nearest-frame tracking context,medium
8cfdb681-32cf-4ebf-81f1-5c0839ec82d5,loss,FCK,,3251.68,1s_after_loss,defensive_line_height,-25.4875,partial role-based,partial
8cfdb681-32cf-4ebf-81f1-5c0839ec82d5,recovery,FCK,Gabriel Pereira,3251.84,at_regain,team_width,46.62,nearest-frame tracking context,medium
8cfdb681-32cf-4ebf-81f1-5c0839ec82d5,recovery,FCK,Gabriel Pereira,3251.84,at_regain,team_depth,24.5,nearest-frame tracking context,medium
8cfdb681-32cf-4ebf-81f1-5c0839ec82d5,recovery,FCK,Gabriel Pereira,3251.84,at_regain,compactness,14.1314,nearest-frame tracking context,medium
8cfdb681-32cf-4ebf-81f1-5c0839ec82d5,recovery,FCK,Gabriel Pereira,3251.84,at_regain,avg_block_height,-19.276,nearest-frame tracking context,medium
8cfdb681-32cf-4ebf-81f1-5c0839ec82d5,recovery,FCK,Gabriel Pereira,3251.84,at_regain,defensive_line_height,-26.1525,partial role-based,partial
8cfdb681-32cf-4ebf-81f1-5c0839ec82d5,loss,FCM,,3341.68,1s_after_loss,team_width,14.36,nearest-frame tracking context,medium
8cfdb681-32cf-4ebf-81f1-5c0839ec82d5,loss,FCM,,3341.68,1s_after_loss,team_depth,29.73,nearest-frame tracking context,medium
8cfdb681-32cf-4ebf-81f1-5c0839ec82d5,loss,FCM,,3341.68,1s_after_loss,compactness,7.5672,nearest-frame tracking context,medium
8cfdb681-32cf-4ebf-81f1-5c0839ec82d5,loss,FCM,,3341.68,1s_after_loss,avg_block_height,33.064,nearest-frame tracking context,medium
8cfdb681-32cf-4ebf-81f1-5c0839ec82d5,loss,FCM,,3341.68,1s_after_loss,defensive_line_height,31.25,partial role-based,partial
8cfdb681-32cf-4ebf-81f1-5c0839ec82d5,loss,FCK,,3372.92,1s_after_loss,team_width,26.97,nearest-frame tracking context,medium
8cfdb681-32cf-4ebf-81f1-5c0839ec82d5,loss,FCK,,3372.92,1s_after_loss,team_depth,21.3,nearest-frame tracking context,medium
8cfdb681-32cf-4ebf-81f1-5c0839ec82d5,loss,FCK,,3372.92,1s_after_loss,compactness,8.8327,nearest-frame tracking context,medium
8cfdb681-32cf-4ebf-81f1-5c0839ec82d5,loss,FCK,,3372.92,1s_after_loss,avg_block_height,1.831,nearest-frame tracking context,medium
8cfdb681-32cf-4ebf-81f1-5c0839ec82d5,loss,FCK,,3372.92,1s_after_loss,defensive_line_height,-3.77,partial role-based,partial
8cfdb681-32cf-4ebf-81f1-5c0839ec82d5,loss,FCK,,3372.92,1s_after_loss,team_width,26.97,nearest-frame tracking context,medium
8cfdb681-32cf-4ebf-81f1-5c0839ec82d5,loss,FCK,,3372.92,1s_after_loss,team_depth,21.3,nearest-frame tracking context,medium
8cfdb681-32cf-4ebf-81f1-5c0839ec82d5,loss,FCK,,3372.92,1s_after_loss,compactness,8.8327,nearest-frame tracking context,medium
8cfdb681-32cf-4ebf-81f1-5c0839ec82d5,loss,FCK,,3372.92,1s_after_loss,avg_block_height,1.831,nearest-frame tracking context,medium
8cfdb681-32cf-4ebf-81f1-5c0839ec82d5,loss,FCK,,3372.92,1s_after_loss,defensive_line_height,-3.77,partial role-based,partial
8cfdb681-32cf-4ebf-81f1-5c0839ec82d5,recovery,FCK,G. Onugkha,3376.72,at_regain,team_width,20.62,nearest-frame tracking context,medium
8cfdb681-32cf-4ebf-81f1-5c0839ec82d5,recovery,FCK,G. Onugkha,3376.72,at_regain,team_depth,19.34,nearest-frame tracking context,medium
8cfdb681-32cf-4ebf-81f1-5c0839ec82d5,recovery,FCK,G. Onugkha,3376.72,at_regain,compactness,8.0913,nearest-frame tracking context,medium
8cfdb681-32cf-4ebf-81f1-5c0839ec82d5,recovery,FCK,G. Onugkha,3376.72,at_regain,avg_block_height,4.356,nearest-frame tracking context,medium
8cfdb681-32cf-4ebf-81f1-5c0839ec82d5,recovery,FCK,G. Onugkha,3376.72,at_regain,defensive_line_height,-1.5225,partial role-based,partial
8cfdb681-32cf-4ebf-81f1-5c0839ec82d5,recovery,FCM,,3378.28,at_regain,team_width,22.31,nearest-frame tracking context,medium
8cfdb681-32cf-4ebf-81f1-5c0839ec82d5,recovery,FCM,,3378.28,at_regain,team_depth,28.63,nearest-frame tracking context,medium
8cfdb681-32cf-4ebf-81f1-5c0839ec82d5,recovery,FCM,,3378.28,at_regain,compactness,11.5777,nearest-frame tracking context,medium
8cfdb681-32cf-4ebf-81f1-5c0839ec82d5,recovery,FCM,,3378.28,at_regain,avg_block_height,-14.644,nearest-frame tracking context,medium
8cfdb681-32cf-4ebf-81f1-5c0839ec82d5,recovery,FCM,,3378.28,at_regain,defensive_line_height,-24.9575,partial role-based,partial
8cfdb681-32cf-4ebf-81f1-5c0839ec82d5,loss,FCM,,3397.88,1s_after_loss,team_width,58.45,nearest-frame tracking context,medium
8cfdb681-32cf-4ebf-81f1-5c0839ec82d5,loss,FCM,,3397.88,1s_after_loss,team_depth,33.25,nearest-frame tracking context,medium
8cfdb681-32cf-4ebf-81f1-5c0839ec82d5,loss,FCM,,3397.88,1s_after_loss,compactness,17.5813,nearest-frame tracking context,medium
8cfdb681-32cf-4ebf-81f1-5c0839ec82d5,loss,FCM,,3397.88,1s_after_loss,avg_block_height,11.261,nearest-frame tracking context,medium
8cfdb681-32cf-4ebf-81f1-5c0839ec82d5,loss,FCM,,3397.88,1s_after_loss,defensive_line_height,7.54,partial role-based,partial
8cfdb681-32cf-4ebf-81f1-5c0839ec82d5,recovery,FCM,Franculino Dju,3399.84,at_regain,team_width,54.04,nearest-frame tracking context,medium
8cfdb681-32cf-4ebf-81f1-5c0839ec82d5,recovery,FCM,Franculino Dju,3399.84,at_regain,team_depth,34.83,nearest-frame tracking context,medium
8cfdb681-32cf-4ebf-81f1-5c0839ec82d5,recovery,FCM,Franculino Dju,3399.84,at_regain,compactness,17.064,nearest-frame tracking context,medium
8cfdb681-32cf-4ebf-81f1-5c0839ec82d5,recovery,FCM,Franculino Dju,3399.84,at_regain,avg_block_height,13.637,nearest-frame tracking context,medium
8cfdb681-32cf-4ebf-81f1-5c0839ec82d5,recovery,FCM,Franculino Dju,3399.84,at_regain,defensive_line_height,9.7775,partial role-based,partial
8cfdb681-32cf-4ebf-81f1-5c0839ec82d5,loss,FCK,,3402.28,1s_after_loss,team_width,33.64,nearest-frame tracking context,medium
8cfdb681-32cf-4ebf-81f1-5c0839ec82d5,loss,FCK,,3402.28,1s_after_loss,team_depth,47.29,nearest-frame tracking context,medium
8cfdb681-32cf-4ebf-81f1-5c0839ec82d5,loss,FCK,,3402.28,1s_after_loss,compactness,15.9408,nearest-frame tracking context,medium
8cfdb681-32cf-4ebf-81f1-5c0839ec82d5,loss,FCK,,3402.28,1s_after_loss,avg_block_height,-32.959,nearest-frame tracking context,medium
8cfdb681-32cf-4ebf-81f1-5c0839ec82d5,loss,FCK,,3402.28,1s_after_loss,defensive_line_height,-44.1525,partial role-based,partial
8cfdb681-32cf-4ebf-81f1-5c0839ec82d5,loss,FCM,,3427.36,1s_after_loss,team_width,39.48,nearest-frame tracking context,medium
8cfdb681-32cf-4ebf-81f1-5c0839ec82d5,loss,FCM,,3427.36,1s_after_loss,team_depth,33.68,nearest-frame tracking context,medium
8cfdb681-32cf-4ebf-81f1-5c0839ec82d5,loss,FCM,,3427.36,1s_after_loss,compactness,12.61,nearest-frame tracking context,medium
8cfdb681-32cf-4ebf-81f1-5c0839ec82d5,loss,FCM,,3427.36,1s_after_loss,avg_block_height,43.439,nearest-frame tracking context,medium
8cfdb681-32cf-4ebf-81f1-5c0839ec82d5,loss,FCM,,3427.36,1s_after_loss,defensive_line_height,42.125,partial role-based,partial
8cfdb681-32cf-4ebf-81f1-5c0839ec82d5,loss,FCK,,3428.72,1s_after_loss,team_width,14.68,nearest-frame tracking context,medium
8cfdb681-32cf-4ebf-81f1-5c0839ec82d5,loss,FCK,,3428.72,1s_after_loss,team_depth,15.63,nearest-frame tracking context,medium
8cfdb681-32cf-4ebf-81f1-5c0839ec82d5,loss,FCK,,3428.72,1s_after_loss,compactness,5.2424,nearest-frame tracking context,medium
8cfdb681-32cf-4ebf-81f1-5c0839ec82d5,loss,FCK,,3428.72,1s_after_loss,avg_block_height,-48.745,nearest-frame tracking context,medium
8cfdb681-32cf-4ebf-81f1-5c0839ec82d5,loss,FCK,,3428.72,1s_after_loss,defensive_line_height,-50.55,partial role-based,partial
8cfdb681-32cf-4ebf-81f1-5c0839ec82d5,loss,FCM,,3444.76,1s_after_loss,team_width,39.4,nearest-frame tracking context,medium
8cfdb681-32cf-4ebf-81f1-5c0839ec82d5,loss,FCM,,3444.76,1s_after_loss,team_depth,29.91,nearest-frame tracking context,medium
8cfdb681-32cf-4ebf-81f1-5c0839ec82d5,loss,FCM,,3444.76,1s_after_loss,compactness,11.8798,nearest-frame tracking context,medium
8cfdb681-32cf-4ebf-81f1-5c0839ec82d5,loss,FCM,,3444.76,1s_after_loss,avg_block_height,44.537,nearest-frame tracking context,medium
8cfdb681-32cf-4ebf-81f1-5c0839ec82d5,loss,FCM,,3444.76,1s_after_loss,defensive_line_height,43.8525,partial role-based,partial
8cfdb681-32cf-4ebf-81f1-5c0839ec82d5,loss,FCK,,3468.08,1s_after_loss,team_width,53.18,nearest-frame tracking context,medium
8cfdb681-32cf-4ebf-81f1-5c0839ec82d5,loss,FCK,,3468.08,1s_after_loss,team_depth,38.73,nearest-frame tracking context,medium
8cfdb681-32cf-4ebf-81f1-5c0839ec82d5,loss,FCK,,3468.08,1s_after_loss,compactness,20.4618,nearest-frame tracking context,medium
8cfdb681-32cf-4ebf-81f1-5c0839ec82d5,loss,FCK,,3468.08,1s_after_loss,avg_block_height,-23.516,nearest-frame tracking context,medium
8cfdb681-32cf-4ebf-81f1-5c0839ec82d5,loss,FCK,,3468.08,1s_after_loss,defensive_line_height,-34.7125,partial role-based,partial
8cfdb681-32cf-4ebf-81f1-5c0839ec82d5,loss,FCK,G. Onugkha,3471.2,1s_after_loss,team_width,44.58,nearest-frame tracking context,medium
8cfdb681-32cf-4ebf-81f1-5c0839ec82d5,loss,FCK,G. Onugkha,3471.2,1s_after_loss,team_depth,28.11,nearest-frame tracking context,medium
8cfdb681-32cf-4ebf-81f1-5c0839ec82d5,loss,FCK,G. Onugkha,3471.2,1s_after_loss,compactness,16.7371,nearest-frame tracking context,medium
8cfdb681-32cf-4ebf-81f1-5c0839ec82d5,loss,FCK,G. Onugkha,3471.2,1s_after_loss,avg_block_height,-14.154,nearest-frame tracking context,medium
8cfdb681-32cf-4ebf-81f1-5c0839ec82d5,loss,FCK,G. Onugkha,3471.2,1s_after_loss,defensive_line_height,-24.4675,partial role-based,partial
8cfdb681-32cf-4ebf-81f1-5c0839ec82d5,loss,FCM,,3472.72,1s_after_loss,team_width,26.73,nearest-frame tracking context,medium
8cfdb681-32cf-4ebf-81f1-5c0839ec82d5,loss,FCM,,3472.72,1s_after_loss,team_depth,30.87,nearest-frame tracking context,medium
8cfdb681-32cf-4ebf-81f1-5c0839ec82d5,loss,FCM,,3472.72,1s_after_loss,compactness,13.4197,nearest-frame tracking context,medium
8cfdb681-32cf-4ebf-81f1-5c0839ec82d5,loss,FCM,,3472.72,1s_after_loss,avg_block_height,6.466,nearest-frame tracking context,medium
8cfdb681-32cf-4ebf-81f1-5c0839ec82d5,loss,FCM,,3472.72,1s_after_loss,defensive_line_height,-5.2325,partial role-based,partial
8cfdb681-32cf-4ebf-81f1-5c0839ec82d5,recovery,FCM,M. Bech,3472.8,at_regain,team_width,29.54,nearest-frame tracking context,medium
8cfdb681-32cf-4ebf-81f1-5c0839ec82d5,recovery,FCM,M. Bech,3472.8,at_regain,team_depth,33.99,nearest-frame tracking context,medium
8cfdb681-32cf-4ebf-81f1-5c0839ec82d5,recovery,FCM,M. Bech,3472.8,at_regain,compactness,14.4307,nearest-frame tracking context,medium
8cfdb681-32cf-4ebf-81f1-5c0839ec82d5,recovery,FCM,M. Bech,3472.8,at_regain,avg_block_height,8.132,nearest-frame tracking context,medium
8cfdb681-32cf-4ebf-81f1-5c0839ec82d5,recovery,FCM,M. Bech,3472.8,at_regain,defensive_line_height,-4.305,partial role-based,partial
8cfdb681-32cf-4ebf-81f1-5c0839ec82d5,loss,FCK,G. Gocholeishvili,3486.44,1s_after_loss,team_width,55.33,nearest-frame tracking context,medium
8cfdb681-32cf-4ebf-81f1-5c0839ec82d5,loss,FCK,G. Gocholeishvili,3486.44,1s_after_loss,team_depth,34.13,nearest-frame tracking context,medium
8cfdb681-32cf-4ebf-81f1-5c0839ec82d5,loss,FCK,G. Gocholeishvili,3486.44,1s_after_loss,compactness,18.5243,nearest-frame tracking context,medium
8cfdb681-32cf-4ebf-81f1-5c0839ec82d5,loss,FCK,G. Gocholeishvili,3486.44,1s_after_loss,avg_block_height,-2.252,nearest-frame tracking context,medium
8cfdb681-32cf-4ebf-81f1-5c0839ec82d5,loss,FCK,G. Gocholeishvili,3486.44,1s_after_loss,defensive_line_height,-11.38,partial role-based,partial
8cfdb681-32cf-4ebf-81f1-5c0839ec82d5,loss,FCK,,3516.16,1s_after_loss,team_width,24.33,nearest-frame tracking context,medium
8cfdb681-32cf-4ebf-81f1-5c0839ec82d5,loss,FCK,,3516.16,1s_after_loss,team_depth,37.5,nearest-frame tracking context,medium
8cfdb681-32cf-4ebf-81f1-5c0839ec82d5,loss,FCK,,3516.16,1s_after_loss,compactness,14.2533,nearest-frame tracking context,medium
8cfdb681-32cf-4ebf-81f1-5c0839ec82d5,loss,FCK,,3516.16,1s_after_loss,avg_block_height,25.983,nearest-frame tracking context,medium
8cfdb681-32cf-4ebf-81f1-5c0839ec82d5,loss,FCK,,3516.16,1s_after_loss,defensive_line_height,14.21,partial role-based,partial
8cfdb681-32cf-4ebf-81f1-5c0839ec82d5,shot,FCK,G. Onugkha,3516.92,1s_before_shot,team_width,25.71,nearest-frame tracking context,medium
8cfdb681-32cf-4ebf-81f1-5c0839ec82d5,shot,FCK,G. Onugkha,3516.92,1s_before_shot,team_depth,33.08,nearest-frame tracking context,medium
8cfdb681-32cf-4ebf-81f1-5c0839ec82d5,shot,FCK,G. Onugkha,3516.92,1s_before_shot,compactness,13.2753,nearest-frame tracking context,medium
8cfdb681-32cf-4ebf-81f1-5c0839ec82d5,shot,FCK,G. Onugkha,3516.92,1s_before_shot,avg_block_height,24.068,nearest-frame tracking context,medium
8cfdb681-32cf-4ebf-81f1-5c0839ec82d5,shot,FCK,G. Onugkha,3516.92,1s_before_shot,defensive_line_height,13.58,partial role-based,partial
8cfdb681-32cf-4ebf-81f1-5c0839ec82d5,loss,FCM,,3649.6,1s_after_loss,team_width,41.22,nearest-frame tracking context,medium
8cfdb681-32cf-4ebf-81f1-5c0839ec82d5,loss,FCM,,3649.6,1s_after_loss,team_depth,19.3,nearest-frame tracking context,medium
8cfdb681-32cf-4ebf-81f1-5c0839ec82d5,loss,FCM,,3649.6,1s_after_loss,compactness,11.9035,nearest-frame tracking context,medium
8cfdb681-32cf-4ebf-81f1-5c0839ec82d5,loss,FCM,,3649.6,1s_after_loss,avg_block_height,5.142,nearest-frame tracking context,medium
8cfdb681-32cf-4ebf-81f1-5c0839ec82d5,loss,FCM,,3649.6,1s_after_loss,defensive_line_height,-1.4775,partial role-based,partial
8cfdb681-32cf-4ebf-81f1-5c0839ec82d5,recovery,FCK,T. Delaney,3653.44,at_regain,team_width,22.66,nearest-frame tracking context,medium
8cfdb681-32cf-4ebf-81f1-5c0839ec82d5,recovery,FCK,T. Delaney,3653.44,at_regain,team_depth,25.05,nearest-frame tracking context,medium
8cfdb681-32cf-4ebf-81f1-5c0839ec82d5,recovery,FCK,T. Delaney,3653.44,at_regain,compactness,10.0904,nearest-frame tracking context,medium
8cfdb681-32cf-4ebf-81f1-5c0839ec82d5,recovery,FCK,T. Delaney,3653.44,at_regain,avg_block_height,-12.128,nearest-frame tracking context,medium
8cfdb681-32cf-4ebf-81f1-5c0839ec82d5,recovery,FCK,T. Delaney,3653.44,at_regain,defensive_line_height,-19.0175,partial role-based,partial
8cfdb681-32cf-4ebf-81f1-5c0839ec82d5,recovery,FCM,M. Bech,3655.68,at_regain,team_width,38.46,nearest-frame tracking context,medium
8cfdb681-32cf-4ebf-81f1-5c0839ec82d5,recovery,FCM,M. Bech,3655.68,at_regain,team_depth,25.44,nearest-frame tracking context,medium
8cfdb681-32cf-4ebf-81f1-5c0839ec82d5,recovery,FCM,M. Bech,3655.68,at_regain,compactness,12.4837,nearest-frame tracking context,medium
8cfdb681-32cf-4ebf-81f1-5c0839ec82d5,recovery,FCM,M. Bech,3655.68,at_regain,avg_block_height,4.933,nearest-frame tracking context,medium
8cfdb681-32cf-4ebf-81f1-5c0839ec82d5,recovery,FCM,M. Bech,3655.68,at_regain,defensive_line_height,-2.79,partial role-based,partial
8cfdb681-32cf-4ebf-81f1-5c0839ec82d5,recovery,FCK,T. Delaney,3657.36,at_regain,team_width,24.67,nearest-frame tracking context,medium
8cfdb681-32cf-4ebf-81f1-5c0839ec82d5,recovery,FCK,T. Delaney,3657.36,at_regain,team_depth,26.65,nearest-frame tracking context,medium
8cfdb681-32cf-4ebf-81f1-5c0839ec82d5,recovery,FCK,T. Delaney,3657.36,at_regain,compactness,10.5419,nearest-frame tracking context,medium
8cfdb681-32cf-4ebf-81f1-5c0839ec82d5,recovery,FCK,T. Delaney,3657.36,at_regain,avg_block_height,-10.751,nearest-frame tracking context,medium
8cfdb681-32cf-4ebf-81f1-5c0839ec82d5,recovery,FCK,T. Delaney,3657.36,at_regain,defensive_line_height,-18.6675,partial role-based,partial
8cfdb681-32cf-4ebf-81f1-5c0839ec82d5,loss,FCM,,3693.52,1s_after_loss,team_width,39.32,nearest-frame tracking context,medium
8cfdb681-32cf-4ebf-81f1-5c0839ec82d5,loss,FCM,,3693.52,1s_after_loss,team_depth,30.57,nearest-frame tracking context,medium
8cfdb681-32cf-4ebf-81f1-5c0839ec82d5,loss,FCM,,3693.52,1s_after_loss,compactness,12.9601,nearest-frame tracking context,medium
8cfdb681-32cf-4ebf-81f1-5c0839ec82d5,loss,FCM,,3693.52,1s_after_loss,avg_block_height,42.071,nearest-frame tracking context,medium
8cfdb681-32cf-4ebf-81f1-5c0839ec82d5,loss,FCM,,3693.52,1s_after_loss,defensive_line_height,41.7275,partial role-based,partial
8cfdb681-32cf-4ebf-81f1-5c0839ec82d5,loss,FCK,,3741.28,1s_after_loss,team_width,49.8,nearest-frame tracking context,medium
8cfdb681-32cf-4ebf-81f1-5c0839ec82d5,loss,FCK,,3741.28,1s_after_loss,team_depth,47.62,nearest-frame tracking context,medium
8cfdb681-32cf-4ebf-81f1-5c0839ec82d5,loss,FCK,,3741.28,1s_after_loss,compactness,20.4101,nearest-frame tracking context,medium
8cfdb681-32cf-4ebf-81f1-5c0839ec82d5,loss,FCK,,3741.28,1s_after_loss,avg_block_height,-22.842,nearest-frame tracking context,medium
8cfdb681-32cf-4ebf-81f1-5c0839ec82d5,loss,FCK,,3741.28,1s_after_loss,defensive_line_height,-36.435,partial role-based,partial
8cfdb681-32cf-4ebf-81f1-5c0839ec82d5,loss,FCK,,3755.2,1s_after_loss,team_width,44.46,nearest-frame tracking context,medium
8cfdb681-32cf-4ebf-81f1-5c0839ec82d5,loss,FCK,,3755.2,1s_after_loss,team_depth,39.49,nearest-frame tracking context,medium
8cfdb681-32cf-4ebf-81f1-5c0839ec82d5,loss,FCK,,3755.2,1s_after_loss,compactness,15.4919,nearest-frame tracking context,medium
8cfdb681-32cf-4ebf-81f1-5c0839ec82d5,loss,FCK,,3755.2,1s_after_loss,avg_block_height,-16.264,nearest-frame tracking context,medium
8cfdb681-32cf-4ebf-81f1-5c0839ec82d5,loss,FCK,,3755.2,1s_after_loss,defensive_line_height,-25.82,partial role-based,partial
8cfdb681-32cf-4ebf-81f1-5c0839ec82d5,loss,FCK,,3755.2,1s_after_loss,team_width,44.46,nearest-frame tracking context,medium
8cfdb681-32cf-4ebf-81f1-5c0839ec82d5,loss,FCK,,3755.2,1s_after_loss,team_depth,39.49,nearest-frame tracking context,medium
8cfdb681-32cf-4ebf-81f1-5c0839ec82d5,loss,FCK,,3755.2,1s_after_loss,compactness,15.4919,nearest-frame tracking context,medium
8cfdb681-32cf-4ebf-81f1-5c0839ec82d5,loss,FCK,,3755.2,1s_after_loss,avg_block_height,-16.264,nearest-frame tracking context,medium
8cfdb681-32cf-4ebf-81f1-5c0839ec82d5,loss,FCK,,3755.2,1s_after_loss,defensive_line_height,-25.82,partial role-based,partial
8cfdb681-32cf-4ebf-81f1-5c0839ec82d5,recovery,FCK,M. Mattsson,3766.76,at_regain,team_width,29.54,nearest-frame tracking context,medium
8cfdb681-32cf-4ebf-81f1-5c0839ec82d5,recovery,FCK,M. Mattsson,3766.76,at_regain,team_depth,42.2,nearest-frame tracking context,medium
8cfdb681-32cf-4ebf-81f1-5c0839ec82d5,recovery,FCK,M. Mattsson,3766.76,at_regain,compactness,16.3548,nearest-frame tracking context,medium
8cfdb681-32cf-4ebf-81f1-5c0839ec82d5,recovery,FCK,M. Mattsson,3766.76,at_regain,avg_block_height,20.852,nearest-frame tracking context,medium
8cfdb681-32cf-4ebf-81f1-5c0839ec82d5,recovery,FCK,M. Mattsson,3766.76,at_regain,defensive_line_height,7.4675,partial role-based,partial
8cfdb681-32cf-4ebf-81f1-5c0839ec82d5,loss,FCM,,3767.92,1s_after_loss,team_width,35.53,nearest-frame tracking context,medium
8cfdb681-32cf-4ebf-81f1-5c0839ec82d5,loss,FCM,,3767.92,1s_after_loss,team_depth,35.84,nearest-frame tracking context,medium
8cfdb681-32cf-4ebf-81f1-5c0839ec82d5,loss,FCM,,3767.92,1s_after_loss,compactness,14.2623,nearest-frame tracking context,medium
8cfdb681-32cf-4ebf-81f1-5c0839ec82d5,loss,FCM,,3767.92,1s_after_loss,avg_block_height,-22.83,nearest-frame tracking context,medium
8cfdb681-32cf-4ebf-81f1-5c0839ec82d5,loss,FCM,,3767.92,1s_after_loss,defensive_line_height,-35.2875,partial role-based,partial
8cfdb681-32cf-4ebf-81f1-5c0839ec82d5,loss,FCM,,3767.92,1s_after_loss,team_width,35.53,nearest-frame tracking context,medium
8cfdb681-32cf-4ebf-81f1-5c0839ec82d5,loss,FCM,,3767.92,1s_after_loss,team_depth,35.84,nearest-frame tracking context,medium
8cfdb681-32cf-4ebf-81f1-5c0839ec82d5,loss,FCM,,3767.92,1s_after_loss,compactness,14.2623,nearest-frame tracking context,medium
8cfdb681-32cf-4ebf-81f1-5c0839ec82d5,loss,FCM,,3767.92,1s_after_loss,avg_block_height,-22.83,nearest-frame tracking context,medium
8cfdb681-32cf-4ebf-81f1-5c0839ec82d5,loss,FCM,,3767.92,1s_after_loss,defensive_line_height,-35.2875,partial role-based,partial
8cfdb681-32cf-4ebf-81f1-5c0839ec82d5,recovery,FCM,Oliver Sorensen,3770.36,at_regain,team_width,37.93,nearest-frame tracking context,medium
8cfdb681-32cf-4ebf-81f1-5c0839ec82d5,recovery,FCM,Oliver Sorensen,3770.36,at_regain,team_depth,31.83,nearest-frame tracking context,medium
8cfdb681-32cf-4ebf-81f1-5c0839ec82d5,recovery,FCM,Oliver Sorensen,3770.36,at_regain,compactness,14.6522,nearest-frame tracking context,medium
8cfdb681-32cf-4ebf-81f1-5c0839ec82d5,recovery,FCM,Oliver Sorensen,3770.36,at_regain,avg_block_height,-19.806,nearest-frame tracking context,medium
8cfdb681-32cf-4ebf-81f1-5c0839ec82d5,recovery,FCM,Oliver Sorensen,3770.36,at_regain,defensive_line_height,-31.91,partial role-based,partial
8cfdb681-32cf-4ebf-81f1-5c0839ec82d5,recovery,FCK,,3773.36,at_regain,team_width,35.6,nearest-frame tracking context,medium
8cfdb681-32cf-4ebf-81f1-5c0839ec82d5,recovery,FCK,,3773.36,at_regain,team_depth,45.44,nearest-frame tracking context,medium
8cfdb681-32cf-4ebf-81f1-5c0839ec82d5,recovery,FCK,,3773.36,at_regain,compactness,19.2329,nearest-frame tracking context,medium
8cfdb681-32cf-4ebf-81f1-5c0839ec82d5,recovery,FCK,,3773.36,at_regain,avg_block_height,8.108,nearest-frame tracking context,medium
8cfdb681-32cf-4ebf-81f1-5c0839ec82d5,recovery,FCK,,3773.36,at_regain,defensive_line_height,-8.4975,partial role-based,partial
8cfdb681-32cf-4ebf-81f1-5c0839ec82d5,loss,FCK,,3773.36,1s_after_loss,team_width,40.02,nearest-frame tracking context,medium
8cfdb681-32cf-4ebf-81f1-5c0839ec82d5,loss,FCK,,3773.36,1s_after_loss,team_depth,47.17,nearest-frame tracking context,medium
8cfdb681-32cf-4ebf-81f1-5c0839ec82d5,loss,FCK,,3773.36,1s_after_loss,compactness,20.3473,nearest-frame tracking context,medium
8cfdb681-32cf-4ebf-81f1-5c0839ec82d5,loss,FCK,,3773.36,1s_after_loss,avg_block_height,4.284,nearest-frame tracking context,medium
8cfdb681-32cf-4ebf-81f1-5c0839ec82d5,loss,FCK,,3773.36,1s_after_loss,defensive_line_height,-12.54,partial role-based,partial
8cfdb681-32cf-4ebf-81f1-5c0839ec82d5,recovery,FCK,Gabriel Pereira,3775.36,at_regain,team_width,39.6,nearest-frame tracking context,medium
8cfdb681-32cf-4ebf-81f1-5c0839ec82d5,recovery,FCK,Gabriel Pereira,3775.36,at_regain,team_depth,45.66,nearest-frame tracking context,medium
8cfdb681-32cf-4ebf-81f1-5c0839ec82d5,recovery,FCK,Gabriel Pereira,3775.36,at_regain,compactness,20.3055,nearest-frame tracking context,medium
8cfdb681-32cf-4ebf-81f1-5c0839ec82d5,recovery,FCK,Gabriel Pereira,3775.36,at_regain,avg_block_height,2.233,nearest-frame tracking context,medium
8cfdb681-32cf-4ebf-81f1-5c0839ec82d5,recovery,FCK,Gabriel Pereira,3775.36,at_regain,defensive_line_height,-13.3925,partial role-based,partial
8cfdb681-32cf-4ebf-81f1-5c0839ec82d5,recovery,FCM,M. Bech,3776.52,at_regain,team_width,39.74,nearest-frame tracking context,medium
8cfdb681-32cf-4ebf-81f1-5c0839ec82d5,recovery,FCM,M. Bech,3776.52,at_regain,team_depth,36.25,nearest-frame tracking context,medium
8cfdb681-32cf-4ebf-81f1-5c0839ec82d5,recovery,FCM,M. Bech,3776.52,at_regain,compactness,17.4179,nearest-frame tracking context,medium
8cfdb681-32cf-4ebf-81f1-5c0839ec82d5,recovery,FCM,M. Bech,3776.52,at_regain,avg_block_height,-4.486,nearest-frame tracking context,medium
8cfdb681-32cf-4ebf-81f1-5c0839ec82d5,recovery,FCM,M. Bech,3776.52,at_regain,defensive_line_height,-17.1175,partial role-based,partial
8cfdb681-32cf-4ebf-81f1-5c0839ec82d5,loss,FCM,,3818.32,1s_after_loss,team_width,49.1,nearest-frame tracking context,medium
8cfdb681-32cf-4ebf-81f1-5c0839ec82d5,loss,FCM,,3818.32,1s_after_loss,team_depth,43.07,nearest-frame tracking context,medium
8cfdb681-32cf-4ebf-81f1-5c0839ec82d5,loss,FCM,,3818.32,1s_after_loss,compactness,19.6563,nearest-frame tracking context,medium
8cfdb681-32cf-4ebf-81f1-5c0839ec82d5,loss,FCM,,3818.32,1s_after_loss,avg_block_height,29.01,nearest-frame tracking context,medium
8cfdb681-32cf-4ebf-81f1-5c0839ec82d5,loss,FCM,,3818.32,1s_after_loss,defensive_line_height,17.7975,partial role-based,partial
8cfdb681-32cf-4ebf-81f1-5c0839ec82d5,recovery,FCM,D. Osorio,3818.32,at_regain,team_width,51.25,nearest-frame tracking context,medium
8cfdb681-32cf-4ebf-81f1-5c0839ec82d5,recovery,FCM,D. Osorio,3818.32,at_regain,team_depth,39.11,nearest-frame tracking context,medium
8cfdb681-32cf-4ebf-81f1-5c0839ec82d5,recovery,FCM,D. Osorio,3818.32,at_regain,compactness,20.1947,nearest-frame tracking context,medium
8cfdb681-32cf-4ebf-81f1-5c0839ec82d5,recovery,FCM,D. Osorio,3818.32,at_regain,avg_block_height,26.031,nearest-frame tracking context,medium
8cfdb681-32cf-4ebf-81f1-5c0839ec82d5,recovery,FCM,D. Osorio,3818.32,at_regain,defensive_line_height,15.325,partial role-based,partial
8cfdb681-32cf-4ebf-81f1-5c0839ec82d5,shot,FCM,Oliver Sorensen,3821.56,1s_before_shot,team_width,46.49,nearest-frame tracking context,medium
8cfdb681-32cf-4ebf-81f1-5c0839ec82d5,shot,FCM,Oliver Sorensen,3821.56,1s_before_shot,team_depth,45.4,nearest-frame tracking context,medium
8cfdb681-32cf-4ebf-81f1-5c0839ec82d5,shot,FCM,Oliver Sorensen,3821.56,1s_before_shot,compactness,17.5991,nearest-frame tracking context,medium
8cfdb681-32cf-4ebf-81f1-5c0839ec82d5,shot,FCM,Oliver Sorensen,3821.56,1s_before_shot,avg_block_height,30.531,nearest-frame tracking context,medium
8cfdb681-32cf-4ebf-81f1-5c0839ec82d5,shot,FCM,Oliver Sorensen,3821.56,1s_before_shot,defensive_line_height,19.145,partial role-based,partial
8cfdb681-32cf-4ebf-81f1-5c0839ec82d5,loss,FCK,,3862.88,1s_after_loss,team_width,64.04,nearest-frame tracking context,medium
8cfdb681-32cf-4ebf-81f1-5c0839ec82d5,loss,FCK,,3862.88,1s_after_loss,team_depth,45.67,nearest-frame tracking context,medium
8cfdb681-32cf-4ebf-81f1-5c0839ec82d5,loss,FCK,,3862.88,1s_after_loss,compactness,25.2247,nearest-frame tracking context,medium
8cfdb681-32cf-4ebf-81f1-5c0839ec82d5,loss,FCK,,3862.88,1s_after_loss,avg_block_height,-21.107,nearest-frame tracking context,medium
8cfdb681-32cf-4ebf-81f1-5c0839ec82d5,loss,FCK,,3862.88,1s_after_loss,defensive_line_height,-35.945,partial role-based,partial
8cfdb681-32cf-4ebf-81f1-5c0839ec82d5,recovery,FCK,P. Hatzidiakos,3866.64,at_regain,team_width,59.64,nearest-frame tracking context,medium
8cfdb681-32cf-4ebf-81f1-5c0839ec82d5,recovery,FCK,P. Hatzidiakos,3866.64,at_regain,team_depth,43.87,nearest-frame tracking context,medium
8cfdb681-32cf-4ebf-81f1-5c0839ec82d5,recovery,FCK,P. Hatzidiakos,3866.64,at_regain,compactness,24.5401,nearest-frame tracking context,medium
8cfdb681-32cf-4ebf-81f1-5c0839ec82d5,recovery,FCK,P. Hatzidiakos,3866.64,at_regain,avg_block_height,-21.132,nearest-frame tracking context,medium
8cfdb681-32cf-4ebf-81f1-5c0839ec82d5,recovery,FCK,P. Hatzidiakos,3866.64,at_regain,defensive_line_height,-34.3275,partial role-based,partial
8cfdb681-32cf-4ebf-81f1-5c0839ec82d5,loss,FCK,,3866.88,1s_after_loss,team_width,55.81,nearest-frame tracking context,medium
8cfdb681-32cf-4ebf-81f1-5c0839ec82d5,loss,FCK,,3866.88,1s_after_loss,team_depth,40.68,nearest-frame tracking context,medium
8cfdb681-32cf-4ebf-81f1-5c0839ec82d5,loss,FCK,,3866.88,1s_after_loss,compactness,22.8267,nearest-frame tracking context,medium
8cfdb681-32cf-4ebf-81f1-5c0839ec82d5,loss,FCK,,3866.88,1s_after_loss,avg_block_height,-19.003,nearest-frame tracking context,medium
8cfdb681-32cf-4ebf-81f1-5c0839ec82d5,loss,FCK,,3866.88,1s_after_loss,defensive_line_height,-31.2425,partial role-based,partial
8cfdb681-32cf-4ebf-81f1-5c0839ec82d5,loss,FCM,,3868.76,1s_after_loss,team_width,35.89,nearest-frame tracking context,medium
8cfdb681-32cf-4ebf-81f1-5c0839ec82d5,loss,FCM,,3868.76,1s_after_loss,team_depth,33.52,nearest-frame tracking context,medium
8cfdb681-32cf-4ebf-81f1-5c0839ec82d5,loss,FCM,,3868.76,1s_after_loss,compactness,15.1796,nearest-frame tracking context,medium
8cfdb681-32cf-4ebf-81f1-5c0839ec82d5,loss,FCM,,3868.76,1s_after_loss,avg_block_height,9.518,nearest-frame tracking context,medium
8cfdb681-32cf-4ebf-81f1-5c0839ec82d5,loss,FCM,,3868.76,1s_after_loss,defensive_line_height,-2.03,partial role-based,partial
8cfdb681-32cf-4ebf-81f1-5c0839ec82d5,loss,FCM,,3868.76,1s_after_loss,team_width,35.89,nearest-frame tracking context,medium
8cfdb681-32cf-4ebf-81f1-5c0839ec82d5,loss,FCM,,3868.76,1s_after_loss,team_depth,33.52,nearest-frame tracking context,medium
8cfdb681-32cf-4ebf-81f1-5c0839ec82d5,loss,FCM,,3868.76,1s_after_loss,compactness,15.1796,nearest-frame tracking context,medium
8cfdb681-32cf-4ebf-81f1-5c0839ec82d5,loss,FCM,,3868.76,1s_after_loss,avg_block_height,9.518,nearest-frame tracking context,medium
8cfdb681-32cf-4ebf-81f1-5c0839ec82d5,loss,FCM,,3868.76,1s_after_loss,defensive_line_height,-2.03,partial role-based,partial
8cfdb681-32cf-4ebf-81f1-5c0839ec82d5,loss,FCM,,3870.44,1s_after_loss,team_width,38.21,nearest-frame tracking context,medium
8cfdb681-32cf-4ebf-81f1-5c0839ec82d5,loss,FCM,,3870.44,1s_after_loss,team_depth,26.88,nearest-frame tracking context,medium
8cfdb681-32cf-4ebf-81f1-5c0839ec82d5,loss,FCM,,3870.44,1s_after_loss,compactness,12.6382,nearest-frame tracking context,medium
8cfdb681-32cf-4ebf-81f1-5c0839ec82d5,loss,FCM,,3870.44,1s_after_loss,avg_block_height,8.847,nearest-frame tracking context,medium
8cfdb681-32cf-4ebf-81f1-5c0839ec82d5,loss,FCM,,3870.44,1s_after_loss,defensive_line_height,-0.0425,partial role-based,partial
8cfdb681-32cf-4ebf-81f1-5c0839ec82d5,loss,FCM,V. Byskov,3872.28,1s_after_loss,team_width,39.98,nearest-frame tracking context,medium
8cfdb681-32cf-4ebf-81f1-5c0839ec82d5,loss,FCM,V. Byskov,3872.28,1s_after_loss,team_depth,27.39,nearest-frame tracking context,medium
8cfdb681-32cf-4ebf-81f1-5c0839ec82d5,loss,FCM,V. Byskov,3872.28,1s_after_loss,compactness,12.6049,nearest-frame tracking context,medium
8cfdb681-32cf-4ebf-81f1-5c0839ec82d5,loss,FCM,V. Byskov,3872.28,1s_after_loss,avg_block_height,11.997,nearest-frame tracking context,medium
8cfdb681-32cf-4ebf-81f1-5c0839ec82d5,loss,FCM,V. Byskov,3872.28,1s_after_loss,defensive_line_height,3.3925,partial role-based,partial
8cfdb681-32cf-4ebf-81f1-5c0839ec82d5,recovery,FCK,,3877.2,at_regain,team_width,30.04,nearest-frame tracking context,medium
8cfdb681-32cf-4ebf-81f1-5c0839ec82d5,recovery,FCK,,3877.2,at_regain,team_depth,32.3,nearest-frame tracking context,medium
8cfdb681-32cf-4ebf-81f1-5c0839ec82d5,recovery,FCK,,3877.2,at_regain,compactness,13.6996,nearest-frame tracking context,medium
8cfdb681-32cf-4ebf-81f1-5c0839ec82d5,recovery,FCK,,3877.2,at_regain,avg_block_height,-7.784,nearest-frame tracking context,medium
8cfdb681-32cf-4ebf-81f1-5c0839ec82d5,recovery,FCK,,3877.2,at_regain,defensive_line_height,-18.895,partial role-based,partial
8cfdb681-32cf-4ebf-81f1-5c0839ec82d5,loss,FCK,,3877.2,1s_after_loss,team_width,30.26,nearest-frame tracking context,medium
8cfdb681-32cf-4ebf-81f1-5c0839ec82d5,loss,FCK,,3877.2,1s_after_loss,team_depth,33.5,nearest-frame tracking context,medium
8cfdb681-32cf-4ebf-81f1-5c0839ec82d5,loss,FCK,,3877.2,1s_after_loss,compactness,14.7471,nearest-frame tracking context,medium
8cfdb681-32cf-4ebf-81f1-5c0839ec82d5,loss,FCK,,3877.2,1s_after_loss,avg_block_height,-3.699,nearest-frame tracking context,medium
8cfdb681-32cf-4ebf-81f1-5c0839ec82d5,loss,FCK,,3877.2,1s_after_loss,defensive_line_height,-15.445,partial role-based,partial
8cfdb681-32cf-4ebf-81f1-5c0839ec82d5,recovery,FCK,L. Lerager,3877.44,at_regain,team_width,30.07,nearest-frame tracking context,medium
8cfdb681-32cf-4ebf-81f1-5c0839ec82d5,recovery,FCK,L. Lerager,3877.44,at_regain,team_depth,32.53,nearest-frame tracking context,medium
8cfdb681-32cf-4ebf-81f1-5c0839ec82d5,recovery,FCK,L. Lerager,3877.44,at_regain,compactness,13.9612,nearest-frame tracking context,medium
8cfdb681-32cf-4ebf-81f1-5c0839ec82d5,recovery,FCK,L. Lerager,3877.44,at_regain,avg_block_height,-6.762,nearest-frame tracking context,medium
8cfdb681-32cf-4ebf-81f1-5c0839ec82d5,recovery,FCK,L. Lerager,3877.44,at_regain,defensive_line_height,-18.0575,partial role-based,partial
8cfdb681-32cf-4ebf-81f1-5c0839ec82d5,recovery,FCM,M. Bech,3879.4,at_regain,team_width,27.35,nearest-frame tracking context,medium
8cfdb681-32cf-4ebf-81f1-5c0839ec82d5,recovery,FCM,M. Bech,3879.4,at_regain,team_depth,35.2,nearest-frame tracking context,medium
8cfdb681-32cf-4ebf-81f1-5c0839ec82d5,recovery,FCM,M. Bech,3879.4,at_regain,compactness,14.9224,nearest-frame tracking context,medium
8cfdb681-32cf-4ebf-81f1-5c0839ec82d5,recovery,FCM,M. Bech,3879.4,at_regain,avg_block_height,-5.305,nearest-frame tracking context,medium
8cfdb681-32cf-4ebf-81f1-5c0839ec82d5,recovery,FCM,M. Bech,3879.4,at_regain,defensive_line_height,-18.79,partial role-based,partial
8cfdb681-32cf-4ebf-81f1-5c0839ec82d5,loss,FCM,,3906.64,1s_after_loss,team_width,64.05,nearest-frame tracking context,medium
8cfdb681-32cf-4ebf-81f1-5c0839ec82d5,loss,FCM,,3906.64,1s_after_loss,team_depth,31.73,nearest-frame tracking context,medium
8cfdb681-32cf-4ebf-81f1-5c0839ec82d5,loss,FCM,,3906.64,1s_after_loss,compactness,19.694,nearest-frame tracking context,medium
8cfdb681-32cf-4ebf-81f1-5c0839ec82d5,loss,FCM,,3906.64,1s_after_loss,avg_block_height,3.743,nearest-frame tracking context,medium
8cfdb681-32cf-4ebf-81f1-5c0839ec82d5,loss,FCM,,3906.64,1s_after_loss,defensive_line_height,-1.0125,partial role-based,partial
8cfdb681-32cf-4ebf-81f1-5c0839ec82d5,recovery,FCM,Franculino Dju,3912.92,at_regain,team_width,59.12,nearest-frame tracking context,medium
8cfdb681-32cf-4ebf-81f1-5c0839ec82d5,recovery,FCM,Franculino Dju,3912.92,at_regain,team_depth,49.05,nearest-frame tracking context,medium
8cfdb681-32cf-4ebf-81f1-5c0839ec82d5,recovery,FCM,Franculino Dju,3912.92,at_regain,compactness,21.2944,nearest-frame tracking context,medium
8cfdb681-32cf-4ebf-81f1-5c0839ec82d5,recovery,FCM,Franculino Dju,3912.92,at_regain,avg_block_height,18.275,nearest-frame tracking context,medium
8cfdb681-32cf-4ebf-81f1-5c0839ec82d5,recovery,FCM,Franculino Dju,3912.92,at_regain,defensive_line_height,8.0775,partial role-based,partial
8cfdb681-32cf-4ebf-81f1-5c0839ec82d5,loss,FCM,,3940.32,1s_after_loss,team_width,41.65,nearest-frame tracking context,medium
8cfdb681-32cf-4ebf-81f1-5c0839ec82d5,loss,FCM,,3940.32,1s_after_loss,team_depth,33.16,nearest-frame tracking context,medium
8cfdb681-32cf-4ebf-81f1-5c0839ec82d5,loss,FCM,,3940.32,1s_after_loss,compactness,12.3862,nearest-frame tracking context,medium
8cfdb681-32cf-4ebf-81f1-5c0839ec82d5,loss,FCM,,3940.32,1s_after_loss,avg_block_height,43.256,nearest-frame tracking context,medium
8cfdb681-32cf-4ebf-81f1-5c0839ec82d5,loss,FCM,,3940.32,1s_after_loss,defensive_line_height,42.15,partial role-based,partial
8cfdb681-32cf-4ebf-81f1-5c0839ec82d5,loss,FCM,,3940.32,1s_after_loss,team_width,41.65,nearest-frame tracking context,medium
8cfdb681-32cf-4ebf-81f1-5c0839ec82d5,loss,FCM,,3940.32,1s_after_loss,team_depth,33.16,nearest-frame tracking context,medium
8cfdb681-32cf-4ebf-81f1-5c0839ec82d5,loss,FCM,,3940.32,1s_after_loss,compactness,12.3862,nearest-frame tracking context,medium
8cfdb681-32cf-4ebf-81f1-5c0839ec82d5,loss,FCM,,3940.32,1s_after_loss,avg_block_height,43.256,nearest-frame tracking context,medium
8cfdb681-32cf-4ebf-81f1-5c0839ec82d5,loss,FCM,,3940.32,1s_after_loss,defensive_line_height,42.15,partial role-based,partial
8cfdb681-32cf-4ebf-81f1-5c0839ec82d5,recovery,FCK,,3942.24,at_regain,team_width,9.05,nearest-frame tracking context,medium
8cfdb681-32cf-4ebf-81f1-5c0839ec82d5,recovery,FCK,,3942.24,at_regain,team_depth,13.2,nearest-frame tracking context,medium
8cfdb681-32cf-4ebf-81f1-5c0839ec82d5,recovery,FCK,,3942.24,at_regain,compactness,3.8415,nearest-frame tracking context,medium
8cfdb681-32cf-4ebf-81f1-5c0839ec82d5,recovery,FCK,,3942.24,at_regain,avg_block_height,-47.757,nearest-frame tracking context,medium
8cfdb681-32cf-4ebf-81f1-5c0839ec82d5,recovery,FCK,,3942.24,at_regain,defensive_line_height,-49.2725,partial role-based,partial
8cfdb681-32cf-4ebf-81f1-5c0839ec82d5,loss,FCK,,3960.24,1s_after_loss,team_width,50.16,nearest-frame tracking context,medium
8cfdb681-32cf-4ebf-81f1-5c0839ec82d5,loss,FCK,,3960.24,1s_after_loss,team_depth,47.89,nearest-frame tracking context,medium
8cfdb681-32cf-4ebf-81f1-5c0839ec82d5,loss,FCK,,3960.24,1s_after_loss,compactness,20.7298,nearest-frame tracking context,medium
8cfdb681-32cf-4ebf-81f1-5c0839ec82d5,loss,FCK,,3960.24,1s_after_loss,avg_block_height,-22.113,nearest-frame tracking context,medium
8cfdb681-32cf-4ebf-81f1-5c0839ec82d5,loss,FCK,,3960.24,1s_after_loss,defensive_line_height,-36.5425,partial role-based,partial
8cfdb681-32cf-4ebf-81f1-5c0839ec82d5,loss,FCM,,3970.64,1s_after_loss,team_width,40.18,nearest-frame tracking context,medium
8cfdb681-32cf-4ebf-81f1-5c0839ec82d5,loss,FCM,,3970.64,1s_after_loss,team_depth,47.95,nearest-frame tracking context,medium
8cfdb681-32cf-4ebf-81f1-5c0839ec82d5,loss,FCM,,3970.64,1s_after_loss,compactness,19.6955,nearest-frame tracking context,medium
8cfdb681-32cf-4ebf-81f1-5c0839ec82d5,loss,FCM,,3970.64,1s_after_loss,avg_block_height,-3.919,nearest-frame tracking context,medium
8cfdb681-32cf-4ebf-81f1-5c0839ec82d5,loss,FCM,,3970.64,1s_after_loss,defensive_line_height,-21.04,partial role-based,partial
8cfdb681-32cf-4ebf-81f1-5c0839ec82d5,loss,FCM,E. Martinez,3971.68,1s_after_loss,team_width,40.85,nearest-frame tracking context,medium
8cfdb681-32cf-4ebf-81f1-5c0839ec82d5,loss,FCM,E. Martinez,3971.68,1s_after_loss,team_depth,44.61,nearest-frame tracking context,medium
8cfdb681-32cf-4ebf-81f1-5c0839ec82d5,loss,FCM,E. Martinez,3971.68,1s_after_loss,compactness,18.8403,nearest-frame tracking context,medium
8cfdb681-32cf-4ebf-81f1-5c0839ec82d5,loss,FCM,E. Martinez,3971.68,1s_after_loss,avg_block_height,-2.376,nearest-frame tracking context,medium
8cfdb681-32cf-4ebf-81f1-5c0839ec82d5,loss,FCM,E. Martinez,3971.68,1s_after_loss,defensive_line_height,-18.0525,partial role-based,partial
8cfdb681-32cf-4ebf-81f1-5c0839ec82d5,loss,FCM,,3985.64,1s_after_loss,team_width,40.59,nearest-frame tracking context,medium
8cfdb681-32cf-4ebf-81f1-5c0839ec82d5,loss,FCM,,3985.64,1s_after_loss,team_depth,41.83,nearest-frame tracking context,medium
8cfdb681-32cf-4ebf-81f1-5c0839ec82d5,loss,FCM,,3985.64,1s_after_loss,compactness,18.5067,nearest-frame tracking context,medium
8cfdb681-32cf-4ebf-81f1-5c0839ec82d5,loss,FCM,,3985.64,1s_after_loss,avg_block_height,27.423,nearest-frame tracking context,medium
8cfdb681-32cf-4ebf-81f1-5c0839ec82d5,loss,FCM,,3985.64,1s_after_loss,defensive_line_height,18.28,partial role-based,partial
8cfdb681-32cf-4ebf-81f1-5c0839ec82d5,shot,FCM,Franculino Dju,3986.92,1s_before_shot,team_width,41.78,nearest-frame tracking context,medium
8cfdb681-32cf-4ebf-81f1-5c0839ec82d5,shot,FCM,Franculino Dju,3986.92,1s_before_shot,team_depth,39.73,nearest-frame tracking context,medium
8cfdb681-32cf-4ebf-81f1-5c0839ec82d5,shot,FCM,Franculino Dju,3986.92,1s_before_shot,compactness,18.018,nearest-frame tracking context,medium
8cfdb681-32cf-4ebf-81f1-5c0839ec82d5,shot,FCM,Franculino Dju,3986.92,1s_before_shot,avg_block_height,25.421,nearest-frame tracking context,medium
8cfdb681-32cf-4ebf-81f1-5c0839ec82d5,shot,FCM,Franculino Dju,3986.92,1s_before_shot,defensive_line_height,16.8,partial role-based,partial
8cfdb681-32cf-4ebf-81f1-5c0839ec82d5,loss,FCK,,4019.52,1s_after_loss,team_width,29.29,nearest-frame tracking context,medium
8cfdb681-32cf-4ebf-81f1-5c0839ec82d5,loss,FCK,,4019.52,1s_after_loss,team_depth,20.43,nearest-frame tracking context,medium
8cfdb681-32cf-4ebf-81f1-5c0839ec82d5,loss,FCK,,4019.52,1s_after_loss,compactness,9.8586,nearest-frame tracking context,medium
8cfdb681-32cf-4ebf-81f1-5c0839ec82d5,loss,FCK,,4019.52,1s_after_loss,avg_block_height,-0.344,nearest-frame tracking context,medium
8cfdb681-32cf-4ebf-81f1-5c0839ec82d5,loss,FCK,,4019.52,1s_after_loss,defensive_line_height,-6.45,partial role-based,partial
8cfdb681-32cf-4ebf-81f1-5c0839ec82d5,loss,FCK,,4019.52,1s_after_loss,team_width,29.29,nearest-frame tracking context,medium
8cfdb681-32cf-4ebf-81f1-5c0839ec82d5,loss,FCK,,4019.52,1s_after_loss,team_depth,20.43,nearest-frame tracking context,medium
8cfdb681-32cf-4ebf-81f1-5c0839ec82d5,loss,FCK,,4019.52,1s_after_loss,compactness,9.8586,nearest-frame tracking context,medium
8cfdb681-32cf-4ebf-81f1-5c0839ec82d5,loss,FCK,,4019.52,1s_after_loss,avg_block_height,-0.344,nearest-frame tracking context,medium
8cfdb681-32cf-4ebf-81f1-5c0839ec82d5,loss,FCK,,4019.52,1s_after_loss,defensive_line_height,-6.45,partial role-based,partial
8cfdb681-32cf-4ebf-81f1-5c0839ec82d5,recovery,FCM,,4023.32,at_regain,team_width,30.14,nearest-frame tracking context,medium
8cfdb681-32cf-4ebf-81f1-5c0839ec82d5,recovery,FCM,,4023.32,at_regain,team_depth,24.35,nearest-frame tracking context,medium
8cfdb681-32cf-4ebf-81f1-5c0839ec82d5,recovery,FCM,,4023.32,at_regain,compactness,12.4296,nearest-frame tracking context,medium
8cfdb681-32cf-4ebf-81f1-5c0839ec82d5,recovery,FCM,,4023.32,at_regain,avg_block_height,-2.434,nearest-frame tracking context,medium
8cfdb681-32cf-4ebf-81f1-5c0839ec82d5,recovery,FCM,,4023.32,at_regain,defensive_line_height,-10.5175,partial role-based,partial
8cfdb681-32cf-4ebf-81f1-5c0839ec82d5,shot,FCM,Oliver Sorensen,4177.68,1s_before_shot,team_width,34.1,nearest-frame tracking context,medium
8cfdb681-32cf-4ebf-81f1-5c0839ec82d5,shot,FCM,Oliver Sorensen,4177.68,1s_before_shot,team_depth,35.61,nearest-frame tracking context,medium
8cfdb681-32cf-4ebf-81f1-5c0839ec82d5,shot,FCM,Oliver Sorensen,4177.68,1s_before_shot,compactness,12.0228,nearest-frame tracking context,medium
8cfdb681-32cf-4ebf-81f1-5c0839ec82d5,shot,FCM,Oliver Sorensen,4177.68,1s_before_shot,avg_block_height,41.465,nearest-frame tracking context,medium
8cfdb681-32cf-4ebf-81f1-5c0839ec82d5,shot,FCM,Oliver Sorensen,4177.68,1s_before_shot,defensive_line_height,40.735,partial role-based,partial
8cfdb681-32cf-4ebf-81f1-5c0839ec82d5,loss,FCK,,4226.24,1s_after_loss,team_width,44.25,nearest-frame tracking context,medium
8cfdb681-32cf-4ebf-81f1-5c0839ec82d5,loss,FCK,,4226.24,1s_after_loss,team_depth,22.87,nearest-frame tracking context,medium
8cfdb681-32cf-4ebf-81f1-5c0839ec82d5,loss,FCK,,4226.24,1s_after_loss,compactness,14.7728,nearest-frame tracking context,medium
8cfdb681-32cf-4ebf-81f1-5c0839ec82d5,loss,FCK,,4226.24,1s_after_loss,avg_block_height,-7.384,nearest-frame tracking context,medium
8cfdb681-32cf-4ebf-81f1-5c0839ec82d5,loss,FCK,,4226.24,1s_after_loss,defensive_line_height,-16.57,partial role-based,partial
8cfdb681-32cf-4ebf-81f1-5c0839ec82d5,loss,FCM,,4248.36,1s_after_loss,team_width,51.77,nearest-frame tracking context,medium
8cfdb681-32cf-4ebf-81f1-5c0839ec82d5,loss,FCM,,4248.36,1s_after_loss,team_depth,38.49,nearest-frame tracking context,medium
8cfdb681-32cf-4ebf-81f1-5c0839ec82d5,loss,FCM,,4248.36,1s_after_loss,compactness,19.7171,nearest-frame tracking context,medium
8cfdb681-32cf-4ebf-81f1-5c0839ec82d5,loss,FCM,,4248.36,1s_after_loss,avg_block_height,-9.315,nearest-frame tracking context,medium
8cfdb681-32cf-4ebf-81f1-5c0839ec82d5,loss,FCM,,4248.36,1s_after_loss,defensive_line_height,-21.67,partial role-based,partial
8cfdb681-32cf-4ebf-81f1-5c0839ec82d5,loss,FCK,,4259.36,1s_after_loss,team_width,40.92,nearest-frame tracking context,medium
8cfdb681-32cf-4ebf-81f1-5c0839ec82d5,loss,FCK,,4259.36,1s_after_loss,team_depth,42.9,nearest-frame tracking context,medium
8cfdb681-32cf-4ebf-81f1-5c0839ec82d5,loss,FCK,,4259.36,1s_after_loss,compactness,16.3913,nearest-frame tracking context,medium
8cfdb681-32cf-4ebf-81f1-5c0839ec82d5,loss,FCK,,4259.36,1s_after_loss,avg_block_height,7.946,nearest-frame tracking context,medium
8cfdb681-32cf-4ebf-81f1-5c0839ec82d5,loss,FCK,,4259.36,1s_after_loss,defensive_line_height,-5.1325,partial role-based,partial
8cfdb681-32cf-4ebf-81f1-5c0839ec82d5,recovery,FCK,P. Hatzidiakos,4261.72,at_regain,team_width,43.68,nearest-frame tracking context,medium
8cfdb681-32cf-4ebf-81f1-5c0839ec82d5,recovery,FCK,P. Hatzidiakos,4261.72,at_regain,team_depth,41.04,nearest-frame tracking context,medium
8cfdb681-32cf-4ebf-81f1-5c0839ec82d5,recovery,FCK,P. Hatzidiakos,4261.72,at_regain,compactness,15.5744,nearest-frame tracking context,medium
8cfdb681-32cf-4ebf-81f1-5c0839ec82d5,recovery,FCK,P. Hatzidiakos,4261.72,at_regain,avg_block_height,6.917,nearest-frame tracking context,medium
8cfdb681-32cf-4ebf-81f1-5c0839ec82d5,recovery,FCK,P. Hatzidiakos,4261.72,at_regain,defensive_line_height,-4.89,partial role-based,partial
8cfdb681-32cf-4ebf-81f1-5c0839ec82d5,recovery,FCK,M. Elyounoussi,4268.64,at_regain,team_width,34.62,nearest-frame tracking context,medium
8cfdb681-32cf-4ebf-81f1-5c0839ec82d5,recovery,FCK,M. Elyounoussi,4268.64,at_regain,team_depth,31.85,nearest-frame tracking context,medium
8cfdb681-32cf-4ebf-81f1-5c0839ec82d5,recovery,FCK,M. Elyounoussi,4268.64,at_regain,compactness,13.466,nearest-frame tracking context,medium
8cfdb681-32cf-4ebf-81f1-5c0839ec82d5,recovery,FCK,M. Elyounoussi,4268.64,at_regain,avg_block_height,13.272,nearest-frame tracking context,medium
8cfdb681-32cf-4ebf-81f1-5c0839ec82d5,recovery,FCK,M. Elyounoussi,4268.64,at_regain,defensive_line_height,1.685,partial role-based,partial
8cfdb681-32cf-4ebf-81f1-5c0839ec82d5,recovery,FCM,M. Bech,4269.76,at_regain,team_width,33.84,nearest-frame tracking context,medium
8cfdb681-32cf-4ebf-81f1-5c0839ec82d5,recovery,FCM,M. Bech,4269.76,at_regain,team_depth,33.89,nearest-frame tracking context,medium
8cfdb681-32cf-4ebf-81f1-5c0839ec82d5,recovery,FCM,M. Bech,4269.76,at_regain,compactness,14.3708,nearest-frame tracking context,medium
8cfdb681-32cf-4ebf-81f1-5c0839ec82d5,recovery,FCM,M. Bech,4269.76,at_regain,avg_block_height,-20.442,nearest-frame tracking context,medium
8cfdb681-32cf-4ebf-81f1-5c0839ec82d5,recovery,FCM,M. Bech,4269.76,at_regain,defensive_line_height,-30.8225,partial role-based,partial
8cfdb681-32cf-4ebf-81f1-5c0839ec82d5,recovery,FCM,E. Martinez,4272.88,at_regain,team_width,34.82,nearest-frame tracking context,medium
8cfdb681-32cf-4ebf-81f1-5c0839ec82d5,recovery,FCM,E. Martinez,4272.88,at_regain,team_depth,27.61,nearest-frame tracking context,medium
8cfdb681-32cf-4ebf-81f1-5c0839ec82d5,recovery,FCM,E. Martinez,4272.88,at_regain,compactness,12.9955,nearest-frame tracking context,medium
8cfdb681-32cf-4ebf-81f1-5c0839ec82d5,recovery,FCM,E. Martinez,4272.88,at_regain,avg_block_height,-16.243,nearest-frame tracking context,medium
8cfdb681-32cf-4ebf-81f1-5c0839ec82d5,recovery,FCM,E. Martinez,4272.88,at_regain,defensive_line_height,-24.995,partial role-based,partial
8cfdb681-32cf-4ebf-81f1-5c0839ec82d5,loss,FCK,,4275.56,1s_after_loss,team_width,40.38,nearest-frame tracking context,medium
8cfdb681-32cf-4ebf-81f1-5c0839ec82d5,loss,FCK,,4275.56,1s_after_loss,team_depth,30.67,nearest-frame tracking context,medium
8cfdb681-32cf-4ebf-81f1-5c0839ec82d5,loss,FCK,,4275.56,1s_after_loss,compactness,15.0493,nearest-frame tracking context,medium
8cfdb681-32cf-4ebf-81f1-5c0839ec82d5,loss,FCK,,4275.56,1s_after_loss,avg_block_height,1.38,nearest-frame tracking context,medium
8cfdb681-32cf-4ebf-81f1-5c0839ec82d5,loss,FCK,,4275.56,1s_after_loss,defensive_line_height,-10.4375,partial role-based,partial
8cfdb681-32cf-4ebf-81f1-5c0839ec82d5,loss,FCK,,4314.36,1s_after_loss,team_width,60.15,nearest-frame tracking context,medium
8cfdb681-32cf-4ebf-81f1-5c0839ec82d5,loss,FCK,,4314.36,1s_after_loss,team_depth,31.22,nearest-frame tracking context,medium
8cfdb681-32cf-4ebf-81f1-5c0839ec82d5,loss,FCK,,4314.36,1s_after_loss,compactness,18.3666,nearest-frame tracking context,medium
8cfdb681-32cf-4ebf-81f1-5c0839ec82d5,loss,FCK,,4314.36,1s_after_loss,avg_block_height,1.655,nearest-frame tracking context,medium
8cfdb681-32cf-4ebf-81f1-5c0839ec82d5,loss,FCK,,4314.36,1s_after_loss,defensive_line_height,-1.4975,partial role-based,partial
8cfdb681-32cf-4ebf-81f1-5c0839ec82d5,loss,FCM,,4315.68,1s_after_loss,team_width,30.51,nearest-frame tracking context,medium
8cfdb681-32cf-4ebf-81f1-5c0839ec82d5,loss,FCM,,4315.68,1s_after_loss,team_depth,33.28,nearest-frame tracking context,medium
8cfdb681-32cf-4ebf-81f1-5c0839ec82d5,loss,FCM,,4315.68,1s_after_loss,compactness,13.0026,nearest-frame tracking context,medium
8cfdb681-32cf-4ebf-81f1-5c0839ec82d5,loss,FCM,,4315.68,1s_after_loss,avg_block_height,-8.558,nearest-frame tracking context,medium
8cfdb681-32cf-4ebf-81f1-5c0839ec82d5,loss,FCM,,4315.68,1s_after_loss,defensive_line_height,-18.155,partial role-based,partial
8cfdb681-32cf-4ebf-81f1-5c0839ec82d5,loss,FCK,E. Achouri,4315.72,1s_after_loss,team_width,57.59,nearest-frame tracking context,medium
8cfdb681-32cf-4ebf-81f1-5c0839ec82d5,loss,FCK,E. Achouri,4315.72,1s_after_loss,team_depth,30.65,nearest-frame tracking context,medium
8cfdb681-32cf-4ebf-81f1-5c0839ec82d5,loss,FCK,E. Achouri,4315.72,1s_after_loss,compactness,17.8447,nearest-frame tracking context,medium
8cfdb681-32cf-4ebf-81f1-5c0839ec82d5,loss,FCK,E. Achouri,4315.72,1s_after_loss,avg_block_height,4.998,nearest-frame tracking context,medium
8cfdb681-32cf-4ebf-81f1-5c0839ec82d5,loss,FCK,E. Achouri,4315.72,1s_after_loss,defensive_line_height,1.615,partial role-based,partial
8cfdb681-32cf-4ebf-81f1-5c0839ec82d5,recovery,FCM,,4318.08,at_regain,team_width,31.06,nearest-frame tracking context,medium
8cfdb681-32cf-4ebf-81f1-5c0839ec82d5,recovery,FCM,,4318.08,at_regain,team_depth,32.36,nearest-frame tracking context,medium
8cfdb681-32cf-4ebf-81f1-5c0839ec82d5,recovery,FCM,,4318.08,at_regain,compactness,12.41,nearest-frame tracking context,medium
8cfdb681-32cf-4ebf-81f1-5c0839ec82d5,recovery,FCM,,4318.08,at_regain,avg_block_height,-7.87,nearest-frame tracking context,medium
8cfdb681-32cf-4ebf-81f1-5c0839ec82d5,recovery,FCM,,4318.08,at_regain,defensive_line_height,-17.0625,partial role-based,partial
8cfdb681-32cf-4ebf-81f1-5c0839ec82d5,loss,FCM,,4367.08,1s_after_loss,team_width,24.31,nearest-frame tracking context,medium
8cfdb681-32cf-4ebf-81f1-5c0839ec82d5,loss,FCM,,4367.08,1s_after_loss,team_depth,22.2,nearest-frame tracking context,medium
8cfdb681-32cf-4ebf-81f1-5c0839ec82d5,loss,FCM,,4367.08,1s_after_loss,compactness,9.4586,nearest-frame tracking context,medium
8cfdb681-32cf-4ebf-81f1-5c0839ec82d5,loss,FCM,,4367.08,1s_after_loss,avg_block_height,34.125,nearest-frame tracking context,medium
8cfdb681-32cf-4ebf-81f1-5c0839ec82d5,loss,FCM,,4367.08,1s_after_loss,defensive_line_height,34.715,partial role-based,partial
8cfdb681-32cf-4ebf-81f1-5c0839ec82d5,loss,FCM,,4367.08,1s_after_loss,team_width,24.31,nearest-frame tracking context,medium
8cfdb681-32cf-4ebf-81f1-5c0839ec82d5,loss,FCM,,4367.08,1s_after_loss,team_depth,22.2,nearest-frame tracking context,medium
8cfdb681-32cf-4ebf-81f1-5c0839ec82d5,loss,FCM,,4367.08,1s_after_loss,compactness,9.4586,nearest-frame tracking context,medium
8cfdb681-32cf-4ebf-81f1-5c0839ec82d5,loss,FCM,,4367.08,1s_after_loss,avg_block_height,34.125,nearest-frame tracking context,medium
8cfdb681-32cf-4ebf-81f1-5c0839ec82d5,loss,FCM,,4367.08,1s_after_loss,defensive_line_height,34.715,partial role-based,partial
8cfdb681-32cf-4ebf-81f1-5c0839ec82d5,loss,FCK,,4368.76,1s_after_loss,team_width,19.06,nearest-frame tracking context,medium
8cfdb681-32cf-4ebf-81f1-5c0839ec82d5,loss,FCK,,4368.76,1s_after_loss,team_depth,14.15,nearest-frame tracking context,medium
8cfdb681-32cf-4ebf-81f1-5c0839ec82d5,loss,FCK,,4368.76,1s_after_loss,compactness,7.0628,nearest-frame tracking context,medium
8cfdb681-32cf-4ebf-81f1-5c0839ec82d5,loss,FCK,,4368.76,1s_after_loss,avg_block_height,-39.607,nearest-frame tracking context,medium
8cfdb681-32cf-4ebf-81f1-5c0839ec82d5,loss,FCK,,4368.76,1s_after_loss,defensive_line_height,-40.085,partial role-based,partial
8cfdb681-32cf-4ebf-81f1-5c0839ec82d5,loss,FCK,,4368.76,1s_after_loss,team_width,19.06,nearest-frame tracking context,medium
8cfdb681-32cf-4ebf-81f1-5c0839ec82d5,loss,FCK,,4368.76,1s_after_loss,team_depth,14.15,nearest-frame tracking context,medium
8cfdb681-32cf-4ebf-81f1-5c0839ec82d5,loss,FCK,,4368.76,1s_after_loss,compactness,7.0628,nearest-frame tracking context,medium
8cfdb681-32cf-4ebf-81f1-5c0839ec82d5,loss,FCK,,4368.76,1s_after_loss,avg_block_height,-39.607,nearest-frame tracking context,medium
8cfdb681-32cf-4ebf-81f1-5c0839ec82d5,loss,FCK,,4368.76,1s_after_loss,defensive_line_height,-40.085,partial role-based,partial
8cfdb681-32cf-4ebf-81f1-5c0839ec82d5,recovery,FCK,M. Mattsson,4379.52,at_regain,team_width,23.72,nearest-frame tracking context,medium
8cfdb681-32cf-4ebf-81f1-5c0839ec82d5,recovery,FCK,M. Mattsson,4379.52,at_regain,team_depth,42.87,nearest-frame tracking context,medium
8cfdb681-32cf-4ebf-81f1-5c0839ec82d5,recovery,FCK,M. Mattsson,4379.52,at_regain,compactness,19.247,nearest-frame tracking context,medium
8cfdb681-32cf-4ebf-81f1-5c0839ec82d5,recovery,FCK,M. Mattsson,4379.52,at_regain,avg_block_height,12.029,nearest-frame tracking context,medium
8cfdb681-32cf-4ebf-81f1-5c0839ec82d5,recovery,FCK,M. Mattsson,4379.52,at_regain,defensive_line_height,-2.58,partial role-based,partial
8cfdb681-32cf-4ebf-81f1-5c0839ec82d5,recovery,FCM,,4380.52,at_regain,team_width,32.85,nearest-frame tracking context,medium
8cfdb681-32cf-4ebf-81f1-5c0839ec82d5,recovery,FCM,,4380.52,at_regain,team_depth,51.01,nearest-frame tracking context,medium
8cfdb681-32cf-4ebf-81f1-5c0839ec82d5,recovery,FCM,,4380.52,at_regain,compactness,18.3024,nearest-frame tracking context,medium
8cfdb681-32cf-4ebf-81f1-5c0839ec82d5,recovery,FCM,,4380.52,at_regain,avg_block_height,-21.859,nearest-frame tracking context,medium
8cfdb681-32cf-4ebf-81f1-5c0839ec82d5,recovery,FCM,,4380.52,at_regain,defensive_line_height,-32.2725,partial role-based,partial
8cfdb681-32cf-4ebf-81f1-5c0839ec82d5,loss,FCM,,4382.52,1s_after_loss,team_width,43.52,nearest-frame tracking context,medium
8cfdb681-32cf-4ebf-81f1-5c0839ec82d5,loss,FCM,,4382.52,1s_after_loss,team_depth,46.06,nearest-frame tracking context,medium
8cfdb681-32cf-4ebf-81f1-5c0839ec82d5,loss,FCM,,4382.52,1s_after_loss,compactness,19.7036,nearest-frame tracking context,medium
8cfdb681-32cf-4ebf-81f1-5c0839ec82d5,loss,FCM,,4382.52,1s_after_loss,avg_block_height,-27.873,nearest-frame tracking context,medium
8cfdb681-32cf-4ebf-81f1-5c0839ec82d5,loss,FCM,,4382.52,1s_after_loss,defensive_line_height,-38.96,partial role-based,partial
8cfdb681-32cf-4ebf-81f1-5c0839ec82d5,loss,FCM,K. Mbabu,4386,1s_after_loss,team_width,49.96,nearest-frame tracking context,medium
8cfdb681-32cf-4ebf-81f1-5c0839ec82d5,loss,FCM,K. Mbabu,4386,1s_after_loss,team_depth,35.69,nearest-frame tracking context,medium
8cfdb681-32cf-4ebf-81f1-5c0839ec82d5,loss,FCM,K. Mbabu,4386,1s_after_loss,compactness,18.3511,nearest-frame tracking context,medium
8cfdb681-32cf-4ebf-81f1-5c0839ec82d5,loss,FCM,K. Mbabu,4386,1s_after_loss,avg_block_height,-26.745,nearest-frame tracking context,medium
8cfdb681-32cf-4ebf-81f1-5c0839ec82d5,loss,FCM,K. Mbabu,4386,1s_after_loss,defensive_line_height,-36.175,partial role-based,partial
8cfdb681-32cf-4ebf-81f1-5c0839ec82d5,loss,FCK,M. Elyounoussi,4442.24,1s_after_loss,team_width,37.01,nearest-frame tracking context,medium
8cfdb681-32cf-4ebf-81f1-5c0839ec82d5,loss,FCK,M. Elyounoussi,4442.24,1s_after_loss,team_depth,34.74,nearest-frame tracking context,medium
8cfdb681-32cf-4ebf-81f1-5c0839ec82d5,loss,FCK,M. Elyounoussi,4442.24,1s_after_loss,compactness,13.3501,nearest-frame tracking context,medium
8cfdb681-32cf-4ebf-81f1-5c0839ec82d5,loss,FCK,M. Elyounoussi,4442.24,1s_after_loss,avg_block_height,23.591,nearest-frame tracking context,medium
8cfdb681-32cf-4ebf-81f1-5c0839ec82d5,loss,FCK,M. Elyounoussi,4442.24,1s_after_loss,defensive_line_height,14.665,partial role-based,partial
8cfdb681-32cf-4ebf-81f1-5c0839ec82d5,loss,FCK,,4447.4,1s_after_loss,team_width,31.32,nearest-frame tracking context,medium
8cfdb681-32cf-4ebf-81f1-5c0839ec82d5,loss,FCK,,4447.4,1s_after_loss,team_depth,31.78,nearest-frame tracking context,medium
8cfdb681-32cf-4ebf-81f1-5c0839ec82d5,loss,FCK,,4447.4,1s_after_loss,compactness,12.1219,nearest-frame tracking context,medium
8cfdb681-32cf-4ebf-81f1-5c0839ec82d5,loss,FCK,,4447.4,1s_after_loss,avg_block_height,15.478,nearest-frame tracking context,medium
8cfdb681-32cf-4ebf-81f1-5c0839ec82d5,loss,FCK,,4447.4,1s_after_loss,defensive_line_height,7.215,partial role-based,partial
8cfdb681-32cf-4ebf-81f1-5c0839ec82d5,recovery,FCK,Gabriel Pereira,4447.52,at_regain,team_width,31.4,nearest-frame tracking context,medium
8cfdb681-32cf-4ebf-81f1-5c0839ec82d5,recovery,FCK,Gabriel Pereira,4447.52,at_regain,team_depth,30.76,nearest-frame tracking context,medium
8cfdb681-32cf-4ebf-81f1-5c0839ec82d5,recovery,FCK,Gabriel Pereira,4447.52,at_regain,compactness,12.2646,nearest-frame tracking context,medium
8cfdb681-32cf-4ebf-81f1-5c0839ec82d5,recovery,FCK,Gabriel Pereira,4447.52,at_regain,avg_block_height,18.156,nearest-frame tracking context,medium
8cfdb681-32cf-4ebf-81f1-5c0839ec82d5,recovery,FCK,Gabriel Pereira,4447.52,at_regain,defensive_line_height,9.345,partial role-based,partial
8cfdb681-32cf-4ebf-81f1-5c0839ec82d5,loss,FCM,,4507.96,1s_after_loss,team_width,58.51,nearest-frame tracking context,medium
8cfdb681-32cf-4ebf-81f1-5c0839ec82d5,loss,FCM,,4507.96,1s_after_loss,team_depth,37.4,nearest-frame tracking context,medium
8cfdb681-32cf-4ebf-81f1-5c0839ec82d5,loss,FCM,,4507.96,1s_after_loss,compactness,19.9737,nearest-frame tracking context,medium
8cfdb681-32cf-4ebf-81f1-5c0839ec82d5,loss,FCM,,4507.96,1s_after_loss,avg_block_height,-10.327,nearest-frame tracking context,medium
8cfdb681-32cf-4ebf-81f1-5c0839ec82d5,loss,FCM,,4507.96,1s_after_loss,defensive_line_height,-17.12,partial role-based,partial
8cfdb681-32cf-4ebf-81f1-5c0839ec82d5,recovery,FCM,E. Olafsson,4508.52,at_regain,team_width,59.29,nearest-frame tracking context,medium
8cfdb681-32cf-4ebf-81f1-5c0839ec82d5,recovery,FCM,E. Olafsson,4508.52,at_regain,team_depth,38.12,nearest-frame tracking context,medium
8cfdb681-32cf-4ebf-81f1-5c0839ec82d5,recovery,FCM,E. Olafsson,4508.52,at_regain,compactness,20.332,nearest-frame tracking context,medium
8cfdb681-32cf-4ebf-81f1-5c0839ec82d5,recovery,FCM,E. Olafsson,4508.52,at_regain,avg_block_height,-10.708,nearest-frame tracking context,medium
8cfdb681-32cf-4ebf-81f1-5c0839ec82d5,recovery,FCM,E. Olafsson,4508.52,at_regain,defensive_line_height,-17.505,partial role-based,partial
8cfdb681-32cf-4ebf-81f1-5c0839ec82d5,loss,FCK,,4558.92,1s_after_loss,team_width,60.18,nearest-frame tracking context,medium
8cfdb681-32cf-4ebf-81f1-5c0839ec82d5,loss,FCK,,4558.92,1s_after_loss,team_depth,33.1,nearest-frame tracking context,medium
8cfdb681-32cf-4ebf-81f1-5c0839ec82d5,loss,FCK,,4558.92,1s_after_loss,compactness,16.9876,nearest-frame tracking context,medium
8cfdb681-32cf-4ebf-81f1-5c0839ec82d5,loss,FCK,,4558.92,1s_after_loss,avg_block_height,5.584,nearest-frame tracking context,medium
8cfdb681-32cf-4ebf-81f1-5c0839ec82d5,loss,FCK,,4558.92,1s_after_loss,defensive_line_height,-4.3575,partial role-based,partial
8cfdb681-32cf-4ebf-81f1-5c0839ec82d5,loss,FCK,,4576.8,1s_after_loss,team_width,54.4,nearest-frame tracking context,medium
8cfdb681-32cf-4ebf-81f1-5c0839ec82d5,loss,FCK,,4576.8,1s_after_loss,team_depth,37.17,nearest-frame tracking context,medium
8cfdb681-32cf-4ebf-81f1-5c0839ec82d5,loss,FCK,,4576.8,1s_after_loss,compactness,21.3215,nearest-frame tracking context,medium
8cfdb681-32cf-4ebf-81f1-5c0839ec82d5,loss,FCK,,4576.8,1s_after_loss,avg_block_height,-4.268,nearest-frame tracking context,medium
8cfdb681-32cf-4ebf-81f1-5c0839ec82d5,loss,FCK,,4576.8,1s_after_loss,defensive_line_height,-14.385,partial role-based,partial
8cfdb681-32cf-4ebf-81f1-5c0839ec82d5,loss,FCK,,4576.92,1s_after_loss,team_width,54.21,nearest-frame tracking context,medium
8cfdb681-32cf-4ebf-81f1-5c0839ec82d5,loss,FCK,,4576.92,1s_after_loss,team_depth,37.61,nearest-frame tracking context,medium
8cfdb681-32cf-4ebf-81f1-5c0839ec82d5,loss,FCK,,4576.92,1s_after_loss,compactness,21.3668,nearest-frame tracking context,medium
8cfdb681-32cf-4ebf-81f1-5c0839ec82d5,loss,FCK,,4576.92,1s_after_loss,avg_block_height,-4.165,nearest-frame tracking context,medium
8cfdb681-32cf-4ebf-81f1-5c0839ec82d5,loss,FCK,,4576.92,1s_after_loss,defensive_line_height,-14.3025,partial role-based,partial
8cfdb681-32cf-4ebf-81f1-5c0839ec82d5,loss,FCM,,4578,1s_after_loss,team_width,44.77,nearest-frame tracking context,medium
8cfdb681-32cf-4ebf-81f1-5c0839ec82d5,loss,FCM,,4578,1s_after_loss,team_depth,32.41,nearest-frame tracking context,medium
8cfdb681-32cf-4ebf-81f1-5c0839ec82d5,loss,FCM,,4578,1s_after_loss,compactness,17.3532,nearest-frame tracking context,medium
8cfdb681-32cf-4ebf-81f1-5c0839ec82d5,loss,FCM,,4578,1s_after_loss,avg_block_height,-1.425,nearest-frame tracking context,medium
8cfdb681-32cf-4ebf-81f1-5c0839ec82d5,loss,FCM,,4578,1s_after_loss,defensive_line_height,-13.0875,partial role-based,partial
8cfdb681-32cf-4ebf-81f1-5c0839ec82d5,loss,FCK,V. Froholdt,4578.32,1s_after_loss,team_width,50.2,nearest-frame tracking context,medium
8cfdb681-32cf-4ebf-81f1-5c0839ec82d5,loss,FCK,V. Froholdt,4578.32,1s_after_loss,team_depth,38.93,nearest-frame tracking context,medium
8cfdb681-32cf-4ebf-81f1-5c0839ec82d5,loss,FCK,V. Froholdt,4578.32,1s_after_loss,compactness,20.8001,nearest-frame tracking context,medium
8cfdb681-32cf-4ebf-81f1-5c0839ec82d5,loss,FCK,V. Froholdt,4578.32,1s_after_loss,avg_block_height,-2.2,nearest-frame tracking context,medium
8cfdb681-32cf-4ebf-81f1-5c0839ec82d5,loss,FCK,V. Froholdt,4578.32,1s_after_loss,defensive_line_height,-12.1325,partial role-based,partial
8cfdb681-32cf-4ebf-81f1-5c0839ec82d5,loss,FCM,,4579,1s_after_loss,team_width,43.36,nearest-frame tracking context,medium
8cfdb681-32cf-4ebf-81f1-5c0839ec82d5,loss,FCM,,4579,1s_after_loss,team_depth,33.36,nearest-frame tracking context,medium
8cfdb681-32cf-4ebf-81f1-5c0839ec82d5,loss,FCM,,4579,1s_after_loss,compactness,16.8201,nearest-frame tracking context,medium
8cfdb681-32cf-4ebf-81f1-5c0839ec82d5,loss,FCM,,4579,1s_after_loss,avg_block_height,-4.039,nearest-frame tracking context,medium
8cfdb681-32cf-4ebf-81f1-5c0839ec82d5,loss,FCM,,4579,1s_after_loss,defensive_line_height,-15.795,partial role-based,partial
8cfdb681-32cf-4ebf-81f1-5c0839ec82d5,loss,FCM,E. Martinez,4580.64,1s_after_loss,team_width,39.29,nearest-frame tracking context,medium
8cfdb681-32cf-4ebf-81f1-5c0839ec82d5,loss,FCM,E. Martinez,4580.64,1s_after_loss,team_depth,35.11,nearest-frame tracking context,medium
8cfdb681-32cf-4ebf-81f1-5c0839ec82d5,loss,FCM,E. Martinez,4580.64,1s_after_loss,compactness,15.9344,nearest-frame tracking context,medium
8cfdb681-32cf-4ebf-81f1-5c0839ec82d5,loss,FCM,E. Martinez,4580.64,1s_after_loss,avg_block_height,-6.934,nearest-frame tracking context,medium
8cfdb681-32cf-4ebf-81f1-5c0839ec82d5,loss,FCM,E. Martinez,4580.64,1s_after_loss,defensive_line_height,-18.86,partial role-based,partial
8cfdb681-32cf-4ebf-81f1-5c0839ec82d5,loss,FCM,,4580.64,1s_after_loss,team_width,39.29,nearest-frame tracking context,medium
8cfdb681-32cf-4ebf-81f1-5c0839ec82d5,loss,FCM,,4580.64,1s_after_loss,team_depth,35.11,nearest-frame tracking context,medium
8cfdb681-32cf-4ebf-81f1-5c0839ec82d5,loss,FCM,,4580.64,1s_after_loss,compactness,15.9344,nearest-frame tracking context,medium
8cfdb681-32cf-4ebf-81f1-5c0839ec82d5,loss,FCM,,4580.64,1s_after_loss,avg_block_height,-6.934,nearest-frame tracking context,medium
8cfdb681-32cf-4ebf-81f1-5c0839ec82d5,loss,FCM,,4580.64,1s_after_loss,defensive_line_height,-18.86,partial role-based,partial
8cfdb681-32cf-4ebf-81f1-5c0839ec82d5,loss,FCM,,4580.64,1s_after_loss,team_width,39.29,nearest-frame tracking context,medium
8cfdb681-32cf-4ebf-81f1-5c0839ec82d5,loss,FCM,,4580.64,1s_after_loss,team_depth,35.11,nearest-frame tracking context,medium
8cfdb681-32cf-4ebf-81f1-5c0839ec82d5,loss,FCM,,4580.64,1s_after_loss,compactness,15.9344,nearest-frame tracking context,medium
8cfdb681-32cf-4ebf-81f1-5c0839ec82d5,loss,FCM,,4580.64,1s_after_loss,avg_block_height,-6.934,nearest-frame tracking context,medium
8cfdb681-32cf-4ebf-81f1-5c0839ec82d5,loss,FCM,,4580.64,1s_after_loss,defensive_line_height,-18.86,partial role-based,partial
8cfdb681-32cf-4ebf-81f1-5c0839ec82d5,recovery,FCK,,4584.32,at_regain,team_width,35.34,nearest-frame tracking context,medium
8cfdb681-32cf-4ebf-81f1-5c0839ec82d5,recovery,FCK,,4584.32,at_regain,team_depth,29.65,nearest-frame tracking context,medium
8cfdb681-32cf-4ebf-81f1-5c0839ec82d5,recovery,FCK,,4584.32,at_regain,compactness,15.2689,nearest-frame tracking context,medium
8cfdb681-32cf-4ebf-81f1-5c0839ec82d5,recovery,FCK,,4584.32,at_regain,avg_block_height,6.164,nearest-frame tracking context,medium
8cfdb681-32cf-4ebf-81f1-5c0839ec82d5,recovery,FCK,,4584.32,at_regain,defensive_line_height,-4.515,partial role-based,partial
8cfdb681-32cf-4ebf-81f1-5c0839ec82d5,recovery,FCK,M. Elyounoussi,4591.24,at_regain,team_width,29.81,nearest-frame tracking context,medium
8cfdb681-32cf-4ebf-81f1-5c0839ec82d5,recovery,FCK,M. Elyounoussi,4591.24,at_regain,team_depth,53.79,nearest-frame tracking context,medium
8cfdb681-32cf-4ebf-81f1-5c0839ec82d5,recovery,FCK,M. Elyounoussi,4591.24,at_regain,compactness,20.0629,nearest-frame tracking context,medium
8cfdb681-32cf-4ebf-81f1-5c0839ec82d5,recovery,FCK,M. Elyounoussi,4591.24,at_regain,avg_block_height,27.336,nearest-frame tracking context,medium
8cfdb681-32cf-4ebf-81f1-5c0839ec82d5,recovery,FCK,M. Elyounoussi,4591.24,at_regain,defensive_line_height,6.9425,partial role-based,partial
8cfdb681-32cf-4ebf-81f1-5c0839ec82d5,loss,FCK,,4592.52,1s_after_loss,team_width,32.81,nearest-frame tracking context,medium
8cfdb681-32cf-4ebf-81f1-5c0839ec82d5,loss,FCK,,4592.52,1s_after_loss,team_depth,54.35,nearest-frame tracking context,medium
8cfdb681-32cf-4ebf-81f1-5c0839ec82d5,loss,FCK,,4592.52,1s_after_loss,compactness,20.3729,nearest-frame tracking context,medium
8cfdb681-32cf-4ebf-81f1-5c0839ec82d5,loss,FCK,,4592.52,1s_after_loss,avg_block_height,27.722,nearest-frame tracking context,medium
8cfdb681-32cf-4ebf-81f1-5c0839ec82d5,loss,FCK,,4592.52,1s_after_loss,defensive_line_height,7.0625,partial role-based,partial
8cfdb681-32cf-4ebf-81f1-5c0839ec82d5,recovery,FCK,L. Lerager,4602.04,at_regain,team_width,30.91,nearest-frame tracking context,medium
8cfdb681-32cf-4ebf-81f1-5c0839ec82d5,recovery,FCK,L. Lerager,4602.04,at_regain,team_depth,36.07,nearest-frame tracking context,medium
8cfdb681-32cf-4ebf-81f1-5c0839ec82d5,recovery,FCK,L. Lerager,4602.04,at_regain,compactness,15.3443,nearest-frame tracking context,medium
8cfdb681-32cf-4ebf-81f1-5c0839ec82d5,recovery,FCK,L. Lerager,4602.04,at_regain,avg_block_height,28.662,nearest-frame tracking context,medium
8cfdb681-32cf-4ebf-81f1-5c0839ec82d5,recovery,FCK,L. Lerager,4602.04,at_regain,defensive_line_height,15.87,partial role-based,partial
8cfdb681-32cf-4ebf-81f1-5c0839ec82d5,loss,FCM,,4635.48,1s_after_loss,team_width,56.45,nearest-frame tracking context,medium
8cfdb681-32cf-4ebf-81f1-5c0839ec82d5,loss,FCM,,4635.48,1s_after_loss,team_depth,33.32,nearest-frame tracking context,medium
8cfdb681-32cf-4ebf-81f1-5c0839ec82d5,loss,FCM,,4635.48,1s_after_loss,compactness,18.8158,nearest-frame tracking context,medium
8cfdb681-32cf-4ebf-81f1-5c0839ec82d5,loss,FCM,,4635.48,1s_after_loss,avg_block_height,-4.569,nearest-frame tracking context,medium
8cfdb681-32cf-4ebf-81f1-5c0839ec82d5,loss,FCM,,4635.48,1s_after_loss,defensive_line_height,-15.0525,partial role-based,partial
8cfdb681-32cf-4ebf-81f1-5c0839ec82d5,loss,FCM,,4635.48,1s_after_loss,team_width,56.45,nearest-frame tracking context,medium
8cfdb681-32cf-4ebf-81f1-5c0839ec82d5,loss,FCM,,4635.48,1s_after_loss,team_depth,33.32,nearest-frame tracking context,medium
8cfdb681-32cf-4ebf-81f1-5c0839ec82d5,loss,FCM,,4635.48,1s_after_loss,compactness,18.8158,nearest-frame tracking context,medium
8cfdb681-32cf-4ebf-81f1-5c0839ec82d5,loss,FCM,,4635.48,1s_after_loss,avg_block_height,-4.569,nearest-frame tracking context,medium
8cfdb681-32cf-4ebf-81f1-5c0839ec82d5,loss,FCM,,4635.48,1s_after_loss,defensive_line_height,-15.0525,partial role-based,partial
8cfdb681-32cf-4ebf-81f1-5c0839ec82d5,recovery,FCM,J. Andersson,4647.8,at_regain,team_width,60.65,nearest-frame tracking context,medium
8cfdb681-32cf-4ebf-81f1-5c0839ec82d5,recovery,FCM,J. Andersson,4647.8,at_regain,team_depth,34.83,nearest-frame tracking context,medium
8cfdb681-32cf-4ebf-81f1-5c0839ec82d5,recovery,FCM,J. Andersson,4647.8,at_regain,compactness,20.0263,nearest-frame tracking context,medium
8cfdb681-32cf-4ebf-81f1-5c0839ec82d5,recovery,FCM,J. Andersson,4647.8,at_regain,avg_block_height,-7.714,nearest-frame tracking context,medium
8cfdb681-32cf-4ebf-81f1-5c0839ec82d5,recovery,FCM,J. Andersson,4647.8,at_regain,defensive_line_height,-18.035,partial role-based,partial
8cfdb681-32cf-4ebf-81f1-5c0839ec82d5,loss,FCK,,4648.28,1s_after_loss,team_width,41.45,nearest-frame tracking context,medium
8cfdb681-32cf-4ebf-81f1-5c0839ec82d5,loss,FCK,,4648.28,1s_after_loss,team_depth,22.26,nearest-frame tracking context,medium
8cfdb681-32cf-4ebf-81f1-5c0839ec82d5,loss,FCK,,4648.28,1s_after_loss,compactness,15.0867,nearest-frame tracking context,medium
8cfdb681-32cf-4ebf-81f1-5c0839ec82d5,loss,FCK,,4648.28,1s_after_loss,avg_block_height,1.087,nearest-frame tracking context,medium
8cfdb681-32cf-4ebf-81f1-5c0839ec82d5,loss,FCK,,4648.28,1s_after_loss,defensive_line_height,-6.1,partial role-based,partial
8cfdb681-32cf-4ebf-81f1-5c0839ec82d5,loss,FCK,,4648.28,1s_after_loss,team_width,41.45,nearest-frame tracking context,medium
8cfdb681-32cf-4ebf-81f1-5c0839ec82d5,loss,FCK,,4648.28,1s_after_loss,team_depth,22.26,nearest-frame tracking context,medium
8cfdb681-32cf-4ebf-81f1-5c0839ec82d5,loss,FCK,,4648.28,1s_after_loss,compactness,15.0867,nearest-frame tracking context,medium
8cfdb681-32cf-4ebf-81f1-5c0839ec82d5,loss,FCK,,4648.28,1s_after_loss,avg_block_height,1.087,nearest-frame tracking context,medium
8cfdb681-32cf-4ebf-81f1-5c0839ec82d5,loss,FCK,,4648.28,1s_after_loss,defensive_line_height,-6.1,partial role-based,partial
8cfdb681-32cf-4ebf-81f1-5c0839ec82d5,loss,FCK,M. Elyounoussi,4653.6,1s_after_loss,team_width,38.84,nearest-frame tracking context,medium
8cfdb681-32cf-4ebf-81f1-5c0839ec82d5,loss,FCK,M. Elyounoussi,4653.6,1s_after_loss,team_depth,36.24,nearest-frame tracking context,medium
8cfdb681-32cf-4ebf-81f1-5c0839ec82d5,loss,FCK,M. Elyounoussi,4653.6,1s_after_loss,compactness,15.9195,nearest-frame tracking context,medium
8cfdb681-32cf-4ebf-81f1-5c0839ec82d5,loss,FCK,M. Elyounoussi,4653.6,1s_after_loss,avg_block_height,12.335,nearest-frame tracking context,medium
8cfdb681-32cf-4ebf-81f1-5c0839ec82d5,loss,FCK,M. Elyounoussi,4653.6,1s_after_loss,defensive_line_height,1.38,partial role-based,partial
8cfdb681-32cf-4ebf-81f1-5c0839ec82d5,loss,FCM,,4654.44,1s_after_loss,team_width,28.79,nearest-frame tracking context,medium
8cfdb681-32cf-4ebf-81f1-5c0839ec82d5,loss,FCM,,4654.44,1s_after_loss,team_depth,31.02,nearest-frame tracking context,medium
8cfdb681-32cf-4ebf-81f1-5c0839ec82d5,loss,FCM,,4654.44,1s_after_loss,compactness,11.5902,nearest-frame tracking context,medium
8cfdb681-32cf-4ebf-81f1-5c0839ec82d5,loss,FCM,,4654.44,1s_after_loss,avg_block_height,-17.977,nearest-frame tracking context,medium
8cfdb681-32cf-4ebf-81f1-5c0839ec82d5,loss,FCM,,4654.44,1s_after_loss,defensive_line_height,-25.8725,partial role-based,partial
8cfdb681-32cf-4ebf-81f1-5c0839ec82d5,loss,FCM,,4654.44,1s_after_loss,team_width,28.79,nearest-frame tracking context,medium
8cfdb681-32cf-4ebf-81f1-5c0839ec82d5,loss,FCM,,4654.44,1s_after_loss,team_depth,31.02,nearest-frame tracking context,medium
8cfdb681-32cf-4ebf-81f1-5c0839ec82d5,loss,FCM,,4654.44,1s_after_loss,compactness,11.5902,nearest-frame tracking context,medium
8cfdb681-32cf-4ebf-81f1-5c0839ec82d5,loss,FCM,,4654.44,1s_after_loss,avg_block_height,-17.977,nearest-frame tracking context,medium
8cfdb681-32cf-4ebf-81f1-5c0839ec82d5,loss,FCM,,4654.44,1s_after_loss,defensive_line_height,-25.8725,partial role-based,partial
8cfdb681-32cf-4ebf-81f1-5c0839ec82d5,loss,FCM,E. Chilufya,4663.72,1s_after_loss,team_width,43.82,nearest-frame tracking context,medium
8cfdb681-32cf-4ebf-81f1-5c0839ec82d5,loss,FCM,E. Chilufya,4663.72,1s_after_loss,team_depth,52.49,nearest-frame tracking context,medium
8cfdb681-32cf-4ebf-81f1-5c0839ec82d5,loss,FCM,E. Chilufya,4663.72,1s_after_loss,compactness,19.2152,nearest-frame tracking context,medium
8cfdb681-32cf-4ebf-81f1-5c0839ec82d5,loss,FCM,E. Chilufya,4663.72,1s_after_loss,avg_block_height,11.396,nearest-frame tracking context,medium
8cfdb681-32cf-4ebf-81f1-5c0839ec82d5,loss,FCM,E. Chilufya,4663.72,1s_after_loss,defensive_line_height,1.7325,partial role-based,partial
8cfdb681-32cf-4ebf-81f1-5c0839ec82d5,recovery,FCK,,4664.6,at_regain,team_width,36.43,nearest-frame tracking context,medium
8cfdb681-32cf-4ebf-81f1-5c0839ec82d5,recovery,FCK,,4664.6,at_regain,team_depth,58.37,nearest-frame tracking context,medium
8cfdb681-32cf-4ebf-81f1-5c0839ec82d5,recovery,FCK,,4664.6,at_regain,compactness,21.4085,nearest-frame tracking context,medium
8cfdb681-32cf-4ebf-81f1-5c0839ec82d5,recovery,FCK,,4664.6,at_regain,avg_block_height,-16.568,nearest-frame tracking context,medium
8cfdb681-32cf-4ebf-81f1-5c0839ec82d5,recovery,FCK,,4664.6,at_regain,defensive_line_height,-35.275,partial role-based,partial
8cfdb681-32cf-4ebf-81f1-5c0839ec82d5,loss,FCK,,4671.2,1s_after_loss,team_width,36.76,nearest-frame tracking context,medium
8cfdb681-32cf-4ebf-81f1-5c0839ec82d5,loss,FCK,,4671.2,1s_after_loss,team_depth,38.48,nearest-frame tracking context,medium
8cfdb681-32cf-4ebf-81f1-5c0839ec82d5,loss,FCK,,4671.2,1s_after_loss,compactness,18.1866,nearest-frame tracking context,medium
8cfdb681-32cf-4ebf-81f1-5c0839ec82d5,loss,FCK,,4671.2,1s_after_loss,avg_block_height,-25.072,nearest-frame tracking context,medium
8cfdb681-32cf-4ebf-81f1-5c0839ec82d5,loss,FCK,,4671.2,1s_after_loss,defensive_line_height,-35.17,partial role-based,partial
8cfdb681-32cf-4ebf-81f1-5c0839ec82d5,loss,FCK,A. Cornelius,4673.28,1s_after_loss,team_width,36.51,nearest-frame tracking context,medium
8cfdb681-32cf-4ebf-81f1-5c0839ec82d5,loss,FCK,A. Cornelius,4673.28,1s_after_loss,team_depth,36.22,nearest-frame tracking context,medium
8cfdb681-32cf-4ebf-81f1-5c0839ec82d5,loss,FCK,A. Cornelius,4673.28,1s_after_loss,compactness,17.4416,nearest-frame tracking context,medium
8cfdb681-32cf-4ebf-81f1-5c0839ec82d5,loss,FCK,A. Cornelius,4673.28,1s_after_loss,avg_block_height,-21.827,nearest-frame tracking context,medium
8cfdb681-32cf-4ebf-81f1-5c0839ec82d5,loss,FCK,A. Cornelius,4673.28,1s_after_loss,defensive_line_height,-31.8425,partial role-based,partial
8cfdb681-32cf-4ebf-81f1-5c0839ec82d5,loss,FCK,,4692.32,1s_after_loss,team_width,42.95,nearest-frame tracking context,medium
8cfdb681-32cf-4ebf-81f1-5c0839ec82d5,loss,FCK,,4692.32,1s_after_loss,team_depth,39.88,nearest-frame tracking context,medium
8cfdb681-32cf-4ebf-81f1-5c0839ec82d5,loss,FCK,,4692.32,1s_after_loss,compactness,17.1168,nearest-frame tracking context,medium
8cfdb681-32cf-4ebf-81f1-5c0839ec82d5,loss,FCK,,4692.32,1s_after_loss,avg_block_height,-6.788,nearest-frame tracking context,medium
8cfdb681-32cf-4ebf-81f1-5c0839ec82d5,loss,FCK,,4692.32,1s_after_loss,defensive_line_height,-17.925,partial role-based,partial
8cfdb681-32cf-4ebf-81f1-5c0839ec82d5,shot,FCM,D. Osorio,4750.4,1s_before_shot,team_width,41.88,nearest-frame tracking context,medium
8cfdb681-32cf-4ebf-81f1-5c0839ec82d5,shot,FCM,D. Osorio,4750.4,1s_before_shot,team_depth,34.74,nearest-frame tracking context,medium
8cfdb681-32cf-4ebf-81f1-5c0839ec82d5,shot,FCM,D. Osorio,4750.4,1s_before_shot,compactness,15.3046,nearest-frame tracking context,medium
8cfdb681-32cf-4ebf-81f1-5c0839ec82d5,shot,FCM,D. Osorio,4750.4,1s_before_shot,avg_block_height,32.874,nearest-frame tracking context,medium
8cfdb681-32cf-4ebf-81f1-5c0839ec82d5,shot,FCM,D. Osorio,4750.4,1s_before_shot,defensive_line_height,27.195,partial role-based,partial
8cfdb681-32cf-4ebf-81f1-5c0839ec82d5,shot,FCM,O. Diao,4778.48,1s_before_shot,team_width,38.56,nearest-frame tracking context,medium
8cfdb681-32cf-4ebf-81f1-5c0839ec82d5,shot,FCM,O. Diao,4778.48,1s_before_shot,team_depth,33.38,nearest-frame tracking context,medium
8cfdb681-32cf-4ebf-81f1-5c0839ec82d5,shot,FCM,O. Diao,4778.48,1s_before_shot,compactness,13.1395,nearest-frame tracking context,medium
8cfdb681-32cf-4ebf-81f1-5c0839ec82d5,shot,FCM,O. Diao,4778.48,1s_before_shot,avg_block_height,43.457,nearest-frame tracking context,medium
8cfdb681-32cf-4ebf-81f1-5c0839ec82d5,shot,FCM,O. Diao,4778.48,1s_before_shot,defensive_line_height,41.4625,partial role-based,partial
8cfdb681-32cf-4ebf-81f1-5c0839ec82d5,loss,FCK,,4861,1s_after_loss,team_width,56.29,nearest-frame tracking context,medium
8cfdb681-32cf-4ebf-81f1-5c0839ec82d5,loss,FCK,,4861,1s_after_loss,team_depth,35.93,nearest-frame tracking context,medium
8cfdb681-32cf-4ebf-81f1-5c0839ec82d5,loss,FCK,,4861,1s_after_loss,compactness,19.1891,nearest-frame tracking context,medium
8cfdb681-32cf-4ebf-81f1-5c0839ec82d5,loss,FCK,,4861,1s_after_loss,avg_block_height,7.628,nearest-frame tracking context,medium
8cfdb681-32cf-4ebf-81f1-5c0839ec82d5,loss,FCK,,4861,1s_after_loss,defensive_line_height,-3.0575,partial role-based,partial
8cfdb681-32cf-4ebf-81f1-5c0839ec82d5,loss,FCM,,4905.56,1s_after_loss,team_width,48.62,nearest-frame tracking context,medium
8cfdb681-32cf-4ebf-81f1-5c0839ec82d5,loss,FCM,,4905.56,1s_after_loss,team_depth,20.39,nearest-frame tracking context,medium
8cfdb681-32cf-4ebf-81f1-5c0839ec82d5,loss,FCM,,4905.56,1s_after_loss,compactness,12.8631,nearest-frame tracking context,medium
8cfdb681-32cf-4ebf-81f1-5c0839ec82d5,loss,FCM,,4905.56,1s_after_loss,avg_block_height,12.316,nearest-frame tracking context,medium
8cfdb681-32cf-4ebf-81f1-5c0839ec82d5,loss,FCM,,4905.56,1s_after_loss,defensive_line_height,2.845,partial role-based,partial
8cfdb681-32cf-4ebf-81f1-5c0839ec82d5,loss,FCK,,4909.12,1s_after_loss,team_width,20.74,nearest-frame tracking context,medium
8cfdb681-32cf-4ebf-81f1-5c0839ec82d5,loss,FCK,,4909.12,1s_after_loss,team_depth,27.45,nearest-frame tracking context,medium
8cfdb681-32cf-4ebf-81f1-5c0839ec82d5,loss,FCK,,4909.12,1s_after_loss,compactness,9.3598,nearest-frame tracking context,medium
8cfdb681-32cf-4ebf-81f1-5c0839ec82d5,loss,FCK,,4909.12,1s_after_loss,avg_block_height,-26.841,nearest-frame tracking context,medium
8cfdb681-32cf-4ebf-81f1-5c0839ec82d5,loss,FCK,,4909.12,1s_after_loss,defensive_line_height,-33.93,partial role-based,partial
8cfdb681-32cf-4ebf-81f1-5c0839ec82d5,recovery,FCK,P. Hatzidiakos,4909.16,at_regain,team_width,23.6,nearest-frame tracking context,medium
8cfdb681-32cf-4ebf-81f1-5c0839ec82d5,recovery,FCK,P. Hatzidiakos,4909.16,at_regain,team_depth,25.79,nearest-frame tracking context,medium
8cfdb681-32cf-4ebf-81f1-5c0839ec82d5,recovery,FCK,P. Hatzidiakos,4909.16,at_regain,compactness,9.5287,nearest-frame tracking context,medium
8cfdb681-32cf-4ebf-81f1-5c0839ec82d5,recovery,FCK,P. Hatzidiakos,4909.16,at_regain,avg_block_height,-25.455,nearest-frame tracking context,medium
8cfdb681-32cf-4ebf-81f1-5c0839ec82d5,recovery,FCK,P. Hatzidiakos,4909.16,at_regain,defensive_line_height,-32.0325,partial role-based,partial
8cfdb681-32cf-4ebf-81f1-5c0839ec82d5,recovery,FCM,V. Byskov,4926.32,at_regain,team_width,52.2,nearest-frame tracking context,medium
8cfdb681-32cf-4ebf-81f1-5c0839ec82d5,recovery,FCM,V. Byskov,4926.32,at_regain,team_depth,41.5,nearest-frame tracking context,medium
8cfdb681-32cf-4ebf-81f1-5c0839ec82d5,recovery,FCM,V. Byskov,4926.32,at_regain,compactness,19.6243,nearest-frame tracking context,medium
8cfdb681-32cf-4ebf-81f1-5c0839ec82d5,recovery,FCM,V. Byskov,4926.32,at_regain,avg_block_height,26.717,nearest-frame tracking context,medium
8cfdb681-32cf-4ebf-81f1-5c0839ec82d5,recovery,FCM,V. Byskov,4926.32,at_regain,defensive_line_height,17.8775,partial role-based,partial
8cfdb681-32cf-4ebf-81f1-5c0839ec82d5,shot,FCM,Oliver Sorensen,4983.52,1s_before_shot,team_width,38.95,nearest-frame tracking context,medium
8cfdb681-32cf-4ebf-81f1-5c0839ec82d5,shot,FCM,Oliver Sorensen,4983.52,1s_before_shot,team_depth,28.85,nearest-frame tracking context,medium
8cfdb681-32cf-4ebf-81f1-5c0839ec82d5,shot,FCM,Oliver Sorensen,4983.52,1s_before_shot,compactness,14.5058,nearest-frame tracking context,medium
8cfdb681-32cf-4ebf-81f1-5c0839ec82d5,shot,FCM,Oliver Sorensen,4983.52,1s_before_shot,avg_block_height,30.023,nearest-frame tracking context,medium
8cfdb681-32cf-4ebf-81f1-5c0839ec82d5,shot,FCM,Oliver Sorensen,4983.52,1s_before_shot,defensive_line_height,23.885,partial role-based,partial
8cfdb681-32cf-4ebf-81f1-5c0839ec82d5,loss,FCM,,5015.76,1s_after_loss,team_width,37.33,nearest-frame tracking context,medium
8cfdb681-32cf-4ebf-81f1-5c0839ec82d5,loss,FCM,,5015.76,1s_after_loss,team_depth,33.4,nearest-frame tracking context,medium
8cfdb681-32cf-4ebf-81f1-5c0839ec82d5,loss,FCM,,5015.76,1s_after_loss,compactness,13.8277,nearest-frame tracking context,medium
8cfdb681-32cf-4ebf-81f1-5c0839ec82d5,loss,FCM,,5015.76,1s_after_loss,avg_block_height,42.709,nearest-frame tracking context,medium
8cfdb681-32cf-4ebf-81f1-5c0839ec82d5,loss,FCM,,5015.76,1s_after_loss,defensive_line_height,38.4975,partial role-based,partial
8cfdb681-32cf-4ebf-81f1-5c0839ec82d5,loss,FCK,,5056,1s_after_loss,team_width,23.2,nearest-frame tracking context,medium
8cfdb681-32cf-4ebf-81f1-5c0839ec82d5,loss,FCK,,5056,1s_after_loss,team_depth,18.05,nearest-frame tracking context,medium
8cfdb681-32cf-4ebf-81f1-5c0839ec82d5,loss,FCK,,5056,1s_after_loss,compactness,8.4334,nearest-frame tracking context,medium
8cfdb681-32cf-4ebf-81f1-5c0839ec82d5,loss,FCK,,5056,1s_after_loss,avg_block_height,6.209,nearest-frame tracking context,medium
8cfdb681-32cf-4ebf-81f1-5c0839ec82d5,loss,FCK,,5056,1s_after_loss,defensive_line_height,-0.92,partial role-based,partial
8cfdb681-32cf-4ebf-81f1-5c0839ec82d5,loss,FCK,,5056,1s_after_loss,team_width,23.2,nearest-frame tracking context,medium
8cfdb681-32cf-4ebf-81f1-5c0839ec82d5,loss,FCK,,5056,1s_after_loss,team_depth,18.05,nearest-frame tracking context,medium
8cfdb681-32cf-4ebf-81f1-5c0839ec82d5,loss,FCK,,5056,1s_after_loss,compactness,8.4334,nearest-frame tracking context,medium
8cfdb681-32cf-4ebf-81f1-5c0839ec82d5,loss,FCK,,5056,1s_after_loss,avg_block_height,6.209,nearest-frame tracking context,medium
8cfdb681-32cf-4ebf-81f1-5c0839ec82d5,loss,FCK,,5056,1s_after_loss,defensive_line_height,-0.92,partial role-based,partial
8cfdb681-32cf-4ebf-81f1-5c0839ec82d5,recovery,FCK,V. Claesson,5061.6,at_regain,team_width,26.17,nearest-frame tracking context,medium
8cfdb681-32cf-4ebf-81f1-5c0839ec82d5,recovery,FCK,V. Claesson,5061.6,at_regain,team_depth,32.65,nearest-frame tracking context,medium
8cfdb681-32cf-4ebf-81f1-5c0839ec82d5,recovery,FCK,V. Claesson,5061.6,at_regain,compactness,12.5744,nearest-frame tracking context,medium
8cfdb681-32cf-4ebf-81f1-5c0839ec82d5,recovery,FCK,V. Claesson,5061.6,at_regain,avg_block_height,11.802,nearest-frame tracking context,medium
8cfdb681-32cf-4ebf-81f1-5c0839ec82d5,recovery,FCK,V. Claesson,5061.6,at_regain,defensive_line_height,-1.895,partial role-based,partial
8cfdb681-32cf-4ebf-81f1-5c0839ec82d5,loss,FCM,,5063.76,1s_after_loss,team_width,37.16,nearest-frame tracking context,medium
8cfdb681-32cf-4ebf-81f1-5c0839ec82d5,loss,FCM,,5063.76,1s_after_loss,team_depth,31.7,nearest-frame tracking context,medium
8cfdb681-32cf-4ebf-81f1-5c0839ec82d5,loss,FCM,,5063.76,1s_after_loss,compactness,14.6196,nearest-frame tracking context,medium
8cfdb681-32cf-4ebf-81f1-5c0839ec82d5,loss,FCM,,5063.76,1s_after_loss,avg_block_height,-17.896,nearest-frame tracking context,medium
8cfdb681-32cf-4ebf-81f1-5c0839ec82d5,loss,FCM,,5063.76,1s_after_loss,defensive_line_height,-26.4175,partial role-based,partial
8cfdb681-32cf-4ebf-81f1-5c0839ec82d5,loss,FCM,,5063.76,1s_after_loss,team_width,37.16,nearest-frame tracking context,medium
8cfdb681-32cf-4ebf-81f1-5c0839ec82d5,loss,FCM,,5063.76,1s_after_loss,team_depth,31.7,nearest-frame tracking context,medium
8cfdb681-32cf-4ebf-81f1-5c0839ec82d5,loss,FCM,,5063.76,1s_after_loss,compactness,14.6196,nearest-frame tracking context,medium
8cfdb681-32cf-4ebf-81f1-5c0839ec82d5,loss,FCM,,5063.76,1s_after_loss,avg_block_height,-17.896,nearest-frame tracking context,medium
8cfdb681-32cf-4ebf-81f1-5c0839ec82d5,loss,FCM,,5063.76,1s_after_loss,defensive_line_height,-26.4175,partial role-based,partial
8cfdb681-32cf-4ebf-81f1-5c0839ec82d5,loss,FCM,,5064.88,1s_after_loss,team_width,40.43,nearest-frame tracking context,medium
8cfdb681-32cf-4ebf-81f1-5c0839ec82d5,loss,FCM,,5064.88,1s_after_loss,team_depth,30.57,nearest-frame tracking context,medium
8cfdb681-32cf-4ebf-81f1-5c0839ec82d5,loss,FCM,,5064.88,1s_after_loss,compactness,14.9115,nearest-frame tracking context,medium
8cfdb681-32cf-4ebf-81f1-5c0839ec82d5,loss,FCM,,5064.88,1s_after_loss,avg_block_height,-17.432,nearest-frame tracking context,medium
8cfdb681-32cf-4ebf-81f1-5c0839ec82d5,loss,FCM,,5064.88,1s_after_loss,defensive_line_height,-26.37,partial role-based,partial
8cfdb681-32cf-4ebf-81f1-5c0839ec82d5,loss,FCM,D. Osorio,5065.64,1s_after_loss,team_width,41.68,nearest-frame tracking context,medium
8cfdb681-32cf-4ebf-81f1-5c0839ec82d5,loss,FCM,D. Osorio,5065.64,1s_after_loss,team_depth,29.95,nearest-frame tracking context,medium
8cfdb681-32cf-4ebf-81f1-5c0839ec82d5,loss,FCM,D. Osorio,5065.64,1s_after_loss,compactness,14.5861,nearest-frame tracking context,medium
8cfdb681-32cf-4ebf-81f1-5c0839ec82d5,loss,FCM,D. Osorio,5065.64,1s_after_loss,avg_block_height,-16.322,nearest-frame tracking context,medium
8cfdb681-32cf-4ebf-81f1-5c0839ec82d5,loss,FCM,D. Osorio,5065.64,1s_after_loss,defensive_line_height,-25.815,partial role-based,partial
8cfdb681-32cf-4ebf-81f1-5c0839ec82d5,loss,FCK,,5066.96,1s_after_loss,team_width,27.92,nearest-frame tracking context,medium
8cfdb681-32cf-4ebf-81f1-5c0839ec82d5,loss,FCK,,5066.96,1s_after_loss,team_depth,28.64,nearest-frame tracking context,medium
8cfdb681-32cf-4ebf-81f1-5c0839ec82d5,loss,FCK,,5066.96,1s_after_loss,compactness,12.1934,nearest-frame tracking context,medium
8cfdb681-32cf-4ebf-81f1-5c0839ec82d5,loss,FCK,,5066.96,1s_after_loss,avg_block_height,12.557,nearest-frame tracking context,medium
8cfdb681-32cf-4ebf-81f1-5c0839ec82d5,loss,FCK,,5066.96,1s_after_loss,defensive_line_height,-2.84,partial role-based,partial
8cfdb681-32cf-4ebf-81f1-5c0839ec82d5,loss,FCK,,5066.96,1s_after_loss,team_width,27.92,nearest-frame tracking context,medium
8cfdb681-32cf-4ebf-81f1-5c0839ec82d5,loss,FCK,,5066.96,1s_after_loss,team_depth,28.64,nearest-frame tracking context,medium
8cfdb681-32cf-4ebf-81f1-5c0839ec82d5,loss,FCK,,5066.96,1s_after_loss,compactness,12.1934,nearest-frame tracking context,medium
8cfdb681-32cf-4ebf-81f1-5c0839ec82d5,loss,FCK,,5066.96,1s_after_loss,avg_block_height,12.557,nearest-frame tracking context,medium
8cfdb681-32cf-4ebf-81f1-5c0839ec82d5,loss,FCK,,5066.96,1s_after_loss,defensive_line_height,-2.84,partial role-based,partial
8cfdb681-32cf-4ebf-81f1-5c0839ec82d5,recovery,FCK,M. Elyounoussi,5071.6,at_regain,team_width,30.78,nearest-frame tracking context,medium
8cfdb681-32cf-4ebf-81f1-5c0839ec82d5,recovery,FCK,M. Elyounoussi,5071.6,at_regain,team_depth,31.69,nearest-frame tracking context,medium
8cfdb681-32cf-4ebf-81f1-5c0839ec82d5,recovery,FCK,M. Elyounoussi,5071.6,at_regain,compactness,12.5349,nearest-frame tracking context,medium
8cfdb681-32cf-4ebf-81f1-5c0839ec82d5,recovery,FCK,M. Elyounoussi,5071.6,at_regain,avg_block_height,20.279,nearest-frame tracking context,medium
8cfdb681-32cf-4ebf-81f1-5c0839ec82d5,recovery,FCK,M. Elyounoussi,5071.6,at_regain,defensive_line_height,1.555,partial role-based,partial
8cfdb681-32cf-4ebf-81f1-5c0839ec82d5,loss,FCM,,5072.72,1s_after_loss,team_width,25.36,nearest-frame tracking context,medium
8cfdb681-32cf-4ebf-81f1-5c0839ec82d5,loss,FCM,,5072.72,1s_after_loss,team_depth,33.48,nearest-frame tracking context,medium
8cfdb681-32cf-4ebf-81f1-5c0839ec82d5,loss,FCM,,5072.72,1s_after_loss,compactness,11.0245,nearest-frame tracking context,medium
8cfdb681-32cf-4ebf-81f1-5c0839ec82d5,loss,FCM,,5072.72,1s_after_loss,avg_block_height,-28.583,nearest-frame tracking context,medium
8cfdb681-32cf-4ebf-81f1-5c0839ec82d5,loss,FCM,,5072.72,1s_after_loss,defensive_line_height,-35.53,partial role-based,partial
8cfdb681-32cf-4ebf-81f1-5c0839ec82d5,loss,FCM,,5072.72,1s_after_loss,team_width,25.36,nearest-frame tracking context,medium
8cfdb681-32cf-4ebf-81f1-5c0839ec82d5,loss,FCM,,5072.72,1s_after_loss,team_depth,33.48,nearest-frame tracking context,medium
8cfdb681-32cf-4ebf-81f1-5c0839ec82d5,loss,FCM,,5072.72,1s_after_loss,compactness,11.0245,nearest-frame tracking context,medium
8cfdb681-32cf-4ebf-81f1-5c0839ec82d5,loss,FCM,,5072.72,1s_after_loss,avg_block_height,-28.583,nearest-frame tracking context,medium
8cfdb681-32cf-4ebf-81f1-5c0839ec82d5,loss,FCM,,5072.72,1s_after_loss,defensive_line_height,-35.53,partial role-based,partial
8cfdb681-32cf-4ebf-81f1-5c0839ec82d5,recovery,FCM,J. Andersson,5084.92,at_regain,team_width,38.7,nearest-frame tracking context,medium
8cfdb681-32cf-4ebf-81f1-5c0839ec82d5,recovery,FCM,J. Andersson,5084.92,at_regain,team_depth,43.22,nearest-frame tracking context,medium
8cfdb681-32cf-4ebf-81f1-5c0839ec82d5,recovery,FCM,J. Andersson,5084.92,at_regain,compactness,19.3291,nearest-frame tracking context,medium
8cfdb681-32cf-4ebf-81f1-5c0839ec82d5,recovery,FCM,J. Andersson,5084.92,at_regain,avg_block_height,20.347,nearest-frame tracking context,medium
8cfdb681-32cf-4ebf-81f1-5c0839ec82d5,recovery,FCM,J. Andersson,5084.92,at_regain,defensive_line_height,9.06,partial role-based,partial
8cfdb681-32cf-4ebf-81f1-5c0839ec82d5,recovery,FCK,,5085.4,at_regain,team_width,32.64,nearest-frame tracking context,medium
8cfdb681-32cf-4ebf-81f1-5c0839ec82d5,recovery,FCK,,5085.4,at_regain,team_depth,53.62,nearest-frame tracking context,medium
8cfdb681-32cf-4ebf-81f1-5c0839ec82d5,recovery,FCK,,5085.4,at_regain,compactness,19.7468,nearest-frame tracking context,medium
8cfdb681-32cf-4ebf-81f1-5c0839ec82d5,recovery,FCK,,5085.4,at_regain,avg_block_height,-20.987,nearest-frame tracking context,medium
8cfdb681-32cf-4ebf-81f1-5c0839ec82d5,recovery,FCK,,5085.4,at_regain,defensive_line_height,-39.045,partial role-based,partial
8cfdb681-32cf-4ebf-81f1-5c0839ec82d5,loss,FCK,,5119.2,1s_after_loss,team_width,38.05,nearest-frame tracking context,medium
8cfdb681-32cf-4ebf-81f1-5c0839ec82d5,loss,FCK,,5119.2,1s_after_loss,team_depth,46.79,nearest-frame tracking context,medium
8cfdb681-32cf-4ebf-81f1-5c0839ec82d5,loss,FCK,,5119.2,1s_after_loss,compactness,19.8889,nearest-frame tracking context,medium
8cfdb681-32cf-4ebf-81f1-5c0839ec82d5,loss,FCK,,5119.2,1s_after_loss,avg_block_height,25.214,nearest-frame tracking context,medium
8cfdb681-32cf-4ebf-81f1-5c0839ec82d5,loss,FCK,,5119.2,1s_after_loss,defensive_line_height,1.4,partial role-based,partial
8cfdb681-32cf-4ebf-81f1-5c0839ec82d5,recovery,FCK,M. Elyounoussi,5123.6,at_regain,team_width,32.73,nearest-frame tracking context,medium
8cfdb681-32cf-4ebf-81f1-5c0839ec82d5,recovery,FCK,M. Elyounoussi,5123.6,at_regain,team_depth,37.99,nearest-frame tracking context,medium
8cfdb681-32cf-4ebf-81f1-5c0839ec82d5,recovery,FCK,M. Elyounoussi,5123.6,at_regain,compactness,16.0353,nearest-frame tracking context,medium
8cfdb681-32cf-4ebf-81f1-5c0839ec82d5,recovery,FCK,M. Elyounoussi,5123.6,at_regain,avg_block_height,27.691,nearest-frame tracking context,medium
8cfdb681-32cf-4ebf-81f1-5c0839ec82d5,recovery,FCK,M. Elyounoussi,5123.6,at_regain,defensive_line_height,4.04,partial role-based,partial
8cfdb681-32cf-4ebf-81f1-5c0839ec82d5,loss,FCM,,5124.68,1s_after_loss,team_width,34.29,nearest-frame tracking context,medium
8cfdb681-32cf-4ebf-81f1-5c0839ec82d5,loss,FCM,,5124.68,1s_after_loss,team_depth,41.15,nearest-frame tracking context,medium
8cfdb681-32cf-4ebf-81f1-5c0839ec82d5,loss,FCM,,5124.68,1s_after_loss,compactness,12.249,nearest-frame tracking context,medium
8cfdb681-32cf-4ebf-81f1-5c0839ec82d5,loss,FCM,,5124.68,1s_after_loss,avg_block_height,-32.613,nearest-frame tracking context,medium
8cfdb681-32cf-4ebf-81f1-5c0839ec82d5,loss,FCM,,5124.68,1s_after_loss,defensive_line_height,-41.6675,partial role-based,partial
8cfdb681-32cf-4ebf-81f1-5c0839ec82d5,recovery,FCK,R. Huescas,5131.76,at_regain,team_width,40.37,nearest-frame tracking context,medium
8cfdb681-32cf-4ebf-81f1-5c0839ec82d5,recovery,FCK,R. Huescas,5131.76,at_regain,team_depth,41.69,nearest-frame tracking context,medium
8cfdb681-32cf-4ebf-81f1-5c0839ec82d5,recovery,FCK,R. Huescas,5131.76,at_regain,compactness,18.1661,nearest-frame tracking context,medium
8cfdb681-32cf-4ebf-81f1-5c0839ec82d5,recovery,FCK,R. Huescas,5131.76,at_regain,avg_block_height,29.872,nearest-frame tracking context,medium
8cfdb681-32cf-4ebf-81f1-5c0839ec82d5,recovery,FCK,R. Huescas,5131.76,at_regain,defensive_line_height,4.075,partial role-based,partial
8cfdb681-32cf-4ebf-81f1-5c0839ec82d5,recovery,FCK,Gabriel Pereira,5183.08,at_regain,team_width,42.42,nearest-frame tracking context,medium
8cfdb681-32cf-4ebf-81f1-5c0839ec82d5,recovery,FCK,Gabriel Pereira,5183.08,at_regain,team_depth,34.08,nearest-frame tracking context,medium
8cfdb681-32cf-4ebf-81f1-5c0839ec82d5,recovery,FCK,Gabriel Pereira,5183.08,at_regain,compactness,15.9647,nearest-frame tracking context,medium
8cfdb681-32cf-4ebf-81f1-5c0839ec82d5,recovery,FCK,Gabriel Pereira,5183.08,at_regain,avg_block_height,29.446,nearest-frame tracking context,medium
8cfdb681-32cf-4ebf-81f1-5c0839ec82d5,recovery,FCK,Gabriel Pereira,5183.08,at_regain,defensive_line_height,13.765,partial role-based,partial
8cfdb681-32cf-4ebf-81f1-5c0839ec82d5,shot,FCK,A. Cornelius,5187.8,1s_before_shot,team_width,35.18,nearest-frame tracking context,medium
8cfdb681-32cf-4ebf-81f1-5c0839ec82d5,shot,FCK,A. Cornelius,5187.8,1s_before_shot,team_depth,36.73,nearest-frame tracking context,medium
8cfdb681-32cf-4ebf-81f1-5c0839ec82d5,shot,FCK,A. Cornelius,5187.8,1s_before_shot,compactness,13.8524,nearest-frame tracking context,medium
8cfdb681-32cf-4ebf-81f1-5c0839ec82d5,shot,FCK,A. Cornelius,5187.8,1s_before_shot,avg_block_height,29.586,nearest-frame tracking context,medium
8cfdb681-32cf-4ebf-81f1-5c0839ec82d5,shot,FCK,A. Cornelius,5187.8,1s_before_shot,defensive_line_height,10.115,partial role-based,partial
8cfdb681-32cf-4ebf-81f1-5c0839ec82d5,loss,FCK,,5188.52,1s_after_loss,team_width,30.55,nearest-frame tracking context,medium
8cfdb681-32cf-4ebf-81f1-5c0839ec82d5,loss,FCK,,5188.52,1s_after_loss,team_depth,35.11,nearest-frame tracking context,medium
8cfdb681-32cf-4ebf-81f1-5c0839ec82d5,loss,FCK,,5188.52,1s_after_loss,compactness,13.5028,nearest-frame tracking context,medium
8cfdb681-32cf-4ebf-81f1-5c0839ec82d5,loss,FCK,,5188.52,1s_after_loss,avg_block_height,30.902,nearest-frame tracking context,medium
8cfdb681-32cf-4ebf-81f1-5c0839ec82d5,loss,FCK,,5188.52,1s_after_loss,defensive_line_height,8.46,partial role-based,partial
8cfdb681-32cf-4ebf-81f1-5c0839ec82d5,loss,FCM,,5269.84,1s_after_loss,team_width,42.38,nearest-frame tracking context,medium
8cfdb681-32cf-4ebf-81f1-5c0839ec82d5,loss,FCM,,5269.84,1s_after_loss,team_depth,21.41,nearest-frame tracking context,medium
8cfdb681-32cf-4ebf-81f1-5c0839ec82d5,loss,FCM,,5269.84,1s_after_loss,compactness,13.3115,nearest-frame tracking context,medium
8cfdb681-32cf-4ebf-81f1-5c0839ec82d5,loss,FCM,,5269.84,1s_after_loss,avg_block_height,0.643,nearest-frame tracking context,medium
8cfdb681-32cf-4ebf-81f1-5c0839ec82d5,loss,FCM,,5269.84,1s_after_loss,defensive_line_height,-6.3375,partial role-based,partial
8cfdb681-32cf-4ebf-81f1-5c0839ec82d5,loss,FCM,,5269.84,1s_after_loss,team_width,42.38,nearest-frame tracking context,medium
8cfdb681-32cf-4ebf-81f1-5c0839ec82d5,loss,FCM,,5269.84,1s_after_loss,team_depth,21.41,nearest-frame tracking context,medium
8cfdb681-32cf-4ebf-81f1-5c0839ec82d5,loss,FCM,,5269.84,1s_after_loss,compactness,13.3115,nearest-frame tracking context,medium
8cfdb681-32cf-4ebf-81f1-5c0839ec82d5,loss,FCM,,5269.84,1s_after_loss,avg_block_height,0.643,nearest-frame tracking context,medium
8cfdb681-32cf-4ebf-81f1-5c0839ec82d5,loss,FCM,,5269.84,1s_after_loss,defensive_line_height,-6.3375,partial role-based,partial
8cfdb681-32cf-4ebf-81f1-5c0839ec82d5,loss,FCK,,5273.6,1s_after_loss,team_width,27.16,nearest-frame tracking context,medium
8cfdb681-32cf-4ebf-81f1-5c0839ec82d5,loss,FCK,,5273.6,1s_after_loss,team_depth,23.91,nearest-frame tracking context,medium
8cfdb681-32cf-4ebf-81f1-5c0839ec82d5,loss,FCK,,5273.6,1s_after_loss,compactness,9.944,nearest-frame tracking context,medium
8cfdb681-32cf-4ebf-81f1-5c0839ec82d5,loss,FCK,,5273.6,1s_after_loss,avg_block_height,-7.202,nearest-frame tracking context,medium
8cfdb681-32cf-4ebf-81f1-5c0839ec82d5,loss,FCK,,5273.6,1s_after_loss,defensive_line_height,-16.625,partial role-based,partial
8cfdb681-32cf-4ebf-81f1-5c0839ec82d5,loss,FCK,,5273.6,1s_after_loss,team_width,27.16,nearest-frame tracking context,medium
8cfdb681-32cf-4ebf-81f1-5c0839ec82d5,loss,FCK,,5273.6,1s_after_loss,team_depth,23.91,nearest-frame tracking context,medium
8cfdb681-32cf-4ebf-81f1-5c0839ec82d5,loss,FCK,,5273.6,1s_after_loss,compactness,9.944,nearest-frame tracking context,medium
8cfdb681-32cf-4ebf-81f1-5c0839ec82d5,loss,FCK,,5273.6,1s_after_loss,avg_block_height,-7.202,nearest-frame tracking context,medium
8cfdb681-32cf-4ebf-81f1-5c0839ec82d5,loss,FCK,,5273.6,1s_after_loss,defensive_line_height,-16.625,partial role-based,partial
8cfdb681-32cf-4ebf-81f1-5c0839ec82d5,loss,FCK,G. Onugkha,5274.64,1s_after_loss,team_width,29.51,nearest-frame tracking context,medium
8cfdb681-32cf-4ebf-81f1-5c0839ec82d5,loss,FCK,G. Onugkha,5274.64,1s_after_loss,team_depth,24.17,nearest-frame tracking context,medium
8cfdb681-32cf-4ebf-81f1-5c0839ec82d5,loss,FCK,G. Onugkha,5274.64,1s_after_loss,compactness,10.6641,nearest-frame tracking context,medium
8cfdb681-32cf-4ebf-81f1-5c0839ec82d5,loss,FCK,G. Onugkha,5274.64,1s_after_loss,avg_block_height,-3.688,nearest-frame tracking context,medium
8cfdb681-32cf-4ebf-81f1-5c0839ec82d5,loss,FCK,G. Onugkha,5274.64,1s_after_loss,defensive_line_height,-14.11,partial role-based,partial
8cfdb681-32cf-4ebf-81f1-5c0839ec82d5,loss,FCM,,5276.32,1s_after_loss,team_width,41.92,nearest-frame tracking context,medium
8cfdb681-32cf-4ebf-81f1-5c0839ec82d5,loss,FCM,,5276.32,1s_after_loss,team_depth,29.56,nearest-frame tracking context,medium
8cfdb681-32cf-4ebf-81f1-5c0839ec82d5,loss,FCM,,5276.32,1s_after_loss,compactness,12.9769,nearest-frame tracking context,medium
8cfdb681-32cf-4ebf-81f1-5c0839ec82d5,loss,FCM,,5276.32,1s_after_loss,avg_block_height,-5.718,nearest-frame tracking context,medium
8cfdb681-32cf-4ebf-81f1-5c0839ec82d5,loss,FCM,,5276.32,1s_after_loss,defensive_line_height,-12.7025,partial role-based,partial
8cfdb681-32cf-4ebf-81f1-5c0839ec82d5,recovery,FCM,J. Andersson,5276.36,at_regain,team_width,40.85,nearest-frame tracking context,medium
8cfdb681-32cf-4ebf-81f1-5c0839ec82d5,recovery,FCM,J. Andersson,5276.36,at_regain,team_depth,26.4,nearest-frame tracking context,medium
8cfdb681-32cf-4ebf-81f1-5c0839ec82d5,recovery,FCM,J. Andersson,5276.36,at_regain,compactness,12.4756,nearest-frame tracking context,medium
8cfdb681-32cf-4ebf-81f1-5c0839ec82d5,recovery,FCM,J. Andersson,5276.36,at_regain,avg_block_height,-4.763,nearest-frame tracking context,medium
8cfdb681-32cf-4ebf-81f1-5c0839ec82d5,recovery,FCM,J. Andersson,5276.36,at_regain,defensive_line_height,-11.6675,partial role-based,partial
8cfdb681-32cf-4ebf-81f1-5c0839ec82d5,recovery,FCK,Gabriel Pereira,5285.2,at_regain,team_width,48.2,nearest-frame tracking context,medium
8cfdb681-32cf-4ebf-81f1-5c0839ec82d5,recovery,FCK,Gabriel Pereira,5285.2,at_regain,team_depth,40.99,nearest-frame tracking context,medium
8cfdb681-32cf-4ebf-81f1-5c0839ec82d5,recovery,FCK,Gabriel Pereira,5285.2,at_regain,compactness,19.311,nearest-frame tracking context,medium
8cfdb681-32cf-4ebf-81f1-5c0839ec82d5,recovery,FCK,Gabriel Pereira,5285.2,at_regain,avg_block_height,-14.086,nearest-frame tracking context,medium
8cfdb681-32cf-4ebf-81f1-5c0839ec82d5,recovery,FCK,Gabriel Pereira,5285.2,at_regain,defensive_line_height,-31.9,partial role-based,partial
8cfdb681-32cf-4ebf-81f1-5c0839ec82d5,loss,FCK,,5285.6,1s_after_loss,team_width,50.7,nearest-frame tracking context,medium
8cfdb681-32cf-4ebf-81f1-5c0839ec82d5,loss,FCK,,5285.6,1s_after_loss,team_depth,42.69,nearest-frame tracking context,medium
8cfdb681-32cf-4ebf-81f1-5c0839ec82d5,loss,FCK,,5285.6,1s_after_loss,compactness,19.8914,nearest-frame tracking context,medium
8cfdb681-32cf-4ebf-81f1-5c0839ec82d5,loss,FCK,,5285.6,1s_after_loss,avg_block_height,-13.548,nearest-frame tracking context,medium
8cfdb681-32cf-4ebf-81f1-5c0839ec82d5,loss,FCK,,5285.6,1s_after_loss,defensive_line_height,-32.14,partial role-based,partial
8cfdb681-32cf-4ebf-81f1-5c0839ec82d5,recovery,FCM,J. Andersson,5287.68,at_regain,team_width,40.32,nearest-frame tracking context,medium
8cfdb681-32cf-4ebf-81f1-5c0839ec82d5,recovery,FCM,J. Andersson,5287.68,at_regain,team_depth,41.69,nearest-frame tracking context,medium
8cfdb681-32cf-4ebf-81f1-5c0839ec82d5,recovery,FCM,J. Andersson,5287.68,at_regain,compactness,18.7399,nearest-frame tracking context,medium
8cfdb681-32cf-4ebf-81f1-5c0839ec82d5,recovery,FCM,J. Andersson,5287.68,at_regain,avg_block_height,6.722,nearest-frame tracking context,medium
8cfdb681-32cf-4ebf-81f1-5c0839ec82d5,recovery,FCM,J. Andersson,5287.68,at_regain,defensive_line_height,-7.85,partial role-based,partial
8cfdb681-32cf-4ebf-81f1-5c0839ec82d5,loss,FCM,,5290.72,1s_after_loss,team_width,42.4,nearest-frame tracking context,medium
8cfdb681-32cf-4ebf-81f1-5c0839ec82d5,loss,FCM,,5290.72,1s_after_loss,team_depth,33.26,nearest-frame tracking context,medium
8cfdb681-32cf-4ebf-81f1-5c0839ec82d5,loss,FCM,,5290.72,1s_after_loss,compactness,17.7672,nearest-frame tracking context,medium
8cfdb681-32cf-4ebf-81f1-5c0839ec82d5,loss,FCM,,5290.72,1s_after_loss,avg_block_height,2.037,nearest-frame tracking context,medium
8cfdb681-32cf-4ebf-81f1-5c0839ec82d5,loss,FCM,,5290.72,1s_after_loss,defensive_line_height,-10.5725,partial role-based,partial
8cfdb681-32cf-4ebf-81f1-5c0839ec82d5,loss,FCM,,5303.12,1s_after_loss,team_width,54.21,nearest-frame tracking context,medium
8cfdb681-32cf-4ebf-81f1-5c0839ec82d5,loss,FCM,,5303.12,1s_after_loss,team_depth,35.45,nearest-frame tracking context,medium
8cfdb681-32cf-4ebf-81f1-5c0839ec82d5,loss,FCM,,5303.12,1s_after_loss,compactness,20.6571,nearest-frame tracking context,medium
8cfdb681-32cf-4ebf-81f1-5c0839ec82d5,loss,FCM,,5303.12,1s_after_loss,avg_block_height,18.73,nearest-frame tracking context,medium
8cfdb681-32cf-4ebf-81f1-5c0839ec82d5,loss,FCM,,5303.12,1s_after_loss,defensive_line_height,5.8675,partial role-based,partial
8cfdb681-32cf-4ebf-81f1-5c0839ec82d5,recovery,FCM,O. Diao,5312.24,at_regain,team_width,56.99,nearest-frame tracking context,medium
8cfdb681-32cf-4ebf-81f1-5c0839ec82d5,recovery,FCM,O. Diao,5312.24,at_regain,team_depth,34.53,nearest-frame tracking context,medium
8cfdb681-32cf-4ebf-81f1-5c0839ec82d5,recovery,FCM,O. Diao,5312.24,at_regain,compactness,19.9077,nearest-frame tracking context,medium
8cfdb681-32cf-4ebf-81f1-5c0839ec82d5,recovery,FCM,O. Diao,5312.24,at_regain,avg_block_height,5.994,nearest-frame tracking context,medium
8cfdb681-32cf-4ebf-81f1-5c0839ec82d5,recovery,FCM,O. Diao,5312.24,at_regain,defensive_line_height,-3.3875,partial role-based,partial
8cfdb681-32cf-4ebf-81f1-5c0839ec82d5,shot,FCK,,5314.08,1s_before_shot,team_width,38.59,nearest-frame tracking context,medium
8cfdb681-32cf-4ebf-81f1-5c0839ec82d5,shot,FCK,,5314.08,1s_before_shot,team_depth,26.89,nearest-frame tracking context,medium
8cfdb681-32cf-4ebf-81f1-5c0839ec82d5,shot,FCK,,5314.08,1s_before_shot,compactness,14.4422,nearest-frame tracking context,medium
8cfdb681-32cf-4ebf-81f1-5c0839ec82d5,shot,FCK,,5314.08,1s_before_shot,avg_block_height,-7.101,nearest-frame tracking context,medium
8cfdb681-32cf-4ebf-81f1-5c0839ec82d5,shot,FCK,,5314.08,1s_before_shot,defensive_line_height,-16.36,partial role-based,partial
8cfdb681-32cf-4ebf-81f1-5c0839ec82d5,loss,FCK,,5328,1s_after_loss,team_width,31.97,nearest-frame tracking context,medium
8cfdb681-32cf-4ebf-81f1-5c0839ec82d5,loss,FCK,,5328,1s_after_loss,team_depth,48.39,nearest-frame tracking context,medium
8cfdb681-32cf-4ebf-81f1-5c0839ec82d5,loss,FCK,,5328,1s_after_loss,compactness,17.7411,nearest-frame tracking context,medium
8cfdb681-32cf-4ebf-81f1-5c0839ec82d5,loss,FCK,,5328,1s_after_loss,avg_block_height,30.512,nearest-frame tracking context,medium
8cfdb681-32cf-4ebf-81f1-5c0839ec82d5,loss,FCK,,5328,1s_after_loss,defensive_line_height,7.01,partial role-based,partial
8cfdb681-32cf-4ebf-81f1-5c0839ec82d5,shot,FCK,G. Onugkha,5332.4,1s_before_shot,team_width,34.58,nearest-frame tracking context,medium
8cfdb681-32cf-4ebf-81f1-5c0839ec82d5,shot,FCK,G. Onugkha,5332.4,1s_before_shot,team_depth,44.9,nearest-frame tracking context,medium
8cfdb681-32cf-4ebf-81f1-5c0839ec82d5,shot,FCK,G. Onugkha,5332.4,1s_before_shot,compactness,15.876,nearest-frame tracking context,medium
8cfdb681-32cf-4ebf-81f1-5c0839ec82d5,shot,FCK,G. Onugkha,5332.4,1s_before_shot,avg_block_height,32.926,nearest-frame tracking context,medium
8cfdb681-32cf-4ebf-81f1-5c0839ec82d5,shot,FCK,G. Onugkha,5332.4,1s_before_shot,defensive_line_height,8.535,partial role-based,partial
8cfdb681-32cf-4ebf-81f1-5c0839ec82d5,loss,FCM,,5366.24,1s_after_loss,team_width,36.24,nearest-frame tracking context,medium
8cfdb681-32cf-4ebf-81f1-5c0839ec82d5,loss,FCM,,5366.24,1s_after_loss,team_depth,16.15,nearest-frame tracking context,medium
8cfdb681-32cf-4ebf-81f1-5c0839ec82d5,loss,FCM,,5366.24,1s_after_loss,compactness,9.4802,nearest-frame tracking context,medium
8cfdb681-32cf-4ebf-81f1-5c0839ec82d5,loss,FCM,,5366.24,1s_after_loss,avg_block_height,0.609,nearest-frame tracking context,medium
8cfdb681-32cf-4ebf-81f1-5c0839ec82d5,loss,FCM,,5366.24,1s_after_loss,defensive_line_height,-5.12,partial role-based,partial
8cfdb681-32cf-4ebf-81f1-5c0839ec82d5,loss,FCM,,5366.24,1s_after_loss,team_width,36.24,nearest-frame tracking context,medium
8cfdb681-32cf-4ebf-81f1-5c0839ec82d5,loss,FCM,,5366.24,1s_after_loss,team_depth,16.15,nearest-frame tracking context,medium
8cfdb681-32cf-4ebf-81f1-5c0839ec82d5,loss,FCM,,5366.24,1s_after_loss,compactness,9.4802,nearest-frame tracking context,medium
8cfdb681-32cf-4ebf-81f1-5c0839ec82d5,loss,FCM,,5366.24,1s_after_loss,avg_block_height,0.609,nearest-frame tracking context,medium
8cfdb681-32cf-4ebf-81f1-5c0839ec82d5,loss,FCM,,5366.24,1s_after_loss,defensive_line_height,-5.12,partial role-based,partial
8cfdb681-32cf-4ebf-81f1-5c0839ec82d5,recovery,FCK,L. Lerager,5370.08,at_regain,team_width,18.14,nearest-frame tracking context,medium
8cfdb681-32cf-4ebf-81f1-5c0839ec82d5,recovery,FCK,L. Lerager,5370.08,at_regain,team_depth,23.66,nearest-frame tracking context,medium
8cfdb681-32cf-4ebf-81f1-5c0839ec82d5,recovery,FCK,L. Lerager,5370.08,at_regain,compactness,8.7193,nearest-frame tracking context,medium
8cfdb681-32cf-4ebf-81f1-5c0839ec82d5,recovery,FCK,L. Lerager,5370.08,at_regain,avg_block_height,-9.154,nearest-frame tracking context,medium
8cfdb681-32cf-4ebf-81f1-5c0839ec82d5,recovery,FCK,L. Lerager,5370.08,at_regain,defensive_line_height,-17.91,partial role-based,partial
8cfdb681-32cf-4ebf-81f1-5c0839ec82d5,recovery,FCK,L. Lerager,5374.68,at_regain,team_width,25.63,nearest-frame tracking context,medium
8cfdb681-32cf-4ebf-81f1-5c0839ec82d5,recovery,FCK,L. Lerager,5374.68,at_regain,team_depth,25.75,nearest-frame tracking context,medium
8cfdb681-32cf-4ebf-81f1-5c0839ec82d5,recovery,FCK,L. Lerager,5374.68,at_regain,compactness,10.1829,nearest-frame tracking context,medium
8cfdb681-32cf-4ebf-81f1-5c0839ec82d5,recovery,FCK,L. Lerager,5374.68,at_regain,avg_block_height,-1.473,nearest-frame tracking context,medium
8cfdb681-32cf-4ebf-81f1-5c0839ec82d5,recovery,FCK,L. Lerager,5374.68,at_regain,defensive_line_height,-11.77,partial role-based,partial
8cfdb681-32cf-4ebf-81f1-5c0839ec82d5,recovery,FCM,O. Diao,5376.2,at_regain,team_width,34.14,nearest-frame tracking context,medium
8cfdb681-32cf-4ebf-81f1-5c0839ec82d5,recovery,FCM,O. Diao,5376.2,at_regain,team_depth,27.35,nearest-frame tracking context,medium
8cfdb681-32cf-4ebf-81f1-5c0839ec82d5,recovery,FCM,O. Diao,5376.2,at_regain,compactness,11.8178,nearest-frame tracking context,medium
8cfdb681-32cf-4ebf-81f1-5c0839ec82d5,recovery,FCM,O. Diao,5376.2,at_regain,avg_block_height,-7.494,nearest-frame tracking context,medium
8cfdb681-32cf-4ebf-81f1-5c0839ec82d5,recovery,FCM,O. Diao,5376.2,at_regain,defensive_line_height,-16.68,partial role-based,partial
8cfdb681-32cf-4ebf-81f1-5c0839ec82d5,shot,FCK,,5377.72,1s_before_shot,team_width,29.71,nearest-frame tracking context,medium
8cfdb681-32cf-4ebf-81f1-5c0839ec82d5,shot,FCK,,5377.72,1s_before_shot,team_depth,26.82,nearest-frame tracking context,medium
8cfdb681-32cf-4ebf-81f1-5c0839ec82d5,shot,FCK,,5377.72,1s_before_shot,compactness,11.4438,nearest-frame tracking context,medium
8cfdb681-32cf-4ebf-81f1-5c0839ec82d5,shot,FCK,,5377.72,1s_before_shot,avg_block_height,2.386,nearest-frame tracking context,medium
8cfdb681-32cf-4ebf-81f1-5c0839ec82d5,shot,FCK,,5377.72,1s_before_shot,defensive_line_height,-9.475,partial role-based,partial
8cfdb681-32cf-4ebf-81f1-5c0839ec82d5,shot,FCK,G. Onugkha,5409.2,1s_before_shot,team_width,43.38,nearest-frame tracking context,medium
8cfdb681-32cf-4ebf-81f1-5c0839ec82d5,shot,FCK,G. Onugkha,5409.2,1s_before_shot,team_depth,25.92,nearest-frame tracking context,medium
8cfdb681-32cf-4ebf-81f1-5c0839ec82d5,shot,FCK,G. Onugkha,5409.2,1s_before_shot,compactness,13.1534,nearest-frame tracking context,medium
8cfdb681-32cf-4ebf-81f1-5c0839ec82d5,shot,FCK,G. Onugkha,5409.2,1s_before_shot,avg_block_height,34.508,nearest-frame tracking context,medium
8cfdb681-32cf-4ebf-81f1-5c0839ec82d5,shot,FCK,G. Onugkha,5409.2,1s_before_shot,defensive_line_height,18.235,partial role-based,partial
8cfdb681-32cf-4ebf-81f1-5c0839ec82d5,loss,FCK,,5413.28,1s_after_loss,team_width,42.81,nearest-frame tracking context,medium
8cfdb681-32cf-4ebf-81f1-5c0839ec82d5,loss,FCK,,5413.28,1s_after_loss,team_depth,36.91,nearest-frame tracking context,medium
8cfdb681-32cf-4ebf-81f1-5c0839ec82d5,loss,FCK,,5413.28,1s_after_loss,compactness,15.2985,nearest-frame tracking context,medium
8cfdb681-32cf-4ebf-81f1-5c0839ec82d5,loss,FCK,,5413.28,1s_after_loss,avg_block_height,35.777,nearest-frame tracking context,medium
8cfdb681-32cf-4ebf-81f1-5c0839ec82d5,loss,FCK,,5413.28,1s_after_loss,defensive_line_height,13.605,partial role-based,partial
8cfdb681-32cf-4ebf-81f1-5c0839ec82d5,recovery,FCM,D. Osorio,5413.44,at_regain,team_width,47.78,nearest-frame tracking context,medium
8cfdb681-32cf-4ebf-81f1-5c0839ec82d5,recovery,FCM,D. Osorio,5413.44,at_regain,team_depth,31.96,nearest-frame tracking context,medium
8cfdb681-32cf-4ebf-81f1-5c0839ec82d5,recovery,FCM,D. Osorio,5413.44,at_regain,compactness,15.3951,nearest-frame tracking context,medium
8cfdb681-32cf-4ebf-81f1-5c0839ec82d5,recovery,FCM,D. Osorio,5413.44,at_regain,avg_block_height,-38.619,nearest-frame tracking context,medium
8cfdb681-32cf-4ebf-81f1-5c0839ec82d5,recovery,FCM,D. Osorio,5413.44,at_regain,defensive_line_height,-45.6525,partial role-based,partial
8cfdb681-32cf-4ebf-81f1-5c0839ec82d5,recovery,FCM,D. Osorio,5413.44,at_regain,team_width,47.78,nearest-frame tracking context,medium
8cfdb681-32cf-4ebf-81f1-5c0839ec82d5,recovery,FCM,D. Osorio,5413.44,at_regain,team_depth,31.96,nearest-frame tracking context,medium
8cfdb681-32cf-4ebf-81f1-5c0839ec82d5,recovery,FCM,D. Osorio,5413.44,at_regain,compactness,15.3951,nearest-frame tracking context,medium
8cfdb681-32cf-4ebf-81f1-5c0839ec82d5,recovery,FCM,D. Osorio,5413.44,at_regain,avg_block_height,-38.619,nearest-frame tracking context,medium
8cfdb681-32cf-4ebf-81f1-5c0839ec82d5,recovery,FCM,D. Osorio,5413.44,at_regain,defensive_line_height,-45.6525,partial role-based,partial
8cfdb681-32cf-4ebf-81f1-5c0839ec82d5,loss,FCK,,5416.8,1s_after_loss,team_width,24.71,nearest-frame tracking context,medium
8cfdb681-32cf-4ebf-81f1-5c0839ec82d5,loss,FCK,,5416.8,1s_after_loss,team_depth,34.57,nearest-frame tracking context,medium
8cfdb681-32cf-4ebf-81f1-5c0839ec82d5,loss,FCK,,5416.8,1s_after_loss,compactness,12.6983,nearest-frame tracking context,medium
8cfdb681-32cf-4ebf-81f1-5c0839ec82d5,loss,FCK,,5416.8,1s_after_loss,avg_block_height,37.429,nearest-frame tracking context,medium
8cfdb681-32cf-4ebf-81f1-5c0839ec82d5,loss,FCK,,5416.8,1s_after_loss,defensive_line_height,15.71,partial role-based,partial
8cfdb681-32cf-4ebf-81f1-5c0839ec82d5,loss,FCK,O. Hojer,5416.88,1s_after_loss,team_width,24.42,nearest-frame tracking context,medium
8cfdb681-32cf-4ebf-81f1-5c0839ec82d5,loss,FCK,O. Hojer,5416.88,1s_after_loss,team_depth,34.49,nearest-frame tracking context,medium
8cfdb681-32cf-4ebf-81f1-5c0839ec82d5,loss,FCK,O. Hojer,5416.88,1s_after_loss,compactness,12.6627,nearest-frame tracking context,medium
8cfdb681-32cf-4ebf-81f1-5c0839ec82d5,loss,FCK,O. Hojer,5416.88,1s_after_loss,avg_block_height,37.485,nearest-frame tracking context,medium
8cfdb681-32cf-4ebf-81f1-5c0839ec82d5,loss,FCK,O. Hojer,5416.88,1s_after_loss,defensive_line_height,15.835,partial role-based,partial
8cfdb681-32cf-4ebf-81f1-5c0839ec82d5,loss,FCM,,5419.88,1s_after_loss,team_width,50.11,nearest-frame tracking context,medium
8cfdb681-32cf-4ebf-81f1-5c0839ec82d5,loss,FCM,,5419.88,1s_after_loss,team_depth,31.68,nearest-frame tracking context,medium
8cfdb681-32cf-4ebf-81f1-5c0839ec82d5,loss,FCM,,5419.88,1s_after_loss,compactness,14.5823,nearest-frame tracking context,medium
8cfdb681-32cf-4ebf-81f1-5c0839ec82d5,loss,FCM,,5419.88,1s_after_loss,avg_block_height,-37.948,nearest-frame tracking context,medium
8cfdb681-32cf-4ebf-81f1-5c0839ec82d5,loss,FCM,,5419.88,1s_after_loss,defensive_line_height,-43.25,partial role-based,partial
8cfdb681-32cf-4ebf-81f1-5c0839ec82d5,loss,FCM,,5419.88,1s_after_loss,team_width,50.11,nearest-frame tracking context,medium
8cfdb681-32cf-4ebf-81f1-5c0839ec82d5,loss,FCM,,5419.88,1s_after_loss,team_depth,31.68,nearest-frame tracking context,medium
8cfdb681-32cf-4ebf-81f1-5c0839ec82d5,loss,FCM,,5419.88,1s_after_loss,compactness,14.5823,nearest-frame tracking context,medium
8cfdb681-32cf-4ebf-81f1-5c0839ec82d5,loss,FCM,,5419.88,1s_after_loss,avg_block_height,-37.948,nearest-frame tracking context,medium
8cfdb681-32cf-4ebf-81f1-5c0839ec82d5,loss,FCM,,5419.88,1s_after_loss,defensive_line_height,-43.25,partial role-based,partial
8cfdb681-32cf-4ebf-81f1-5c0839ec82d5,recovery,FCM,D. Osorio,5425.76,at_regain,team_width,46.79,nearest-frame tracking context,medium
8cfdb681-32cf-4ebf-81f1-5c0839ec82d5,recovery,FCM,D. Osorio,5425.76,at_regain,team_depth,42.13,nearest-frame tracking context,medium
8cfdb681-32cf-4ebf-81f1-5c0839ec82d5,recovery,FCM,D. Osorio,5425.76,at_regain,compactness,17.8349,nearest-frame tracking context,medium
8cfdb681-32cf-4ebf-81f1-5c0839ec82d5,recovery,FCM,D. Osorio,5425.76,at_regain,avg_block_height,-22.923,nearest-frame tracking context,medium
8cfdb681-32cf-4ebf-81f1-5c0839ec82d5,recovery,FCM,D. Osorio,5425.76,at_regain,defensive_line_height,-29.6975,partial role-based,partial
8cfdb681-32cf-4ebf-81f1-5c0839ec82d5,loss,FCK,,5429.48,1s_after_loss,team_width,44.01,nearest-frame tracking context,medium
8cfdb681-32cf-4ebf-81f1-5c0839ec82d5,loss,FCK,,5429.48,1s_after_loss,team_depth,43.63,nearest-frame tracking context,medium
8cfdb681-32cf-4ebf-81f1-5c0839ec82d5,loss,FCK,,5429.48,1s_after_loss,compactness,17.9751,nearest-frame tracking context,medium
8cfdb681-32cf-4ebf-81f1-5c0839ec82d5,loss,FCK,,5429.48,1s_after_loss,avg_block_height,7.373,nearest-frame tracking context,medium
8cfdb681-32cf-4ebf-81f1-5c0839ec82d5,loss,FCK,,5429.48,1s_after_loss,defensive_line_height,-14.725,partial role-based,partial
8cfdb681-32cf-4ebf-81f1-5c0839ec82d5,loss,FCK,,5444.48,1s_after_loss,team_width,57.34,nearest-frame tracking context,medium
8cfdb681-32cf-4ebf-81f1-5c0839ec82d5,loss,FCK,,5444.48,1s_after_loss,team_depth,31.92,nearest-frame tracking context,medium
8cfdb681-32cf-4ebf-81f1-5c0839ec82d5,loss,FCK,,5444.48,1s_after_loss,compactness,18.9309,nearest-frame tracking context,medium
8cfdb681-32cf-4ebf-81f1-5c0839ec82d5,loss,FCK,,5444.48,1s_after_loss,avg_block_height,1.62,nearest-frame tracking context,medium
8cfdb681-32cf-4ebf-81f1-5c0839ec82d5,loss,FCK,,5444.48,1s_after_loss,defensive_line_height,-15.095,partial role-based,partial
8cfdb681-32cf-4ebf-81f1-5c0839ec82d5,recovery,FCK,V. Froholdt,5445,at_regain,team_width,57.25,nearest-frame tracking context,medium
8cfdb681-32cf-4ebf-81f1-5c0839ec82d5,recovery,FCK,V. Froholdt,5445,at_regain,team_depth,32.09,nearest-frame tracking context,medium
8cfdb681-32cf-4ebf-81f1-5c0839ec82d5,recovery,FCK,V. Froholdt,5445,at_regain,compactness,18.7419,nearest-frame tracking context,medium
8cfdb681-32cf-4ebf-81f1-5c0839ec82d5,recovery,FCK,V. Froholdt,5445,at_regain,avg_block_height,1.137,nearest-frame tracking context,medium
8cfdb681-32cf-4ebf-81f1-5c0839ec82d5,recovery,FCK,V. Froholdt,5445,at_regain,defensive_line_height,-15.625,partial role-based,partial
8cfdb681-32cf-4ebf-81f1-5c0839ec82d5,recovery,FCM,E. Martinez,5448.2,at_regain,team_width,38.21,nearest-frame tracking context,medium
8cfdb681-32cf-4ebf-81f1-5c0839ec82d5,recovery,FCM,E. Martinez,5448.2,at_regain,team_depth,29.85,nearest-frame tracking context,medium
8cfdb681-32cf-4ebf-81f1-5c0839ec82d5,recovery,FCM,E. Martinez,5448.2,at_regain,compactness,14.217,nearest-frame tracking context,medium
8cfdb681-32cf-4ebf-81f1-5c0839ec82d5,recovery,FCM,E. Martinez,5448.2,at_regain,avg_block_height,-12.739,nearest-frame tracking context,medium
8cfdb681-32cf-4ebf-81f1-5c0839ec82d5,recovery,FCM,E. Martinez,5448.2,at_regain,defensive_line_height,-20.445,partial role-based,partial
8cfdb681-32cf-4ebf-81f1-5c0839ec82d5,loss,FCK,R. Huescas,5453.68,1s_after_loss,team_width,34.72,nearest-frame tracking context,medium
8cfdb681-32cf-4ebf-81f1-5c0839ec82d5,loss,FCK,R. Huescas,5453.68,1s_after_loss,team_depth,40.04,nearest-frame tracking context,medium
8cfdb681-32cf-4ebf-81f1-5c0839ec82d5,loss,FCK,R. Huescas,5453.68,1s_after_loss,compactness,15.1902,nearest-frame tracking context,medium
8cfdb681-32cf-4ebf-81f1-5c0839ec82d5,loss,FCK,R. Huescas,5453.68,1s_after_loss,avg_block_height,25.67,nearest-frame tracking context,medium
8cfdb681-32cf-4ebf-81f1-5c0839ec82d5,loss,FCK,R. Huescas,5453.68,1s_after_loss,defensive_line_height,4.875,partial role-based,partial
8cfdb681-32cf-4ebf-81f1-5c0839ec82d5,recovery,FCM,,5456.2,at_regain,team_width,30.51,nearest-frame tracking context,medium
8cfdb681-32cf-4ebf-81f1-5c0839ec82d5,recovery,FCM,,5456.2,at_regain,team_depth,43.63,nearest-frame tracking context,medium
8cfdb681-32cf-4ebf-81f1-5c0839ec82d5,recovery,FCM,,5456.2,at_regain,compactness,15.551,nearest-frame tracking context,medium
8cfdb681-32cf-4ebf-81f1-5c0839ec82d5,recovery,FCM,,5456.2,at_regain,avg_block_height,-34.736,nearest-frame tracking context,medium
8cfdb681-32cf-4ebf-81f1-5c0839ec82d5,recovery,FCM,,5456.2,at_regain,defensive_line_height,-46.2825,partial role-based,partial
8cfdb681-32cf-4ebf-81f1-5c0839ec82d5,loss,FCM,,5512.84,1s_after_loss,team_width,48.43,nearest-frame tracking context,medium
8cfdb681-32cf-4ebf-81f1-5c0839ec82d5,loss,FCM,,5512.84,1s_after_loss,team_depth,35.41,nearest-frame tracking context,medium
8cfdb681-32cf-4ebf-81f1-5c0839ec82d5,loss,FCM,,5512.84,1s_after_loss,compactness,17.376,nearest-frame tracking context,medium
8cfdb681-32cf-4ebf-81f1-5c0839ec82d5,loss,FCM,,5512.84,1s_after_loss,avg_block_height,4.693,nearest-frame tracking context,medium
8cfdb681-32cf-4ebf-81f1-5c0839ec82d5,loss,FCM,,5512.84,1s_after_loss,defensive_line_height,-2.3525,partial role-based,partial
8cfdb681-32cf-4ebf-81f1-5c0839ec82d5,loss,FCK,,5535.12,1s_after_loss,team_width,56.1,nearest-frame tracking context,medium
8cfdb681-32cf-4ebf-81f1-5c0839ec82d5,loss,FCK,,5535.12,1s_after_loss,team_depth,32.64,nearest-frame tracking context,medium
8cfdb681-32cf-4ebf-81f1-5c0839ec82d5,loss,FCK,,5535.12,1s_after_loss,compactness,18.2051,nearest-frame tracking context,medium
8cfdb681-32cf-4ebf-81f1-5c0839ec82d5,loss,FCK,,5535.12,1s_after_loss,avg_block_height,13.695,nearest-frame tracking context,medium
8cfdb681-32cf-4ebf-81f1-5c0839ec82d5,loss,FCK,,5535.12,1s_after_loss,defensive_line_height,-4.455,partial role-based,partial
8cfdb681-32cf-4ebf-81f1-5c0839ec82d5,recovery,FCK,Gabriel Pereira,5535.2,at_regain,team_width,57.5,nearest-frame tracking context,medium
8cfdb681-32cf-4ebf-81f1-5c0839ec82d5,recovery,FCK,Gabriel Pereira,5535.2,at_regain,team_depth,29.47,nearest-frame tracking context,medium
8cfdb681-32cf-4ebf-81f1-5c0839ec82d5,recovery,FCK,Gabriel Pereira,5535.2,at_regain,compactness,18.0818,nearest-frame tracking context,medium
8cfdb681-32cf-4ebf-81f1-5c0839ec82d5,recovery,FCK,Gabriel Pereira,5535.2,at_regain,avg_block_height,10.692,nearest-frame tracking context,medium
8cfdb681-32cf-4ebf-81f1-5c0839ec82d5,recovery,FCK,Gabriel Pereira,5535.2,at_regain,defensive_line_height,-6.21,partial role-based,partial
8cfdb681-32cf-4ebf-81f1-5c0839ec82d5,loss,FCM,,5537.92,1s_after_loss,team_width,34.51,nearest-frame tracking context,medium
8cfdb681-32cf-4ebf-81f1-5c0839ec82d5,loss,FCM,,5537.92,1s_after_loss,team_depth,34.12,nearest-frame tracking context,medium
8cfdb681-32cf-4ebf-81f1-5c0839ec82d5,loss,FCM,,5537.92,1s_after_loss,compactness,13.2496,nearest-frame tracking context,medium
8cfdb681-32cf-4ebf-81f1-5c0839ec82d5,loss,FCM,,5537.92,1s_after_loss,avg_block_height,-27.728,nearest-frame tracking context,medium
8cfdb681-32cf-4ebf-81f1-5c0839ec82d5,loss,FCM,,5537.92,1s_after_loss,defensive_line_height,-36.91,partial role-based,partial
8cfdb681-32cf-4ebf-81f1-5c0839ec82d5,shot,FCK,,5543.16,1s_before_shot,team_width,50.42,nearest-frame tracking context,medium
8cfdb681-32cf-4ebf-81f1-5c0839ec82d5,shot,FCK,,5543.16,1s_before_shot,team_depth,34.72,nearest-frame tracking context,medium
8cfdb681-32cf-4ebf-81f1-5c0839ec82d5,shot,FCK,,5543.16,1s_before_shot,compactness,18.1258,nearest-frame tracking context,medium
8cfdb681-32cf-4ebf-81f1-5c0839ec82d5,shot,FCK,,5543.16,1s_before_shot,avg_block_height,26.164,nearest-frame tracking context,medium
8cfdb681-32cf-4ebf-81f1-5c0839ec82d5,shot,FCK,,5543.16,1s_before_shot,defensive_line_height,5.205,partial role-based,partial
8cfdb681-32cf-4ebf-81f1-5c0839ec82d5,loss,FCK,,5555.24,1s_after_loss,team_width,36.81,nearest-frame tracking context,medium
8cfdb681-32cf-4ebf-81f1-5c0839ec82d5,loss,FCK,,5555.24,1s_after_loss,team_depth,35.92,nearest-frame tracking context,medium
8cfdb681-32cf-4ebf-81f1-5c0839ec82d5,loss,FCK,,5555.24,1s_after_loss,compactness,15.1638,nearest-frame tracking context,medium
8cfdb681-32cf-4ebf-81f1-5c0839ec82d5,loss,FCK,,5555.24,1s_after_loss,avg_block_height,33.826,nearest-frame tracking context,medium
8cfdb681-32cf-4ebf-81f1-5c0839ec82d5,loss,FCK,,5555.24,1s_after_loss,defensive_line_height,16.985,partial role-based,partial
8cfdb681-32cf-4ebf-81f1-5c0839ec82d5,shot,FCK,O. Hojer,5561.88,1s_before_shot,team_width,34.17,nearest-frame tracking context,medium
8cfdb681-32cf-4ebf-81f1-5c0839ec82d5,shot,FCK,O. Hojer,5561.88,1s_before_shot,team_depth,28.15,nearest-frame tracking context,medium
8cfdb681-32cf-4ebf-81f1-5c0839ec82d5,shot,FCK,O. Hojer,5561.88,1s_before_shot,compactness,13.4992,nearest-frame tracking context,medium
8cfdb681-32cf-4ebf-81f1-5c0839ec82d5,shot,FCK,O. Hojer,5561.88,1s_before_shot,avg_block_height,34.97,nearest-frame tracking context,medium
8cfdb681-32cf-4ebf-81f1-5c0839ec82d5,shot,FCK,O. Hojer,5561.88,1s_before_shot,defensive_line_height,18.435,partial role-based,partial
8cfdb681-32cf-4ebf-81f1-5c0839ec82d5,loss,FCM,,5563.24,1s_after_loss,team_width,24.7,nearest-frame tracking context,medium
8cfdb681-32cf-4ebf-81f1-5c0839ec82d5,loss,FCM,,5563.24,1s_after_loss,team_depth,25.52,nearest-frame tracking context,medium
8cfdb681-32cf-4ebf-81f1-5c0839ec82d5,loss,FCM,,5563.24,1s_after_loss,compactness,9.0617,nearest-frame tracking context,medium
8cfdb681-32cf-4ebf-81f1-5c0839ec82d5,loss,FCM,,5563.24,1s_after_loss,avg_block_height,-34.941,nearest-frame tracking context,medium
8cfdb681-32cf-4ebf-81f1-5c0839ec82d5,loss,FCM,,5563.24,1s_after_loss,defensive_line_height,-40.71,partial role-based,partial
8cfdb681-32cf-4ebf-81f1-5c0839ec82d5,loss,FCK,,5566.24,1s_after_loss,team_width,31.64,nearest-frame tracking context,medium
8cfdb681-32cf-4ebf-81f1-5c0839ec82d5,loss,FCK,,5566.24,1s_after_loss,team_depth,45.18,nearest-frame tracking context,medium
8cfdb681-32cf-4ebf-81f1-5c0839ec82d5,loss,FCK,,5566.24,1s_after_loss,compactness,16.1132,nearest-frame tracking context,medium
8cfdb681-32cf-4ebf-81f1-5c0839ec82d5,loss,FCK,,5566.24,1s_after_loss,avg_block_height,22.18,nearest-frame tracking context,medium
8cfdb681-32cf-4ebf-81f1-5c0839ec82d5,loss,FCK,,5566.24,1s_after_loss,defensive_line_height,-0.94,partial role-based,partial
8cfdb681-32cf-4ebf-81f1-5c0839ec82d5,loss,FCM,,5600.64,1s_after_loss,team_width,49.72,nearest-frame tracking context,medium
8cfdb681-32cf-4ebf-81f1-5c0839ec82d5,loss,FCM,,5600.64,1s_after_loss,team_depth,39.35,nearest-frame tracking context,medium
8cfdb681-32cf-4ebf-81f1-5c0839ec82d5,loss,FCM,,5600.64,1s_after_loss,compactness,17.9151,nearest-frame tracking context,medium
8cfdb681-32cf-4ebf-81f1-5c0839ec82d5,loss,FCM,,5600.64,1s_after_loss,avg_block_height,19.301,nearest-frame tracking context,medium
8cfdb681-32cf-4ebf-81f1-5c0839ec82d5,loss,FCM,,5600.64,1s_after_loss,defensive_line_height,10.32,partial role-based,partial
8cfdb681-32cf-4ebf-81f1-5c0839ec82d5,loss,FCK,,5602.4,1s_after_loss,team_width,23.93,nearest-frame tracking context,medium
8cfdb681-32cf-4ebf-81f1-5c0839ec82d5,loss,FCK,,5602.4,1s_after_loss,team_depth,35.24,nearest-frame tracking context,medium
8cfdb681-32cf-4ebf-81f1-5c0839ec82d5,loss,FCK,,5602.4,1s_after_loss,compactness,11.576,nearest-frame tracking context,medium
8cfdb681-32cf-4ebf-81f1-5c0839ec82d5,loss,FCK,,5602.4,1s_after_loss,avg_block_height,-30.706,nearest-frame tracking context,medium
8cfdb681-32cf-4ebf-81f1-5c0839ec82d5,loss,FCK,,5602.4,1s_after_loss,defensive_line_height,-39.07,partial role-based,partial
8cfdb681-32cf-4ebf-81f1-5c0839ec82d5,loss,FCM,,5638.88,1s_after_loss,team_width,44.78,nearest-frame tracking context,medium
8cfdb681-32cf-4ebf-81f1-5c0839ec82d5,loss,FCM,,5638.88,1s_after_loss,team_depth,27.37,nearest-frame tracking context,medium
8cfdb681-32cf-4ebf-81f1-5c0839ec82d5,loss,FCM,,5638.88,1s_after_loss,compactness,15.6714,nearest-frame tracking context,medium
8cfdb681-32cf-4ebf-81f1-5c0839ec82d5,loss,FCM,,5638.88,1s_after_loss,avg_block_height,16.584,nearest-frame tracking context,medium
8cfdb681-32cf-4ebf-81f1-5c0839ec82d5,loss,FCM,,5638.88,1s_after_loss,defensive_line_height,11.3575,partial role-based,partial
8cfdb681-32cf-4ebf-81f1-5c0839ec82d5,loss,FCM,,5639.96,1s_after_loss,team_width,44.47,nearest-frame tracking context,medium
8cfdb681-32cf-4ebf-81f1-5c0839ec82d5,loss,FCM,,5639.96,1s_after_loss,team_depth,30.52,nearest-frame tracking context,medium
8cfdb681-32cf-4ebf-81f1-5c0839ec82d5,loss,FCM,,5639.96,1s_after_loss,compactness,16.6304,nearest-frame tracking context,medium
8cfdb681-32cf-4ebf-81f1-5c0839ec82d5,loss,FCM,,5639.96,1s_after_loss,avg_block_height,18.04,nearest-frame tracking context,medium
8cfdb681-32cf-4ebf-81f1-5c0839ec82d5,loss,FCM,,5639.96,1s_after_loss,defensive_line_height,12.1075,partial role-based,partial
8cfdb681-32cf-4ebf-81f1-5c0839ec82d5,loss,FCM,K. Mbabu,5640.76,1s_after_loss,team_width,43.61,nearest-frame tracking context,medium
8cfdb681-32cf-4ebf-81f1-5c0839ec82d5,loss,FCM,K. Mbabu,5640.76,1s_after_loss,team_depth,32.32,nearest-frame tracking context,medium
8cfdb681-32cf-4ebf-81f1-5c0839ec82d5,loss,FCM,K. Mbabu,5640.76,1s_after_loss,compactness,17.1661,nearest-frame tracking context,medium
8cfdb681-32cf-4ebf-81f1-5c0839ec82d5,loss,FCM,K. Mbabu,5640.76,1s_after_loss,avg_block_height,19.04,nearest-frame tracking context,medium
8cfdb681-32cf-4ebf-81f1-5c0839ec82d5,loss,FCM,K. Mbabu,5640.76,1s_after_loss,defensive_line_height,12.9775,partial role-based,partial
8cfdb681-32cf-4ebf-81f1-5c0839ec82d5,loss,FCM,,5643,1s_after_loss,team_width,42.29,nearest-frame tracking context,medium
8cfdb681-32cf-4ebf-81f1-5c0839ec82d5,loss,FCM,,5643,1s_after_loss,team_depth,36.85,nearest-frame tracking context,medium
8cfdb681-32cf-4ebf-81f1-5c0839ec82d5,loss,FCM,,5643,1s_after_loss,compactness,17.9378,nearest-frame tracking context,medium
8cfdb681-32cf-4ebf-81f1-5c0839ec82d5,loss,FCM,,5643,1s_after_loss,avg_block_height,20.443,nearest-frame tracking context,medium
8cfdb681-32cf-4ebf-81f1-5c0839ec82d5,loss,FCM,,5643,1s_after_loss,defensive_line_height,14.46,partial role-based,partial
8cfdb681-32cf-4ebf-81f1-5c0839ec82d5,loss,FCK,,5653.08,1s_after_loss,team_width,47.79,nearest-frame tracking context,medium
8cfdb681-32cf-4ebf-81f1-5c0839ec82d5,loss,FCK,,5653.08,1s_after_loss,team_depth,40.58,nearest-frame tracking context,medium
8cfdb681-32cf-4ebf-81f1-5c0839ec82d5,loss,FCK,,5653.08,1s_after_loss,compactness,19.3312,nearest-frame tracking context,medium
8cfdb681-32cf-4ebf-81f1-5c0839ec82d5,loss,FCK,,5653.08,1s_after_loss,avg_block_height,-23.27,nearest-frame tracking context,medium
8cfdb681-32cf-4ebf-81f1-5c0839ec82d5,loss,FCK,,5653.08,1s_after_loss,defensive_line_height,-41.66,partial role-based,partial
8cfdb681-32cf-4ebf-81f1-5c0839ec82d5,recovery,FCK,K. Diks,5653.92,at_regain,team_width,47.37,nearest-frame tracking context,medium
8cfdb681-32cf-4ebf-81f1-5c0839ec82d5,recovery,FCK,K. Diks,5653.92,at_regain,team_depth,40.71,nearest-frame tracking context,medium
8cfdb681-32cf-4ebf-81f1-5c0839ec82d5,recovery,FCK,K. Diks,5653.92,at_regain,compactness,19.2733,nearest-frame tracking context,medium
8cfdb681-32cf-4ebf-81f1-5c0839ec82d5,recovery,FCK,K. Diks,5653.92,at_regain,avg_block_height,-23.603,nearest-frame tracking context,medium
8cfdb681-32cf-4ebf-81f1-5c0839ec82d5,recovery,FCK,K. Diks,5653.92,at_regain,defensive_line_height,-41.79,partial role-based,partial
8cfdb681-32cf-4ebf-81f1-5c0839ec82d5,loss,FCM,,5657.04,1s_after_loss,team_width,26.99,nearest-frame tracking context,medium
8cfdb681-32cf-4ebf-81f1-5c0839ec82d5,loss,FCM,,5657.04,1s_after_loss,team_depth,36.03,nearest-frame tracking context,medium
8cfdb681-32cf-4ebf-81f1-5c0839ec82d5,loss,FCM,,5657.04,1s_after_loss,compactness,13.2784,nearest-frame tracking context,medium
8cfdb681-32cf-4ebf-81f1-5c0839ec82d5,loss,FCM,,5657.04,1s_after_loss,avg_block_height,2.934,nearest-frame tracking context,medium
8cfdb681-32cf-4ebf-81f1-5c0839ec82d5,loss,FCM,,5657.04,1s_after_loss,defensive_line_height,-5.295,partial role-based,partial
8cfdb681-32cf-4ebf-81f1-5c0839ec82d5,recovery,FCM,E. Martinez,5657.08,at_regain,team_width,28.57,nearest-frame tracking context,medium
8cfdb681-32cf-4ebf-81f1-5c0839ec82d5,recovery,FCM,E. Martinez,5657.08,at_regain,team_depth,38.27,nearest-frame tracking context,medium
8cfdb681-32cf-4ebf-81f1-5c0839ec82d5,recovery,FCM,E. Martinez,5657.08,at_regain,compactness,14.2058,nearest-frame tracking context,medium
8cfdb681-32cf-4ebf-81f1-5c0839ec82d5,recovery,FCM,E. Martinez,5657.08,at_regain,avg_block_height,5.718,nearest-frame tracking context,medium
8cfdb681-32cf-4ebf-81f1-5c0839ec82d5,recovery,FCM,E. Martinez,5657.08,at_regain,defensive_line_height,-2.6825,partial role-based,partial
8cfdb681-32cf-4ebf-81f1-5c0839ec82d5,loss,FCK,,5660.08,1s_after_loss,team_width,36.57,nearest-frame tracking context,medium
8cfdb681-32cf-4ebf-81f1-5c0839ec82d5,loss,FCK,,5660.08,1s_after_loss,team_depth,30.7,nearest-frame tracking context,medium
8cfdb681-32cf-4ebf-81f1-5c0839ec82d5,loss,FCK,,5660.08,1s_after_loss,compactness,13.8381,nearest-frame tracking context,medium
8cfdb681-32cf-4ebf-81f1-5c0839ec82d5,loss,FCK,,5660.08,1s_after_loss,avg_block_height,-5.695,nearest-frame tracking context,medium
8cfdb681-32cf-4ebf-81f1-5c0839ec82d5,loss,FCK,,5660.08,1s_after_loss,defensive_line_height,-19.73,partial role-based,partial
8cfdb681-32cf-4ebf-81f1-5c0839ec82d5,loss,FCM,,5662,1s_after_loss,team_width,36.37,nearest-frame tracking context,medium
8cfdb681-32cf-4ebf-81f1-5c0839ec82d5,loss,FCM,,5662,1s_after_loss,team_depth,29.22,nearest-frame tracking context,medium
8cfdb681-32cf-4ebf-81f1-5c0839ec82d5,loss,FCM,,5662,1s_after_loss,compactness,15.2848,nearest-frame tracking context,medium
8cfdb681-32cf-4ebf-81f1-5c0839ec82d5,loss,FCM,,5662,1s_after_loss,avg_block_height,0.324,nearest-frame tracking context,medium
8cfdb681-32cf-4ebf-81f1-5c0839ec82d5,loss,FCM,,5662,1s_after_loss,defensive_line_height,-7.58,partial role-based,partial
8cfdb681-32cf-4ebf-81f1-5c0839ec82d5,recovery,FCK,R. Huescas,5662,at_regain,team_width,37.68,nearest-frame tracking context,medium
8cfdb681-32cf-4ebf-81f1-5c0839ec82d5,recovery,FCK,R. Huescas,5662,at_regain,team_depth,30.74,nearest-frame tracking context,medium
8cfdb681-32cf-4ebf-81f1-5c0839ec82d5,recovery,FCK,R. Huescas,5662,at_regain,compactness,14.5537,nearest-frame tracking context,medium
8cfdb681-32cf-4ebf-81f1-5c0839ec82d5,recovery,FCK,R. Huescas,5662,at_regain,avg_block_height,-5.178,nearest-frame tracking context,medium
8cfdb681-32cf-4ebf-81f1-5c0839ec82d5,recovery,FCK,R. Huescas,5662,at_regain,defensive_line_height,-19.715,partial role-based,partial
8cfdb681-32cf-4ebf-81f1-5c0839ec82d5,recovery,FCK,R. Huescas,5662,at_regain,team_width,37.68,nearest-frame tracking context,medium
8cfdb681-32cf-4ebf-81f1-5c0839ec82d5,recovery,FCK,R. Huescas,5662,at_regain,team_depth,30.74,nearest-frame tracking context,medium
8cfdb681-32cf-4ebf-81f1-5c0839ec82d5,recovery,FCK,R. Huescas,5662,at_regain,compactness,14.5537,nearest-frame tracking context,medium
8cfdb681-32cf-4ebf-81f1-5c0839ec82d5,recovery,FCK,R. Huescas,5662,at_regain,avg_block_height,-5.178,nearest-frame tracking context,medium
8cfdb681-32cf-4ebf-81f1-5c0839ec82d5,recovery,FCK,R. Huescas,5662,at_regain,defensive_line_height,-19.715,partial role-based,partial
8cfdb681-32cf-4ebf-81f1-5c0839ec82d5,recovery,FCM,V. Byskov,5665.12,at_regain,team_width,42.2,nearest-frame tracking context,medium
8cfdb681-32cf-4ebf-81f1-5c0839ec82d5,recovery,FCM,V. Byskov,5665.12,at_regain,team_depth,35.07,nearest-frame tracking context,medium
8cfdb681-32cf-4ebf-81f1-5c0839ec82d5,recovery,FCM,V. Byskov,5665.12,at_regain,compactness,17.0846,nearest-frame tracking context,medium
8cfdb681-32cf-4ebf-81f1-5c0839ec82d5,recovery,FCM,V. Byskov,5665.12,at_regain,avg_block_height,6.355,nearest-frame tracking context,medium
8cfdb681-32cf-4ebf-81f1-5c0839ec82d5,recovery,FCM,V. Byskov,5665.12,at_regain,defensive_line_height,-2.445,partial role-based,partial
8cfdb681-32cf-4ebf-81f1-5c0839ec82d5,recovery,FCM,V. Byskov,5665.12,at_regain,team_width,42.2,nearest-frame tracking context,medium
8cfdb681-32cf-4ebf-81f1-5c0839ec82d5,recovery,FCM,V. Byskov,5665.12,at_regain,team_depth,35.07,nearest-frame tracking context,medium
8cfdb681-32cf-4ebf-81f1-5c0839ec82d5,recovery,FCM,V. Byskov,5665.12,at_regain,compactness,17.0846,nearest-frame tracking context,medium
8cfdb681-32cf-4ebf-81f1-5c0839ec82d5,recovery,FCM,V. Byskov,5665.12,at_regain,avg_block_height,6.355,nearest-frame tracking context,medium
8cfdb681-32cf-4ebf-81f1-5c0839ec82d5,recovery,FCM,V. Byskov,5665.12,at_regain,defensive_line_height,-2.445,partial role-based,partial
8cfdb681-32cf-4ebf-81f1-5c0839ec82d5,loss,FCK,,5676.08,1s_after_loss,team_width,53.15,nearest-frame tracking context,medium
8cfdb681-32cf-4ebf-81f1-5c0839ec82d5,loss,FCK,,5676.08,1s_after_loss,team_depth,34.12,nearest-frame tracking context,medium
8cfdb681-32cf-4ebf-81f1-5c0839ec82d5,loss,FCK,,5676.08,1s_after_loss,compactness,17.3989,nearest-frame tracking context,medium
8cfdb681-32cf-4ebf-81f1-5c0839ec82d5,loss,FCK,,5676.08,1s_after_loss,avg_block_height,2.745,nearest-frame tracking context,medium
8cfdb681-32cf-4ebf-81f1-5c0839ec82d5,loss,FCK,,5676.08,1s_after_loss,defensive_line_height,-13.625,partial role-based,partial
8cfdb681-32cf-4ebf-81f1-5c0839ec82d5,recovery,FCK,A. Cornelius,5679.04,at_regain,team_width,51.12,nearest-frame tracking context,medium
8cfdb681-32cf-4ebf-81f1-5c0839ec82d5,recovery,FCK,A. Cornelius,5679.04,at_regain,team_depth,34.9,nearest-frame tracking context,medium
8cfdb681-32cf-4ebf-81f1-5c0839ec82d5,recovery,FCK,A. Cornelius,5679.04,at_regain,compactness,16.6984,nearest-frame tracking context,medium
8cfdb681-32cf-4ebf-81f1-5c0839ec82d5,recovery,FCK,A. Cornelius,5679.04,at_regain,avg_block_height,8.337,nearest-frame tracking context,medium
8cfdb681-32cf-4ebf-81f1-5c0839ec82d5,recovery,FCK,A. Cornelius,5679.04,at_regain,defensive_line_height,-9.53,partial role-based,partial
8cfdb681-32cf-4ebf-81f1-5c0839ec82d5,loss,FCM,,5679.68,1s_after_loss,team_width,26.56,nearest-frame tracking context,medium
8cfdb681-32cf-4ebf-81f1-5c0839ec82d5,loss,FCM,,5679.68,1s_after_loss,team_depth,34.18,nearest-frame tracking context,medium
8cfdb681-32cf-4ebf-81f1-5c0839ec82d5,loss,FCM,,5679.68,1s_after_loss,compactness,12.9683,nearest-frame tracking context,medium
8cfdb681-32cf-4ebf-81f1-5c0839ec82d5,loss,FCM,,5679.68,1s_after_loss,avg_block_height,-19.023,nearest-frame tracking context,medium
8cfdb681-32cf-4ebf-81f1-5c0839ec82d5,loss,FCM,,5679.68,1s_after_loss,defensive_line_height,-26.745,partial role-based,partial
8cfdb681-32cf-4ebf-81f1-5c0839ec82d5,loss,FCK,,5775.52,1s_after_loss,team_width,21.28,nearest-frame tracking context,medium
8cfdb681-32cf-4ebf-81f1-5c0839ec82d5,loss,FCK,,5775.52,1s_after_loss,team_depth,14.61,nearest-frame tracking context,medium
8cfdb681-32cf-4ebf-81f1-5c0839ec82d5,loss,FCK,,5775.52,1s_after_loss,compactness,7.4816,nearest-frame tracking context,medium
8cfdb681-32cf-4ebf-81f1-5c0839ec82d5,loss,FCK,,5775.52,1s_after_loss,avg_block_height,39.635,nearest-frame tracking context,medium
8cfdb681-32cf-4ebf-81f1-5c0839ec82d5,loss,FCK,,5775.52,1s_after_loss,defensive_line_height,36.405,partial role-based,partial
8cfdb681-32cf-4ebf-81f1-5c0839ec82d5,recovery,FCM,,5776.44,at_regain,team_width,15.2,nearest-frame tracking context,medium
8cfdb681-32cf-4ebf-81f1-5c0839ec82d5,recovery,FCM,,5776.44,at_regain,team_depth,3.11,nearest-frame tracking context,medium
8cfdb681-32cf-4ebf-81f1-5c0839ec82d5,recovery,FCM,,5776.44,at_regain,compactness,4.2591,nearest-frame tracking context,medium
8cfdb681-32cf-4ebf-81f1-5c0839ec82d5,recovery,FCM,,5776.44,at_regain,avg_block_height,-42.146,nearest-frame tracking context,medium
8cfdb681-32cf-4ebf-81f1-5c0839ec82d5,recovery,FCM,,5776.44,at_regain,defensive_line_height,-42.575,partial role-based,partial