match_id,team,player_id,player_name,metric_group,metric_name,metric_value,metric_unit,percentile_within_team,rank_within_team,interpretation_label,insight_text
8cfdb681-32cf-4ebf-81f1-5c0839ec82d5,FCK,96787,M. Elyounoussi,Participation,minutes_played,87.2593,minutes,67.5,7,above team median,M. Elyounoussi ranks 7 within FCK for minutes played (above team median).
8cfdb681-32cf-4ebf-81f1-5c0839ec82d5,FCK,166965,L. Lerager,Participation,minutes_played,96.5733,minutes,85.0,1,team leading,L. Lerager ranks 1 within FCK for minutes played (team leading).
8cfdb681-32cf-4ebf-81f1-5c0839ec82d5,FCK,535944,R. Huescas,Participation,minutes_played,12.594,minutes,27.5,15,around team median,R. Huescas ranks 15 within FCK for minutes played (around team median).
8cfdb681-32cf-4ebf-81f1-5c0839ec82d5,FCK,114517,A. Cornelius,Participation,minutes_played,22.914,minutes,37.5,13,around team median,A. Cornelius ranks 13 within FCK for minutes played (around team median).
8cfdb681-32cf-4ebf-81f1-5c0839ec82d5,FCK,622714,Robert,Participation,minutes_played,0.0,minutes,10.0,17,none,Robert ranks 17 within FCK for minutes played (none).
8cfdb681-32cf-4ebf-81f1-5c0839ec82d5,FCK,590186,V. Froholdt,Participation,minutes_played,23.154,minutes,42.5,12,around team median,V. Froholdt ranks 12 within FCK for minutes played (around team median).
8cfdb681-32cf-4ebf-81f1-5c0839ec82d5,FCK,232398,N. Trott,Participation,minutes_played,96.5733,minutes,85.0,1,team leading,N. Trott ranks 1 within FCK for minutes played (team leading).
8cfdb681-32cf-4ebf-81f1-5c0839ec82d5,FCK,512627,G. Gocholeishvili,Participation,minutes_played,83.9793,minutes,62.5,8,above team median,G. Gocholeishvili ranks 8 within FCK for minutes played (above team median).
8cfdb681-32cf-4ebf-81f1-5c0839ec82d5,FCK,68640,T. Delaney,Participation,minutes_played,96.5733,minutes,85.0,1,team leading,T. Delaney ranks 1 within FCK for minutes played (team leading).
8cfdb681-32cf-4ebf-81f1-5c0839ec82d5,FCK,193228,K. Diks,Participation,minutes_played,96.5733,minutes,85.0,1,team leading,K. Diks ranks 1 within FCK for minutes played (team leading).
8cfdb681-32cf-4ebf-81f1-5c0839ec82d5,FCK,546545,E. Achouri,Participation,minutes_played,73.4193,minutes,47.5,11,around team median,E. Achouri ranks 11 within FCK for minutes played (around team median).
8cfdb681-32cf-4ebf-81f1-5c0839ec82d5,FCK,115918,R. Runarsson,Participation,minutes_played,0.0,minutes,10.0,17,none,R. Runarsson ranks 17 within FCK for minutes played (none).
8cfdb681-32cf-4ebf-81f1-5c0839ec82d5,FCK,592864,O. Hojer,Participation,minutes_played,9.314,minutes,22.5,16,low,O. Hojer ranks 16 within FCK for minutes played (low).
8cfdb681-32cf-4ebf-81f1-5c0839ec82d5,FCK,590187,A. Chiakha,Participation,minutes_played,0.0,minutes,10.0,17,none,A. Chiakha ranks 17 within FCK for minutes played (none).
8cfdb681-32cf-4ebf-81f1-5c0839ec82d5,FCK,572146,M. Garan'anga,Participation,minutes_played,0.0,minutes,10.0,17,none,M. Garan'anga ranks 17 within FCK for minutes played (none).
8cfdb681-32cf-4ebf-81f1-5c0839ec82d5,FCK,475413,Gabriel Pereira,Participation,minutes_played,96.5733,minutes,85.0,1,team leading,Gabriel Pereira ranks 1 within FCK for minutes played (team leading).
8cfdb681-32cf-4ebf-81f1-5c0839ec82d5,FCK,220246,P. Hatzidiakos,Participation,minutes_played,83.8993,minutes,57.5,9,above team median,P. Hatzidiakos ranks 9 within FCK for minutes played (above team median).
8cfdb681-32cf-4ebf-81f1-5c0839ec82d5,FCK,111756,V. Claesson,Participation,minutes_played,12.674,minutes,32.5,14,around team median,V. Claesson ranks 14 within FCK for minutes played (around team median).
8cfdb681-32cf-4ebf-81f1-5c0839ec82d5,FCK,433957,M. Mattsson,Participation,minutes_played,73.6593,minutes,52.5,10,above team median,M. Mattsson ranks 10 within FCK for minutes played (above team median).
8cfdb681-32cf-4ebf-81f1-5c0839ec82d5,FCK,457214,G. Onugkha,Participation,minutes_played,96.5733,minutes,85.0,1,team leading,G. Onugkha ranks 1 within FCK for minutes played (team leading).
8cfdb681-32cf-4ebf-81f1-5c0839ec82d5,FCM,533646,D. Osorio,Participation,minutes_played,91.5793,minutes,62.5,8,above team median,D. Osorio ranks 8 within FCM for minutes played (above team median).
8cfdb681-32cf-4ebf-81f1-5c0839ec82d5,FCM,423651,E. Chilufya,Participation,minutes_played,32.594,minutes,42.5,12,around team median,E. Chilufya ranks 12 within FCM for minutes played (around team median).
8cfdb681-32cf-4ebf-81f1-5c0839ec82d5,FCM,430901,E. Olafsson,Participation,minutes_played,96.5733,minutes,82.5,1,team leading,E. Olafsson ranks 1 within FCM for minutes played (team leading).
8cfdb681-32cf-4ebf-81f1-5c0839ec82d5,FCM,450048,K. Askildsen,Participation,minutes_played,0.0,minutes,12.5,16,none,K. Askildsen ranks 16 within FCM for minutes played (none).
8cfdb681-32cf-4ebf-81f1-5c0839ec82d5,FCM,536679,P. Bravo,Participation,minutes_played,0.0,minutes,12.5,16,none,P. Bravo ranks 16 within FCM for minutes played (none).
8cfdb681-32cf-4ebf-81f1-5c0839ec82d5,FCM,57513,J. Lossl,Participation,minutes_played,0.0,minutes,12.5,16,none,J. Lossl ranks 16 within FCM for minutes played (none).
8cfdb681-32cf-4ebf-81f1-5c0839ec82d5,FCM,568423,V. Byskov,Participation,minutes_played,32.514,minutes,37.5,13,around team median,V. Byskov ranks 13 within FCM for minutes played (around team median).
8cfdb681-32cf-4ebf-81f1-5c0839ec82d5,FCM,553784,D. Castillo,Participation,minutes_played,10.514,minutes,32.5,14,around team median,D. Castillo ranks 14 within FCM for minutes played (around team median).
8cfdb681-32cf-4ebf-81f1-5c0839ec82d5,FCM,228044,M. Bech,Participation,minutes_played,96.5733,minutes,82.5,1,team leading,M. Bech ranks 1 within FCM for minutes played (team leading).
8cfdb681-32cf-4ebf-81f1-5c0839ec82d5,FCM,494784,Oliver Sorensen,Participation,minutes_played,96.5733,minutes,82.5,1,team leading,Oliver Sorensen ranks 1 within FCM for minutes played (team leading).
8cfdb681-32cf-4ebf-81f1-5c0839ec82d5,FCM,240529,J. Kuchta,Participation,minutes_played,63.9793,minutes,47.5,11,around team median,J. Kuchta ranks 11 within FCM for minutes played (around team median).
8cfdb681-32cf-4ebf-81f1-5c0839ec82d5,FCM,492474,Lee Han-Beom,Participation,minutes_played,4.994,minutes,27.5,15,around team median,Lee Han-Beom ranks 15 within FCM for minutes played (around team median).
8cfdb681-32cf-4ebf-81f1-5c0839ec82d5,FCM,568414,M. Kruger-Johnsen,Participation,minutes_played,0.0,minutes,12.5,16,none,M. Kruger-Johnsen ranks 16 within FCM for minutes played (none).
8cfdb681-32cf-4ebf-81f1-5c0839ec82d5,FCM,120721,K. Mbabu,Participation,minutes_played,96.5733,minutes,82.5,1,team leading,K. Mbabu ranks 1 within FCM for minutes played (team leading).
8cfdb681-32cf-4ebf-81f1-5c0839ec82d5,FCM,609108,O. Diao,Participation,minutes_played,96.5733,minutes,82.5,1,team leading,O. Diao ranks 1 within FCM for minutes played (team leading).
8cfdb681-32cf-4ebf-81f1-5c0839ec82d5,FCM,477664,V. Lind,Participation,minutes_played,0.0,minutes,12.5,16,none,V. Lind ranks 16 within FCM for minutes played (none).
8cfdb681-32cf-4ebf-81f1-5c0839ec82d5,FCM,477672,A. Simsir,Participation,minutes_played,64.0593,minutes,52.5,10,above team median,A. Simsir ranks 10 within FCM for minutes played (above team median).
8cfdb681-32cf-4ebf-81f1-5c0839ec82d5,FCM,474838,E. Martinez,Participation,minutes_played,96.5733,minutes,82.5,1,team leading,E. Martinez ranks 1 within FCM for minutes played (team leading).
8cfdb681-32cf-4ebf-81f1-5c0839ec82d5,FCM,204164,J. Andersson,Participation,minutes_played,96.5733,minutes,82.5,1,team leading,J. Andersson ranks 1 within FCM for minutes played (team leading).
8cfdb681-32cf-4ebf-81f1-5c0839ec82d5,FCM,551144,Franculino Dju,Participation,minutes_played,86.0593,minutes,57.5,9,above team median,Franculino Dju ranks 9 within FCM for minutes played (above team median).
8cfdb681-32cf-4ebf-81f1-5c0839ec82d5,FCK,96787,M. Elyounoussi,Participation,live_minutes,43.4507,minutes,67.5,7,above team median,M. Elyounoussi ranks 7 within FCK for live minutes (above team median).
8cfdb681-32cf-4ebf-81f1-5c0839ec82d5,FCK,166965,L. Lerager,Participation,live_minutes,48.3013,minutes,85.0,1,team leading,L. Lerager ranks 1 within FCK for live minutes (team leading).
8cfdb681-32cf-4ebf-81f1-5c0839ec82d5,FCK,535944,R. Huescas,Participation,live_minutes,6.392,minutes,30.0,14,around team median,R. Huescas ranks 14 within FCK for live minutes (around team median).
8cfdb681-32cf-4ebf-81f1-5c0839ec82d5,FCK,114517,A. Cornelius,Participation,live_minutes,10.4647,minutes,40.0,12,around team median,A. Cornelius ranks 12 within FCK for live minutes (around team median).
8cfdb681-32cf-4ebf-81f1-5c0839ec82d5,FCK,622714,Robert,Participation,live_minutes,0.0,minutes,10.0,17,none,Robert ranks 17 within FCK for live minutes (none).
8cfdb681-32cf-4ebf-81f1-5c0839ec82d5,FCK,590186,V. Froholdt,Participation,live_minutes,10.4647,minutes,40.0,12,around team median,V. Froholdt ranks 12 within FCK for live minutes (around team median).
8cfdb681-32cf-4ebf-81f1-5c0839ec82d5,FCK,232398,N. Trott,Participation,live_minutes,48.3013,minutes,85.0,1,team leading,N. Trott ranks 1 within FCK for live minutes (team leading).
8cfdb681-32cf-4ebf-81f1-5c0839ec82d5,FCK,512627,G. Gocholeishvili,Participation,live_minutes,41.9093,minutes,60.0,8,above team median,G. Gocholeishvili ranks 8 within FCK for live minutes (above team median).
8cfdb681-32cf-4ebf-81f1-5c0839ec82d5,FCK,68640,T. Delaney,Participation,live_minutes,48.3013,minutes,85.0,1,team leading,T. Delaney ranks 1 within FCK for live minutes (team leading).
8cfdb681-32cf-4ebf-81f1-5c0839ec82d5,FCK,193228,K. Diks,Participation,live_minutes,48.3013,minutes,85.0,1,team leading,K. Diks ranks 1 within FCK for live minutes (team leading).
8cfdb681-32cf-4ebf-81f1-5c0839ec82d5,FCK,546545,E. Achouri,Participation,live_minutes,37.8367,minutes,50.0,10,above team median,E. Achouri ranks 10 within FCK for live minutes (above team median).
8cfdb681-32cf-4ebf-81f1-5c0839ec82d5,FCK,115918,R. Runarsson,Participation,live_minutes,0.0,minutes,10.0,17,none,R. Runarsson ranks 17 within FCK for live minutes (none).
8cfdb681-32cf-4ebf-81f1-5c0839ec82d5,FCK,592864,O. Hojer,Participation,live_minutes,4.8507,minutes,22.5,16,low,O. Hojer ranks 16 within FCK for live minutes (low).
8cfdb681-32cf-4ebf-81f1-5c0839ec82d5,FCK,590187,A. Chiakha,Participation,live_minutes,0.0,minutes,10.0,17,none,A. Chiakha ranks 17 within FCK for live minutes (none).
8cfdb681-32cf-4ebf-81f1-5c0839ec82d5,FCK,572146,M. Garan'anga,Participation,live_minutes,0.0,minutes,10.0,17,none,M. Garan'anga ranks 17 within FCK for live minutes (none).
8cfdb681-32cf-4ebf-81f1-5c0839ec82d5,FCK,475413,Gabriel Pereira,Participation,live_minutes,48.3013,minutes,85.0,1,team leading,Gabriel Pereira ranks 1 within FCK for live minutes (team leading).
8cfdb681-32cf-4ebf-81f1-5c0839ec82d5,FCK,220246,P. Hatzidiakos,Participation,live_minutes,41.9093,minutes,60.0,8,above team median,P. Hatzidiakos ranks 8 within FCK for live minutes (above team median).
8cfdb681-32cf-4ebf-81f1-5c0839ec82d5,FCK,111756,V. Claesson,Participation,live_minutes,6.392,minutes,30.0,14,around team median,V. Claesson ranks 14 within FCK for live minutes (around team median).
8cfdb681-32cf-4ebf-81f1-5c0839ec82d5,FCK,433957,M. Mattsson,Participation,live_minutes,37.8367,minutes,50.0,10,above team median,M. Mattsson ranks 10 within FCK for live minutes (above team median).
8cfdb681-32cf-4ebf-81f1-5c0839ec82d5,FCK,457214,G. Onugkha,Participation,live_minutes,48.3013,minutes,85.0,1,team leading,G. Onugkha ranks 1 within FCK for live minutes (team leading).
8cfdb681-32cf-4ebf-81f1-5c0839ec82d5,FCM,533646,D. Osorio,Participation,live_minutes,46.2173,minutes,62.5,8,above team median,D. Osorio ranks 8 within FCM for live minutes (above team median).
8cfdb681-32cf-4ebf-81f1-5c0839ec82d5,FCM,423651,E. Chilufya,Participation,live_minutes,14.7553,minutes,40.0,12,around team median,E. Chilufya ranks 12 within FCM for live minutes (around team median).
8cfdb681-32cf-4ebf-81f1-5c0839ec82d5,FCM,430901,E. Olafsson,Participation,live_minutes,48.3013,minutes,82.5,1,team leading,E. Olafsson ranks 1 within FCM for live minutes (team leading).
8cfdb681-32cf-4ebf-81f1-5c0839ec82d5,FCM,450048,K. Askildsen,Participation,live_minutes,0.0,minutes,12.5,16,none,K. Askildsen ranks 16 within FCM for live minutes (none).
8cfdb681-32cf-4ebf-81f1-5c0839ec82d5,FCM,536679,P. Bravo,Participation,live_minutes,0.0,minutes,12.5,16,none,P. Bravo ranks 16 within FCM for live minutes (none).
8cfdb681-32cf-4ebf-81f1-5c0839ec82d5,FCM,57513,J. Lossl,Participation,live_minutes,0.0,minutes,12.5,16,none,J. Lossl ranks 16 within FCM for live minutes (none).
8cfdb681-32cf-4ebf-81f1-5c0839ec82d5,FCM,568423,V. Byskov,Participation,live_minutes,14.7553,minutes,40.0,12,around team median,V. Byskov ranks 12 within FCM for live minutes (around team median).
8cfdb681-32cf-4ebf-81f1-5c0839ec82d5,FCM,553784,D. Castillo,Participation,live_minutes,5.052,minutes,32.5,14,around team median,D. Castillo ranks 14 within FCM for live minutes (around team median).
8cfdb681-32cf-4ebf-81f1-5c0839ec82d5,FCM,228044,M. Bech,Participation,live_minutes,48.3013,minutes,82.5,1,team leading,M. Bech ranks 1 within FCM for live minutes (team leading).
8cfdb681-32cf-4ebf-81f1-5c0839ec82d5,FCM,494784,Oliver Sorensen,Participation,live_minutes,48.3013,minutes,82.5,1,team leading,Oliver Sorensen ranks 1 within FCM for live minutes (team leading).
8cfdb681-32cf-4ebf-81f1-5c0839ec82d5,FCM,240529,J. Kuchta,Participation,live_minutes,33.546,minutes,50.0,10,above team median,J. Kuchta ranks 10 within FCM for live minutes (above team median).
8cfdb681-32cf-4ebf-81f1-5c0839ec82d5,FCM,492474,Lee Han-Beom,Participation,live_minutes,2.084,minutes,27.5,15,around team median,Lee Han-Beom ranks 15 within FCM for live minutes (around team median).
8cfdb681-32cf-4ebf-81f1-5c0839ec82d5,FCM,568414,M. Kruger-Johnsen,Participation,live_minutes,0.0,minutes,12.5,16,none,M. Kruger-Johnsen ranks 16 within FCM for live minutes (none).
8cfdb681-32cf-4ebf-81f1-5c0839ec82d5,FCM,120721,K. Mbabu,Participation,live_minutes,48.3013,minutes,82.5,1,team leading,K. Mbabu ranks 1 within FCM for live minutes (team leading).
8cfdb681-32cf-4ebf-81f1-5c0839ec82d5,FCM,609108,O. Diao,Participation,live_minutes,48.3013,minutes,82.5,1,team leading,O. Diao ranks 1 within FCM for live minutes (team leading).
8cfdb681-32cf-4ebf-81f1-5c0839ec82d5,FCM,477664,V. Lind,Participation,live_minutes,0.0,minutes,12.5,16,none,V. Lind ranks 16 within FCM for live minutes (none).
8cfdb681-32cf-4ebf-81f1-5c0839ec82d5,FCM,477672,A. Simsir,Participation,live_minutes,33.546,minutes,50.0,10,above team median,A. Simsir ranks 10 within FCM for live minutes (above team median).
8cfdb681-32cf-4ebf-81f1-5c0839ec82d5,FCM,474838,E. Martinez,Participation,live_minutes,48.3013,minutes,82.5,1,team leading,E. Martinez ranks 1 within FCM for live minutes (team leading).
8cfdb681-32cf-4ebf-81f1-5c0839ec82d5,FCM,204164,J. Andersson,Participation,live_minutes,48.3013,minutes,82.5,1,team leading,J. Andersson ranks 1 within FCM for live minutes (team leading).
8cfdb681-32cf-4ebf-81f1-5c0839ec82d5,FCM,551144,Franculino Dju,Participation,live_minutes,43.2493,minutes,57.5,9,above team median,Franculino Dju ranks 9 within FCM for live minutes (above team median).
8cfdb681-32cf-4ebf-81f1-5c0839ec82d5,FCK,96787,M. Elyounoussi,Participation,total_actions,212.0,count,82.5,4,team leading,M. Elyounoussi ranks 4 within FCK for total actions (team leading).
8cfdb681-32cf-4ebf-81f1-5c0839ec82d5,FCK,166965,L. Lerager,Participation,total_actions,199.0,count,67.5,7,above team median,L. Lerager ranks 7 within FCK for total actions (above team median).
8cfdb681-32cf-4ebf-81f1-5c0839ec82d5,FCK,535944,R. Huescas,Participation,total_actions,51.0,count,32.5,14,around team median,R. Huescas ranks 14 within FCK for total actions (around team median).
8cfdb681-32cf-4ebf-81f1-5c0839ec82d5,FCK,114517,A. Cornelius,Participation,total_actions,52.0,count,37.5,13,around team median,A. Cornelius ranks 13 within FCK for total actions (around team median).
8cfdb681-32cf-4ebf-81f1-5c0839ec82d5,FCK,622714,Robert,Participation,total_actions,0.0,count,10.0,17,none,Robert ranks 17 within FCK for total actions (none).
8cfdb681-32cf-4ebf-81f1-5c0839ec82d5,FCK,590186,V. Froholdt,Participation,total_actions,92.0,count,42.5,12,around team median,V. Froholdt ranks 12 within FCK for total actions (around team median).
8cfdb681-32cf-4ebf-81f1-5c0839ec82d5,FCK,232398,N. Trott,Participation,total_actions,129.0,count,47.5,11,around team median,N. Trott ranks 11 within FCK for total actions (around team median).
8cfdb681-32cf-4ebf-81f1-5c0839ec82d5,FCK,512627,G. Gocholeishvili,Participation,total_actions,216.0,count,92.5,2,team leading,G. Gocholeishvili ranks 2 within FCK for total actions (team leading).
8cfdb681-32cf-4ebf-81f1-5c0839ec82d5,FCK,68640,T. Delaney,Participation,total_actions,207.0,count,72.5,6,above team median,T. Delaney ranks 6 within FCK for total actions (above team median).
8cfdb681-32cf-4ebf-81f1-5c0839ec82d5,FCK,193228,K. Diks,Participation,total_actions,215.0,count,87.5,3,team leading,K. Diks ranks 3 within FCK for total actions (team leading).
8cfdb681-32cf-4ebf-81f1-5c0839ec82d5,FCK,546545,E. Achouri,Participation,total_actions,182.0,count,62.5,8,above team median,E. Achouri ranks 8 within FCK for total actions (above team median).
8cfdb681-32cf-4ebf-81f1-5c0839ec82d5,FCK,115918,R. Runarsson,Participation,total_actions,0.0,count,10.0,17,none,R. Runarsson ranks 17 within FCK for total actions (none).
8cfdb681-32cf-4ebf-81f1-5c0839ec82d5,FCK,592864,O. Hojer,Participation,total_actions,35.0,count,22.5,16,low,O. Hojer ranks 16 within FCK for total actions (low).
8cfdb681-32cf-4ebf-81f1-5c0839ec82d5,FCK,590187,A. Chiakha,Participation,total_actions,0.0,count,10.0,17,none,A. Chiakha ranks 17 within FCK for total actions (none).
8cfdb681-32cf-4ebf-81f1-5c0839ec82d5,FCK,572146,M. Garan'anga,Participation,total_actions,0.0,count,10.0,17,none,M. Garan'anga ranks 17 within FCK for total actions (none).
8cfdb681-32cf-4ebf-81f1-5c0839ec82d5,FCK,475413,Gabriel Pereira,Participation,total_actions,232.0,count,97.5,1,team leading,Gabriel Pereira ranks 1 within FCK for total actions (team leading).
8cfdb681-32cf-4ebf-81f1-5c0839ec82d5,FCK,220246,P. Hatzidiakos,Participation,total_actions,175.0,count,57.5,9,above team median,P. Hatzidiakos ranks 9 within FCK for total actions (above team median).
8cfdb681-32cf-4ebf-81f1-5c0839ec82d5,FCK,111756,V. Claesson,Participation,total_actions,47.0,count,27.5,15,around team median,V. Claesson ranks 15 within FCK for total actions (around team median).
8cfdb681-32cf-4ebf-81f1-5c0839ec82d5,FCK,433957,M. Mattsson,Participation,total_actions,208.0,count,77.5,5,team leading,M. Mattsson ranks 5 within FCK for total actions (team leading).
8cfdb681-32cf-4ebf-81f1-5c0839ec82d5,FCK,457214,G. Onugkha,Participation,total_actions,174.0,count,52.5,10,above team median,G. Onugkha ranks 10 within FCK for total actions (above team median).
8cfdb681-32cf-4ebf-81f1-5c0839ec82d5,FCM,533646,D. Osorio,Participation,total_actions,224.0,count,72.5,6,above team median,D. Osorio ranks 6 within FCM for total actions (above team median).
8cfdb681-32cf-4ebf-81f1-5c0839ec82d5,FCM,423651,E. Chilufya,Participation,total_actions,48.0,count,37.5,13,around team median,E. Chilufya ranks 13 within FCM for total actions (around team median).
8cfdb681-32cf-4ebf-81f1-5c0839ec82d5,FCM,430901,E. Olafsson,Participation,total_actions,60.0,count,42.5,12,around team median,E. Olafsson ranks 12 within FCM for total actions (around team median).
8cfdb681-32cf-4ebf-81f1-5c0839ec82d5,FCM,450048,K. Askildsen,Participation,total_actions,0.0,count,12.5,16,none,K. Askildsen ranks 16 within FCM for total actions (none).
8cfdb681-32cf-4ebf-81f1-5c0839ec82d5,FCM,536679,P. Bravo,Participation,total_actions,0.0,count,12.5,16,none,P. Bravo ranks 16 within FCM for total actions (none).
8cfdb681-32cf-4ebf-81f1-5c0839ec82d5,FCM,57513,J. Lossl,Participation,total_actions,0.0,count,12.5,16,none,J. Lossl ranks 16 within FCM for total actions (none).
8cfdb681-32cf-4ebf-81f1-5c0839ec82d5,FCM,568423,V. Byskov,Participation,total_actions,61.0,count,47.5,11,around team median,V. Byskov ranks 11 within FCM for total actions (around team median).
8cfdb681-32cf-4ebf-81f1-5c0839ec82d5,FCM,553784,D. Castillo,Participation,total_actions,15.0,count,32.5,14,around team median,D. Castillo ranks 14 within FCM for total actions (around team median).
8cfdb681-32cf-4ebf-81f1-5c0839ec82d5,FCM,228044,M. Bech,Participation,total_actions,273.0,count,97.5,1,team leading,M. Bech ranks 1 within FCM for total actions (team leading).
8cfdb681-32cf-4ebf-81f1-5c0839ec82d5,FCM,494784,Oliver Sorensen,Participation,total_actions,261.0,count,87.5,3,team leading,Oliver Sorensen ranks 3 within FCM for total actions (team leading).
8cfdb681-32cf-4ebf-81f1-5c0839ec82d5,FCM,240529,J. Kuchta,Participation,total_actions,103.0,count,52.5,10,above team median,J. Kuchta ranks 10 within FCM for total actions (above team median).
8cfdb681-32cf-4ebf-81f1-5c0839ec82d5,FCM,492474,Lee Han-Beom,Participation,total_actions,2.0,count,27.5,15,around team median,Lee Han-Beom ranks 15 within FCM for total actions (around team median).
8cfdb681-32cf-4ebf-81f1-5c0839ec82d5,FCM,568414,M. Kruger-Johnsen,Participation,total_actions,0.0,count,12.5,16,none,M. Kruger-Johnsen ranks 16 within FCM for total actions (none).
8cfdb681-32cf-4ebf-81f1-5c0839ec82d5,FCM,120721,K. Mbabu,Participation,total_actions,218.0,count,67.5,7,above team median,K. Mbabu ranks 7 within FCM for total actions (above team median).
8cfdb681-32cf-4ebf-81f1-5c0839ec82d5,FCM,609108,O. Diao,Participation,total_actions,246.0,count,82.5,4,team leading,O. Diao ranks 4 within FCM for total actions (team leading).
8cfdb681-32cf-4ebf-81f1-5c0839ec82d5,FCM,477664,V. Lind,Participation,total_actions,0.0,count,12.5,16,none,V. Lind ranks 16 within FCM for total actions (none).
8cfdb681-32cf-4ebf-81f1-5c0839ec82d5,FCM,477672,A. Simsir,Participation,total_actions,128.0,count,57.5,9,above team median,A. Simsir ranks 9 within FCM for total actions (above team median).
8cfdb681-32cf-4ebf-81f1-5c0839ec82d5,FCM,474838,E. Martinez,Participation,total_actions,237.0,count,77.5,5,team leading,E. Martinez ranks 5 within FCM for total actions (team leading).
8cfdb681-32cf-4ebf-81f1-5c0839ec82d5,FCM,204164,J. Andersson,Participation,total_actions,264.0,count,92.5,2,team leading,J. Andersson ranks 2 within FCM for total actions (team leading).
8cfdb681-32cf-4ebf-81f1-5c0839ec82d5,FCM,551144,Franculino Dju,Participation,total_actions,159.0,count,62.5,8,above team median,Franculino Dju ranks 8 within FCM for total actions (above team median).
8cfdb681-32cf-4ebf-81f1-5c0839ec82d5,FCK,96787,M. Elyounoussi,Participation,total_actions_per_90,218.6586,per_90,62.5,8,above team median,M. Elyounoussi ranks 8 within FCK for total actions per 90 (above team median).
8cfdb681-32cf-4ebf-81f1-5c0839ec82d5,FCK,166965,L. Lerager,Participation,total_actions_per_90,185.4549,per_90,32.5,14,around team median,L. Lerager ranks 14 within FCK for total actions per 90 (around team median).
8cfdb681-32cf-4ebf-81f1-5c0839ec82d5,FCK,535944,R. Huescas,Participation,total_actions_per_90,364.4593,per_90,97.5,1,team leading,R. Huescas ranks 1 within FCK for total actions per 90 (team leading).
8cfdb681-32cf-4ebf-81f1-5c0839ec82d5,FCK,114517,A. Cornelius,Participation,total_actions_per_90,204.2419,per_90,52.5,10,above team median,A. Cornelius ranks 10 within FCK for total actions per 90 (above team median).
8cfdb681-32cf-4ebf-81f1-5c0839ec82d5,FCK,622714,Robert,Participation,total_actions_per_90,0,per_90,10.0,17,none,Robert ranks 17 within FCK for total actions per 90 (none).
8cfdb681-32cf-4ebf-81f1-5c0839ec82d5,FCK,590186,V. Froholdt,Participation,total_actions_per_90,357.6056,per_90,92.5,2,team leading,V. Froholdt ranks 2 within FCK for total actions per 90 (team leading).
8cfdb681-32cf-4ebf-81f1-5c0839ec82d5,FCK,232398,N. Trott,Participation,total_actions_per_90,120.2195,per_90,22.5,16,low,N. Trott ranks 16 within FCK for total actions per 90 (low).
8cfdb681-32cf-4ebf-81f1-5c0839ec82d5,FCK,512627,G. Gocholeishvili,Participation,total_actions_per_90,231.4855,per_90,72.5,6,above team median,G. Gocholeishvili ranks 6 within FCK for total actions per 90 (above team median).
8cfdb681-32cf-4ebf-81f1-5c0839ec82d5,FCK,68640,T. Delaney,Participation,total_actions_per_90,192.9104,per_90,42.5,12,around team median,T. Delaney ranks 12 within FCK for total actions per 90 (around team median).
8cfdb681-32cf-4ebf-81f1-5c0839ec82d5,FCK,193228,K. Diks,Participation,total_actions_per_90,200.3659,per_90,47.5,11,around team median,K. Diks ranks 11 within FCK for total actions per 90 (around team median).
8cfdb681-32cf-4ebf-81f1-5c0839ec82d5,FCK,546545,E. Achouri,Participation,total_actions_per_90,223.102,per_90,67.5,7,above team median,E. Achouri ranks 7 within FCK for total actions per 90 (above team median).
8cfdb681-32cf-4ebf-81f1-5c0839ec82d5,FCK,115918,R. Runarsson,Participation,total_actions_per_90,0,per_90,10.0,17,none,R. Runarsson ranks 17 within FCK for total actions per 90 (none).
8cfdb681-32cf-4ebf-81f1-5c0839ec82d5,FCK,592864,O. Hojer,Participation,total_actions_per_90,338.2006,per_90,87.5,3,team leading,O. Hojer ranks 3 within FCK for total actions per 90 (team leading).
8cfdb681-32cf-4ebf-81f1-5c0839ec82d5,FCK,590187,A. Chiakha,Participation,total_actions_per_90,0,per_90,10.0,17,none,A. Chiakha ranks 17 within FCK for total actions per 90 (none).
8cfdb681-32cf-4ebf-81f1-5c0839ec82d5,FCK,572146,M. Garan'anga,Participation,total_actions_per_90,0,per_90,10.0,17,none,M. Garan'anga ranks 17 within FCK for total actions per 90 (none).
8cfdb681-32cf-4ebf-81f1-5c0839ec82d5,FCK,475413,Gabriel Pereira,Participation,total_actions_per_90,216.2088,per_90,57.5,9,above team median,Gabriel Pereira ranks 9 within FCK for total actions per 90 (above team median).
8cfdb681-32cf-4ebf-81f1-5c0839ec82d5,FCK,220246,P. Hatzidiakos,Participation,total_actions_per_90,187.725,per_90,37.5,13,around team median,P. Hatzidiakos ranks 13 within FCK for total actions per 90 (around team median).
8cfdb681-32cf-4ebf-81f1-5c0839ec82d5,FCK,111756,V. Claesson,Participation,total_actions_per_90,333.7541,per_90,82.5,4,team leading,V. Claesson ranks 4 within FCK for total actions per 90 (team leading).
8cfdb681-32cf-4ebf-81f1-5c0839ec82d5,FCK,433957,M. Mattsson,Participation,total_actions_per_90,254.1429,per_90,77.5,5,team leading,M. Mattsson ranks 5 within FCK for total actions per 90 (team leading).
8cfdb681-32cf-4ebf-81f1-5c0839ec82d5,FCK,457214,G. Onugkha,Participation,total_actions_per_90,162.1566,per_90,27.5,15,around team median,G. Onugkha ranks 15 within FCK for total actions per 90 (around team median).
8cfdb681-32cf-4ebf-81f1-5c0839ec82d5,FCM,533646,D. Osorio,Participation,total_actions_per_90,220.137,per_90,72.5,6,above team median,D. Osorio ranks 6 within FCM for total actions per 90 (above team median).
8cfdb681-32cf-4ebf-81f1-5c0839ec82d5,FCM,423651,E. Chilufya,Participation,total_actions_per_90,132.5397,per_90,42.5,12,around team median,E. Chilufya ranks 12 within FCM for total actions per 90 (around team median).
8cfdb681-32cf-4ebf-81f1-5c0839ec82d5,FCM,430901,E. Olafsson,Participation,total_actions_per_90,55.9161,per_90,32.5,14,around team median,E. Olafsson ranks 14 within FCM for total actions per 90 (around team median).
8cfdb681-32cf-4ebf-81f1-5c0839ec82d5,FCM,450048,K. Askildsen,Participation,total_actions_per_90,0,per_90,12.5,16,none,K. Askildsen ranks 16 within FCM for total actions per 90 (none).
8cfdb681-32cf-4ebf-81f1-5c0839ec82d5,FCM,536679,P. Bravo,Participation,total_actions_per_90,0,per_90,12.5,16,none,P. Bravo ranks 16 within FCM for total actions per 90 (none).
8cfdb681-32cf-4ebf-81f1-5c0839ec82d5,FCM,57513,J. Lossl,Participation,total_actions_per_90,0,per_90,12.5,16,none,J. Lossl ranks 16 within FCM for total actions per 90 (none).
8cfdb681-32cf-4ebf-81f1-5c0839ec82d5,FCM,568423,V. Byskov,Participation,total_actions_per_90,168.8503,per_90,57.5,9,above team median,V. Byskov ranks 9 within FCM for total actions per 90 (above team median).
8cfdb681-32cf-4ebf-81f1-5c0839ec82d5,FCM,553784,D. Castillo,Participation,total_actions_per_90,128.4002,per_90,37.5,13,around team median,D. Castillo ranks 13 within FCM for total actions per 90 (around team median).
8cfdb681-32cf-4ebf-81f1-5c0839ec82d5,FCM,228044,M. Bech,Participation,total_actions_per_90,254.4181,per_90,97.5,1,team leading,M. Bech ranks 1 within FCM for total actions per 90 (team leading).
8cfdb681-32cf-4ebf-81f1-5c0839ec82d5,FCM,494784,Oliver Sorensen,Participation,total_actions_per_90,243.2348,per_90,87.5,3,team leading,Oliver Sorensen ranks 3 within FCM for total actions per 90 (team leading).
8cfdb681-32cf-4ebf-81f1-5c0839ec82d5,FCM,240529,J. Kuchta,Participation,total_actions_per_90,144.8905,per_90,47.5,11,around team median,J. Kuchta ranks 11 within FCM for total actions per 90 (around team median).
8cfdb681-32cf-4ebf-81f1-5c0839ec82d5,FCM,492474,Lee Han-Beom,Participation,total_actions_per_90,36.0433,per_90,27.5,15,around team median,Lee Han-Beom ranks 15 within FCM for total actions per 90 (around team median).
8cfdb681-32cf-4ebf-81f1-5c0839ec82d5,FCM,568414,M. Kruger-Johnsen,Participation,total_actions_per_90,0,per_90,12.5,16,none,M. Kruger-Johnsen ranks 16 within FCM for total actions per 90 (none).
8cfdb681-32cf-4ebf-81f1-5c0839ec82d5,FCM,120721,K. Mbabu,Participation,total_actions_per_90,203.1617,per_90,67.5,7,above team median,K. Mbabu ranks 7 within FCM for total actions per 90 (above team median).
8cfdb681-32cf-4ebf-81f1-5c0839ec82d5,FCM,609108,O. Diao,Participation,total_actions_per_90,229.2558,per_90,82.5,4,team leading,O. Diao ranks 4 within FCM for total actions per 90 (team leading).
8cfdb681-32cf-4ebf-81f1-5c0839ec82d5,FCM,477664,V. Lind,Participation,total_actions_per_90,0,per_90,12.5,16,none,V. Lind ranks 16 within FCM for total actions per 90 (none).
8cfdb681-32cf-4ebf-81f1-5c0839ec82d5,FCM,477672,A. Simsir,Participation,total_actions_per_90,179.8333,per_90,62.5,8,above team median,A. Simsir ranks 8 within FCM for total actions per 90 (above team median).
8cfdb681-32cf-4ebf-81f1-5c0839ec82d5,FCM,474838,E. Martinez,Participation,total_actions_per_90,220.8684,per_90,77.5,5,team leading,E. Martinez ranks 5 within FCM for total actions per 90 (team leading).
8cfdb681-32cf-4ebf-81f1-5c0839ec82d5,FCM,204164,J. Andersson,Participation,total_actions_per_90,246.0307,per_90,92.5,2,team leading,J. Andersson ranks 2 within FCM for total actions per 90 (team leading).
8cfdb681-32cf-4ebf-81f1-5c0839ec82d5,FCM,551144,Franculino Dju,Participation,total_actions_per_90,166.2806,per_90,52.5,10,above team median,Franculino Dju ranks 10 within FCM for total actions per 90 (above team median).
8cfdb681-32cf-4ebf-81f1-5c0839ec82d5,FCK,96787,M. Elyounoussi,Participation,involvement_share,0.0874,share,82.5,4,team leading,M. Elyounoussi ranks 4 within FCK for involvement share (team leading).
8cfdb681-32cf-4ebf-81f1-5c0839ec82d5,FCK,166965,L. Lerager,Participation,involvement_share,0.082,share,67.5,7,above team median,L. Lerager ranks 7 within FCK for involvement share (above team median).
8cfdb681-32cf-4ebf-81f1-5c0839ec82d5,FCK,535944,R. Huescas,Participation,involvement_share,0.021,share,32.5,14,around team median,R. Huescas ranks 14 within FCK for involvement share (around team median).
8cfdb681-32cf-4ebf-81f1-5c0839ec82d5,FCK,114517,A. Cornelius,Participation,involvement_share,0.0214,share,37.5,13,around team median,A. Cornelius ranks 13 within FCK for involvement share (around team median).
8cfdb681-32cf-4ebf-81f1-5c0839ec82d5,FCK,622714,Robert,Participation,involvement_share,0.0,share,10.0,17,none,Robert ranks 17 within FCK for involvement share (none).
8cfdb681-32cf-4ebf-81f1-5c0839ec82d5,FCK,590186,V. Froholdt,Participation,involvement_share,0.0379,share,42.5,12,around team median,V. Froholdt ranks 12 within FCK for involvement share (around team median).
8cfdb681-32cf-4ebf-81f1-5c0839ec82d5,FCK,232398,N. Trott,Participation,involvement_share,0.0532,share,47.5,11,around team median,N. Trott ranks 11 within FCK for involvement share (around team median).
8cfdb681-32cf-4ebf-81f1-5c0839ec82d5,FCK,512627,G. Gocholeishvili,Participation,involvement_share,0.089,share,92.5,2,team leading,G. Gocholeishvili ranks 2 within FCK for involvement share (team leading).
8cfdb681-32cf-4ebf-81f1-5c0839ec82d5,FCK,68640,T. Delaney,Participation,involvement_share,0.0853,share,72.5,6,above team median,T. Delaney ranks 6 within FCK for involvement share (above team median).
8cfdb681-32cf-4ebf-81f1-5c0839ec82d5,FCK,193228,K. Diks,Participation,involvement_share,0.0886,share,87.5,3,team leading,K. Diks ranks 3 within FCK for involvement share (team leading).
8cfdb681-32cf-4ebf-81f1-5c0839ec82d5,FCK,546545,E. Achouri,Participation,involvement_share,0.075,share,62.5,8,above team median,E. Achouri ranks 8 within FCK for involvement share (above team median).
8cfdb681-32cf-4ebf-81f1-5c0839ec82d5,FCK,115918,R. Runarsson,Participation,involvement_share,0.0,share,10.0,17,none,R. Runarsson ranks 17 within FCK for involvement share (none).
8cfdb681-32cf-4ebf-81f1-5c0839ec82d5,FCK,592864,O. Hojer,Participation,involvement_share,0.0144,share,22.5,16,low,O. Hojer ranks 16 within FCK for involvement share (low).
8cfdb681-32cf-4ebf-81f1-5c0839ec82d5,FCK,590187,A. Chiakha,Participation,involvement_share,0.0,share,10.0,17,none,A. Chiakha ranks 17 within FCK for involvement share (none).
8cfdb681-32cf-4ebf-81f1-5c0839ec82d5,FCK,572146,M. Garan'anga,Participation,involvement_share,0.0,share,10.0,17,none,M. Garan'anga ranks 17 within FCK for involvement share (none).
8cfdb681-32cf-4ebf-81f1-5c0839ec82d5,FCK,475413,Gabriel Pereira,Participation,involvement_share,0.0956,share,97.5,1,team leading,Gabriel Pereira ranks 1 within FCK for involvement share (team leading).
8cfdb681-32cf-4ebf-81f1-5c0839ec82d5,FCK,220246,P. Hatzidiakos,Participation,involvement_share,0.0721,share,57.5,9,above team median,P. Hatzidiakos ranks 9 within FCK for involvement share (above team median).
8cfdb681-32cf-4ebf-81f1-5c0839ec82d5,FCK,111756,V. Claesson,Participation,involvement_share,0.0194,share,27.5,15,around team median,V. Claesson ranks 15 within FCK for involvement share (around team median).
8cfdb681-32cf-4ebf-81f1-5c0839ec82d5,FCK,433957,M. Mattsson,Participation,involvement_share,0.0857,share,77.5,5,team leading,M. Mattsson ranks 5 within FCK for involvement share (team leading).
8cfdb681-32cf-4ebf-81f1-5c0839ec82d5,FCK,457214,G. Onugkha,Participation,involvement_share,0.0717,share,52.5,10,above team median,G. Onugkha ranks 10 within FCK for involvement share (above team median).
8cfdb681-32cf-4ebf-81f1-5c0839ec82d5,FCM,533646,D. Osorio,Participation,involvement_share,0.0974,share,72.5,6,above team median,D. Osorio ranks 6 within FCM for involvement share (above team median).
8cfdb681-32cf-4ebf-81f1-5c0839ec82d5,FCM,423651,E. Chilufya,Participation,involvement_share,0.0209,share,37.5,13,around team median,E. Chilufya ranks 13 within FCM for involvement share (around team median).
8cfdb681-32cf-4ebf-81f1-5c0839ec82d5,FCM,430901,E. Olafsson,Participation,involvement_share,0.0261,share,42.5,12,around team median,E. Olafsson ranks 12 within FCM for involvement share (around team median).
8cfdb681-32cf-4ebf-81f1-5c0839ec82d5,FCM,450048,K. Askildsen,Participation,involvement_share,0.0,share,12.5,16,none,K. Askildsen ranks 16 within FCM for involvement share (none).
8cfdb681-32cf-4ebf-81f1-5c0839ec82d5,FCM,536679,P. Bravo,Participation,involvement_share,0.0,share,12.5,16,none,P. Bravo ranks 16 within FCM for involvement share (none).
8cfdb681-32cf-4ebf-81f1-5c0839ec82d5,FCM,57513,J. Lossl,Participation,involvement_share,0.0,share,12.5,16,none,J. Lossl ranks 16 within FCM for involvement share (none).
8cfdb681-32cf-4ebf-81f1-5c0839ec82d5,FCM,568423,V. Byskov,Participation,involvement_share,0.0265,share,47.5,11,around team median,V. Byskov ranks 11 within FCM for involvement share (around team median).
8cfdb681-32cf-4ebf-81f1-5c0839ec82d5,FCM,553784,D. Castillo,Participation,involvement_share,0.0065,share,32.5,14,around team median,D. Castillo ranks 14 within FCM for involvement share (around team median).
8cfdb681-32cf-4ebf-81f1-5c0839ec82d5,FCM,228044,M. Bech,Participation,involvement_share,0.1187,share,97.5,1,team leading,M. Bech ranks 1 within FCM for involvement share (team leading).
8cfdb681-32cf-4ebf-81f1-5c0839ec82d5,FCM,494784,Oliver Sorensen,Participation,involvement_share,0.1135,share,87.5,3,team leading,Oliver Sorensen ranks 3 within FCM for involvement share (team leading).
8cfdb681-32cf-4ebf-81f1-5c0839ec82d5,FCM,240529,J. Kuchta,Participation,involvement_share,0.0448,share,52.5,10,above team median,J. Kuchta ranks 10 within FCM for involvement share (above team median).
8cfdb681-32cf-4ebf-81f1-5c0839ec82d5,FCM,492474,Lee Han-Beom,Participation,involvement_share,0.0009,share,27.5,15,around team median,Lee Han-Beom ranks 15 within FCM for involvement share (around team median).
8cfdb681-32cf-4ebf-81f1-5c0839ec82d5,FCM,568414,M. Kruger-Johnsen,Participation,involvement_share,0.0,share,12.5,16,none,M. Kruger-Johnsen ranks 16 within FCM for involvement share (none).
8cfdb681-32cf-4ebf-81f1-5c0839ec82d5,FCM,120721,K. Mbabu,Participation,involvement_share,0.0948,share,67.5,7,above team median,K. Mbabu ranks 7 within FCM for involvement share (above team median).
8cfdb681-32cf-4ebf-81f1-5c0839ec82d5,FCM,609108,O. Diao,Participation,involvement_share,0.107,share,82.5,4,team leading,O. Diao ranks 4 within FCM for involvement share (team leading).
8cfdb681-32cf-4ebf-81f1-5c0839ec82d5,FCM,477664,V. Lind,Participation,involvement_share,0.0,share,12.5,16,none,V. Lind ranks 16 within FCM for involvement share (none).
8cfdb681-32cf-4ebf-81f1-5c0839ec82d5,FCM,477672,A. Simsir,Participation,involvement_share,0.0557,share,57.5,9,above team median,A. Simsir ranks 9 within FCM for involvement share (above team median).
8cfdb681-32cf-4ebf-81f1-5c0839ec82d5,FCM,474838,E. Martinez,Participation,involvement_share,0.1031,share,77.5,5,team leading,E. Martinez ranks 5 within FCM for involvement share (team leading).
8cfdb681-32cf-4ebf-81f1-5c0839ec82d5,FCM,204164,J. Andersson,Participation,involvement_share,0.1148,share,92.5,2,team leading,J. Andersson ranks 2 within FCM for involvement share (team leading).
8cfdb681-32cf-4ebf-81f1-5c0839ec82d5,FCM,551144,Franculino Dju,Participation,involvement_share,0.0692,share,62.5,8,above team median,Franculino Dju ranks 8 within FCM for involvement share (above team median).
8cfdb681-32cf-4ebf-81f1-5c0839ec82d5,FCK,96787,M. Elyounoussi,Participation,attacking_third_actions,21.0,count,87.5,3,team leading,M. Elyounoussi ranks 3 within FCK for attacking third actions (team leading).
8cfdb681-32cf-4ebf-81f1-5c0839ec82d5,FCK,166965,L. Lerager,Participation,attacking_third_actions,11.0,count,57.5,9,above team median,L. Lerager ranks 9 within FCK for attacking third actions (above team median).
8cfdb681-32cf-4ebf-81f1-5c0839ec82d5,FCK,535944,R. Huescas,Participation,attacking_third_actions,7.0,count,42.5,11,around team median,R. Huescas ranks 11 within FCK for attacking third actions (around team median).
8cfdb681-32cf-4ebf-81f1-5c0839ec82d5,FCK,114517,A. Cornelius,Participation,attacking_third_actions,7.0,count,42.5,11,around team median,A. Cornelius ranks 11 within FCK for attacking third actions (around team median).
8cfdb681-32cf-4ebf-81f1-5c0839ec82d5,FCK,622714,Robert,Participation,attacking_third_actions,0.0,count,10.0,17,none,Robert ranks 17 within FCK for attacking third actions (none).
8cfdb681-32cf-4ebf-81f1-5c0839ec82d5,FCK,590186,V. Froholdt,Participation,attacking_third_actions,12.0,count,65.0,7,above team median,V. Froholdt ranks 7 within FCK for attacking third actions (above team median).
8cfdb681-32cf-4ebf-81f1-5c0839ec82d5,FCK,232398,N. Trott,Participation,attacking_third_actions,16.0,count,77.5,5,team leading,N. Trott ranks 5 within FCK for attacking third actions (team leading).
8cfdb681-32cf-4ebf-81f1-5c0839ec82d5,FCK,512627,G. Gocholeishvili,Participation,attacking_third_actions,14.0,count,72.5,6,above team median,G. Gocholeishvili ranks 6 within FCK for attacking third actions (above team median).
8cfdb681-32cf-4ebf-81f1-5c0839ec82d5,FCK,68640,T. Delaney,Participation,attacking_third_actions,9.0,count,52.5,10,above team median,T. Delaney ranks 10 within FCK for attacking third actions (above team median).
8cfdb681-32cf-4ebf-81f1-5c0839ec82d5,FCK,193228,K. Diks,Participation,attacking_third_actions,22.0,count,92.5,2,team leading,K. Diks ranks 2 within FCK for attacking third actions (team leading).
8cfdb681-32cf-4ebf-81f1-5c0839ec82d5,FCK,546545,E. Achouri,Participation,attacking_third_actions,24.0,count,97.5,1,team leading,E. Achouri ranks 1 within FCK for attacking third actions (team leading).
8cfdb681-32cf-4ebf-81f1-5c0839ec82d5,FCK,115918,R. Runarsson,Participation,attacking_third_actions,0.0,count,10.0,17,none,R. Runarsson ranks 17 within FCK for attacking third actions (none).
8cfdb681-32cf-4ebf-81f1-5c0839ec82d5,FCK,592864,O. Hojer,Participation,attacking_third_actions,4.0,count,22.5,16,low,O. Hojer ranks 16 within FCK for attacking third actions (low).
8cfdb681-32cf-4ebf-81f1-5c0839ec82d5,FCK,590187,A. Chiakha,Participation,attacking_third_actions,0.0,count,10.0,17,none,A. Chiakha ranks 17 within FCK for attacking third actions (none).
8cfdb681-32cf-4ebf-81f1-5c0839ec82d5,FCK,572146,M. Garan'anga,Participation,attacking_third_actions,0.0,count,10.0,17,none,M. Garan'anga ranks 17 within FCK for attacking third actions (none).
8cfdb681-32cf-4ebf-81f1-5c0839ec82d5,FCK,475413,Gabriel Pereira,Participation,attacking_third_actions,7.0,count,42.5,11,around team median,Gabriel Pereira ranks 11 within FCK for attacking third actions (around team median).
8cfdb681-32cf-4ebf-81f1-5c0839ec82d5,FCK,220246,P. Hatzidiakos,Participation,attacking_third_actions,6.0,count,30.0,14,around team median,P. Hatzidiakos ranks 14 within FCK for attacking third actions (around team median).
8cfdb681-32cf-4ebf-81f1-5c0839ec82d5,FCK,111756,V. Claesson,Participation,attacking_third_actions,6.0,count,30.0,14,around team median,V. Claesson ranks 14 within FCK for attacking third actions (around team median).
8cfdb681-32cf-4ebf-81f1-5c0839ec82d5,FCK,433957,M. Mattsson,Participation,attacking_third_actions,20.0,count,82.5,4,team leading,M. Mattsson ranks 4 within FCK for attacking third actions (team leading).
8cfdb681-32cf-4ebf-81f1-5c0839ec82d5,FCK,457214,G. Onugkha,Participation,attacking_third_actions,12.0,count,65.0,7,above team median,G. Onugkha ranks 7 within FCK for attacking third actions (above team median).
8cfdb681-32cf-4ebf-81f1-5c0839ec82d5,FCM,533646,D. Osorio,Participation,attacking_third_actions,35.0,count,97.5,1,team leading,D. Osorio ranks 1 within FCM for attacking third actions (team leading).
8cfdb681-32cf-4ebf-81f1-5c0839ec82d5,FCM,423651,E. Chilufya,Participation,attacking_third_actions,8.0,count,40.0,12,around team median,E. Chilufya ranks 12 within FCM for attacking third actions (around team median).
8cfdb681-32cf-4ebf-81f1-5c0839ec82d5,FCM,430901,E. Olafsson,Participation,attacking_third_actions,9.0,count,47.5,11,around team median,E. Olafsson ranks 11 within FCM for attacking third actions (around team median).
8cfdb681-32cf-4ebf-81f1-5c0839ec82d5,FCM,450048,K. Askildsen,Participation,attacking_third_actions,0.0,count,15.0,15,none,K. Askildsen ranks 15 within FCM for attacking third actions (none).
8cfdb681-32cf-4ebf-81f1-5c0839ec82d5,FCM,536679,P. Bravo,Participation,attacking_third_actions,0.0,count,15.0,15,none,P. Bravo ranks 15 within FCM for attacking third actions (none).
8cfdb681-32cf-4ebf-81f1-5c0839ec82d5,FCM,57513,J. Lossl,Participation,attacking_third_actions,0.0,count,15.0,15,none,J. Lossl ranks 15 within FCM for attacking third actions (none).
8cfdb681-32cf-4ebf-81f1-5c0839ec82d5,FCM,568423,V. Byskov,Participation,attacking_third_actions,11.0,count,60.0,8,above team median,V. Byskov ranks 8 within FCM for attacking third actions (above team median).
8cfdb681-32cf-4ebf-81f1-5c0839ec82d5,FCM,553784,D. Castillo,Participation,attacking_third_actions,2.0,count,32.5,14,around team median,D. Castillo ranks 14 within FCM for attacking third actions (around team median).
8cfdb681-32cf-4ebf-81f1-5c0839ec82d5,FCM,228044,M. Bech,Participation,attacking_third_actions,30.0,count,92.5,2,team leading,M. Bech ranks 2 within FCM for attacking third actions (team leading).
8cfdb681-32cf-4ebf-81f1-5c0839ec82d5,FCM,494784,Oliver Sorensen,Participation,attacking_third_actions,23.0,count,85.0,3,team leading,Oliver Sorensen ranks 3 within FCM for attacking third actions (team leading).
8cfdb681-32cf-4ebf-81f1-5c0839ec82d5,FCM,240529,J. Kuchta,Participation,attacking_third_actions,8.0,count,40.0,12,around team median,J. Kuchta ranks 12 within FCM for attacking third actions (around team median).
8cfdb681-32cf-4ebf-81f1-5c0839ec82d5,FCM,492474,Lee Han-Beom,Participation,attacking_third_actions,0.0,count,15.0,15,none,Lee Han-Beom ranks 15 within FCM for attacking third actions (none).
8cfdb681-32cf-4ebf-81f1-5c0839ec82d5,FCM,568414,M. Kruger-Johnsen,Participation,attacking_third_actions,0.0,count,15.0,15,none,M. Kruger-Johnsen ranks 15 within FCM for attacking third actions (none).
8cfdb681-32cf-4ebf-81f1-5c0839ec82d5,FCM,120721,K. Mbabu,Participation,attacking_third_actions,20.0,count,72.5,5,above team median,K. Mbabu ranks 5 within FCM for attacking third actions (above team median).
8cfdb681-32cf-4ebf-81f1-5c0839ec82d5,FCM,609108,O. Diao,Participation,attacking_third_actions,11.0,count,60.0,8,above team median,O. Diao ranks 8 within FCM for attacking third actions (above team median).
8cfdb681-32cf-4ebf-81f1-5c0839ec82d5,FCM,477664,V. Lind,Participation,attacking_third_actions,0.0,count,15.0,15,none,V. Lind ranks 15 within FCM for attacking third actions (none).
8cfdb681-32cf-4ebf-81f1-5c0839ec82d5,FCM,477672,A. Simsir,Participation,attacking_third_actions,20.0,count,72.5,5,above team median,A. Simsir ranks 5 within FCM for attacking third actions (above team median).
8cfdb681-32cf-4ebf-81f1-5c0839ec82d5,FCM,474838,E. Martinez,Participation,attacking_third_actions,10.0,count,52.5,10,above team median,E. Martinez ranks 10 within FCM for attacking third actions (above team median).
8cfdb681-32cf-4ebf-81f1-5c0839ec82d5,FCM,204164,J. Andersson,Participation,attacking_third_actions,23.0,count,85.0,3,team leading,J. Andersson ranks 3 within FCM for attacking third actions (team leading).
8cfdb681-32cf-4ebf-81f1-5c0839ec82d5,FCM,551144,Franculino Dju,Participation,attacking_third_actions,20.0,count,72.5,5,above team median,Franculino Dju ranks 5 within FCM for attacking third actions (above team median).
8cfdb681-32cf-4ebf-81f1-5c0839ec82d5,FCK,96787,M. Elyounoussi,Participation,box_actions,12.0,count,90.0,2,team leading,M. Elyounoussi ranks 2 within FCK for box actions (team leading).
8cfdb681-32cf-4ebf-81f1-5c0839ec82d5,FCK,166965,L. Lerager,Participation,box_actions,2.0,count,55.0,9,above team median,L. Lerager ranks 9 within FCK for box actions (above team median).
8cfdb681-32cf-4ebf-81f1-5c0839ec82d5,FCK,535944,R. Huescas,Participation,box_actions,0.0,count,17.5,14,none,R. Huescas ranks 14 within FCK for box actions (none).
8cfdb681-32cf-4ebf-81f1-5c0839ec82d5,FCK,114517,A. Cornelius,Participation,box_actions,3.0,count,62.5,8,above team median,A. Cornelius ranks 8 within FCK for box actions (above team median).
8cfdb681-32cf-4ebf-81f1-5c0839ec82d5,FCK,622714,Robert,Participation,box_actions,0.0,count,17.5,14,none,Robert ranks 14 within FCK for box actions (none).
8cfdb681-32cf-4ebf-81f1-5c0839ec82d5,FCK,590186,V. Froholdt,Participation,box_actions,4.0,count,67.5,7,above team median,V. Froholdt ranks 7 within FCK for box actions (above team median).
8cfdb681-32cf-4ebf-81f1-5c0839ec82d5,FCK,232398,N. Trott,Participation,box_actions,13.0,count,97.5,1,team leading,N. Trott ranks 1 within FCK for box actions (team leading).
8cfdb681-32cf-4ebf-81f1-5c0839ec82d5,FCK,512627,G. Gocholeishvili,Participation,box_actions,1.0,count,42.5,11,around team median,G. Gocholeishvili ranks 11 within FCK for box actions (around team median).
8cfdb681-32cf-4ebf-81f1-5c0839ec82d5,FCK,68640,T. Delaney,Participation,box_actions,0.0,count,17.5,14,none,T. Delaney ranks 14 within FCK for box actions (none).
8cfdb681-32cf-4ebf-81f1-5c0839ec82d5,FCK,193228,K. Diks,Participation,box_actions,5.0,count,72.5,6,above team median,K. Diks ranks 6 within FCK for box actions (above team median).
8cfdb681-32cf-4ebf-81f1-5c0839ec82d5,FCK,546545,E. Achouri,Participation,box_actions,9.0,count,82.5,4,team leading,E. Achouri ranks 4 within FCK for box actions (team leading).
8cfdb681-32cf-4ebf-81f1-5c0839ec82d5,FCK,115918,R. Runarsson,Participation,box_actions,0.0,count,17.5,14,none,R. Runarsson ranks 14 within FCK for box actions (none).
8cfdb681-32cf-4ebf-81f1-5c0839ec82d5,FCK,592864,O. Hojer,Participation,box_actions,1.0,count,42.5,11,around team median,O. Hojer ranks 11 within FCK for box actions (around team median).
8cfdb681-32cf-4ebf-81f1-5c0839ec82d5,FCK,590187,A. Chiakha,Participation,box_actions,0.0,count,17.5,14,none,A. Chiakha ranks 14 within FCK for box actions (none).
8cfdb681-32cf-4ebf-81f1-5c0839ec82d5,FCK,572146,M. Garan'anga,Participation,box_actions,0.0,count,17.5,14,none,M. Garan'anga ranks 14 within FCK for box actions (none).
8cfdb681-32cf-4ebf-81f1-5c0839ec82d5,FCK,475413,Gabriel Pereira,Participation,box_actions,2.0,count,55.0,9,above team median,Gabriel Pereira ranks 9 within FCK for box actions (above team median).
8cfdb681-32cf-4ebf-81f1-5c0839ec82d5,FCK,220246,P. Hatzidiakos,Participation,box_actions,0.0,count,17.5,14,none,P. Hatzidiakos ranks 14 within FCK for box actions (none).
8cfdb681-32cf-4ebf-81f1-5c0839ec82d5,FCK,111756,V. Claesson,Participation,box_actions,1.0,count,42.5,11,around team median,V. Claesson ranks 11 within FCK for box actions (around team median).
8cfdb681-32cf-4ebf-81f1-5c0839ec82d5,FCK,433957,M. Mattsson,Participation,box_actions,7.0,count,77.5,5,team leading,M. Mattsson ranks 5 within FCK for box actions (team leading).
8cfdb681-32cf-4ebf-81f1-5c0839ec82d5,FCK,457214,G. Onugkha,Participation,box_actions,12.0,count,90.0,2,team leading,G. Onugkha ranks 2 within FCK for box actions (team leading).
8cfdb681-32cf-4ebf-81f1-5c0839ec82d5,FCM,533646,D. Osorio,Participation,box_actions,21.0,count,97.5,1,team leading,D. Osorio ranks 1 within FCM for box actions (team leading).
8cfdb681-32cf-4ebf-81f1-5c0839ec82d5,FCM,423651,E. Chilufya,Participation,box_actions,5.0,count,50.0,10,above team median,E. Chilufya ranks 10 within FCM for box actions (above team median).
8cfdb681-32cf-4ebf-81f1-5c0839ec82d5,FCM,430901,E. Olafsson,Participation,box_actions,8.0,count,75.0,5,team leading,E. Olafsson ranks 5 within FCM for box actions (team leading).
8cfdb681-32cf-4ebf-81f1-5c0839ec82d5,FCM,450048,K. Askildsen,Participation,box_actions,0.0,count,20.0,13,none,K. Askildsen ranks 13 within FCM for box actions (none).
8cfdb681-32cf-4ebf-81f1-5c0839ec82d5,FCM,536679,P. Bravo,Participation,box_actions,0.0,count,20.0,13,none,P. Bravo ranks 13 within FCM for box actions (none).
8cfdb681-32cf-4ebf-81f1-5c0839ec82d5,FCM,57513,J. Lossl,Participation,box_actions,0.0,count,20.0,13,none,J. Lossl ranks 13 within FCM for box actions (none).
8cfdb681-32cf-4ebf-81f1-5c0839ec82d5,FCM,568423,V. Byskov,Participation,box_actions,4.0,count,42.5,12,around team median,V. Byskov ranks 12 within FCM for box actions (around team median).
8cfdb681-32cf-4ebf-81f1-5c0839ec82d5,FCM,553784,D. Castillo,Participation,box_actions,0.0,count,20.0,13,none,D. Castillo ranks 13 within FCM for box actions (none).
8cfdb681-32cf-4ebf-81f1-5c0839ec82d5,FCM,228044,M. Bech,Participation,box_actions,13.0,count,87.5,3,team leading,M. Bech ranks 3 within FCM for box actions (team leading).
8cfdb681-32cf-4ebf-81f1-5c0839ec82d5,FCM,494784,Oliver Sorensen,Participation,box_actions,15.0,count,92.5,2,team leading,Oliver Sorensen ranks 2 within FCM for box actions (team leading).
8cfdb681-32cf-4ebf-81f1-5c0839ec82d5,FCM,240529,J. Kuchta,Participation,box_actions,5.0,count,50.0,10,above team median,J. Kuchta ranks 10 within FCM for box actions (above team median).
8cfdb681-32cf-4ebf-81f1-5c0839ec82d5,FCM,492474,Lee Han-Beom,Participation,box_actions,0.0,count,20.0,13,none,Lee Han-Beom ranks 13 within FCM for box actions (none).
8cfdb681-32cf-4ebf-81f1-5c0839ec82d5,FCM,568414,M. Kruger-Johnsen,Participation,box_actions,0.0,count,20.0,13,none,M. Kruger-Johnsen ranks 13 within FCM for box actions (none).
8cfdb681-32cf-4ebf-81f1-5c0839ec82d5,FCM,120721,K. Mbabu,Participation,box_actions,6.0,count,57.5,9,above team median,K. Mbabu ranks 9 within FCM for box actions (above team median).
8cfdb681-32cf-4ebf-81f1-5c0839ec82d5,FCM,609108,O. Diao,Participation,box_actions,7.0,count,65.0,7,above team median,O. Diao ranks 7 within FCM for box actions (above team median).
8cfdb681-32cf-4ebf-81f1-5c0839ec82d5,FCM,477664,V. Lind,Participation,box_actions,0.0,count,20.0,13,none,V. Lind ranks 13 within FCM for box actions (none).
8cfdb681-32cf-4ebf-81f1-5c0839ec82d5,FCM,477672,A. Simsir,Participation,box_actions,11.0,count,82.5,4,team leading,A. Simsir ranks 4 within FCM for box actions (team leading).
8cfdb681-32cf-4ebf-81f1-5c0839ec82d5,FCM,474838,E. Martinez,Participation,box_actions,0.0,count,20.0,13,none,E. Martinez ranks 13 within FCM for box actions (none).
8cfdb681-32cf-4ebf-81f1-5c0839ec82d5,FCM,204164,J. Andersson,Participation,box_actions,7.0,count,65.0,7,above team median,J. Andersson ranks 7 within FCM for box actions (above team median).
8cfdb681-32cf-4ebf-81f1-5c0839ec82d5,FCM,551144,Franculino Dju,Participation,box_actions,8.0,count,75.0,5,team leading,Franculino Dju ranks 5 within FCM for box actions (team leading).
8cfdb681-32cf-4ebf-81f1-5c0839ec82d5,FCK,96787,M. Elyounoussi,Participation,attacking_involvement,54.0,count,67.5,7,above team median,M. Elyounoussi ranks 7 within FCK for attacking involvement (above team median).
8cfdb681-32cf-4ebf-81f1-5c0839ec82d5,FCK,166965,L. Lerager,Participation,attacking_involvement,61.0,count,92.5,2,team leading,L. Lerager ranks 2 within FCK for attacking involvement (team leading).
8cfdb681-32cf-4ebf-81f1-5c0839ec82d5,FCK,535944,R. Huescas,Participation,attacking_involvement,17.0,count,27.5,15,around team median,R. Huescas ranks 15 within FCK for attacking involvement (around team median).
8cfdb681-32cf-4ebf-81f1-5c0839ec82d5,FCK,114517,A. Cornelius,Participation,attacking_involvement,20.0,count,32.5,14,around team median,A. Cornelius ranks 14 within FCK for attacking involvement (around team median).
8cfdb681-32cf-4ebf-81f1-5c0839ec82d5,FCK,622714,Robert,Participation,attacking_involvement,0.0,count,10.0,17,none,Robert ranks 17 within FCK for attacking involvement (none).
8cfdb681-32cf-4ebf-81f1-5c0839ec82d5,FCK,590186,V. Froholdt,Participation,attacking_involvement,31.0,count,42.5,12,around team median,V. Froholdt ranks 12 within FCK for attacking involvement (around team median).
8cfdb681-32cf-4ebf-81f1-5c0839ec82d5,FCK,232398,N. Trott,Participation,attacking_involvement,57.0,count,80.0,4,team leading,N. Trott ranks 4 within FCK for attacking involvement (team leading).
8cfdb681-32cf-4ebf-81f1-5c0839ec82d5,FCK,512627,G. Gocholeishvili,Participation,attacking_involvement,58.0,count,87.5,3,team leading,G. Gocholeishvili ranks 3 within FCK for attacking involvement (team leading).
8cfdb681-32cf-4ebf-81f1-5c0839ec82d5,FCK,68640,T. Delaney,Participation,attacking_involvement,56.0,count,72.5,6,above team median,T. Delaney ranks 6 within FCK for attacking involvement (above team median).
8cfdb681-32cf-4ebf-81f1-5c0839ec82d5,FCK,193228,K. Diks,Participation,attacking_involvement,57.0,count,80.0,4,team leading,K. Diks ranks 4 within FCK for attacking involvement (team leading).
8cfdb681-32cf-4ebf-81f1-5c0839ec82d5,FCK,546545,E. Achouri,Participation,attacking_involvement,44.0,count,52.5,10,above team median,E. Achouri ranks 10 within FCK for attacking involvement (above team median).
8cfdb681-32cf-4ebf-81f1-5c0839ec82d5,FCK,115918,R. Runarsson,Participation,attacking_involvement,0.0,count,10.0,17,none,R. Runarsson ranks 17 within FCK for attacking involvement (none).
8cfdb681-32cf-4ebf-81f1-5c0839ec82d5,FCK,592864,O. Hojer,Participation,attacking_involvement,13.0,count,22.5,16,low,O. Hojer ranks 16 within FCK for attacking involvement (low).
8cfdb681-32cf-4ebf-81f1-5c0839ec82d5,FCK,590187,A. Chiakha,Participation,attacking_involvement,0.0,count,10.0,17,none,A. Chiakha ranks 17 within FCK for attacking involvement (none).
8cfdb681-32cf-4ebf-81f1-5c0839ec82d5,FCK,572146,M. Garan'anga,Participation,attacking_involvement,0.0,count,10.0,17,none,M. Garan'anga ranks 17 within FCK for attacking involvement (none).
8cfdb681-32cf-4ebf-81f1-5c0839ec82d5,FCK,475413,Gabriel Pereira,Participation,attacking_involvement,67.0,count,97.5,1,team leading,Gabriel Pereira ranks 1 within FCK for attacking involvement (team leading).
8cfdb681-32cf-4ebf-81f1-5c0839ec82d5,FCK,220246,P. Hatzidiakos,Participation,attacking_involvement,49.0,count,62.5,8,above team median,P. Hatzidiakos ranks 8 within FCK for attacking involvement (above team median).
8cfdb681-32cf-4ebf-81f1-5c0839ec82d5,FCK,111756,V. Claesson,Participation,attacking_involvement,22.0,count,37.5,13,around team median,V. Claesson ranks 13 within FCK for attacking involvement (around team median).
8cfdb681-32cf-4ebf-81f1-5c0839ec82d5,FCK,433957,M. Mattsson,Participation,attacking_involvement,47.0,count,57.5,9,above team median,M. Mattsson ranks 9 within FCK for attacking involvement (above team median).
8cfdb681-32cf-4ebf-81f1-5c0839ec82d5,FCK,457214,G. Onugkha,Participation,attacking_involvement,40.0,count,47.5,11,around team median,G. Onugkha ranks 11 within FCK for attacking involvement (around team median).
8cfdb681-32cf-4ebf-81f1-5c0839ec82d5,FCM,533646,D. Osorio,Participation,attacking_involvement,80.0,count,87.5,3,team leading,D. Osorio ranks 3 within FCM for attacking involvement (team leading).
8cfdb681-32cf-4ebf-81f1-5c0839ec82d5,FCM,423651,E. Chilufya,Participation,attacking_involvement,13.0,count,37.5,13,around team median,E. Chilufya ranks 13 within FCM for attacking involvement (around team median).
8cfdb681-32cf-4ebf-81f1-5c0839ec82d5,FCM,430901,E. Olafsson,Participation,attacking_involvement,28.0,count,52.5,10,above team median,E. Olafsson ranks 10 within FCM for attacking involvement (above team median).
8cfdb681-32cf-4ebf-81f1-5c0839ec82d5,FCM,450048,K. Askildsen,Participation,attacking_involvement,0.0,count,15.0,15,none,K. Askildsen ranks 15 within FCM for attacking involvement (none).
8cfdb681-32cf-4ebf-81f1-5c0839ec82d5,FCM,536679,P. Bravo,Participation,attacking_involvement,0.0,count,15.0,15,none,P. Bravo ranks 15 within FCM for attacking involvement (none).
8cfdb681-32cf-4ebf-81f1-5c0839ec82d5,FCM,57513,J. Lossl,Participation,attacking_involvement,0.0,count,15.0,15,none,J. Lossl ranks 15 within FCM for attacking involvement (none).
8cfdb681-32cf-4ebf-81f1-5c0839ec82d5,FCM,568423,V. Byskov,Participation,attacking_involvement,15.0,count,42.5,12,around team median,V. Byskov ranks 12 within FCM for attacking involvement (around team median).
8cfdb681-32cf-4ebf-81f1-5c0839ec82d5,FCM,553784,D. Castillo,Participation,attacking_involvement,3.0,count,32.5,14,around team median,D. Castillo ranks 14 within FCM for attacking involvement (around team median).
8cfdb681-32cf-4ebf-81f1-5c0839ec82d5,FCM,228044,M. Bech,Participation,attacking_involvement,91.0,count,97.5,1,team leading,M. Bech ranks 1 within FCM for attacking involvement (team leading).
8cfdb681-32cf-4ebf-81f1-5c0839ec82d5,FCM,494784,Oliver Sorensen,Participation,attacking_involvement,61.0,count,72.5,6,above team median,Oliver Sorensen ranks 6 within FCM for attacking involvement (above team median).
8cfdb681-32cf-4ebf-81f1-5c0839ec82d5,FCM,240529,J. Kuchta,Participation,attacking_involvement,20.0,count,47.5,11,around team median,J. Kuchta ranks 11 within FCM for attacking involvement (around team median).
8cfdb681-32cf-4ebf-81f1-5c0839ec82d5,FCM,492474,Lee Han-Beom,Participation,attacking_involvement,0.0,count,15.0,15,none,Lee Han-Beom ranks 15 within FCM for attacking involvement (none).
8cfdb681-32cf-4ebf-81f1-5c0839ec82d5,FCM,568414,M. Kruger-Johnsen,Participation,attacking_involvement,0.0,count,15.0,15,none,M. Kruger-Johnsen ranks 15 within FCM for attacking involvement (none).
8cfdb681-32cf-4ebf-81f1-5c0839ec82d5,FCM,120721,K. Mbabu,Participation,attacking_involvement,54.0,count,67.5,7,above team median,K. Mbabu ranks 7 within FCM for attacking involvement (above team median).
8cfdb681-32cf-4ebf-81f1-5c0839ec82d5,FCM,609108,O. Diao,Participation,attacking_involvement,64.0,count,77.5,5,team leading,O. Diao ranks 5 within FCM for attacking involvement (team leading).
8cfdb681-32cf-4ebf-81f1-5c0839ec82d5,FCM,477664,V. Lind,Participation,attacking_involvement,0.0,count,15.0,15,none,V. Lind ranks 15 within FCM for attacking involvement (none).
8cfdb681-32cf-4ebf-81f1-5c0839ec82d5,FCM,477672,A. Simsir,Participation,attacking_involvement,38.0,count,57.5,9,above team median,A. Simsir ranks 9 within FCM for attacking involvement (above team median).
8cfdb681-32cf-4ebf-81f1-5c0839ec82d5,FCM,474838,E. Martinez,Participation,attacking_involvement,73.0,count,82.5,4,team leading,E. Martinez ranks 4 within FCM for attacking involvement (team leading).
8cfdb681-32cf-4ebf-81f1-5c0839ec82d5,FCM,204164,J. Andersson,Participation,attacking_involvement,85.0,count,92.5,2,team leading,J. Andersson ranks 2 within FCM for attacking involvement (team leading).
8cfdb681-32cf-4ebf-81f1-5c0839ec82d5,FCM,551144,Franculino Dju,Participation,attacking_involvement,41.0,count,62.5,8,above team median,Franculino Dju ranks 8 within FCM for attacking involvement (above team median).
8cfdb681-32cf-4ebf-81f1-5c0839ec82d5,FCK,96787,M. Elyounoussi,Participation,defensive_involvement,20.0,count,77.5,4,team leading,M. Elyounoussi ranks 4 within FCK for defensive involvement (team leading).
8cfdb681-32cf-4ebf-81f1-5c0839ec82d5,FCK,166965,L. Lerager,Participation,defensive_involvement,25.0,count,92.5,2,team leading,L. Lerager ranks 2 within FCK for defensive involvement (team leading).
8cfdb681-32cf-4ebf-81f1-5c0839ec82d5,FCK,535944,R. Huescas,Participation,defensive_involvement,3.0,count,27.5,15,around team median,R. Huescas ranks 15 within FCK for defensive involvement (around team median).
8cfdb681-32cf-4ebf-81f1-5c0839ec82d5,FCK,114517,A. Cornelius,Participation,defensive_involvement,6.0,count,32.5,14,around team median,A. Cornelius ranks 14 within FCK for defensive involvement (around team median).
8cfdb681-32cf-4ebf-81f1-5c0839ec82d5,FCK,622714,Robert,Participation,defensive_involvement,0.0,count,10.0,17,none,Robert ranks 17 within FCK for defensive involvement (none).
8cfdb681-32cf-4ebf-81f1-5c0839ec82d5,FCK,590186,V. Froholdt,Participation,defensive_involvement,8.0,count,37.5,13,around team median,V. Froholdt ranks 13 within FCK for defensive involvement (around team median).
8cfdb681-32cf-4ebf-81f1-5c0839ec82d5,FCK,232398,N. Trott,Participation,defensive_involvement,23.0,count,87.5,3,team leading,N. Trott ranks 3 within FCK for defensive involvement (team leading).
8cfdb681-32cf-4ebf-81f1-5c0839ec82d5,FCK,512627,G. Gocholeishvili,Participation,defensive_involvement,20.0,count,77.5,4,team leading,G. Gocholeishvili ranks 4 within FCK for defensive involvement (team leading).
8cfdb681-32cf-4ebf-81f1-5c0839ec82d5,FCK,68640,T. Delaney,Participation,defensive_involvement,20.0,count,77.5,4,team leading,T. Delaney ranks 4 within FCK for defensive involvement (team leading).
8cfdb681-32cf-4ebf-81f1-5c0839ec82d5,FCK,193228,K. Diks,Participation,defensive_involvement,17.0,count,62.5,7,above team median,K. Diks ranks 7 within FCK for defensive involvement (above team median).
8cfdb681-32cf-4ebf-81f1-5c0839ec82d5,FCK,546545,E. Achouri,Participation,defensive_involvement,17.0,count,62.5,7,above team median,E. Achouri ranks 7 within FCK for defensive involvement (above team median).
8cfdb681-32cf-4ebf-81f1-5c0839ec82d5,FCK,115918,R. Runarsson,Participation,defensive_involvement,0.0,count,10.0,17,none,R. Runarsson ranks 17 within FCK for defensive involvement (none).
8cfdb681-32cf-4ebf-81f1-5c0839ec82d5,FCK,592864,O. Hojer,Participation,defensive_involvement,1.0,count,22.5,16,low,O. Hojer ranks 16 within FCK for defensive involvement (low).
8cfdb681-32cf-4ebf-81f1-5c0839ec82d5,FCK,590187,A. Chiakha,Participation,defensive_involvement,0.0,count,10.0,17,none,A. Chiakha ranks 17 within FCK for defensive involvement (none).
8cfdb681-32cf-4ebf-81f1-5c0839ec82d5,FCK,572146,M. Garan'anga,Participation,defensive_involvement,0.0,count,10.0,17,none,M. Garan'anga ranks 17 within FCK for defensive involvement (none).
8cfdb681-32cf-4ebf-81f1-5c0839ec82d5,FCK,475413,Gabriel Pereira,Participation,defensive_involvement,28.0,count,97.5,1,team leading,Gabriel Pereira ranks 1 within FCK for defensive involvement (team leading).
8cfdb681-32cf-4ebf-81f1-5c0839ec82d5,FCK,220246,P. Hatzidiakos,Participation,defensive_involvement,17.0,count,62.5,7,above team median,P. Hatzidiakos ranks 7 within FCK for defensive involvement (above team median).
8cfdb681-32cf-4ebf-81f1-5c0839ec82d5,FCK,111756,V. Claesson,Participation,defensive_involvement,9.0,count,42.5,12,around team median,V. Claesson ranks 12 within FCK for defensive involvement (around team median).
8cfdb681-32cf-4ebf-81f1-5c0839ec82d5,FCK,433957,M. Mattsson,Participation,defensive_involvement,16.0,count,50.0,10,above team median,M. Mattsson ranks 10 within FCK for defensive involvement (above team median).
8cfdb681-32cf-4ebf-81f1-5c0839ec82d5,FCK,457214,G. Onugkha,Participation,defensive_involvement,16.0,count,50.0,10,above team median,G. Onugkha ranks 10 within FCK for defensive involvement (above team median).
8cfdb681-32cf-4ebf-81f1-5c0839ec82d5,FCM,533646,D. Osorio,Participation,defensive_involvement,28.0,count,87.5,2,team leading,D. Osorio ranks 2 within FCM for defensive involvement (team leading).
8cfdb681-32cf-4ebf-81f1-5c0839ec82d5,FCM,423651,E. Chilufya,Participation,defensive_involvement,4.0,count,37.5,13,around team median,E. Chilufya ranks 13 within FCM for defensive involvement (around team median).
8cfdb681-32cf-4ebf-81f1-5c0839ec82d5,FCM,430901,E. Olafsson,Participation,defensive_involvement,17.0,count,67.5,7,above team median,E. Olafsson ranks 7 within FCM for defensive involvement (above team median).
8cfdb681-32cf-4ebf-81f1-5c0839ec82d5,FCM,450048,K. Askildsen,Participation,defensive_involvement,0.0,count,17.5,14,none,K. Askildsen ranks 14 within FCM for defensive involvement (none).
8cfdb681-32cf-4ebf-81f1-5c0839ec82d5,FCM,536679,P. Bravo,Participation,defensive_involvement,0.0,count,17.5,14,none,P. Bravo ranks 14 within FCM for defensive involvement (none).
8cfdb681-32cf-4ebf-81f1-5c0839ec82d5,FCM,57513,J. Lossl,Participation,defensive_involvement,0.0,count,17.5,14,none,J. Lossl ranks 14 within FCM for defensive involvement (none).
8cfdb681-32cf-4ebf-81f1-5c0839ec82d5,FCM,568423,V. Byskov,Participation,defensive_involvement,6.0,count,42.5,12,around team median,V. Byskov ranks 12 within FCM for defensive involvement (around team median).
8cfdb681-32cf-4ebf-81f1-5c0839ec82d5,FCM,553784,D. Castillo,Participation,defensive_involvement,0.0,count,17.5,14,none,D. Castillo ranks 14 within FCM for defensive involvement (none).
8cfdb681-32cf-4ebf-81f1-5c0839ec82d5,FCM,228044,M. Bech,Participation,defensive_involvement,28.0,count,87.5,2,team leading,M. Bech ranks 2 within FCM for defensive involvement (team leading).
8cfdb681-32cf-4ebf-81f1-5c0839ec82d5,FCM,494784,Oliver Sorensen,Participation,defensive_involvement,18.0,count,72.5,6,above team median,Oliver Sorensen ranks 6 within FCM for defensive involvement (above team median).
8cfdb681-32cf-4ebf-81f1-5c0839ec82d5,FCM,240529,J. Kuchta,Participation,defensive_involvement,8.0,count,47.5,11,around team median,J. Kuchta ranks 11 within FCM for defensive involvement (around team median).
8cfdb681-32cf-4ebf-81f1-5c0839ec82d5,FCM,492474,Lee Han-Beom,Participation,defensive_involvement,0.0,count,17.5,14,none,Lee Han-Beom ranks 14 within FCM for defensive involvement (none).
8cfdb681-32cf-4ebf-81f1-5c0839ec82d5,FCM,568414,M. Kruger-Johnsen,Participation,defensive_involvement,0.0,count,17.5,14,none,M. Kruger-Johnsen ranks 14 within FCM for defensive involvement (none).
8cfdb681-32cf-4ebf-81f1-5c0839ec82d5,FCM,120721,K. Mbabu,Participation,defensive_involvement,15.0,count,57.5,9,above team median,K. Mbabu ranks 9 within FCM for defensive involvement (above team median).
8cfdb681-32cf-4ebf-81f1-5c0839ec82d5,FCM,609108,O. Diao,Participation,defensive_involvement,19.0,count,77.5,5,team leading,O. Diao ranks 5 within FCM for defensive involvement (team leading).
8cfdb681-32cf-4ebf-81f1-5c0839ec82d5,FCM,477664,V. Lind,Participation,defensive_involvement,0.0,count,17.5,14,none,V. Lind ranks 14 within FCM for defensive involvement (none).
8cfdb681-32cf-4ebf-81f1-5c0839ec82d5,FCM,477672,A. Simsir,Participation,defensive_involvement,11.0,count,52.5,10,above team median,A. Simsir ranks 10 within FCM for defensive involvement (above team median).
8cfdb681-32cf-4ebf-81f1-5c0839ec82d5,FCM,474838,E. Martinez,Participation,defensive_involvement,28.0,count,87.5,2,team leading,E. Martinez ranks 2 within FCM for defensive involvement (team leading).
8cfdb681-32cf-4ebf-81f1-5c0839ec82d5,FCM,204164,J. Andersson,Participation,defensive_involvement,37.0,count,97.5,1,team leading,J. Andersson ranks 1 within FCM for defensive involvement (team leading).
8cfdb681-32cf-4ebf-81f1-5c0839ec82d5,FCM,551144,Franculino Dju,Participation,defensive_involvement,16.0,count,62.5,8,above team median,Franculino Dju ranks 8 within FCM for defensive involvement (above team median).
8cfdb681-32cf-4ebf-81f1-5c0839ec82d5,FCK,96787,M. Elyounoussi,Participation,left_channel_actions,20.0,count,87.5,3,team leading,M. Elyounoussi ranks 3 within FCK for left channel actions (team leading).
8cfdb681-32cf-4ebf-81f1-5c0839ec82d5,FCK,166965,L. Lerager,Participation,left_channel_actions,17.0,count,82.5,4,team leading,L. Lerager ranks 4 within FCK for left channel actions (team leading).
8cfdb681-32cf-4ebf-81f1-5c0839ec82d5,FCK,535944,R. Huescas,Participation,left_channel_actions,12.0,count,72.5,6,above team median,R. Huescas ranks 6 within FCK for left channel actions (above team median).
8cfdb681-32cf-4ebf-81f1-5c0839ec82d5,FCK,114517,A. Cornelius,Participation,left_channel_actions,5.0,count,62.5,8,above team median,A. Cornelius ranks 8 within FCK for left channel actions (above team median).
8cfdb681-32cf-4ebf-81f1-5c0839ec82d5,FCK,622714,Robert,Participation,left_channel_actions,0.0,count,20.0,13,none,Robert ranks 13 within FCK for left channel actions (none).
8cfdb681-32cf-4ebf-81f1-5c0839ec82d5,FCK,590186,V. Froholdt,Participation,left_channel_actions,8.0,count,67.5,7,above team median,V. Froholdt ranks 7 within FCK for left channel actions (above team median).
8cfdb681-32cf-4ebf-81f1-5c0839ec82d5,FCK,232398,N. Trott,Participation,left_channel_actions,0.0,count,20.0,13,none,N. Trott ranks 13 within FCK for left channel actions (none).
8cfdb681-32cf-4ebf-81f1-5c0839ec82d5,FCK,512627,G. Gocholeishvili,Participation,left_channel_actions,48.0,count,97.5,1,team leading,G. Gocholeishvili ranks 1 within FCK for left channel actions (team leading).
8cfdb681-32cf-4ebf-81f1-5c0839ec82d5,FCK,68640,T. Delaney,Participation,left_channel_actions,4.0,count,57.5,9,above team median,T. Delaney ranks 9 within FCK for left channel actions (above team median).
8cfdb681-32cf-4ebf-81f1-5c0839ec82d5,FCK,193228,K. Diks,Participation,left_channel_actions,0.0,count,20.0,13,none,K. Diks ranks 13 within FCK for left channel actions (none).
8cfdb681-32cf-4ebf-81f1-5c0839ec82d5,FCK,546545,E. Achouri,Participation,left_channel_actions,0.0,count,20.0,13,none,E. Achouri ranks 13 within FCK for left channel actions (none).
8cfdb681-32cf-4ebf-81f1-5c0839ec82d5,FCK,115918,R. Runarsson,Participation,left_channel_actions,0.0,count,20.0,13,none,R. Runarsson ranks 13 within FCK for left channel actions (none).
8cfdb681-32cf-4ebf-81f1-5c0839ec82d5,FCK,592864,O. Hojer,Participation,left_channel_actions,0.0,count,20.0,13,none,O. Hojer ranks 13 within FCK for left channel actions (none).
8cfdb681-32cf-4ebf-81f1-5c0839ec82d5,FCK,590187,A. Chiakha,Participation,left_channel_actions,0.0,count,20.0,13,none,A. Chiakha ranks 13 within FCK for left channel actions (none).
8cfdb681-32cf-4ebf-81f1-5c0839ec82d5,FCK,572146,M. Garan'anga,Participation,left_channel_actions,0.0,count,20.0,13,none,M. Garan'anga ranks 13 within FCK for left channel actions (none).
8cfdb681-32cf-4ebf-81f1-5c0839ec82d5,FCK,475413,Gabriel Pereira,Participation,left_channel_actions,35.0,count,92.5,2,team leading,Gabriel Pereira ranks 2 within FCK for left channel actions (team leading).
8cfdb681-32cf-4ebf-81f1-5c0839ec82d5,FCK,220246,P. Hatzidiakos,Participation,left_channel_actions,1.0,count,45.0,11,around team median,P. Hatzidiakos ranks 11 within FCK for left channel actions (around team median).
8cfdb681-32cf-4ebf-81f1-5c0839ec82d5,FCK,111756,V. Claesson,Participation,left_channel_actions,1.0,count,45.0,11,around team median,V. Claesson ranks 11 within FCK for left channel actions (around team median).
8cfdb681-32cf-4ebf-81f1-5c0839ec82d5,FCK,433957,M. Mattsson,Participation,left_channel_actions,13.0,count,77.5,5,team leading,M. Mattsson ranks 5 within FCK for left channel actions (team leading).
8cfdb681-32cf-4ebf-81f1-5c0839ec82d5,FCK,457214,G. Onugkha,Participation,left_channel_actions,2.0,count,52.5,10,above team median,G. Onugkha ranks 10 within FCK for left channel actions (above team median).
8cfdb681-32cf-4ebf-81f1-5c0839ec82d5,FCM,533646,D. Osorio,Participation,left_channel_actions,25.0,count,90.0,2,team leading,D. Osorio ranks 2 within FCM for left channel actions (team leading).
8cfdb681-32cf-4ebf-81f1-5c0839ec82d5,FCM,423651,E. Chilufya,Participation,left_channel_actions,1.0,count,50.0,10,above team median,E. Chilufya ranks 10 within FCM for left channel actions (above team median).
8cfdb681-32cf-4ebf-81f1-5c0839ec82d5,FCM,430901,E. Olafsson,Participation,left_channel_actions,1.0,count,50.0,10,above team median,E. Olafsson ranks 10 within FCM for left channel actions (above team median).
8cfdb681-32cf-4ebf-81f1-5c0839ec82d5,FCM,450048,K. Askildsen,Participation,left_channel_actions,0.0,count,22.5,12,none,K. Askildsen ranks 12 within FCM for left channel actions (none).
8cfdb681-32cf-4ebf-81f1-5c0839ec82d5,FCM,536679,P. Bravo,Participation,left_channel_actions,0.0,count,22.5,12,none,P. Bravo ranks 12 within FCM for left channel actions (none).
8cfdb681-32cf-4ebf-81f1-5c0839ec82d5,FCM,57513,J. Lossl,Participation,left_channel_actions,0.0,count,22.5,12,none,J. Lossl ranks 12 within FCM for left channel actions (none).
8cfdb681-32cf-4ebf-81f1-5c0839ec82d5,FCM,568423,V. Byskov,Participation,left_channel_actions,0.0,count,22.5,12,none,V. Byskov ranks 12 within FCM for left channel actions (none).
8cfdb681-32cf-4ebf-81f1-5c0839ec82d5,FCM,553784,D. Castillo,Participation,left_channel_actions,0.0,count,22.5,12,none,D. Castillo ranks 12 within FCM for left channel actions (none).
8cfdb681-32cf-4ebf-81f1-5c0839ec82d5,FCM,228044,M. Bech,Participation,left_channel_actions,11.0,count,72.5,6,above team median,M. Bech ranks 6 within FCM for left channel actions (above team median).
8cfdb681-32cf-4ebf-81f1-5c0839ec82d5,FCM,494784,Oliver Sorensen,Participation,left_channel_actions,13.0,count,77.5,5,team leading,Oliver Sorensen ranks 5 within FCM for left channel actions (team leading).
8cfdb681-32cf-4ebf-81f1-5c0839ec82d5,FCM,240529,J. Kuchta,Participation,left_channel_actions,7.0,count,67.5,7,above team median,J. Kuchta ranks 7 within FCM for left channel actions (above team median).
8cfdb681-32cf-4ebf-81f1-5c0839ec82d5,FCM,492474,Lee Han-Beom,Participation,left_channel_actions,0.0,count,22.5,12,none,Lee Han-Beom ranks 12 within FCM for left channel actions (none).
8cfdb681-32cf-4ebf-81f1-5c0839ec82d5,FCM,568414,M. Kruger-Johnsen,Participation,left_channel_actions,0.0,count,22.5,12,none,M. Kruger-Johnsen ranks 12 within FCM for left channel actions (none).
8cfdb681-32cf-4ebf-81f1-5c0839ec82d5,FCM,120721,K. Mbabu,Participation,left_channel_actions,51.0,count,97.5,1,team leading,K. Mbabu ranks 1 within FCM for left channel actions (team leading).
8cfdb681-32cf-4ebf-81f1-5c0839ec82d5,FCM,609108,O. Diao,Participation,left_channel_actions,25.0,count,90.0,2,team leading,O. Diao ranks 2 within FCM for left channel actions (team leading).
8cfdb681-32cf-4ebf-81f1-5c0839ec82d5,FCM,477664,V. Lind,Participation,left_channel_actions,0.0,count,22.5,12,none,V. Lind ranks 12 within FCM for left channel actions (none).
8cfdb681-32cf-4ebf-81f1-5c0839ec82d5,FCM,477672,A. Simsir,Participation,left_channel_actions,0.0,count,22.5,12,none,A. Simsir ranks 12 within FCM for left channel actions (none).
8cfdb681-32cf-4ebf-81f1-5c0839ec82d5,FCM,474838,E. Martinez,Participation,left_channel_actions,14.0,count,82.5,4,team leading,E. Martinez ranks 4 within FCM for left channel actions (team leading).
8cfdb681-32cf-4ebf-81f1-5c0839ec82d5,FCM,204164,J. Andersson,Participation,left_channel_actions,3.0,count,57.5,9,above team median,J. Andersson ranks 9 within FCM for left channel actions (above team median).
8cfdb681-32cf-4ebf-81f1-5c0839ec82d5,FCM,551144,Franculino Dju,Participation,left_channel_actions,6.0,count,62.5,8,above team median,Franculino Dju ranks 8 within FCM for left channel actions (above team median).
8cfdb681-32cf-4ebf-81f1-5c0839ec82d5,FCK,96787,M. Elyounoussi,Participation,central_channel_actions,46.0,count,87.5,3,team leading,M. Elyounoussi ranks 3 within FCK for central channel actions (team leading).
8cfdb681-32cf-4ebf-81f1-5c0839ec82d5,FCK,166965,L. Lerager,Participation,central_channel_actions,39.0,count,70.0,6,above team median,L. Lerager ranks 6 within FCK for central channel actions (above team median).
8cfdb681-32cf-4ebf-81f1-5c0839ec82d5,FCK,535944,R. Huescas,Participation,central_channel_actions,4.0,count,22.5,16,low,R. Huescas ranks 16 within FCK for central channel actions (low).
8cfdb681-32cf-4ebf-81f1-5c0839ec82d5,FCK,114517,A. Cornelius,Participation,central_channel_actions,13.0,count,35.0,13,around team median,A. Cornelius ranks 13 within FCK for central channel actions (around team median).
8cfdb681-32cf-4ebf-81f1-5c0839ec82d5,FCK,622714,Robert,Participation,central_channel_actions,0.0,count,10.0,17,none,Robert ranks 17 within FCK for central channel actions (none).
8cfdb681-32cf-4ebf-81f1-5c0839ec82d5,FCK,590186,V. Froholdt,Participation,central_channel_actions,13.0,count,35.0,13,around team median,V. Froholdt ranks 13 within FCK for central channel actions (around team median).
8cfdb681-32cf-4ebf-81f1-5c0839ec82d5,FCK,232398,N. Trott,Participation,central_channel_actions,78.0,count,97.5,1,team leading,N. Trott ranks 1 within FCK for central channel actions (team leading).
8cfdb681-32cf-4ebf-81f1-5c0839ec82d5,FCK,512627,G. Gocholeishvili,Participation,central_channel_actions,32.0,count,60.0,8,above team median,G. Gocholeishvili ranks 8 within FCK for central channel actions (above team median).
8cfdb681-32cf-4ebf-81f1-5c0839ec82d5,FCK,68640,T. Delaney,Participation,central_channel_actions,32.0,count,60.0,8,above team median,T. Delaney ranks 8 within FCK for central channel actions (above team median).
8cfdb681-32cf-4ebf-81f1-5c0839ec82d5,FCK,193228,K. Diks,Participation,central_channel_actions,44.0,count,82.5,4,team leading,K. Diks ranks 4 within FCK for central channel actions (team leading).
8cfdb681-32cf-4ebf-81f1-5c0839ec82d5,FCK,546545,E. Achouri,Participation,central_channel_actions,22.0,count,47.5,11,around team median,E. Achouri ranks 11 within FCK for central channel actions (around team median).
8cfdb681-32cf-4ebf-81f1-5c0839ec82d5,FCK,115918,R. Runarsson,Participation,central_channel_actions,0.0,count,10.0,17,none,R. Runarsson ranks 17 within FCK for central channel actions (none).
8cfdb681-32cf-4ebf-81f1-5c0839ec82d5,FCK,592864,O. Hojer,Participation,central_channel_actions,11.0,count,27.5,15,around team median,O. Hojer ranks 15 within FCK for central channel actions (around team median).
8cfdb681-32cf-4ebf-81f1-5c0839ec82d5,FCK,590187,A. Chiakha,Participation,central_channel_actions,0.0,count,10.0,17,none,A. Chiakha ranks 17 within FCK for central channel actions (none).
8cfdb681-32cf-4ebf-81f1-5c0839ec82d5,FCK,572146,M. Garan'anga,Participation,central_channel_actions,0.0,count,10.0,17,none,M. Garan'anga ranks 17 within FCK for central channel actions (none).
8cfdb681-32cf-4ebf-81f1-5c0839ec82d5,FCK,475413,Gabriel Pereira,Participation,central_channel_actions,48.0,count,92.5,2,team leading,Gabriel Pereira ranks 2 within FCK for central channel actions (team leading).
8cfdb681-32cf-4ebf-81f1-5c0839ec82d5,FCK,220246,P. Hatzidiakos,Participation,central_channel_actions,39.0,count,70.0,6,above team median,P. Hatzidiakos ranks 6 within FCK for central channel actions (above team median).
8cfdb681-32cf-4ebf-81f1-5c0839ec82d5,FCK,111756,V. Claesson,Participation,central_channel_actions,14.0,count,42.5,12,around team median,V. Claesson ranks 12 within FCK for central channel actions (around team median).
8cfdb681-32cf-4ebf-81f1-5c0839ec82d5,FCK,433957,M. Mattsson,Participation,central_channel_actions,31.0,count,52.5,10,above team median,M. Mattsson ranks 10 within FCK for central channel actions (above team median).
8cfdb681-32cf-4ebf-81f1-5c0839ec82d5,FCK,457214,G. Onugkha,Participation,central_channel_actions,43.0,count,77.5,5,team leading,G. Onugkha ranks 5 within FCK for central channel actions (team leading).
8cfdb681-32cf-4ebf-81f1-5c0839ec82d5,FCM,533646,D. Osorio,Participation,central_channel_actions,48.0,count,77.5,5,team leading,D. Osorio ranks 5 within FCM for central channel actions (team leading).
8cfdb681-32cf-4ebf-81f1-5c0839ec82d5,FCM,423651,E. Chilufya,Participation,central_channel_actions,8.0,count,42.5,12,around team median,E. Chilufya ranks 12 within FCM for central channel actions (around team median).
8cfdb681-32cf-4ebf-81f1-5c0839ec82d5,FCM,430901,E. Olafsson,Participation,central_channel_actions,35.0,count,65.0,7,above team median,E. Olafsson ranks 7 within FCM for central channel actions (above team median).
8cfdb681-32cf-4ebf-81f1-5c0839ec82d5,FCM,450048,K. Askildsen,Participation,central_channel_actions,0.0,count,12.5,16,none,K. Askildsen ranks 16 within FCM for central channel actions (none).
8cfdb681-32cf-4ebf-81f1-5c0839ec82d5,FCM,536679,P. Bravo,Participation,central_channel_actions,0.0,count,12.5,16,none,P. Bravo ranks 16 within FCM for central channel actions (none).
8cfdb681-32cf-4ebf-81f1-5c0839ec82d5,FCM,57513,J. Lossl,Participation,central_channel_actions,0.0,count,12.5,16,none,J. Lossl ranks 16 within FCM for central channel actions (none).
8cfdb681-32cf-4ebf-81f1-5c0839ec82d5,FCM,568423,V. Byskov,Participation,central_channel_actions,3.0,count,35.0,13,around team median,V. Byskov ranks 13 within FCM for central channel actions (around team median).
8cfdb681-32cf-4ebf-81f1-5c0839ec82d5,FCM,553784,D. Castillo,Participation,central_channel_actions,3.0,count,35.0,13,around team median,D. Castillo ranks 13 within FCM for central channel actions (around team median).
8cfdb681-32cf-4ebf-81f1-5c0839ec82d5,FCM,228044,M. Bech,Participation,central_channel_actions,89.0,count,97.5,1,team leading,M. Bech ranks 1 within FCM for central channel actions (team leading).
8cfdb681-32cf-4ebf-81f1-5c0839ec82d5,FCM,494784,Oliver Sorensen,Participation,central_channel_actions,46.0,count,72.5,6,above team median,Oliver Sorensen ranks 6 within FCM for central channel actions (above team median).
8cfdb681-32cf-4ebf-81f1-5c0839ec82d5,FCM,240529,J. Kuchta,Participation,central_channel_actions,16.0,count,47.5,11,around team median,J. Kuchta ranks 11 within FCM for central channel actions (around team median).
8cfdb681-32cf-4ebf-81f1-5c0839ec82d5,FCM,492474,Lee Han-Beom,Participation,central_channel_actions,1.0,count,27.5,15,around team median,Lee Han-Beom ranks 15 within FCM for central channel actions (around team median).
8cfdb681-32cf-4ebf-81f1-5c0839ec82d5,FCM,568414,M. Kruger-Johnsen,Participation,central_channel_actions,0.0,count,12.5,16,none,M. Kruger-Johnsen ranks 16 within FCM for central channel actions (none).
8cfdb681-32cf-4ebf-81f1-5c0839ec82d5,FCM,120721,K. Mbabu,Participation,central_channel_actions,29.0,count,55.0,9,above team median,K. Mbabu ranks 9 within FCM for central channel actions (above team median).
8cfdb681-32cf-4ebf-81f1-5c0839ec82d5,FCM,609108,O. Diao,Participation,central_channel_actions,67.0,count,92.5,2,team leading,O. Diao ranks 2 within FCM for central channel actions (team leading).
8cfdb681-32cf-4ebf-81f1-5c0839ec82d5,FCM,477664,V. Lind,Participation,central_channel_actions,0.0,count,12.5,16,none,V. Lind ranks 16 within FCM for central channel actions (none).
8cfdb681-32cf-4ebf-81f1-5c0839ec82d5,FCM,477672,A. Simsir,Participation,central_channel_actions,35.0,count,65.0,7,above team median,A. Simsir ranks 7 within FCM for central channel actions (above team median).
8cfdb681-32cf-4ebf-81f1-5c0839ec82d5,FCM,474838,E. Martinez,Participation,central_channel_actions,61.0,count,87.5,3,team leading,E. Martinez ranks 3 within FCM for central channel actions (team leading).
8cfdb681-32cf-4ebf-81f1-5c0839ec82d5,FCM,204164,J. Andersson,Participation,central_channel_actions,54.0,count,82.5,4,team leading,J. Andersson ranks 4 within FCM for central channel actions (team leading).
8cfdb681-32cf-4ebf-81f1-5c0839ec82d5,FCM,551144,Franculino Dju,Participation,central_channel_actions,29.0,count,55.0,9,above team median,Franculino Dju ranks 9 within FCM for central channel actions (above team median).
8cfdb681-32cf-4ebf-81f1-5c0839ec82d5,FCK,96787,M. Elyounoussi,Participation,right_channel_actions,15.0,count,50.0,10,above team median,M. Elyounoussi ranks 10 within FCK for right channel actions (above team median).
8cfdb681-32cf-4ebf-81f1-5c0839ec82d5,FCK,166965,L. Lerager,Participation,right_channel_actions,28.0,count,72.5,6,above team median,L. Lerager ranks 6 within FCK for right channel actions (above team median).
8cfdb681-32cf-4ebf-81f1-5c0839ec82d5,FCK,535944,R. Huescas,Participation,right_channel_actions,10.0,count,42.5,12,around team median,R. Huescas ranks 12 within FCK for right channel actions (around team median).
8cfdb681-32cf-4ebf-81f1-5c0839ec82d5,FCK,114517,A. Cornelius,Participation,right_channel_actions,5.0,count,22.5,16,low,A. Cornelius ranks 16 within FCK for right channel actions (low).
8cfdb681-32cf-4ebf-81f1-5c0839ec82d5,FCK,622714,Robert,Participation,right_channel_actions,0.0,count,10.0,17,none,Robert ranks 17 within FCK for right channel actions (none).
8cfdb681-32cf-4ebf-81f1-5c0839ec82d5,FCK,590186,V. Froholdt,Participation,right_channel_actions,19.0,count,57.5,9,above team median,V. Froholdt ranks 9 within FCK for right channel actions (above team median).
8cfdb681-32cf-4ebf-81f1-5c0839ec82d5,FCK,232398,N. Trott,Participation,right_channel_actions,9.0,count,37.5,13,around team median,N. Trott ranks 13 within FCK for right channel actions (around team median).
8cfdb681-32cf-4ebf-81f1-5c0839ec82d5,FCK,512627,G. Gocholeishvili,Participation,right_channel_actions,15.0,count,50.0,10,above team median,G. Gocholeishvili ranks 10 within FCK for right channel actions (above team median).
8cfdb681-32cf-4ebf-81f1-5c0839ec82d5,FCK,68640,T. Delaney,Participation,right_channel_actions,54.0,count,92.5,2,team leading,T. Delaney ranks 2 within FCK for right channel actions (team leading).
8cfdb681-32cf-4ebf-81f1-5c0839ec82d5,FCK,193228,K. Diks,Participation,right_channel_actions,56.0,count,97.5,1,team leading,K. Diks ranks 1 within FCK for right channel actions (team leading).
8cfdb681-32cf-4ebf-81f1-5c0839ec82d5,FCK,546545,E. Achouri,Participation,right_channel_actions,45.0,count,82.5,4,team leading,E. Achouri ranks 4 within FCK for right channel actions (team leading).
8cfdb681-32cf-4ebf-81f1-5c0839ec82d5,FCK,115918,R. Runarsson,Participation,right_channel_actions,0.0,count,10.0,17,none,R. Runarsson ranks 17 within FCK for right channel actions (none).
8cfdb681-32cf-4ebf-81f1-5c0839ec82d5,FCK,592864,O. Hojer,Participation,right_channel_actions,7.0,count,32.5,14,around team median,O. Hojer ranks 14 within FCK for right channel actions (around team median).
8cfdb681-32cf-4ebf-81f1-5c0839ec82d5,FCK,590187,A. Chiakha,Participation,right_channel_actions,0.0,count,10.0,17,none,A. Chiakha ranks 17 within FCK for right channel actions (none).
8cfdb681-32cf-4ebf-81f1-5c0839ec82d5,FCK,572146,M. Garan'anga,Participation,right_channel_actions,0.0,count,10.0,17,none,M. Garan'anga ranks 17 within FCK for right channel actions (none).
8cfdb681-32cf-4ebf-81f1-5c0839ec82d5,FCK,475413,Gabriel Pereira,Participation,right_channel_actions,23.0,count,62.5,8,above team median,Gabriel Pereira ranks 8 within FCK for right channel actions (above team median).
8cfdb681-32cf-4ebf-81f1-5c0839ec82d5,FCK,220246,P. Hatzidiakos,Participation,right_channel_actions,48.0,count,87.5,3,team leading,P. Hatzidiakos ranks 3 within FCK for right channel actions (team leading).
8cfdb681-32cf-4ebf-81f1-5c0839ec82d5,FCK,111756,V. Claesson,Participation,right_channel_actions,6.0,count,27.5,15,around team median,V. Claesson ranks 15 within FCK for right channel actions (around team median).
8cfdb681-32cf-4ebf-81f1-5c0839ec82d5,FCK,433957,M. Mattsson,Participation,right_channel_actions,31.0,count,77.5,5,team leading,M. Mattsson ranks 5 within FCK for right channel actions (team leading).
8cfdb681-32cf-4ebf-81f1-5c0839ec82d5,FCK,457214,G. Onugkha,Participation,right_channel_actions,25.0,count,67.5,7,above team median,G. Onugkha ranks 7 within FCK for right channel actions (above team median).
8cfdb681-32cf-4ebf-81f1-5c0839ec82d5,FCM,533646,D. Osorio,Participation,right_channel_actions,30.0,count,82.5,4,team leading,D. Osorio ranks 4 within FCM for right channel actions (team leading).
8cfdb681-32cf-4ebf-81f1-5c0839ec82d5,FCM,423651,E. Chilufya,Participation,right_channel_actions,3.0,count,37.5,13,around team median,E. Chilufya ranks 13 within FCM for right channel actions (around team median).
8cfdb681-32cf-4ebf-81f1-5c0839ec82d5,FCM,430901,E. Olafsson,Participation,right_channel_actions,4.0,count,42.5,12,around team median,E. Olafsson ranks 12 within FCM for right channel actions (around team median).
8cfdb681-32cf-4ebf-81f1-5c0839ec82d5,FCM,450048,K. Askildsen,Participation,right_channel_actions,0.0,count,15.0,15,none,K. Askildsen ranks 15 within FCM for right channel actions (none).
8cfdb681-32cf-4ebf-81f1-5c0839ec82d5,FCM,536679,P. Bravo,Participation,right_channel_actions,0.0,count,15.0,15,none,P. Bravo ranks 15 within FCM for right channel actions (none).
8cfdb681-32cf-4ebf-81f1-5c0839ec82d5,FCM,57513,J. Lossl,Participation,right_channel_actions,0.0,count,15.0,15,none,J. Lossl ranks 15 within FCM for right channel actions (none).
8cfdb681-32cf-4ebf-81f1-5c0839ec82d5,FCM,568423,V. Byskov,Participation,right_channel_actions,15.0,count,52.5,10,above team median,V. Byskov ranks 10 within FCM for right channel actions (above team median).
8cfdb681-32cf-4ebf-81f1-5c0839ec82d5,FCM,553784,D. Castillo,Participation,right_channel_actions,1.0,count,32.5,14,around team median,D. Castillo ranks 14 within FCM for right channel actions (around team median).
8cfdb681-32cf-4ebf-81f1-5c0839ec82d5,FCM,228044,M. Bech,Participation,right_channel_actions,46.0,count,92.5,2,team leading,M. Bech ranks 2 within FCM for right channel actions (team leading).
8cfdb681-32cf-4ebf-81f1-5c0839ec82d5,FCM,494784,Oliver Sorensen,Participation,right_channel_actions,29.0,count,77.5,5,team leading,Oliver Sorensen ranks 5 within FCM for right channel actions (team leading).
8cfdb681-32cf-4ebf-81f1-5c0839ec82d5,FCM,240529,J. Kuchta,Participation,right_channel_actions,10.0,count,47.5,11,around team median,J. Kuchta ranks 11 within FCM for right channel actions (around team median).
8cfdb681-32cf-4ebf-81f1-5c0839ec82d5,FCM,492474,Lee Han-Beom,Participation,right_channel_actions,0.0,count,15.0,15,none,Lee Han-Beom ranks 15 within FCM for right channel actions (none).
8cfdb681-32cf-4ebf-81f1-5c0839ec82d5,FCM,568414,M. Kruger-Johnsen,Participation,right_channel_actions,0.0,count,15.0,15,none,M. Kruger-Johnsen ranks 15 within FCM for right channel actions (none).
8cfdb681-32cf-4ebf-81f1-5c0839ec82d5,FCM,120721,K. Mbabu,Participation,right_channel_actions,18.0,count,60.0,8,above team median,K. Mbabu ranks 8 within FCM for right channel actions (above team median).
8cfdb681-32cf-4ebf-81f1-5c0839ec82d5,FCM,609108,O. Diao,Participation,right_channel_actions,20.0,count,67.5,7,above team median,O. Diao ranks 7 within FCM for right channel actions (above team median).
8cfdb681-32cf-4ebf-81f1-5c0839ec82d5,FCM,477664,V. Lind,Participation,right_channel_actions,0.0,count,15.0,15,none,V. Lind ranks 15 within FCM for right channel actions (none).
8cfdb681-32cf-4ebf-81f1-5c0839ec82d5,FCM,477672,A. Simsir,Participation,right_channel_actions,18.0,count,60.0,8,above team median,A. Simsir ranks 8 within FCM for right channel actions (above team median).
8cfdb681-32cf-4ebf-81f1-5c0839ec82d5,FCM,474838,E. Martinez,Participation,right_channel_actions,32.0,count,87.5,3,team leading,E. Martinez ranks 3 within FCM for right channel actions (team leading).
8cfdb681-32cf-4ebf-81f1-5c0839ec82d5,FCM,204164,J. Andersson,Participation,right_channel_actions,60.0,count,97.5,1,team leading,J. Andersson ranks 1 within FCM for right channel actions (team leading).
8cfdb681-32cf-4ebf-81f1-5c0839ec82d5,FCM,551144,Franculino Dju,Participation,right_channel_actions,22.0,count,72.5,6,above team median,Franculino Dju ranks 6 within FCM for right channel actions (above team median).
8cfdb681-32cf-4ebf-81f1-5c0839ec82d5,FCK,96787,M. Elyounoussi,Progression,progressive_passes,4.0,count,62.5,8,above team median,M. Elyounoussi ranks 8 within FCK for progressive passes (above team median).
8cfdb681-32cf-4ebf-81f1-5c0839ec82d5,FCK,166965,L. Lerager,Progression,progressive_passes,5.0,count,67.5,7,above team median,L. Lerager ranks 7 within FCK for progressive passes (above team median).
8cfdb681-32cf-4ebf-81f1-5c0839ec82d5,FCK,535944,R. Huescas,Progression,progressive_passes,2.0,count,57.5,9,above team median,R. Huescas ranks 9 within FCK for progressive passes (above team median).
8cfdb681-32cf-4ebf-81f1-5c0839ec82d5,FCK,114517,A. Cornelius,Progression,progressive_passes,1.0,count,42.5,10,around team median,A. Cornelius ranks 10 within FCK for progressive passes (around team median).
8cfdb681-32cf-4ebf-81f1-5c0839ec82d5,FCK,622714,Robert,Progression,progressive_passes,0.0,count,15.0,15,none,Robert ranks 15 within FCK for progressive passes (none).
8cfdb681-32cf-4ebf-81f1-5c0839ec82d5,FCK,590186,V. Froholdt,Progression,progressive_passes,0.0,count,15.0,15,none,V. Froholdt ranks 15 within FCK for progressive passes (none).
8cfdb681-32cf-4ebf-81f1-5c0839ec82d5,FCK,232398,N. Trott,Progression,progressive_passes,6.0,count,75.0,5,team leading,N. Trott ranks 5 within FCK for progressive passes (team leading).
8cfdb681-32cf-4ebf-81f1-5c0839ec82d5,FCK,512627,G. Gocholeishvili,Progression,progressive_passes,8.0,count,90.0,2,team leading,G. Gocholeishvili ranks 2 within FCK for progressive passes (team leading).
8cfdb681-32cf-4ebf-81f1-5c0839ec82d5,FCK,68640,T. Delaney,Progression,progressive_passes,6.0,count,75.0,5,team leading,T. Delaney ranks 5 within FCK for progressive passes (team leading).
8cfdb681-32cf-4ebf-81f1-5c0839ec82d5,FCK,193228,K. Diks,Progression,progressive_passes,8.0,count,90.0,2,team leading,K. Diks ranks 2 within FCK for progressive passes (team leading).
8cfdb681-32cf-4ebf-81f1-5c0839ec82d5,FCK,546545,E. Achouri,Progression,progressive_passes,1.0,count,42.5,10,around team median,E. Achouri ranks 10 within FCK for progressive passes (around team median).
8cfdb681-32cf-4ebf-81f1-5c0839ec82d5,FCK,115918,R. Runarsson,Progression,progressive_passes,0.0,count,15.0,15,none,R. Runarsson ranks 15 within FCK for progressive passes (none).
8cfdb681-32cf-4ebf-81f1-5c0839ec82d5,FCK,592864,O. Hojer,Progression,progressive_passes,1.0,count,42.5,10,around team median,O. Hojer ranks 10 within FCK for progressive passes (around team median).
8cfdb681-32cf-4ebf-81f1-5c0839ec82d5,FCK,590187,A. Chiakha,Progression,progressive_passes,0.0,count,15.0,15,none,A. Chiakha ranks 15 within FCK for progressive passes (none).
8cfdb681-32cf-4ebf-81f1-5c0839ec82d5,FCK,572146,M. Garan'anga,Progression,progressive_passes,0.0,count,15.0,15,none,M. Garan'anga ranks 15 within FCK for progressive passes (none).
8cfdb681-32cf-4ebf-81f1-5c0839ec82d5,FCK,475413,Gabriel Pereira,Progression,progressive_passes,12.0,count,97.5,1,team leading,Gabriel Pereira ranks 1 within FCK for progressive passes (team leading).
8cfdb681-32cf-4ebf-81f1-5c0839ec82d5,FCK,220246,P. Hatzidiakos,Progression,progressive_passes,7.0,count,82.5,4,team leading,P. Hatzidiakos ranks 4 within FCK for progressive passes (team leading).
8cfdb681-32cf-4ebf-81f1-5c0839ec82d5,FCK,111756,V. Claesson,Progression,progressive_passes,1.0,count,42.5,10,around team median,V. Claesson ranks 10 within FCK for progressive passes (around team median).
8cfdb681-32cf-4ebf-81f1-5c0839ec82d5,FCK,433957,M. Mattsson,Progression,progressive_passes,1.0,count,42.5,10,around team median,M. Mattsson ranks 10 within FCK for progressive passes (around team median).
8cfdb681-32cf-4ebf-81f1-5c0839ec82d5,FCK,457214,G. Onugkha,Progression,progressive_passes,0.0,count,15.0,15,none,G. Onugkha ranks 15 within FCK for progressive passes (none).
8cfdb681-32cf-4ebf-81f1-5c0839ec82d5,FCM,533646,D. Osorio,Progression,progressive_passes,4.0,count,75.0,5,team leading,D. Osorio ranks 5 within FCM for progressive passes (team leading).
8cfdb681-32cf-4ebf-81f1-5c0839ec82d5,FCM,423651,E. Chilufya,Progression,progressive_passes,0.0,count,27.5,10,none,E. Chilufya ranks 10 within FCM for progressive passes (none).
8cfdb681-32cf-4ebf-81f1-5c0839ec82d5,FCM,430901,E. Olafsson,Progression,progressive_passes,0.0,count,27.5,10,none,E. Olafsson ranks 10 within FCM for progressive passes (none).
8cfdb681-32cf-4ebf-81f1-5c0839ec82d5,FCM,450048,K. Askildsen,Progression,progressive_passes,0.0,count,27.5,10,none,K. Askildsen ranks 10 within FCM for progressive passes (none).
8cfdb681-32cf-4ebf-81f1-5c0839ec82d5,FCM,536679,P. Bravo,Progression,progressive_passes,0.0,count,27.5,10,none,P. Bravo ranks 10 within FCM for progressive passes (none).
8cfdb681-32cf-4ebf-81f1-5c0839ec82d5,FCM,57513,J. Lossl,Progression,progressive_passes,0.0,count,27.5,10,none,J. Lossl ranks 10 within FCM for progressive passes (none).
8cfdb681-32cf-4ebf-81f1-5c0839ec82d5,FCM,568423,V. Byskov,Progression,progressive_passes,1.0,count,60.0,8,above team median,V. Byskov ranks 8 within FCM for progressive passes (above team median).
8cfdb681-32cf-4ebf-81f1-5c0839ec82d5,FCM,553784,D. Castillo,Progression,progressive_passes,0.0,count,27.5,10,none,D. Castillo ranks 10 within FCM for progressive passes (none).
8cfdb681-32cf-4ebf-81f1-5c0839ec82d5,FCM,228044,M. Bech,Progression,progressive_passes,5.0,count,82.5,4,team leading,M. Bech ranks 4 within FCM for progressive passes (team leading).
8cfdb681-32cf-4ebf-81f1-5c0839ec82d5,FCM,494784,Oliver Sorensen,Progression,progressive_passes,2.0,count,67.5,7,above team median,Oliver Sorensen ranks 7 within FCM for progressive passes (above team median).
8cfdb681-32cf-4ebf-81f1-5c0839ec82d5,FCM,240529,J. Kuchta,Progression,progressive_passes,0.0,count,27.5,10,none,J. Kuchta ranks 10 within FCM for progressive passes (none).
8cfdb681-32cf-4ebf-81f1-5c0839ec82d5,FCM,492474,Lee Han-Beom,Progression,progressive_passes,0.0,count,27.5,10,none,Lee Han-Beom ranks 10 within FCM for progressive passes (none).
8cfdb681-32cf-4ebf-81f1-5c0839ec82d5,FCM,568414,M. Kruger-Johnsen,Progression,progressive_passes,0.0,count,27.5,10,none,M. Kruger-Johnsen ranks 10 within FCM for progressive passes (none).
8cfdb681-32cf-4ebf-81f1-5c0839ec82d5,FCM,120721,K. Mbabu,Progression,progressive_passes,4.0,count,75.0,5,team leading,K. Mbabu ranks 5 within FCM for progressive passes (team leading).
8cfdb681-32cf-4ebf-81f1-5c0839ec82d5,FCM,609108,O. Diao,Progression,progressive_passes,6.0,count,90.0,2,team leading,O. Diao ranks 2 within FCM for progressive passes (team leading).
8cfdb681-32cf-4ebf-81f1-5c0839ec82d5,FCM,477664,V. Lind,Progression,progressive_passes,0.0,count,27.5,10,none,V. Lind ranks 10 within FCM for progressive passes (none).
8cfdb681-32cf-4ebf-81f1-5c0839ec82d5,FCM,477672,A. Simsir,Progression,progressive_passes,1.0,count,60.0,8,above team median,A. Simsir ranks 8 within FCM for progressive passes (above team median).
8cfdb681-32cf-4ebf-81f1-5c0839ec82d5,FCM,474838,E. Martinez,Progression,progressive_passes,6.0,count,90.0,2,team leading,E. Martinez ranks 2 within FCM for progressive passes (team leading).
8cfdb681-32cf-4ebf-81f1-5c0839ec82d5,FCM,204164,J. Andersson,Progression,progressive_passes,9.0,count,97.5,1,team leading,J. Andersson ranks 1 within FCM for progressive passes (team leading).
8cfdb681-32cf-4ebf-81f1-5c0839ec82d5,FCM,551144,Franculino Dju,Progression,progressive_passes,0.0,count,27.5,10,none,Franculino Dju ranks 10 within FCM for progressive passes (none).
8cfdb681-32cf-4ebf-81f1-5c0839ec82d5,FCK,96787,M. Elyounoussi,Progression,progressive_passes_per_90,4.1256,per_90,47.5,11,around team median,M. Elyounoussi ranks 11 within FCK for progressive passes per 90 (around team median).
8cfdb681-32cf-4ebf-81f1-5c0839ec82d5,FCK,166965,L. Lerager,Progression,progressive_passes_per_90,4.6597,per_90,52.5,10,above team median,L. Lerager ranks 10 within FCK for progressive passes per 90 (above team median).
8cfdb681-32cf-4ebf-81f1-5c0839ec82d5,FCK,535944,R. Huescas,Progression,progressive_passes_per_90,14.2925,per_90,97.5,1,team leading,R. Huescas ranks 1 within FCK for progressive passes per 90 (team leading).
8cfdb681-32cf-4ebf-81f1-5c0839ec82d5,FCK,114517,A. Cornelius,Progression,progressive_passes_per_90,3.9277,per_90,42.5,12,around team median,A. Cornelius ranks 12 within FCK for progressive passes per 90 (around team median).
8cfdb681-32cf-4ebf-81f1-5c0839ec82d5,FCK,622714,Robert,Progression,progressive_passes_per_90,0,per_90,15.0,15,none,Robert ranks 15 within FCK for progressive passes per 90 (none).
8cfdb681-32cf-4ebf-81f1-5c0839ec82d5,FCK,590186,V. Froholdt,Progression,progressive_passes_per_90,0.0,per_90,15.0,15,none,V. Froholdt ranks 15 within FCK for progressive passes per 90 (none).
8cfdb681-32cf-4ebf-81f1-5c0839ec82d5,FCK,232398,N. Trott,Progression,progressive_passes_per_90,5.5916,per_90,60.0,8,above team median,N. Trott ranks 8 within FCK for progressive passes per 90 (above team median).
8cfdb681-32cf-4ebf-81f1-5c0839ec82d5,FCK,512627,G. Gocholeishvili,Progression,progressive_passes_per_90,8.5735,per_90,82.5,4,team leading,G. Gocholeishvili ranks 4 within FCK for progressive passes per 90 (team leading).
8cfdb681-32cf-4ebf-81f1-5c0839ec82d5,FCK,68640,T. Delaney,Progression,progressive_passes_per_90,5.5916,per_90,60.0,8,above team median,T. Delaney ranks 8 within FCK for progressive passes per 90 (above team median).
8cfdb681-32cf-4ebf-81f1-5c0839ec82d5,FCK,193228,K. Diks,Progression,progressive_passes_per_90,7.4555,per_90,72.5,6,above team median,K. Diks ranks 6 within FCK for progressive passes per 90 (above team median).
8cfdb681-32cf-4ebf-81f1-5c0839ec82d5,FCK,546545,E. Achouri,Progression,progressive_passes_per_90,1.2258,per_90,37.5,13,around team median,E. Achouri ranks 13 within FCK for progressive passes per 90 (around team median).
8cfdb681-32cf-4ebf-81f1-5c0839ec82d5,FCK,115918,R. Runarsson,Progression,progressive_passes_per_90,0,per_90,15.0,15,none,R. Runarsson ranks 15 within FCK for progressive passes per 90 (none).
8cfdb681-32cf-4ebf-81f1-5c0839ec82d5,FCK,592864,O. Hojer,Progression,progressive_passes_per_90,9.6629,per_90,87.5,3,team leading,O. Hojer ranks 3 within FCK for progressive passes per 90 (team leading).
8cfdb681-32cf-4ebf-81f1-5c0839ec82d5,FCK,590187,A. Chiakha,Progression,progressive_passes_per_90,0,per_90,15.0,15,none,A. Chiakha ranks 15 within FCK for progressive passes per 90 (none).
8cfdb681-32cf-4ebf-81f1-5c0839ec82d5,FCK,572146,M. Garan'anga,Progression,progressive_passes_per_90,0,per_90,15.0,15,none,M. Garan'anga ranks 15 within FCK for progressive passes per 90 (none).
8cfdb681-32cf-4ebf-81f1-5c0839ec82d5,FCK,475413,Gabriel Pereira,Progression,progressive_passes_per_90,11.1832,per_90,92.5,2,team leading,Gabriel Pereira ranks 2 within FCK for progressive passes per 90 (team leading).
8cfdb681-32cf-4ebf-81f1-5c0839ec82d5,FCK,220246,P. Hatzidiakos,Progression,progressive_passes_per_90,7.509,per_90,77.5,5,team leading,P. Hatzidiakos ranks 5 within FCK for progressive passes per 90 (team leading).
8cfdb681-32cf-4ebf-81f1-5c0839ec82d5,FCK,111756,V. Claesson,Progression,progressive_passes_per_90,7.1012,per_90,67.5,7,above team median,V. Claesson ranks 7 within FCK for progressive passes per 90 (above team median).
8cfdb681-32cf-4ebf-81f1-5c0839ec82d5,FCK,433957,M. Mattsson,Progression,progressive_passes_per_90,1.2218,per_90,32.5,14,around team median,M. Mattsson ranks 14 within FCK for progressive passes per 90 (around team median).
8cfdb681-32cf-4ebf-81f1-5c0839ec82d5,FCK,457214,G. Onugkha,Progression,progressive_passes_per_90,0.0,per_90,15.0,15,none,G. Onugkha ranks 15 within FCK for progressive passes per 90 (none).
8cfdb681-32cf-4ebf-81f1-5c0839ec82d5,FCM,533646,D. Osorio,Progression,progressive_passes_per_90,3.931,per_90,77.5,5,team leading,D. Osorio ranks 5 within FCM for progressive passes per 90 (team leading).
8cfdb681-32cf-4ebf-81f1-5c0839ec82d5,FCM,423651,E. Chilufya,Progression,progressive_passes_per_90,0.0,per_90,27.5,10,none,E. Chilufya ranks 10 within FCM for progressive passes per 90 (none).
8cfdb681-32cf-4ebf-81f1-5c0839ec82d5,FCM,430901,E. Olafsson,Progression,progressive_passes_per_90,0.0,per_90,27.5,10,none,E. Olafsson ranks 10 within FCM for progressive passes per 90 (none).
8cfdb681-32cf-4ebf-81f1-5c0839ec82d5,FCM,450048,K. Askildsen,Progression,progressive_passes_per_90,0,per_90,27.5,10,none,K. Askildsen ranks 10 within FCM for progressive passes per 90 (none).
8cfdb681-32cf-4ebf-81f1-5c0839ec82d5,FCM,536679,P. Bravo,Progression,progressive_passes_per_90,0,per_90,27.5,10,none,P. Bravo ranks 10 within FCM for progressive passes per 90 (none).
8cfdb681-32cf-4ebf-81f1-5c0839ec82d5,FCM,57513,J. Lossl,Progression,progressive_passes_per_90,0,per_90,27.5,10,none,J. Lossl ranks 10 within FCM for progressive passes per 90 (none).
8cfdb681-32cf-4ebf-81f1-5c0839ec82d5,FCM,568423,V. Byskov,Progression,progressive_passes_per_90,2.768,per_90,67.5,7,above team median,V. Byskov ranks 7 within FCM for progressive passes per 90 (above team median).
8cfdb681-32cf-4ebf-81f1-5c0839ec82d5,FCM,553784,D. Castillo,Progression,progressive_passes_per_90,0.0,per_90,27.5,10,none,D. Castillo ranks 10 within FCM for progressive passes per 90 (none).
8cfdb681-32cf-4ebf-81f1-5c0839ec82d5,FCM,228044,M. Bech,Progression,progressive_passes_per_90,4.6597,per_90,82.5,4,team leading,M. Bech ranks 4 within FCM for progressive passes per 90 (team leading).
8cfdb681-32cf-4ebf-81f1-5c0839ec82d5,FCM,494784,Oliver Sorensen,Progression,progressive_passes_per_90,1.8639,per_90,62.5,8,above team median,Oliver Sorensen ranks 8 within FCM for progressive passes per 90 (above team median).
8cfdb681-32cf-4ebf-81f1-5c0839ec82d5,FCM,240529,J. Kuchta,Progression,progressive_passes_per_90,0.0,per_90,27.5,10,none,J. Kuchta ranks 10 within FCM for progressive passes per 90 (none).
8cfdb681-32cf-4ebf-81f1-5c0839ec82d5,FCM,492474,Lee Han-Beom,Progression,progressive_passes_per_90,0.0,per_90,27.5,10,none,Lee Han-Beom ranks 10 within FCM for progressive passes per 90 (none).
8cfdb681-32cf-4ebf-81f1-5c0839ec82d5,FCM,568414,M. Kruger-Johnsen,Progression,progressive_passes_per_90,0,per_90,27.5,10,none,M. Kruger-Johnsen ranks 10 within FCM for progressive passes per 90 (none).
8cfdb681-32cf-4ebf-81f1-5c0839ec82d5,FCM,120721,K. Mbabu,Progression,progressive_passes_per_90,3.7277,per_90,72.5,6,above team median,K. Mbabu ranks 6 within FCM for progressive passes per 90 (above team median).
8cfdb681-32cf-4ebf-81f1-5c0839ec82d5,FCM,609108,O. Diao,Progression,progressive_passes_per_90,5.5916,per_90,90.0,2,team leading,O. Diao ranks 2 within FCM for progressive passes per 90 (team leading).
8cfdb681-32cf-4ebf-81f1-5c0839ec82d5,FCM,477664,V. Lind,Progression,progressive_passes_per_90,0,per_90,27.5,10,none,V. Lind ranks 10 within FCM for progressive passes per 90 (none).
8cfdb681-32cf-4ebf-81f1-5c0839ec82d5,FCM,477672,A. Simsir,Progression,progressive_passes_per_90,1.4049,per_90,57.5,9,above team median,A. Simsir ranks 9 within FCM for progressive passes per 90 (above team median).
8cfdb681-32cf-4ebf-81f1-5c0839ec82d5,FCM,474838,E. Martinez,Progression,progressive_passes_per_90,5.5916,per_90,90.0,2,team leading,E. Martinez ranks 2 within FCM for progressive passes per 90 (team leading).
8cfdb681-32cf-4ebf-81f1-5c0839ec82d5,FCM,204164,J. Andersson,Progression,progressive_passes_per_90,8.3874,per_90,97.5,1,team leading,J. Andersson ranks 1 within FCM for progressive passes per 90 (team leading).
8cfdb681-32cf-4ebf-81f1-5c0839ec82d5,FCM,551144,Franculino Dju,Progression,progressive_passes_per_90,0.0,per_90,27.5,10,none,Franculino Dju ranks 10 within FCM for progressive passes per 90 (none).
8cfdb681-32cf-4ebf-81f1-5c0839ec82d5,FCK,96787,M. Elyounoussi,Progression,progressive_carries,13.0,count,95.0,1,team leading,M. Elyounoussi ranks 1 within FCK for progressive carries (team leading).
8cfdb681-32cf-4ebf-81f1-5c0839ec82d5,FCK,166965,L. Lerager,Progression,progressive_carries,0.0,count,27.5,10,none,L. Lerager ranks 10 within FCK for progressive carries (none).
8cfdb681-32cf-4ebf-81f1-5c0839ec82d5,FCK,535944,R. Huescas,Progression,progressive_carries,1.0,count,62.5,7,above team median,R. Huescas ranks 7 within FCK for progressive carries (above team median).
8cfdb681-32cf-4ebf-81f1-5c0839ec82d5,FCK,114517,A. Cornelius,Progression,progressive_carries,0.0,count,27.5,10,none,A. Cornelius ranks 10 within FCK for progressive carries (none).
8cfdb681-32cf-4ebf-81f1-5c0839ec82d5,FCK,622714,Robert,Progression,progressive_carries,0.0,count,27.5,10,none,Robert ranks 10 within FCK for progressive carries (none).
8cfdb681-32cf-4ebf-81f1-5c0839ec82d5,FCK,590186,V. Froholdt,Progression,progressive_carries,1.0,count,62.5,7,above team median,V. Froholdt ranks 7 within FCK for progressive carries (above team median).
8cfdb681-32cf-4ebf-81f1-5c0839ec82d5,FCK,232398,N. Trott,Progression,progressive_carries,0.0,count,27.5,10,none,N. Trott ranks 10 within FCK for progressive carries (none).
8cfdb681-32cf-4ebf-81f1-5c0839ec82d5,FCK,512627,G. Gocholeishvili,Progression,progressive_carries,8.0,count,77.5,5,team leading,G. Gocholeishvili ranks 5 within FCK for progressive carries (team leading).
8cfdb681-32cf-4ebf-81f1-5c0839ec82d5,FCK,68640,T. Delaney,Progression,progressive_carries,1.0,count,62.5,7,above team median,T. Delaney ranks 7 within FCK for progressive carries (above team median).
8cfdb681-32cf-4ebf-81f1-5c0839ec82d5,FCK,193228,K. Diks,Progression,progressive_carries,4.0,count,72.5,6,above team median,K. Diks ranks 6 within FCK for progressive carries (above team median).
8cfdb681-32cf-4ebf-81f1-5c0839ec82d5,FCK,546545,E. Achouri,Progression,progressive_carries,13.0,count,95.0,1,team leading,E. Achouri ranks 1 within FCK for progressive carries (team leading).
8cfdb681-32cf-4ebf-81f1-5c0839ec82d5,FCK,115918,R. Runarsson,Progression,progressive_carries,0.0,count,27.5,10,none,R. Runarsson ranks 10 within FCK for progressive carries (none).
8cfdb681-32cf-4ebf-81f1-5c0839ec82d5,FCK,592864,O. Hojer,Progression,progressive_carries,0.0,count,27.5,10,none,O. Hojer ranks 10 within FCK for progressive carries (none).
8cfdb681-32cf-4ebf-81f1-5c0839ec82d5,FCK,590187,A. Chiakha,Progression,progressive_carries,0.0,count,27.5,10,none,A. Chiakha ranks 10 within FCK for progressive carries (none).
8cfdb681-32cf-4ebf-81f1-5c0839ec82d5,FCK,572146,M. Garan'anga,Progression,progressive_carries,0.0,count,27.5,10,none,M. Garan'anga ranks 10 within FCK for progressive carries (none).
8cfdb681-32cf-4ebf-81f1-5c0839ec82d5,FCK,475413,Gabriel Pereira,Progression,progressive_carries,0.0,count,27.5,10,none,Gabriel Pereira ranks 10 within FCK for progressive carries (none).
8cfdb681-32cf-4ebf-81f1-5c0839ec82d5,FCK,220246,P. Hatzidiakos,Progression,progressive_carries,0.0,count,27.5,10,none,P. Hatzidiakos ranks 10 within FCK for progressive carries (none).
8cfdb681-32cf-4ebf-81f1-5c0839ec82d5,FCK,111756,V. Claesson,Progression,progressive_carries,0.0,count,27.5,10,none,V. Claesson ranks 10 within FCK for progressive carries (none).
8cfdb681-32cf-4ebf-81f1-5c0839ec82d5,FCK,433957,M. Mattsson,Progression,progressive_carries,9.0,count,85.0,3,team leading,M. Mattsson ranks 3 within FCK for progressive carries (team leading).
8cfdb681-32cf-4ebf-81f1-5c0839ec82d5,FCK,457214,G. Onugkha,Progression,progressive_carries,9.0,count,85.0,3,team leading,G. Onugkha ranks 3 within FCK for progressive carries (team leading).
8cfdb681-32cf-4ebf-81f1-5c0839ec82d5,FCM,533646,D. Osorio,Progression,progressive_carries,9.0,count,97.5,1,team leading,D. Osorio ranks 1 within FCM for progressive carries (team leading).
8cfdb681-32cf-4ebf-81f1-5c0839ec82d5,FCM,423651,E. Chilufya,Progression,progressive_carries,5.0,count,87.5,3,team leading,E. Chilufya ranks 3 within FCM for progressive carries (team leading).
8cfdb681-32cf-4ebf-81f1-5c0839ec82d5,FCM,430901,E. Olafsson,Progression,progressive_carries,0.0,count,22.5,12,none,E. Olafsson ranks 12 within FCM for progressive carries (none).
8cfdb681-32cf-4ebf-81f1-5c0839ec82d5,FCM,450048,K. Askildsen,Progression,progressive_carries,0.0,count,22.5,12,none,K. Askildsen ranks 12 within FCM for progressive carries (none).
8cfdb681-32cf-4ebf-81f1-5c0839ec82d5,FCM,536679,P. Bravo,Progression,progressive_carries,0.0,count,22.5,12,none,P. Bravo ranks 12 within FCM for progressive carries (none).
8cfdb681-32cf-4ebf-81f1-5c0839ec82d5,FCM,57513,J. Lossl,Progression,progressive_carries,0.0,count,22.5,12,none,J. Lossl ranks 12 within FCM for progressive carries (none).
8cfdb681-32cf-4ebf-81f1-5c0839ec82d5,FCM,568423,V. Byskov,Progression,progressive_carries,3.0,count,67.5,7,above team median,V. Byskov ranks 7 within FCM for progressive carries (above team median).
8cfdb681-32cf-4ebf-81f1-5c0839ec82d5,FCM,553784,D. Castillo,Progression,progressive_carries,1.0,count,50.0,10,above team median,D. Castillo ranks 10 within FCM for progressive carries (above team median).
8cfdb681-32cf-4ebf-81f1-5c0839ec82d5,FCM,228044,M. Bech,Progression,progressive_carries,2.0,count,60.0,8,above team median,M. Bech ranks 8 within FCM for progressive carries (above team median).
8cfdb681-32cf-4ebf-81f1-5c0839ec82d5,FCM,494784,Oliver Sorensen,Progression,progressive_carries,0.0,count,22.5,12,none,Oliver Sorensen ranks 12 within FCM for progressive carries (none).
8cfdb681-32cf-4ebf-81f1-5c0839ec82d5,FCM,240529,J. Kuchta,Progression,progressive_carries,4.0,count,77.5,4,team leading,J. Kuchta ranks 4 within FCM for progressive carries (team leading).
8cfdb681-32cf-4ebf-81f1-5c0839ec82d5,FCM,492474,Lee Han-Beom,Progression,progressive_carries,0.0,count,22.5,12,none,Lee Han-Beom ranks 12 within FCM for progressive carries (none).
8cfdb681-32cf-4ebf-81f1-5c0839ec82d5,FCM,568414,M. Kruger-Johnsen,Progression,progressive_carries,0.0,count,22.5,12,none,M. Kruger-Johnsen ranks 12 within FCM for progressive carries (none).
8cfdb681-32cf-4ebf-81f1-5c0839ec82d5,FCM,120721,K. Mbabu,Progression,progressive_carries,7.0,count,92.5,2,team leading,K. Mbabu ranks 2 within FCM for progressive carries (team leading).
8cfdb681-32cf-4ebf-81f1-5c0839ec82d5,FCM,609108,O. Diao,Progression,progressive_carries,0.0,count,22.5,12,none,O. Diao ranks 12 within FCM for progressive carries (none).
8cfdb681-32cf-4ebf-81f1-5c0839ec82d5,FCM,477664,V. Lind,Progression,progressive_carries,0.0,count,22.5,12,none,V. Lind ranks 12 within FCM for progressive carries (none).
8cfdb681-32cf-4ebf-81f1-5c0839ec82d5,FCM,477672,A. Simsir,Progression,progressive_carries,2.0,count,60.0,8,above team median,A. Simsir ranks 8 within FCM for progressive carries (above team median).
8cfdb681-32cf-4ebf-81f1-5c0839ec82d5,FCM,474838,E. Martinez,Progression,progressive_carries,1.0,count,50.0,10,above team median,E. Martinez ranks 10 within FCM for progressive carries (above team median).
8cfdb681-32cf-4ebf-81f1-5c0839ec82d5,FCM,204164,J. Andersson,Progression,progressive_carries,4.0,count,77.5,4,team leading,J. Andersson ranks 4 within FCM for progressive carries (team leading).
8cfdb681-32cf-4ebf-81f1-5c0839ec82d5,FCM,551144,Franculino Dju,Progression,progressive_carries,4.0,count,77.5,4,team leading,Franculino Dju ranks 4 within FCM for progressive carries (team leading).
8cfdb681-32cf-4ebf-81f1-5c0839ec82d5,FCK,96787,M. Elyounoussi,Progression,progressive_carries_per_90,13.4083,per_90,92.5,2,team leading,M. Elyounoussi ranks 2 within FCK for progressive carries per 90 (team leading).
8cfdb681-32cf-4ebf-81f1-5c0839ec82d5,FCK,166965,L. Lerager,Progression,progressive_carries_per_90,0.0,per_90,27.5,10,none,L. Lerager ranks 10 within FCK for progressive carries per 90 (none).
8cfdb681-32cf-4ebf-81f1-5c0839ec82d5,FCK,535944,R. Huescas,Progression,progressive_carries_per_90,7.1463,per_90,72.5,6,above team median,R. Huescas ranks 6 within FCK for progressive carries per 90 (above team median).
8cfdb681-32cf-4ebf-81f1-5c0839ec82d5,FCK,114517,A. Cornelius,Progression,progressive_carries_per_90,0.0,per_90,27.5,10,none,A. Cornelius ranks 10 within FCK for progressive carries per 90 (none).
8cfdb681-32cf-4ebf-81f1-5c0839ec82d5,FCK,622714,Robert,Progression,progressive_carries_per_90,0,per_90,27.5,10,none,Robert ranks 10 within FCK for progressive carries per 90 (none).
8cfdb681-32cf-4ebf-81f1-5c0839ec82d5,FCK,590186,V. Froholdt,Progression,progressive_carries_per_90,3.887,per_90,67.5,7,above team median,V. Froholdt ranks 7 within FCK for progressive carries per 90 (above team median).
8cfdb681-32cf-4ebf-81f1-5c0839ec82d5,FCK,232398,N. Trott,Progression,progressive_carries_per_90,0.0,per_90,27.5,10,none,N. Trott ranks 10 within FCK for progressive carries per 90 (none).
8cfdb681-32cf-4ebf-81f1-5c0839ec82d5,FCK,512627,G. Gocholeishvili,Progression,progressive_carries_per_90,8.5735,per_90,82.5,4,team leading,G. Gocholeishvili ranks 4 within FCK for progressive carries per 90 (team leading).
8cfdb681-32cf-4ebf-81f1-5c0839ec82d5,FCK,68640,T. Delaney,Progression,progressive_carries_per_90,0.9319,per_90,57.5,9,above team median,T. Delaney ranks 9 within FCK for progressive carries per 90 (above team median).
8cfdb681-32cf-4ebf-81f1-5c0839ec82d5,FCK,193228,K. Diks,Progression,progressive_carries_per_90,3.7277,per_90,62.5,8,above team median,K. Diks ranks 8 within FCK for progressive carries per 90 (above team median).
8cfdb681-32cf-4ebf-81f1-5c0839ec82d5,FCK,546545,E. Achouri,Progression,progressive_carries_per_90,15.9359,per_90,97.5,1,team leading,E. Achouri ranks 1 within FCK for progressive carries per 90 (team leading).
8cfdb681-32cf-4ebf-81f1-5c0839ec82d5,FCK,115918,R. Runarsson,Progression,progressive_carries_per_90,0,per_90,27.5,10,none,R. Runarsson ranks 10 within FCK for progressive carries per 90 (none).
8cfdb681-32cf-4ebf-81f1-5c0839ec82d5,FCK,592864,O. Hojer,Progression,progressive_carries_per_90,0.0,per_90,27.5,10,none,O. Hojer ranks 10 within FCK for progressive carries per 90 (none).
8cfdb681-32cf-4ebf-81f1-5c0839ec82d5,FCK,590187,A. Chiakha,Progression,progressive_carries_per_90,0,per_90,27.5,10,none,A. Chiakha ranks 10 within FCK for progressive carries per 90 (none).
8cfdb681-32cf-4ebf-81f1-5c0839ec82d5,FCK,572146,M. Garan'anga,Progression,progressive_carries_per_90,0,per_90,27.5,10,none,M. Garan'anga ranks 10 within FCK for progressive carries per 90 (none).
8cfdb681-32cf-4ebf-81f1-5c0839ec82d5,FCK,475413,Gabriel Pereira,Progression,progressive_carries_per_90,0.0,per_90,27.5,10,none,Gabriel Pereira ranks 10 within FCK for progressive carries per 90 (none).
8cfdb681-32cf-4ebf-81f1-5c0839ec82d5,FCK,220246,P. Hatzidiakos,Progression,progressive_carries_per_90,0.0,per_90,27.5,10,none,P. Hatzidiakos ranks 10 within FCK for progressive carries per 90 (none).
8cfdb681-32cf-4ebf-81f1-5c0839ec82d5,FCK,111756,V. Claesson,Progression,progressive_carries_per_90,0.0,per_90,27.5,10,none,V. Claesson ranks 10 within FCK for progressive carries per 90 (none).
8cfdb681-32cf-4ebf-81f1-5c0839ec82d5,FCK,433957,M. Mattsson,Progression,progressive_carries_per_90,10.9966,per_90,87.5,3,team leading,M. Mattsson ranks 3 within FCK for progressive carries per 90 (team leading).
8cfdb681-32cf-4ebf-81f1-5c0839ec82d5,FCK,457214,G. Onugkha,Progression,progressive_carries_per_90,8.3874,per_90,77.5,5,team leading,G. Onugkha ranks 5 within FCK for progressive carries per 90 (team leading).
8cfdb681-32cf-4ebf-81f1-5c0839ec82d5,FCM,533646,D. Osorio,Progression,progressive_carries_per_90,8.8448,per_90,92.5,2,team leading,D. Osorio ranks 2 within FCM for progressive carries per 90 (team leading).
8cfdb681-32cf-4ebf-81f1-5c0839ec82d5,FCM,423651,E. Chilufya,Progression,progressive_carries_per_90,13.8062,per_90,97.5,1,team leading,E. Chilufya ranks 1 within FCM for progressive carries per 90 (team leading).
8cfdb681-32cf-4ebf-81f1-5c0839ec82d5,FCM,430901,E. Olafsson,Progression,progressive_carries_per_90,0.0,per_90,22.5,12,none,E. Olafsson ranks 12 within FCM for progressive carries per 90 (none).
8cfdb681-32cf-4ebf-81f1-5c0839ec82d5,FCM,450048,K. Askildsen,Progression,progressive_carries_per_90,0,per_90,22.5,12,none,K. Askildsen ranks 12 within FCM for progressive carries per 90 (none).
8cfdb681-32cf-4ebf-81f1-5c0839ec82d5,FCM,536679,P. Bravo,Progression,progressive_carries_per_90,0,per_90,22.5,12,none,P. Bravo ranks 12 within FCM for progressive carries per 90 (none).
8cfdb681-32cf-4ebf-81f1-5c0839ec82d5,FCM,57513,J. Lossl,Progression,progressive_carries_per_90,0,per_90,22.5,12,none,J. Lossl ranks 12 within FCM for progressive carries per 90 (none).
8cfdb681-32cf-4ebf-81f1-5c0839ec82d5,FCM,568423,V. Byskov,Progression,progressive_carries_per_90,8.3041,per_90,82.5,4,team leading,V. Byskov ranks 4 within FCM for progressive carries per 90 (team leading).
8cfdb681-32cf-4ebf-81f1-5c0839ec82d5,FCM,553784,D. Castillo,Progression,progressive_carries_per_90,8.56,per_90,87.5,3,team leading,D. Castillo ranks 3 within FCM for progressive carries per 90 (team leading).
8cfdb681-32cf-4ebf-81f1-5c0839ec82d5,FCM,228044,M. Bech,Progression,progressive_carries_per_90,1.8639,per_90,52.5,10,above team median,M. Bech ranks 10 within FCM for progressive carries per 90 (above team median).
8cfdb681-32cf-4ebf-81f1-5c0839ec82d5,FCM,494784,Oliver Sorensen,Progression,progressive_carries_per_90,0.0,per_90,22.5,12,none,Oliver Sorensen ranks 12 within FCM for progressive carries per 90 (none).
8cfdb681-32cf-4ebf-81f1-5c0839ec82d5,FCM,240529,J. Kuchta,Progression,progressive_carries_per_90,5.6268,per_90,72.5,6,above team median,J. Kuchta ranks 6 within FCM for progressive carries per 90 (above team median).
8cfdb681-32cf-4ebf-81f1-5c0839ec82d5,FCM,492474,Lee Han-Beom,Progression,progressive_carries_per_90,0.0,per_90,22.5,12,none,Lee Han-Beom ranks 12 within FCM for progressive carries per 90 (none).
8cfdb681-32cf-4ebf-81f1-5c0839ec82d5,FCM,568414,M. Kruger-Johnsen,Progression,progressive_carries_per_90,0,per_90,22.5,12,none,M. Kruger-Johnsen ranks 12 within FCM for progressive carries per 90 (none).
8cfdb681-32cf-4ebf-81f1-5c0839ec82d5,FCM,120721,K. Mbabu,Progression,progressive_carries_per_90,6.5235,per_90,77.5,5,team leading,K. Mbabu ranks 5 within FCM for progressive carries per 90 (team leading).
8cfdb681-32cf-4ebf-81f1-5c0839ec82d5,FCM,609108,O. Diao,Progression,progressive_carries_per_90,0.0,per_90,22.5,12,none,O. Diao ranks 12 within FCM for progressive carries per 90 (none).
8cfdb681-32cf-4ebf-81f1-5c0839ec82d5,FCM,477664,V. Lind,Progression,progressive_carries_per_90,0,per_90,22.5,12,none,V. Lind ranks 12 within FCM for progressive carries per 90 (none).
8cfdb681-32cf-4ebf-81f1-5c0839ec82d5,FCM,477672,A. Simsir,Progression,progressive_carries_per_90,2.8099,per_90,57.5,9,above team median,A. Simsir ranks 9 within FCM for progressive carries per 90 (above team median).
8cfdb681-32cf-4ebf-81f1-5c0839ec82d5,FCM,474838,E. Martinez,Progression,progressive_carries_per_90,0.9319,per_90,47.5,11,around team median,E. Martinez ranks 11 within FCM for progressive carries per 90 (around team median).
8cfdb681-32cf-4ebf-81f1-5c0839ec82d5,FCM,204164,J. Andersson,Progression,progressive_carries_per_90,3.7277,per_90,62.5,8,above team median,J. Andersson ranks 8 within FCM for progressive carries per 90 (above team median).
8cfdb681-32cf-4ebf-81f1-5c0839ec82d5,FCM,551144,Franculino Dju,Progression,progressive_carries_per_90,4.1832,per_90,67.5,7,above team median,Franculino Dju ranks 7 within FCM for progressive carries per 90 (above team median).
8cfdb681-32cf-4ebf-81f1-5c0839ec82d5,FCK,96787,M. Elyounoussi,Progression,final_third_entries,14.0,count,97.5,1,team leading,M. Elyounoussi ranks 1 within FCK for final third entries (team leading).
8cfdb681-32cf-4ebf-81f1-5c0839ec82d5,FCK,166965,L. Lerager,Progression,final_third_entries,3.0,count,62.5,8,above team median,L. Lerager ranks 8 within FCK for final third entries (above team median).
8cfdb681-32cf-4ebf-81f1-5c0839ec82d5,FCK,535944,R. Huescas,Progression,final_third_entries,1.0,count,45.0,9,around team median,R. Huescas ranks 9 within FCK for final third entries (around team median).
8cfdb681-32cf-4ebf-81f1-5c0839ec82d5,FCK,114517,A. Cornelius,Progression,final_third_entries,0.0,count,15.0,15,none,A. Cornelius ranks 15 within FCK for final third entries (none).
8cfdb681-32cf-4ebf-81f1-5c0839ec82d5,FCK,622714,Robert,Progression,final_third_entries,0.0,count,15.0,15,none,Robert ranks 15 within FCK for final third entries (none).
8cfdb681-32cf-4ebf-81f1-5c0839ec82d5,FCK,590186,V. Froholdt,Progression,final_third_entries,1.0,count,45.0,9,around team median,V. Froholdt ranks 9 within FCK for final third entries (around team median).
8cfdb681-32cf-4ebf-81f1-5c0839ec82d5,FCK,232398,N. Trott,Progression,final_third_entries,1.0,count,45.0,9,around team median,N. Trott ranks 9 within FCK for final third entries (around team median).
8cfdb681-32cf-4ebf-81f1-5c0839ec82d5,FCK,512627,G. Gocholeishvili,Progression,final_third_entries,7.0,count,75.0,5,team leading,G. Gocholeishvili ranks 5 within FCK for final third entries (team leading).
8cfdb681-32cf-4ebf-81f1-5c0839ec82d5,FCK,68640,T. Delaney,Progression,final_third_entries,6.0,count,67.5,7,above team median,T. Delaney ranks 7 within FCK for final third entries (above team median).
8cfdb681-32cf-4ebf-81f1-5c0839ec82d5,FCK,193228,K. Diks,Progression,final_third_entries,7.0,count,75.0,5,team leading,K. Diks ranks 5 within FCK for final third entries (team leading).
8cfdb681-32cf-4ebf-81f1-5c0839ec82d5,FCK,546545,E. Achouri,Progression,final_third_entries,11.0,count,90.0,2,team leading,E. Achouri ranks 2 within FCK for final third entries (team leading).
8cfdb681-32cf-4ebf-81f1-5c0839ec82d5,FCK,115918,R. Runarsson,Progression,final_third_entries,0.0,count,15.0,15,none,R. Runarsson ranks 15 within FCK for final third entries (none).
8cfdb681-32cf-4ebf-81f1-5c0839ec82d5,FCK,592864,O. Hojer,Progression,final_third_entries,1.0,count,45.0,9,around team median,O. Hojer ranks 9 within FCK for final third entries (around team median).
8cfdb681-32cf-4ebf-81f1-5c0839ec82d5,FCK,590187,A. Chiakha,Progression,final_third_entries,0.0,count,15.0,15,none,A. Chiakha ranks 15 within FCK for final third entries (none).
8cfdb681-32cf-4ebf-81f1-5c0839ec82d5,FCK,572146,M. Garan'anga,Progression,final_third_entries,0.0,count,15.0,15,none,M. Garan'anga ranks 15 within FCK for final third entries (none).
8cfdb681-32cf-4ebf-81f1-5c0839ec82d5,FCK,475413,Gabriel Pereira,Progression,final_third_entries,1.0,count,45.0,9,around team median,Gabriel Pereira ranks 9 within FCK for final third entries (around team median).
8cfdb681-32cf-4ebf-81f1-5c0839ec82d5,FCK,220246,P. Hatzidiakos,Progression,final_third_entries,1.0,count,45.0,9,around team median,P. Hatzidiakos ranks 9 within FCK for final third entries (around team median).
8cfdb681-32cf-4ebf-81f1-5c0839ec82d5,FCK,111756,V. Claesson,Progression,final_third_entries,0.0,count,15.0,15,none,V. Claesson ranks 15 within FCK for final third entries (none).
8cfdb681-32cf-4ebf-81f1-5c0839ec82d5,FCK,433957,M. Mattsson,Progression,final_third_entries,11.0,count,90.0,2,team leading,M. Mattsson ranks 2 within FCK for final third entries (team leading).
8cfdb681-32cf-4ebf-81f1-5c0839ec82d5,FCK,457214,G. Onugkha,Progression,final_third_entries,8.0,count,82.5,4,team leading,G. Onugkha ranks 4 within FCK for final third entries (team leading).
8cfdb681-32cf-4ebf-81f1-5c0839ec82d5,FCM,533646,D. Osorio,Progression,final_third_entries,11.0,count,87.5,3,team leading,D. Osorio ranks 3 within FCM for final third entries (team leading).
8cfdb681-32cf-4ebf-81f1-5c0839ec82d5,FCM,423651,E. Chilufya,Progression,final_third_entries,0.0,count,20.0,13,none,E. Chilufya ranks 13 within FCM for final third entries (none).
8cfdb681-32cf-4ebf-81f1-5c0839ec82d5,FCM,430901,E. Olafsson,Progression,final_third_entries,2.0,count,60.0,8,above team median,E. Olafsson ranks 8 within FCM for final third entries (above team median).
8cfdb681-32cf-4ebf-81f1-5c0839ec82d5,FCM,450048,K. Askildsen,Progression,final_third_entries,0.0,count,20.0,13,none,K. Askildsen ranks 13 within FCM for final third entries (none).
8cfdb681-32cf-4ebf-81f1-5c0839ec82d5,FCM,536679,P. Bravo,Progression,final_third_entries,0.0,count,20.0,13,none,P. Bravo ranks 13 within FCM for final third entries (none).
8cfdb681-32cf-4ebf-81f1-5c0839ec82d5,FCM,57513,J. Lossl,Progression,final_third_entries,0.0,count,20.0,13,none,J. Lossl ranks 13 within FCM for final third entries (none).
8cfdb681-32cf-4ebf-81f1-5c0839ec82d5,FCM,568423,V. Byskov,Progression,final_third_entries,2.0,count,60.0,8,above team median,V. Byskov ranks 8 within FCM for final third entries (above team median).
8cfdb681-32cf-4ebf-81f1-5c0839ec82d5,FCM,553784,D. Castillo,Progression,final_third_entries,0.0,count,20.0,13,none,D. Castillo ranks 13 within FCM for final third entries (none).
8cfdb681-32cf-4ebf-81f1-5c0839ec82d5,FCM,228044,M. Bech,Progression,final_third_entries,3.0,count,67.5,7,above team median,M. Bech ranks 7 within FCM for final third entries (above team median).
8cfdb681-32cf-4ebf-81f1-5c0839ec82d5,FCM,494784,Oliver Sorensen,Progression,final_third_entries,1.0,count,47.5,10,around team median,Oliver Sorensen ranks 10 within FCM for final third entries (around team median).
8cfdb681-32cf-4ebf-81f1-5c0839ec82d5,FCM,240529,J. Kuchta,Progression,final_third_entries,1.0,count,47.5,10,around team median,J. Kuchta ranks 10 within FCM for final third entries (around team median).
8cfdb681-32cf-4ebf-81f1-5c0839ec82d5,FCM,492474,Lee Han-Beom,Progression,final_third_entries,0.0,count,20.0,13,none,Lee Han-Beom ranks 13 within FCM for final third entries (none).
8cfdb681-32cf-4ebf-81f1-5c0839ec82d5,FCM,568414,M. Kruger-Johnsen,Progression,final_third_entries,0.0,count,20.0,13,none,M. Kruger-Johnsen ranks 13 within FCM for final third entries (none).
8cfdb681-32cf-4ebf-81f1-5c0839ec82d5,FCM,120721,K. Mbabu,Progression,final_third_entries,15.0,count,97.5,1,team leading,K. Mbabu ranks 1 within FCM for final third entries (team leading).
8cfdb681-32cf-4ebf-81f1-5c0839ec82d5,FCM,609108,O. Diao,Progression,final_third_entries,7.0,count,77.5,5,team leading,O. Diao ranks 5 within FCM for final third entries (team leading).
8cfdb681-32cf-4ebf-81f1-5c0839ec82d5,FCM,477664,V. Lind,Progression,final_third_entries,0.0,count,20.0,13,none,V. Lind ranks 13 within FCM for final third entries (none).
8cfdb681-32cf-4ebf-81f1-5c0839ec82d5,FCM,477672,A. Simsir,Progression,final_third_entries,5.0,count,72.5,6,above team median,A. Simsir ranks 6 within FCM for final third entries (above team median).
8cfdb681-32cf-4ebf-81f1-5c0839ec82d5,FCM,474838,E. Martinez,Progression,final_third_entries,1.0,count,47.5,10,around team median,E. Martinez ranks 10 within FCM for final third entries (around team median).
8cfdb681-32cf-4ebf-81f1-5c0839ec82d5,FCM,204164,J. Andersson,Progression,final_third_entries,14.0,count,92.5,2,team leading,J. Andersson ranks 2 within FCM for final third entries (team leading).
8cfdb681-32cf-4ebf-81f1-5c0839ec82d5,FCM,551144,Franculino Dju,Progression,final_third_entries,8.0,count,82.5,4,team leading,Franculino Dju ranks 4 within FCM for final third entries (team leading).
8cfdb681-32cf-4ebf-81f1-5c0839ec82d5,FCK,96787,M. Elyounoussi,Progression,passes_into_final_third,6.0,count,65.0,7,above team median,M. Elyounoussi ranks 7 within FCK for passes into final third (above team median).
8cfdb681-32cf-4ebf-81f1-5c0839ec82d5,FCK,166965,L. Lerager,Progression,passes_into_final_third,6.0,count,65.0,7,above team median,L. Lerager ranks 7 within FCK for passes into final third (above team median).
8cfdb681-32cf-4ebf-81f1-5c0839ec82d5,FCK,535944,R. Huescas,Progression,passes_into_final_third,0.0,count,17.5,14,none,R. Huescas ranks 14 within FCK for passes into final third (none).
8cfdb681-32cf-4ebf-81f1-5c0839ec82d5,FCK,114517,A. Cornelius,Progression,passes_into_final_third,0.0,count,17.5,14,none,A. Cornelius ranks 14 within FCK for passes into final third (none).
8cfdb681-32cf-4ebf-81f1-5c0839ec82d5,FCK,622714,Robert,Progression,passes_into_final_third,0.0,count,17.5,14,none,Robert ranks 14 within FCK for passes into final third (none).
8cfdb681-32cf-4ebf-81f1-5c0839ec82d5,FCK,590186,V. Froholdt,Progression,passes_into_final_third,2.0,count,45.0,11,around team median,V. Froholdt ranks 11 within FCK for passes into final third (around team median).
8cfdb681-32cf-4ebf-81f1-5c0839ec82d5,FCK,232398,N. Trott,Progression,passes_into_final_third,12.0,count,97.5,1,team leading,N. Trott ranks 1 within FCK for passes into final third (team leading).
8cfdb681-32cf-4ebf-81f1-5c0839ec82d5,FCK,512627,G. Gocholeishvili,Progression,passes_into_final_third,11.0,count,90.0,2,team leading,G. Gocholeishvili ranks 2 within FCK for passes into final third (team leading).
8cfdb681-32cf-4ebf-81f1-5c0839ec82d5,FCK,68640,T. Delaney,Progression,passes_into_final_third,7.0,count,72.5,6,above team median,T. Delaney ranks 6 within FCK for passes into final third (above team median).
8cfdb681-32cf-4ebf-81f1-5c0839ec82d5,FCK,193228,K. Diks,Progression,passes_into_final_third,11.0,count,90.0,2,team leading,K. Diks ranks 2 within FCK for passes into final third (team leading).
8cfdb681-32cf-4ebf-81f1-5c0839ec82d5,FCK,546545,E. Achouri,Progression,passes_into_final_third,9.0,count,82.5,4,team leading,E. Achouri ranks 4 within FCK for passes into final third (team leading).
8cfdb681-32cf-4ebf-81f1-5c0839ec82d5,FCK,115918,R. Runarsson,Progression,passes_into_final_third,0.0,count,17.5,14,none,R. Runarsson ranks 14 within FCK for passes into final third (none).
8cfdb681-32cf-4ebf-81f1-5c0839ec82d5,FCK,592864,O. Hojer,Progression,passes_into_final_third,0.0,count,17.5,14,none,O. Hojer ranks 14 within FCK for passes into final third (none).
8cfdb681-32cf-4ebf-81f1-5c0839ec82d5,FCK,590187,A. Chiakha,Progression,passes_into_final_third,0.0,count,17.5,14,none,A. Chiakha ranks 14 within FCK for passes into final third (none).
8cfdb681-32cf-4ebf-81f1-5c0839ec82d5,FCK,572146,M. Garan'anga,Progression,passes_into_final_third,0.0,count,17.5,14,none,M. Garan'anga ranks 14 within FCK for passes into final third (none).
8cfdb681-32cf-4ebf-81f1-5c0839ec82d5,FCK,475413,Gabriel Pereira,Progression,passes_into_final_third,4.0,count,57.5,9,above team median,Gabriel Pereira ranks 9 within FCK for passes into final third (above team median).
8cfdb681-32cf-4ebf-81f1-5c0839ec82d5,FCK,220246,P. Hatzidiakos,Progression,passes_into_final_third,3.0,count,52.5,10,above team median,P. Hatzidiakos ranks 10 within FCK for passes into final third (above team median).
8cfdb681-32cf-4ebf-81f1-5c0839ec82d5,FCK,111756,V. Claesson,Progression,passes_into_final_third,1.0,count,37.5,13,around team median,V. Claesson ranks 13 within FCK for passes into final third (around team median).
8cfdb681-32cf-4ebf-81f1-5c0839ec82d5,FCK,433957,M. Mattsson,Progression,passes_into_final_third,8.0,count,77.5,5,team leading,M. Mattsson ranks 5 within FCK for passes into final third (team leading).
8cfdb681-32cf-4ebf-81f1-5c0839ec82d5,FCK,457214,G. Onugkha,Progression,passes_into_final_third,2.0,count,45.0,11,around team median,G. Onugkha ranks 11 within FCK for passes into final third (around team median).
8cfdb681-32cf-4ebf-81f1-5c0839ec82d5,FCM,533646,D. Osorio,Progression,passes_into_final_third,14.0,count,90.0,2,team leading,D. Osorio ranks 2 within FCM for passes into final third (team leading).
8cfdb681-32cf-4ebf-81f1-5c0839ec82d5,FCM,423651,E. Chilufya,Progression,passes_into_final_third,1.0,count,40.0,12,around team median,E. Chilufya ranks 12 within FCM for passes into final third (around team median).
8cfdb681-32cf-4ebf-81f1-5c0839ec82d5,FCM,430901,E. Olafsson,Progression,passes_into_final_third,7.0,count,70.0,6,above team median,E. Olafsson ranks 6 within FCM for passes into final third (above team median).
8cfdb681-32cf-4ebf-81f1-5c0839ec82d5,FCM,450048,K. Askildsen,Progression,passes_into_final_third,0.0,count,17.5,14,none,K. Askildsen ranks 14 within FCM for passes into final third (none).
8cfdb681-32cf-4ebf-81f1-5c0839ec82d5,FCM,536679,P. Bravo,Progression,passes_into_final_third,0.0,count,17.5,14,none,P. Bravo ranks 14 within FCM for passes into final third (none).
8cfdb681-32cf-4ebf-81f1-5c0839ec82d5,FCM,57513,J. Lossl,Progression,passes_into_final_third,0.0,count,17.5,14,none,J. Lossl ranks 14 within FCM for passes into final third (none).
8cfdb681-32cf-4ebf-81f1-5c0839ec82d5,FCM,568423,V. Byskov,Progression,passes_into_final_third,6.0,count,60.0,8,above team median,V. Byskov ranks 8 within FCM for passes into final third (above team median).
8cfdb681-32cf-4ebf-81f1-5c0839ec82d5,FCM,553784,D. Castillo,Progression,passes_into_final_third,0.0,count,17.5,14,none,D. Castillo ranks 14 within FCM for passes into final third (none).
8cfdb681-32cf-4ebf-81f1-5c0839ec82d5,FCM,228044,M. Bech,Progression,passes_into_final_third,15.0,count,97.5,1,team leading,M. Bech ranks 1 within FCM for passes into final third (team leading).
8cfdb681-32cf-4ebf-81f1-5c0839ec82d5,FCM,494784,Oliver Sorensen,Progression,passes_into_final_third,6.0,count,60.0,8,above team median,Oliver Sorensen ranks 8 within FCM for passes into final third (above team median).
8cfdb681-32cf-4ebf-81f1-5c0839ec82d5,FCM,240529,J. Kuchta,Progression,passes_into_final_third,1.0,count,40.0,12,around team median,J. Kuchta ranks 12 within FCM for passes into final third (around team median).
8cfdb681-32cf-4ebf-81f1-5c0839ec82d5,FCM,492474,Lee Han-Beom,Progression,passes_into_final_third,0.0,count,17.5,14,none,Lee Han-Beom ranks 14 within FCM for passes into final third (none).
8cfdb681-32cf-4ebf-81f1-5c0839ec82d5,FCM,568414,M. Kruger-Johnsen,Progression,passes_into_final_third,0.0,count,17.5,14,none,M. Kruger-Johnsen ranks 14 within FCM for passes into final third (none).
8cfdb681-32cf-4ebf-81f1-5c0839ec82d5,FCM,120721,K. Mbabu,Progression,passes_into_final_third,14.0,count,90.0,2,team leading,K. Mbabu ranks 2 within FCM for passes into final third (team leading).
8cfdb681-32cf-4ebf-81f1-5c0839ec82d5,FCM,609108,O. Diao,Progression,passes_into_final_third,12.0,count,77.5,5,team leading,O. Diao ranks 5 within FCM for passes into final third (team leading).
8cfdb681-32cf-4ebf-81f1-5c0839ec82d5,FCM,477664,V. Lind,Progression,passes_into_final_third,0.0,count,17.5,14,none,V. Lind ranks 14 within FCM for passes into final third (none).
8cfdb681-32cf-4ebf-81f1-5c0839ec82d5,FCM,477672,A. Simsir,Progression,passes_into_final_third,3.0,count,52.5,10,above team median,A. Simsir ranks 10 within FCM for passes into final third (above team median).
8cfdb681-32cf-4ebf-81f1-5c0839ec82d5,FCM,474838,E. Martinez,Progression,passes_into_final_third,2.0,count,47.5,11,around team median,E. Martinez ranks 11 within FCM for passes into final third (around team median).
8cfdb681-32cf-4ebf-81f1-5c0839ec82d5,FCM,204164,J. Andersson,Progression,passes_into_final_third,13.0,count,82.5,4,team leading,J. Andersson ranks 4 within FCM for passes into final third (team leading).
8cfdb681-32cf-4ebf-81f1-5c0839ec82d5,FCM,551144,Franculino Dju,Progression,passes_into_final_third,7.0,count,70.0,6,above team median,Franculino Dju ranks 6 within FCM for passes into final third (above team median).
8cfdb681-32cf-4ebf-81f1-5c0839ec82d5,FCK,96787,M. Elyounoussi,Progression,carries_into_final_third,12.0,count,92.5,2,team leading,M. Elyounoussi ranks 2 within FCK for carries into final third (team leading).
8cfdb681-32cf-4ebf-81f1-5c0839ec82d5,FCK,166965,L. Lerager,Progression,carries_into_final_third,0.0,count,30.0,9,none,L. Lerager ranks 9 within FCK for carries into final third (none).
8cfdb681-32cf-4ebf-81f1-5c0839ec82d5,FCK,535944,R. Huescas,Progression,carries_into_final_third,1.0,count,65.0,7,above team median,R. Huescas ranks 7 within FCK for carries into final third (above team median).
8cfdb681-32cf-4ebf-81f1-5c0839ec82d5,FCK,114517,A. Cornelius,Progression,carries_into_final_third,0.0,count,30.0,9,none,A. Cornelius ranks 9 within FCK for carries into final third (none).
8cfdb681-32cf-4ebf-81f1-5c0839ec82d5,FCK,622714,Robert,Progression,carries_into_final_third,0.0,count,30.0,9,none,Robert ranks 9 within FCK for carries into final third (none).
8cfdb681-32cf-4ebf-81f1-5c0839ec82d5,FCK,590186,V. Froholdt,Progression,carries_into_final_third,0.0,count,30.0,9,none,V. Froholdt ranks 9 within FCK for carries into final third (none).
8cfdb681-32cf-4ebf-81f1-5c0839ec82d5,FCK,232398,N. Trott,Progression,carries_into_final_third,0.0,count,30.0,9,none,N. Trott ranks 9 within FCK for carries into final third (none).
8cfdb681-32cf-4ebf-81f1-5c0839ec82d5,FCK,512627,G. Gocholeishvili,Progression,carries_into_final_third,3.0,count,75.0,5,team leading,G. Gocholeishvili ranks 5 within FCK for carries into final third (team leading).
8cfdb681-32cf-4ebf-81f1-5c0839ec82d5,FCK,68640,T. Delaney,Progression,carries_into_final_third,1.0,count,65.0,7,above team median,T. Delaney ranks 7 within FCK for carries into final third (above team median).
8cfdb681-32cf-4ebf-81f1-5c0839ec82d5,FCK,193228,K. Diks,Progression,carries_into_final_third,3.0,count,75.0,5,team leading,K. Diks ranks 5 within FCK for carries into final third (team leading).
8cfdb681-32cf-4ebf-81f1-5c0839ec82d5,FCK,546545,E. Achouri,Progression,carries_into_final_third,13.0,count,97.5,1,team leading,E. Achouri ranks 1 within FCK for carries into final third (team leading).
8cfdb681-32cf-4ebf-81f1-5c0839ec82d5,FCK,115918,R. Runarsson,Progression,carries_into_final_third,0.0,count,30.0,9,none,R. Runarsson ranks 9 within FCK for carries into final third (none).
8cfdb681-32cf-4ebf-81f1-5c0839ec82d5,FCK,592864,O. Hojer,Progression,carries_into_final_third,0.0,count,30.0,9,none,O. Hojer ranks 9 within FCK for carries into final third (none).
8cfdb681-32cf-4ebf-81f1-5c0839ec82d5,FCK,590187,A. Chiakha,Progression,carries_into_final_third,0.0,count,30.0,9,none,A. Chiakha ranks 9 within FCK for carries into final third (none).
8cfdb681-32cf-4ebf-81f1-5c0839ec82d5,FCK,572146,M. Garan'anga,Progression,carries_into_final_third,0.0,count,30.0,9,none,M. Garan'anga ranks 9 within FCK for carries into final third (none).
8cfdb681-32cf-4ebf-81f1-5c0839ec82d5,FCK,475413,Gabriel Pereira,Progression,carries_into_final_third,0.0,count,30.0,9,none,Gabriel Pereira ranks 9 within FCK for carries into final third (none).
8cfdb681-32cf-4ebf-81f1-5c0839ec82d5,FCK,220246,P. Hatzidiakos,Progression,carries_into_final_third,0.0,count,30.0,9,none,P. Hatzidiakos ranks 9 within FCK for carries into final third (none).
8cfdb681-32cf-4ebf-81f1-5c0839ec82d5,FCK,111756,V. Claesson,Progression,carries_into_final_third,0.0,count,30.0,9,none,V. Claesson ranks 9 within FCK for carries into final third (none).
8cfdb681-32cf-4ebf-81f1-5c0839ec82d5,FCK,433957,M. Mattsson,Progression,carries_into_final_third,11.0,count,87.5,3,team leading,M. Mattsson ranks 3 within FCK for carries into final third (team leading).
8cfdb681-32cf-4ebf-81f1-5c0839ec82d5,FCK,457214,G. Onugkha,Progression,carries_into_final_third,9.0,count,82.5,4,team leading,G. Onugkha ranks 4 within FCK for carries into final third (team leading).
8cfdb681-32cf-4ebf-81f1-5c0839ec82d5,FCM,533646,D. Osorio,Progression,carries_into_final_third,7.0,count,97.5,1,team leading,D. Osorio ranks 1 within FCM for carries into final third (team leading).
8cfdb681-32cf-4ebf-81f1-5c0839ec82d5,FCM,423651,E. Chilufya,Progression,carries_into_final_third,5.0,count,82.5,4,team leading,E. Chilufya ranks 4 within FCM for carries into final third (team leading).
8cfdb681-32cf-4ebf-81f1-5c0839ec82d5,FCM,430901,E. Olafsson,Progression,carries_into_final_third,0.0,count,25.0,11,none,E. Olafsson ranks 11 within FCM for carries into final third (none).
8cfdb681-32cf-4ebf-81f1-5c0839ec82d5,FCM,450048,K. Askildsen,Progression,carries_into_final_third,0.0,count,25.0,11,none,K. Askildsen ranks 11 within FCM for carries into final third (none).
8cfdb681-32cf-4ebf-81f1-5c0839ec82d5,FCM,536679,P. Bravo,Progression,carries_into_final_third,0.0,count,25.0,11,none,P. Bravo ranks 11 within FCM for carries into final third (none).
8cfdb681-32cf-4ebf-81f1-5c0839ec82d5,FCM,57513,J. Lossl,Progression,carries_into_final_third,0.0,count,25.0,11,none,J. Lossl ranks 11 within FCM for carries into final third (none).
8cfdb681-32cf-4ebf-81f1-5c0839ec82d5,FCM,568423,V. Byskov,Progression,carries_into_final_third,2.0,count,57.5,8,above team median,V. Byskov ranks 8 within FCM for carries into final third (above team median).
8cfdb681-32cf-4ebf-81f1-5c0839ec82d5,FCM,553784,D. Castillo,Progression,carries_into_final_third,2.0,count,57.5,8,above team median,D. Castillo ranks 8 within FCM for carries into final third (above team median).
8cfdb681-32cf-4ebf-81f1-5c0839ec82d5,FCM,228044,M. Bech,Progression,carries_into_final_third,2.0,count,57.5,8,above team median,M. Bech ranks 8 within FCM for carries into final third (above team median).
8cfdb681-32cf-4ebf-81f1-5c0839ec82d5,FCM,494784,Oliver Sorensen,Progression,carries_into_final_third,0.0,count,25.0,11,none,Oliver Sorensen ranks 11 within FCM for carries into final third (none).
8cfdb681-32cf-4ebf-81f1-5c0839ec82d5,FCM,240529,J. Kuchta,Progression,carries_into_final_third,3.0,count,70.0,6,above team median,J. Kuchta ranks 6 within FCM for carries into final third (above team median).
8cfdb681-32cf-4ebf-81f1-5c0839ec82d5,FCM,492474,Lee Han-Beom,Progression,carries_into_final_third,0.0,count,25.0,11,none,Lee Han-Beom ranks 11 within FCM for carries into final third (none).
8cfdb681-32cf-4ebf-81f1-5c0839ec82d5,FCM,568414,M. Kruger-Johnsen,Progression,carries_into_final_third,0.0,count,25.0,11,none,M. Kruger-Johnsen ranks 11 within FCM for carries into final third (none).
8cfdb681-32cf-4ebf-81f1-5c0839ec82d5,FCM,120721,K. Mbabu,Progression,carries_into_final_third,6.0,count,90.0,2,team leading,K. Mbabu ranks 2 within FCM for carries into final third (team leading).
8cfdb681-32cf-4ebf-81f1-5c0839ec82d5,FCM,609108,O. Diao,Progression,carries_into_final_third,0.0,count,25.0,11,none,O. Diao ranks 11 within FCM for carries into final third (none).
8cfdb681-32cf-4ebf-81f1-5c0839ec82d5,FCM,477664,V. Lind,Progression,carries_into_final_third,0.0,count,25.0,11,none,V. Lind ranks 11 within FCM for carries into final third (none).
8cfdb681-32cf-4ebf-81f1-5c0839ec82d5,FCM,477672,A. Simsir,Progression,carries_into_final_third,3.0,count,70.0,6,above team median,A. Simsir ranks 6 within FCM for carries into final third (above team median).
8cfdb681-32cf-4ebf-81f1-5c0839ec82d5,FCM,474838,E. Martinez,Progression,carries_into_final_third,0.0,count,25.0,11,none,E. Martinez ranks 11 within FCM for carries into final third (none).
8cfdb681-32cf-4ebf-81f1-5c0839ec82d5,FCM,204164,J. Andersson,Progression,carries_into_final_third,6.0,count,90.0,2,team leading,J. Andersson ranks 2 within FCM for carries into final third (team leading).
8cfdb681-32cf-4ebf-81f1-5c0839ec82d5,FCM,551144,Franculino Dju,Progression,carries_into_final_third,4.0,count,77.5,5,team leading,Franculino Dju ranks 5 within FCM for carries into final third (team leading).
8cfdb681-32cf-4ebf-81f1-5c0839ec82d5,FCK,96787,M. Elyounoussi,Progression,vertical_distance_gained,589.63,meters,97.5,1,team leading,M. Elyounoussi ranks 1 within FCK for vertical distance gained (team leading).
8cfdb681-32cf-4ebf-81f1-5c0839ec82d5,FCK,166965,L. Lerager,Progression,vertical_distance_gained,208.1,meters,47.5,11,around team median,L. Lerager ranks 11 within FCK for vertical distance gained (around team median).
8cfdb681-32cf-4ebf-81f1-5c0839ec82d5,FCK,535944,R. Huescas,Progression,vertical_distance_gained,72.48,meters,37.5,13,around team median,R. Huescas ranks 13 within FCK for vertical distance gained (around team median).
8cfdb681-32cf-4ebf-81f1-5c0839ec82d5,FCK,114517,A. Cornelius,Progression,vertical_distance_gained,44.03,meters,27.5,15,around team median,A. Cornelius ranks 15 within FCK for vertical distance gained (around team median).
8cfdb681-32cf-4ebf-81f1-5c0839ec82d5,FCK,622714,Robert,Progression,vertical_distance_gained,0.0,meters,10.0,17,none,Robert ranks 17 within FCK for vertical distance gained (none).
8cfdb681-32cf-4ebf-81f1-5c0839ec82d5,FCK,590186,V. Froholdt,Progression,vertical_distance_gained,122.13,meters,42.5,12,around team median,V. Froholdt ranks 12 within FCK for vertical distance gained (around team median).
8cfdb681-32cf-4ebf-81f1-5c0839ec82d5,FCK,232398,N. Trott,Progression,vertical_distance_gained,552.43,meters,92.5,2,team leading,N. Trott ranks 2 within FCK for vertical distance gained (team leading).
8cfdb681-32cf-4ebf-81f1-5c0839ec82d5,FCK,512627,G. Gocholeishvili,Progression,vertical_distance_gained,528.34,meters,87.5,3,team leading,G. Gocholeishvili ranks 3 within FCK for vertical distance gained (team leading).
8cfdb681-32cf-4ebf-81f1-5c0839ec82d5,FCK,68640,T. Delaney,Progression,vertical_distance_gained,326.07,meters,52.5,10,above team median,T. Delaney ranks 10 within FCK for vertical distance gained (above team median).
8cfdb681-32cf-4ebf-81f1-5c0839ec82d5,FCK,193228,K. Diks,Progression,vertical_distance_gained,453.18,meters,72.5,6,above team median,K. Diks ranks 6 within FCK for vertical distance gained (above team median).
8cfdb681-32cf-4ebf-81f1-5c0839ec82d5,FCK,546545,E. Achouri,Progression,vertical_distance_gained,508.62,meters,82.5,4,team leading,E. Achouri ranks 4 within FCK for vertical distance gained (team leading).
8cfdb681-32cf-4ebf-81f1-5c0839ec82d5,FCK,115918,R. Runarsson,Progression,vertical_distance_gained,0.0,meters,10.0,17,none,R. Runarsson ranks 17 within FCK for vertical distance gained (none).
8cfdb681-32cf-4ebf-81f1-5c0839ec82d5,FCK,592864,O. Hojer,Progression,vertical_distance_gained,24.36,meters,22.5,16,low,O. Hojer ranks 16 within FCK for vertical distance gained (low).
8cfdb681-32cf-4ebf-81f1-5c0839ec82d5,FCK,590187,A. Chiakha,Progression,vertical_distance_gained,0.0,meters,10.0,17,none,A. Chiakha ranks 17 within FCK for vertical distance gained (none).
8cfdb681-32cf-4ebf-81f1-5c0839ec82d5,FCK,572146,M. Garan'anga,Progression,vertical_distance_gained,0.0,meters,10.0,17,none,M. Garan'anga ranks 17 within FCK for vertical distance gained (none).
8cfdb681-32cf-4ebf-81f1-5c0839ec82d5,FCK,475413,Gabriel Pereira,Progression,vertical_distance_gained,372.5,meters,62.5,8,above team median,Gabriel Pereira ranks 8 within FCK for vertical distance gained (above team median).
8cfdb681-32cf-4ebf-81f1-5c0839ec82d5,FCK,220246,P. Hatzidiakos,Progression,vertical_distance_gained,369.18,meters,57.5,9,above team median,P. Hatzidiakos ranks 9 within FCK for vertical distance gained (above team median).
8cfdb681-32cf-4ebf-81f1-5c0839ec82d5,FCK,111756,V. Claesson,Progression,vertical_distance_gained,45.2,meters,32.5,14,around team median,V. Claesson ranks 14 within FCK for vertical distance gained (around team median).
8cfdb681-32cf-4ebf-81f1-5c0839ec82d5,FCK,433957,M. Mattsson,Progression,vertical_distance_gained,473.52,meters,77.5,5,team leading,M. Mattsson ranks 5 within FCK for vertical distance gained (team leading).
8cfdb681-32cf-4ebf-81f1-5c0839ec82d5,FCK,457214,G. Onugkha,Progression,vertical_distance_gained,420.71,meters,67.5,7,above team median,G. Onugkha ranks 7 within FCK for vertical distance gained (above team median).
8cfdb681-32cf-4ebf-81f1-5c0839ec82d5,FCM,533646,D. Osorio,Progression,vertical_distance_gained,480.94,meters,82.5,4,team leading,D. Osorio ranks 4 within FCM for vertical distance gained (team leading).
8cfdb681-32cf-4ebf-81f1-5c0839ec82d5,FCM,423651,E. Chilufya,Progression,vertical_distance_gained,128.5,meters,42.5,12,around team median,E. Chilufya ranks 12 within FCM for vertical distance gained (around team median).
8cfdb681-32cf-4ebf-81f1-5c0839ec82d5,FCM,430901,E. Olafsson,Progression,vertical_distance_gained,426.77,meters,72.5,6,above team median,E. Olafsson ranks 6 within FCM for vertical distance gained (above team median).
8cfdb681-32cf-4ebf-81f1-5c0839ec82d5,FCM,450048,K. Askildsen,Progression,vertical_distance_gained,0.0,meters,15.0,15,none,K. Askildsen ranks 15 within FCM for vertical distance gained (none).
8cfdb681-32cf-4ebf-81f1-5c0839ec82d5,FCM,536679,P. Bravo,Progression,vertical_distance_gained,0.0,meters,15.0,15,none,P. Bravo ranks 15 within FCM for vertical distance gained (none).
8cfdb681-32cf-4ebf-81f1-5c0839ec82d5,FCM,57513,J. Lossl,Progression,vertical_distance_gained,0.0,meters,15.0,15,none,J. Lossl ranks 15 within FCM for vertical distance gained (none).
8cfdb681-32cf-4ebf-81f1-5c0839ec82d5,FCM,568423,V. Byskov,Progression,vertical_distance_gained,116.93,meters,37.5,13,around team median,V. Byskov ranks 13 within FCM for vertical distance gained (around team median).
8cfdb681-32cf-4ebf-81f1-5c0839ec82d5,FCM,553784,D. Castillo,Progression,vertical_distance_gained,26.83,meters,32.5,14,around team median,D. Castillo ranks 14 within FCM for vertical distance gained (around team median).
8cfdb681-32cf-4ebf-81f1-5c0839ec82d5,FCM,228044,M. Bech,Progression,vertical_distance_gained,549.28,meters,92.5,2,team leading,M. Bech ranks 2 within FCM for vertical distance gained (team leading).
8cfdb681-32cf-4ebf-81f1-5c0839ec82d5,FCM,494784,Oliver Sorensen,Progression,vertical_distance_gained,173.92,meters,52.5,10,above team median,Oliver Sorensen ranks 10 within FCM for vertical distance gained (above team median).
8cfdb681-32cf-4ebf-81f1-5c0839ec82d5,FCM,240529,J. Kuchta,Progression,vertical_distance_gained,168.58,meters,47.5,11,around team median,J. Kuchta ranks 11 within FCM for vertical distance gained (around team median).
8cfdb681-32cf-4ebf-81f1-5c0839ec82d5,FCM,492474,Lee Han-Beom,Progression,vertical_distance_gained,0.0,meters,15.0,15,none,Lee Han-Beom ranks 15 within FCM for vertical distance gained (none).
8cfdb681-32cf-4ebf-81f1-5c0839ec82d5,FCM,568414,M. Kruger-Johnsen,Progression,vertical_distance_gained,0.0,meters,15.0,15,none,M. Kruger-Johnsen ranks 15 within FCM for vertical distance gained (none).
8cfdb681-32cf-4ebf-81f1-5c0839ec82d5,FCM,120721,K. Mbabu,Progression,vertical_distance_gained,570.69,meters,97.5,1,team leading,K. Mbabu ranks 1 within FCM for vertical distance gained (team leading).
8cfdb681-32cf-4ebf-81f1-5c0839ec82d5,FCM,609108,O. Diao,Progression,vertical_distance_gained,465.19,meters,77.5,5,team leading,O. Diao ranks 5 within FCM for vertical distance gained (team leading).
8cfdb681-32cf-4ebf-81f1-5c0839ec82d5,FCM,477664,V. Lind,Progression,vertical_distance_gained,0.0,meters,15.0,15,none,V. Lind ranks 15 within FCM for vertical distance gained (none).
8cfdb681-32cf-4ebf-81f1-5c0839ec82d5,FCM,477672,A. Simsir,Progression,vertical_distance_gained,247.03,meters,57.5,9,above team median,A. Simsir ranks 9 within FCM for vertical distance gained (above team median).
8cfdb681-32cf-4ebf-81f1-5c0839ec82d5,FCM,474838,E. Martinez,Progression,vertical_distance_gained,257.75,meters,62.5,8,above team median,E. Martinez ranks 8 within FCM for vertical distance gained (above team median).
8cfdb681-32cf-4ebf-81f1-5c0839ec82d5,FCM,204164,J. Andersson,Progression,vertical_distance_gained,545.69,meters,87.5,3,team leading,J. Andersson ranks 3 within FCM for vertical distance gained (team leading).
8cfdb681-32cf-4ebf-81f1-5c0839ec82d5,FCM,551144,Franculino Dju,Progression,vertical_distance_gained,263.15,meters,67.5,7,above team median,Franculino Dju ranks 7 within FCM for vertical distance gained (above team median).
8cfdb681-32cf-4ebf-81f1-5c0839ec82d5,FCK,96787,M. Elyounoussi,Progression,progression_contribution_share,0.1154,share,97.5,1,team leading,M. Elyounoussi ranks 1 within FCK for progression contribution share (team leading).
8cfdb681-32cf-4ebf-81f1-5c0839ec82d5,FCK,166965,L. Lerager,Progression,progression_contribution_share,0.0407,share,47.5,11,around team median,L. Lerager ranks 11 within FCK for progression contribution share (around team median).
8cfdb681-32cf-4ebf-81f1-5c0839ec82d5,FCK,535944,R. Huescas,Progression,progression_contribution_share,0.0142,share,37.5,13,around team median,R. Huescas ranks 13 within FCK for progression contribution share (around team median).
8cfdb681-32cf-4ebf-81f1-5c0839ec82d5,FCK,114517,A. Cornelius,Progression,progression_contribution_share,0.0086,share,27.5,15,around team median,A. Cornelius ranks 15 within FCK for progression contribution share (around team median).
8cfdb681-32cf-4ebf-81f1-5c0839ec82d5,FCK,622714,Robert,Progression,progression_contribution_share,0.0,share,10.0,17,none,Robert ranks 17 within FCK for progression contribution share (none).
8cfdb681-32cf-4ebf-81f1-5c0839ec82d5,FCK,590186,V. Froholdt,Progression,progression_contribution_share,0.0239,share,42.5,12,around team median,V. Froholdt ranks 12 within FCK for progression contribution share (around team median).
8cfdb681-32cf-4ebf-81f1-5c0839ec82d5,FCK,232398,N. Trott,Progression,progression_contribution_share,0.1081,share,92.5,2,team leading,N. Trott ranks 2 within FCK for progression contribution share (team leading).
8cfdb681-32cf-4ebf-81f1-5c0839ec82d5,FCK,512627,G. Gocholeishvili,Progression,progression_contribution_share,0.1034,share,87.5,3,team leading,G. Gocholeishvili ranks 3 within FCK for progression contribution share (team leading).
8cfdb681-32cf-4ebf-81f1-5c0839ec82d5,FCK,68640,T. Delaney,Progression,progression_contribution_share,0.0638,share,52.5,10,above team median,T. Delaney ranks 10 within FCK for progression contribution share (above team median).
8cfdb681-32cf-4ebf-81f1-5c0839ec82d5,FCK,193228,K. Diks,Progression,progression_contribution_share,0.0887,share,72.5,6,above team median,K. Diks ranks 6 within FCK for progression contribution share (above team median).
8cfdb681-32cf-4ebf-81f1-5c0839ec82d5,FCK,546545,E. Achouri,Progression,progression_contribution_share,0.0995,share,82.5,4,team leading,E. Achouri ranks 4 within FCK for progression contribution share (team leading).
8cfdb681-32cf-4ebf-81f1-5c0839ec82d5,FCK,115918,R. Runarsson,Progression,progression_contribution_share,0.0,share,10.0,17,none,R. Runarsson ranks 17 within FCK for progression contribution share (none).
8cfdb681-32cf-4ebf-81f1-5c0839ec82d5,FCK,592864,O. Hojer,Progression,progression_contribution_share,0.0048,share,22.5,16,low,O. Hojer ranks 16 within FCK for progression contribution share (low).
8cfdb681-32cf-4ebf-81f1-5c0839ec82d5,FCK,590187,A. Chiakha,Progression,progression_contribution_share,0.0,share,10.0,17,none,A. Chiakha ranks 17 within FCK for progression contribution share (none).
8cfdb681-32cf-4ebf-81f1-5c0839ec82d5,FCK,572146,M. Garan'anga,Progression,progression_contribution_share,0.0,share,10.0,17,none,M. Garan'anga ranks 17 within FCK for progression contribution share (none).
8cfdb681-32cf-4ebf-81f1-5c0839ec82d5,FCK,475413,Gabriel Pereira,Progression,progression_contribution_share,0.0729,share,62.5,8,above team median,Gabriel Pereira ranks 8 within FCK for progression contribution share (above team median).
8cfdb681-32cf-4ebf-81f1-5c0839ec82d5,FCK,220246,P. Hatzidiakos,Progression,progression_contribution_share,0.0722,share,57.5,9,above team median,P. Hatzidiakos ranks 9 within FCK for progression contribution share (above team median).
8cfdb681-32cf-4ebf-81f1-5c0839ec82d5,FCK,111756,V. Claesson,Progression,progression_contribution_share,0.0088,share,32.5,14,around team median,V. Claesson ranks 14 within FCK for progression contribution share (around team median).
8cfdb681-32cf-4ebf-81f1-5c0839ec82d5,FCK,433957,M. Mattsson,Progression,progression_contribution_share,0.0927,share,77.5,5,team leading,M. Mattsson ranks 5 within FCK for progression contribution share (team leading).
8cfdb681-32cf-4ebf-81f1-5c0839ec82d5,FCK,457214,G. Onugkha,Progression,progression_contribution_share,0.0823,share,67.5,7,above team median,G. Onugkha ranks 7 within FCK for progression contribution share (above team median).
8cfdb681-32cf-4ebf-81f1-5c0839ec82d5,FCM,533646,D. Osorio,Progression,progression_contribution_share,0.1088,share,82.5,4,team leading,D. Osorio ranks 4 within FCM for progression contribution share (team leading).
8cfdb681-32cf-4ebf-81f1-5c0839ec82d5,FCM,423651,E. Chilufya,Progression,progression_contribution_share,0.0291,share,42.5,12,around team median,E. Chilufya ranks 12 within FCM for progression contribution share (around team median).
8cfdb681-32cf-4ebf-81f1-5c0839ec82d5,FCM,430901,E. Olafsson,Progression,progression_contribution_share,0.0965,share,72.5,6,above team median,E. Olafsson ranks 6 within FCM for progression contribution share (above team median).
8cfdb681-32cf-4ebf-81f1-5c0839ec82d5,FCM,450048,K. Askildsen,Progression,progression_contribution_share,0.0,share,15.0,15,none,K. Askildsen ranks 15 within FCM for progression contribution share (none).
8cfdb681-32cf-4ebf-81f1-5c0839ec82d5,FCM,536679,P. Bravo,Progression,progression_contribution_share,0.0,share,15.0,15,none,P. Bravo ranks 15 within FCM for progression contribution share (none).
8cfdb681-32cf-4ebf-81f1-5c0839ec82d5,FCM,57513,J. Lossl,Progression,progression_contribution_share,0.0,share,15.0,15,none,J. Lossl ranks 15 within FCM for progression contribution share (none).
8cfdb681-32cf-4ebf-81f1-5c0839ec82d5,FCM,568423,V. Byskov,Progression,progression_contribution_share,0.0264,share,37.5,13,around team median,V. Byskov ranks 13 within FCM for progression contribution share (around team median).
8cfdb681-32cf-4ebf-81f1-5c0839ec82d5,FCM,553784,D. Castillo,Progression,progression_contribution_share,0.0061,share,32.5,14,around team median,D. Castillo ranks 14 within FCM for progression contribution share (around team median).
8cfdb681-32cf-4ebf-81f1-5c0839ec82d5,FCM,228044,M. Bech,Progression,progression_contribution_share,0.1242,share,92.5,2,team leading,M. Bech ranks 2 within FCM for progression contribution share (team leading).
8cfdb681-32cf-4ebf-81f1-5c0839ec82d5,FCM,494784,Oliver Sorensen,Progression,progression_contribution_share,0.0393,share,52.5,10,above team median,Oliver Sorensen ranks 10 within FCM for progression contribution share (above team median).
8cfdb681-32cf-4ebf-81f1-5c0839ec82d5,FCM,240529,J. Kuchta,Progression,progression_contribution_share,0.0381,share,47.5,11,around team median,J. Kuchta ranks 11 within FCM for progression contribution share (around team median).
8cfdb681-32cf-4ebf-81f1-5c0839ec82d5,FCM,492474,Lee Han-Beom,Progression,progression_contribution_share,0.0,share,15.0,15,none,Lee Han-Beom ranks 15 within FCM for progression contribution share (none).
8cfdb681-32cf-4ebf-81f1-5c0839ec82d5,FCM,568414,M. Kruger-Johnsen,Progression,progression_contribution_share,0.0,share,15.0,15,none,M. Kruger-Johnsen ranks 15 within FCM for progression contribution share (none).
8cfdb681-32cf-4ebf-81f1-5c0839ec82d5,FCM,120721,K. Mbabu,Progression,progression_contribution_share,0.1291,share,97.5,1,team leading,K. Mbabu ranks 1 within FCM for progression contribution share (team leading).
8cfdb681-32cf-4ebf-81f1-5c0839ec82d5,FCM,609108,O. Diao,Progression,progression_contribution_share,0.1052,share,77.5,5,team leading,O. Diao ranks 5 within FCM for progression contribution share (team leading).
8cfdb681-32cf-4ebf-81f1-5c0839ec82d5,FCM,477664,V. Lind,Progression,progression_contribution_share,0.0,share,15.0,15,none,V. Lind ranks 15 within FCM for progression contribution share (none).
8cfdb681-32cf-4ebf-81f1-5c0839ec82d5,FCM,477672,A. Simsir,Progression,progression_contribution_share,0.0559,share,57.5,9,above team median,A. Simsir ranks 9 within FCM for progression contribution share (above team median).
8cfdb681-32cf-4ebf-81f1-5c0839ec82d5,FCM,474838,E. Martinez,Progression,progression_contribution_share,0.0583,share,62.5,8,above team median,E. Martinez ranks 8 within FCM for progression contribution share (above team median).
8cfdb681-32cf-4ebf-81f1-5c0839ec82d5,FCM,204164,J. Andersson,Progression,progression_contribution_share,0.1234,share,87.5,3,team leading,J. Andersson ranks 3 within FCM for progression contribution share (team leading).
8cfdb681-32cf-4ebf-81f1-5c0839ec82d5,FCM,551144,Franculino Dju,Progression,progression_contribution_share,0.0595,share,67.5,7,above team median,Franculino Dju ranks 7 within FCM for progression contribution share (above team median).
8cfdb681-32cf-4ebf-81f1-5c0839ec82d5,FCK,96787,M. Elyounoussi,Creation,key_passes,0.0,count,32.5,8,none,M. Elyounoussi ranks 8 within FCK for key passes (none).
8cfdb681-32cf-4ebf-81f1-5c0839ec82d5,FCK,166965,L. Lerager,Creation,key_passes,0.0,count,32.5,8,none,L. Lerager ranks 8 within FCK for key passes (none).
8cfdb681-32cf-4ebf-81f1-5c0839ec82d5,FCK,535944,R. Huescas,Creation,key_passes,0.0,count,32.5,8,none,R. Huescas ranks 8 within FCK for key passes (none).
8cfdb681-32cf-4ebf-81f1-5c0839ec82d5,FCK,114517,A. Cornelius,Creation,key_passes,1.0,count,72.5,5,above team median,A. Cornelius ranks 5 within FCK for key passes (above team median).
8cfdb681-32cf-4ebf-81f1-5c0839ec82d5,FCK,622714,Robert,Creation,key_passes,0.0,count,32.5,8,none,Robert ranks 8 within FCK for key passes (none).
8cfdb681-32cf-4ebf-81f1-5c0839ec82d5,FCK,590186,V. Froholdt,Creation,key_passes,2.0,count,82.5,4,team leading,V. Froholdt ranks 4 within FCK for key passes (team leading).
8cfdb681-32cf-4ebf-81f1-5c0839ec82d5,FCK,232398,N. Trott,Creation,key_passes,0.0,count,32.5,8,none,N. Trott ranks 8 within FCK for key passes (none).
8cfdb681-32cf-4ebf-81f1-5c0839ec82d5,FCK,512627,G. Gocholeishvili,Creation,key_passes,0.0,count,32.5,8,none,G. Gocholeishvili ranks 8 within FCK for key passes (none).
8cfdb681-32cf-4ebf-81f1-5c0839ec82d5,FCK,68640,T. Delaney,Creation,key_passes,4.0,count,95.0,1,team leading,T. Delaney ranks 1 within FCK for key passes (team leading).
8cfdb681-32cf-4ebf-81f1-5c0839ec82d5,FCK,193228,K. Diks,Creation,key_passes,1.0,count,72.5,5,above team median,K. Diks ranks 5 within FCK for key passes (above team median).
8cfdb681-32cf-4ebf-81f1-5c0839ec82d5,FCK,546545,E. Achouri,Creation,key_passes,0.0,count,32.5,8,none,E. Achouri ranks 8 within FCK for key passes (none).
8cfdb681-32cf-4ebf-81f1-5c0839ec82d5,FCK,115918,R. Runarsson,Creation,key_passes,0.0,count,32.5,8,none,R. Runarsson ranks 8 within FCK for key passes (none).
8cfdb681-32cf-4ebf-81f1-5c0839ec82d5,FCK,592864,O. Hojer,Creation,key_passes,1.0,count,72.5,5,above team median,O. Hojer ranks 5 within FCK for key passes (above team median).
8cfdb681-32cf-4ebf-81f1-5c0839ec82d5,FCK,590187,A. Chiakha,Creation,key_passes,0.0,count,32.5,8,none,A. Chiakha ranks 8 within FCK for key passes (none).
8cfdb681-32cf-4ebf-81f1-5c0839ec82d5,FCK,572146,M. Garan'anga,Creation,key_passes,0.0,count,32.5,8,none,M. Garan'anga ranks 8 within FCK for key passes (none).
8cfdb681-32cf-4ebf-81f1-5c0839ec82d5,FCK,475413,Gabriel Pereira,Creation,key_passes,4.0,count,95.0,1,team leading,Gabriel Pereira ranks 1 within FCK for key passes (team leading).
8cfdb681-32cf-4ebf-81f1-5c0839ec82d5,FCK,220246,P. Hatzidiakos,Creation,key_passes,0.0,count,32.5,8,none,P. Hatzidiakos ranks 8 within FCK for key passes (none).
8cfdb681-32cf-4ebf-81f1-5c0839ec82d5,FCK,111756,V. Claesson,Creation,key_passes,3.0,count,87.5,3,team leading,V. Claesson ranks 3 within FCK for key passes (team leading).
8cfdb681-32cf-4ebf-81f1-5c0839ec82d5,FCK,433957,M. Mattsson,Creation,key_passes,0.0,count,32.5,8,none,M. Mattsson ranks 8 within FCK for key passes (none).
8cfdb681-32cf-4ebf-81f1-5c0839ec82d5,FCK,457214,G. Onugkha,Creation,key_passes,0.0,count,32.5,8,none,G. Onugkha ranks 8 within FCK for key passes (none).
8cfdb681-32cf-4ebf-81f1-5c0839ec82d5,FCM,533646,D. Osorio,Creation,key_passes,4.0,count,92.5,2,team leading,D. Osorio ranks 2 within FCM for key passes (team leading).
8cfdb681-32cf-4ebf-81f1-5c0839ec82d5,FCM,423651,E. Chilufya,Creation,key_passes,3.0,count,85.0,3,team leading,E. Chilufya ranks 3 within FCM for key passes (team leading).
8cfdb681-32cf-4ebf-81f1-5c0839ec82d5,FCM,430901,E. Olafsson,Creation,key_passes,0.0,count,27.5,10,none,E. Olafsson ranks 10 within FCM for key passes (none).
8cfdb681-32cf-4ebf-81f1-5c0839ec82d5,FCM,450048,K. Askildsen,Creation,key_passes,0.0,count,27.5,10,none,K. Askildsen ranks 10 within FCM for key passes (none).
8cfdb681-32cf-4ebf-81f1-5c0839ec82d5,FCM,536679,P. Bravo,Creation,key_passes,0.0,count,27.5,10,none,P. Bravo ranks 10 within FCM for key passes (none).
8cfdb681-32cf-4ebf-81f1-5c0839ec82d5,FCM,57513,J. Lossl,Creation,key_passes,0.0,count,27.5,10,none,J. Lossl ranks 10 within FCM for key passes (none).
8cfdb681-32cf-4ebf-81f1-5c0839ec82d5,FCM,568423,V. Byskov,Creation,key_passes,0.0,count,27.5,10,none,V. Byskov ranks 10 within FCM for key passes (none).
8cfdb681-32cf-4ebf-81f1-5c0839ec82d5,FCM,553784,D. Castillo,Creation,key_passes,0.0,count,27.5,10,none,D. Castillo ranks 10 within FCM for key passes (none).
8cfdb681-32cf-4ebf-81f1-5c0839ec82d5,FCM,228044,M. Bech,Creation,key_passes,2.0,count,70.0,5,above team median,M. Bech ranks 5 within FCM for key passes (above team median).
8cfdb681-32cf-4ebf-81f1-5c0839ec82d5,FCM,494784,Oliver Sorensen,Creation,key_passes,2.0,count,70.0,5,above team median,Oliver Sorensen ranks 5 within FCM for key passes (above team median).
8cfdb681-32cf-4ebf-81f1-5c0839ec82d5,FCM,240529,J. Kuchta,Creation,key_passes,0.0,count,27.5,10,none,J. Kuchta ranks 10 within FCM for key passes (none).
8cfdb681-32cf-4ebf-81f1-5c0839ec82d5,FCM,492474,Lee Han-Beom,Creation,key_passes,0.0,count,27.5,10,none,Lee Han-Beom ranks 10 within FCM for key passes (none).
8cfdb681-32cf-4ebf-81f1-5c0839ec82d5,FCM,568414,M. Kruger-Johnsen,Creation,key_passes,0.0,count,27.5,10,none,M. Kruger-Johnsen ranks 10 within FCM for key passes (none).
8cfdb681-32cf-4ebf-81f1-5c0839ec82d5,FCM,120721,K. Mbabu,Creation,key_passes,0.0,count,27.5,10,none,K. Mbabu ranks 10 within FCM for key passes (none).
8cfdb681-32cf-4ebf-81f1-5c0839ec82d5,FCM,609108,O. Diao,Creation,key_passes,2.0,count,70.0,5,above team median,O. Diao ranks 5 within FCM for key passes (above team median).
8cfdb681-32cf-4ebf-81f1-5c0839ec82d5,FCM,477664,V. Lind,Creation,key_passes,0.0,count,27.5,10,none,V. Lind ranks 10 within FCM for key passes (none).
8cfdb681-32cf-4ebf-81f1-5c0839ec82d5,FCM,477672,A. Simsir,Creation,key_passes,1.0,count,57.5,9,above team median,A. Simsir ranks 9 within FCM for key passes (above team median).
8cfdb681-32cf-4ebf-81f1-5c0839ec82d5,FCM,474838,E. Martinez,Creation,key_passes,3.0,count,85.0,3,team leading,E. Martinez ranks 3 within FCM for key passes (team leading).
8cfdb681-32cf-4ebf-81f1-5c0839ec82d5,FCM,204164,J. Andersson,Creation,key_passes,5.0,count,97.5,1,team leading,J. Andersson ranks 1 within FCM for key passes (team leading).
8cfdb681-32cf-4ebf-81f1-5c0839ec82d5,FCM,551144,Franculino Dju,Creation,key_passes,2.0,count,70.0,5,above team median,Franculino Dju ranks 5 within FCM for key passes (above team median).
8cfdb681-32cf-4ebf-81f1-5c0839ec82d5,FCK,96787,M. Elyounoussi,Creation,key_passes_per_90,0.0,per_90,32.5,8,none,M. Elyounoussi ranks 8 within FCK for key passes per 90 (none).
8cfdb681-32cf-4ebf-81f1-5c0839ec82d5,FCK,166965,L. Lerager,Creation,key_passes_per_90,0.0,per_90,32.5,8,none,L. Lerager ranks 8 within FCK for key passes per 90 (none).
8cfdb681-32cf-4ebf-81f1-5c0839ec82d5,FCK,535944,R. Huescas,Creation,key_passes_per_90,0.0,per_90,32.5,8,none,R. Huescas ranks 8 within FCK for key passes per 90 (none).
8cfdb681-32cf-4ebf-81f1-5c0839ec82d5,FCK,114517,A. Cornelius,Creation,key_passes_per_90,3.9277,per_90,82.5,4,team leading,A. Cornelius ranks 4 within FCK for key passes per 90 (team leading).
8cfdb681-32cf-4ebf-81f1-5c0839ec82d5,FCK,622714,Robert,Creation,key_passes_per_90,0,per_90,32.5,8,none,Robert ranks 8 within FCK for key passes per 90 (none).
8cfdb681-32cf-4ebf-81f1-5c0839ec82d5,FCK,590186,V. Froholdt,Creation,key_passes_per_90,7.774,per_90,87.5,3,team leading,V. Froholdt ranks 3 within FCK for key passes per 90 (team leading).
8cfdb681-32cf-4ebf-81f1-5c0839ec82d5,FCK,232398,N. Trott,Creation,key_passes_per_90,0.0,per_90,32.5,8,none,N. Trott ranks 8 within FCK for key passes per 90 (none).
8cfdb681-32cf-4ebf-81f1-5c0839ec82d5,FCK,512627,G. Gocholeishvili,Creation,key_passes_per_90,0.0,per_90,32.5,8,none,G. Gocholeishvili ranks 8 within FCK for key passes per 90 (none).
8cfdb681-32cf-4ebf-81f1-5c0839ec82d5,FCK,68640,T. Delaney,Creation,key_passes_per_90,3.7277,per_90,75.0,5,team leading,T. Delaney ranks 5 within FCK for key passes per 90 (team leading).
8cfdb681-32cf-4ebf-81f1-5c0839ec82d5,FCK,193228,K. Diks,Creation,key_passes_per_90,0.9319,per_90,67.5,7,above team median,K. Diks ranks 7 within FCK for key passes per 90 (above team median).
8cfdb681-32cf-4ebf-81f1-5c0839ec82d5,FCK,546545,E. Achouri,Creation,key_passes_per_90,0.0,per_90,32.5,8,none,E. Achouri ranks 8 within FCK for key passes per 90 (none).
8cfdb681-32cf-4ebf-81f1-5c0839ec82d5,FCK,115918,R. Runarsson,Creation,key_passes_per_90,0,per_90,32.5,8,none,R. Runarsson ranks 8 within FCK for key passes per 90 (none).
8cfdb681-32cf-4ebf-81f1-5c0839ec82d5,FCK,592864,O. Hojer,Creation,key_passes_per_90,9.6629,per_90,92.5,2,team leading,O. Hojer ranks 2 within FCK for key passes per 90 (team leading).
8cfdb681-32cf-4ebf-81f1-5c0839ec82d5,FCK,590187,A. Chiakha,Creation,key_passes_per_90,0,per_90,32.5,8,none,A. Chiakha ranks 8 within FCK for key passes per 90 (none).
8cfdb681-32cf-4ebf-81f1-5c0839ec82d5,FCK,572146,M. Garan'anga,Creation,key_passes_per_90,0,per_90,32.5,8,none,M. Garan'anga ranks 8 within FCK for key passes per 90 (none).
8cfdb681-32cf-4ebf-81f1-5c0839ec82d5,FCK,475413,Gabriel Pereira,Creation,key_passes_per_90,3.7277,per_90,75.0,5,team leading,Gabriel Pereira ranks 5 within FCK for key passes per 90 (team leading).
8cfdb681-32cf-4ebf-81f1-5c0839ec82d5,FCK,220246,P. Hatzidiakos,Creation,key_passes_per_90,0.0,per_90,32.5,8,none,P. Hatzidiakos ranks 8 within FCK for key passes per 90 (none).
8cfdb681-32cf-4ebf-81f1-5c0839ec82d5,FCK,111756,V. Claesson,Creation,key_passes_per_90,21.3035,per_90,97.5,1,team leading,V. Claesson ranks 1 within FCK for key passes per 90 (team leading).
8cfdb681-32cf-4ebf-81f1-5c0839ec82d5,FCK,433957,M. Mattsson,Creation,key_passes_per_90,0.0,per_90,32.5,8,none,M. Mattsson ranks 8 within FCK for key passes per 90 (none).
8cfdb681-32cf-4ebf-81f1-5c0839ec82d5,FCK,457214,G. Onugkha,Creation,key_passes_per_90,0.0,per_90,32.5,8,none,G. Onugkha ranks 8 within FCK for key passes per 90 (none).
8cfdb681-32cf-4ebf-81f1-5c0839ec82d5,FCM,533646,D. Osorio,Creation,key_passes_per_90,3.931,per_90,87.5,3,team leading,D. Osorio ranks 3 within FCM for key passes per 90 (team leading).
8cfdb681-32cf-4ebf-81f1-5c0839ec82d5,FCM,423651,E. Chilufya,Creation,key_passes_per_90,8.2837,per_90,97.5,1,team leading,E. Chilufya ranks 1 within FCM for key passes per 90 (team leading).
8cfdb681-32cf-4ebf-81f1-5c0839ec82d5,FCM,430901,E. Olafsson,Creation,key_passes_per_90,0.0,per_90,27.5,10,none,E. Olafsson ranks 10 within FCM for key passes per 90 (none).
8cfdb681-32cf-4ebf-81f1-5c0839ec82d5,FCM,450048,K. Askildsen,Creation,key_passes_per_90,0,per_90,27.5,10,none,K. Askildsen ranks 10 within FCM for key passes per 90 (none).
8cfdb681-32cf-4ebf-81f1-5c0839ec82d5,FCM,536679,P. Bravo,Creation,key_passes_per_90,0,per_90,27.5,10,none,P. Bravo ranks 10 within FCM for key passes per 90 (none).
8cfdb681-32cf-4ebf-81f1-5c0839ec82d5,FCM,57513,J. Lossl,Creation,key_passes_per_90,0,per_90,27.5,10,none,J. Lossl ranks 10 within FCM for key passes per 90 (none).
8cfdb681-32cf-4ebf-81f1-5c0839ec82d5,FCM,568423,V. Byskov,Creation,key_passes_per_90,0.0,per_90,27.5,10,none,V. Byskov ranks 10 within FCM for key passes per 90 (none).
8cfdb681-32cf-4ebf-81f1-5c0839ec82d5,FCM,553784,D. Castillo,Creation,key_passes_per_90,0.0,per_90,27.5,10,none,D. Castillo ranks 10 within FCM for key passes per 90 (none).
8cfdb681-32cf-4ebf-81f1-5c0839ec82d5,FCM,228044,M. Bech,Creation,key_passes_per_90,1.8639,per_90,67.5,6,above team median,M. Bech ranks 6 within FCM for key passes per 90 (above team median).
8cfdb681-32cf-4ebf-81f1-5c0839ec82d5,FCM,494784,Oliver Sorensen,Creation,key_passes_per_90,1.8639,per_90,67.5,6,above team median,Oliver Sorensen ranks 6 within FCM for key passes per 90 (above team median).
8cfdb681-32cf-4ebf-81f1-5c0839ec82d5,FCM,240529,J. Kuchta,Creation,key_passes_per_90,0.0,per_90,27.5,10,none,J. Kuchta ranks 10 within FCM for key passes per 90 (none).
8cfdb681-32cf-4ebf-81f1-5c0839ec82d5,FCM,492474,Lee Han-Beom,Creation,key_passes_per_90,0.0,per_90,27.5,10,none,Lee Han-Beom ranks 10 within FCM for key passes per 90 (none).
8cfdb681-32cf-4ebf-81f1-5c0839ec82d5,FCM,568414,M. Kruger-Johnsen,Creation,key_passes_per_90,0,per_90,27.5,10,none,M. Kruger-Johnsen ranks 10 within FCM for key passes per 90 (none).
8cfdb681-32cf-4ebf-81f1-5c0839ec82d5,FCM,120721,K. Mbabu,Creation,key_passes_per_90,0.0,per_90,27.5,10,none,K. Mbabu ranks 10 within FCM for key passes per 90 (none).
8cfdb681-32cf-4ebf-81f1-5c0839ec82d5,FCM,609108,O. Diao,Creation,key_passes_per_90,1.8639,per_90,67.5,6,above team median,O. Diao ranks 6 within FCM for key passes per 90 (above team median).
8cfdb681-32cf-4ebf-81f1-5c0839ec82d5,FCM,477664,V. Lind,Creation,key_passes_per_90,0,per_90,27.5,10,none,V. Lind ranks 10 within FCM for key passes per 90 (none).
8cfdb681-32cf-4ebf-81f1-5c0839ec82d5,FCM,477672,A. Simsir,Creation,key_passes_per_90,1.4049,per_90,57.5,9,above team median,A. Simsir ranks 9 within FCM for key passes per 90 (above team median).
8cfdb681-32cf-4ebf-81f1-5c0839ec82d5,FCM,474838,E. Martinez,Creation,key_passes_per_90,2.7958,per_90,82.5,4,team leading,E. Martinez ranks 4 within FCM for key passes per 90 (team leading).
8cfdb681-32cf-4ebf-81f1-5c0839ec82d5,FCM,204164,J. Andersson,Creation,key_passes_per_90,4.6597,per_90,92.5,2,team leading,J. Andersson ranks 2 within FCM for key passes per 90 (team leading).
8cfdb681-32cf-4ebf-81f1-5c0839ec82d5,FCM,551144,Franculino Dju,Creation,key_passes_per_90,2.0916,per_90,77.5,5,team leading,Franculino Dju ranks 5 within FCM for key passes per 90 (team leading).
8cfdb681-32cf-4ebf-81f1-5c0839ec82d5,FCK,96787,M. Elyounoussi,Creation,passes_into_box,1.0,count,67.5,4,above team median,M. Elyounoussi ranks 4 within FCK for passes into box (above team median).
8cfdb681-32cf-4ebf-81f1-5c0839ec82d5,FCK,166965,L. Lerager,Creation,passes_into_box,1.0,count,67.5,4,above team median,L. Lerager ranks 4 within FCK for passes into box (above team median).
8cfdb681-32cf-4ebf-81f1-5c0839ec82d5,FCK,535944,R. Huescas,Creation,passes_into_box,0.0,count,25.0,11,none,R. Huescas ranks 11 within FCK for passes into box (none).
8cfdb681-32cf-4ebf-81f1-5c0839ec82d5,FCK,114517,A. Cornelius,Creation,passes_into_box,0.0,count,25.0,11,none,A. Cornelius ranks 11 within FCK for passes into box (none).
8cfdb681-32cf-4ebf-81f1-5c0839ec82d5,FCK,622714,Robert,Creation,passes_into_box,0.0,count,25.0,11,none,Robert ranks 11 within FCK for passes into box (none).
8cfdb681-32cf-4ebf-81f1-5c0839ec82d5,FCK,590186,V. Froholdt,Creation,passes_into_box,1.0,count,67.5,4,above team median,V. Froholdt ranks 4 within FCK for passes into box (above team median).
8cfdb681-32cf-4ebf-81f1-5c0839ec82d5,FCK,232398,N. Trott,Creation,passes_into_box,2.0,count,87.5,3,team leading,N. Trott ranks 3 within FCK for passes into box (team leading).
8cfdb681-32cf-4ebf-81f1-5c0839ec82d5,FCK,512627,G. Gocholeishvili,Creation,passes_into_box,1.0,count,67.5,4,above team median,G. Gocholeishvili ranks 4 within FCK for passes into box (above team median).
8cfdb681-32cf-4ebf-81f1-5c0839ec82d5,FCK,68640,T. Delaney,Creation,passes_into_box,0.0,count,25.0,11,none,T. Delaney ranks 11 within FCK for passes into box (none).
8cfdb681-32cf-4ebf-81f1-5c0839ec82d5,FCK,193228,K. Diks,Creation,passes_into_box,1.0,count,67.5,4,above team median,K. Diks ranks 4 within FCK for passes into box (above team median).
8cfdb681-32cf-4ebf-81f1-5c0839ec82d5,FCK,546545,E. Achouri,Creation,passes_into_box,3.0,count,95.0,1,team leading,E. Achouri ranks 1 within FCK for passes into box (team leading).
8cfdb681-32cf-4ebf-81f1-5c0839ec82d5,FCK,115918,R. Runarsson,Creation,passes_into_box,0.0,count,25.0,11,none,R. Runarsson ranks 11 within FCK for passes into box (none).
8cfdb681-32cf-4ebf-81f1-5c0839ec82d5,FCK,592864,O. Hojer,Creation,passes_into_box,0.0,count,25.0,11,none,O. Hojer ranks 11 within FCK for passes into box (none).
8cfdb681-32cf-4ebf-81f1-5c0839ec82d5,FCK,590187,A. Chiakha,Creation,passes_into_box,0.0,count,25.0,11,none,A. Chiakha ranks 11 within FCK for passes into box (none).
8cfdb681-32cf-4ebf-81f1-5c0839ec82d5,FCK,572146,M. Garan'anga,Creation,passes_into_box,0.0,count,25.0,11,none,M. Garan'anga ranks 11 within FCK for passes into box (none).
8cfdb681-32cf-4ebf-81f1-5c0839ec82d5,FCK,475413,Gabriel Pereira,Creation,passes_into_box,1.0,count,67.5,4,above team median,Gabriel Pereira ranks 4 within FCK for passes into box (above team median).
8cfdb681-32cf-4ebf-81f1-5c0839ec82d5,FCK,220246,P. Hatzidiakos,Creation,passes_into_box,0.0,count,25.0,11,none,P. Hatzidiakos ranks 11 within FCK for passes into box (none).
8cfdb681-32cf-4ebf-81f1-5c0839ec82d5,FCK,111756,V. Claesson,Creation,passes_into_box,0.0,count,25.0,11,none,V. Claesson ranks 11 within FCK for passes into box (none).
8cfdb681-32cf-4ebf-81f1-5c0839ec82d5,FCK,433957,M. Mattsson,Creation,passes_into_box,3.0,count,95.0,1,team leading,M. Mattsson ranks 1 within FCK for passes into box (team leading).
8cfdb681-32cf-4ebf-81f1-5c0839ec82d5,FCK,457214,G. Onugkha,Creation,passes_into_box,1.0,count,67.5,4,above team median,G. Onugkha ranks 4 within FCK for passes into box (above team median).
8cfdb681-32cf-4ebf-81f1-5c0839ec82d5,FCM,533646,D. Osorio,Creation,passes_into_box,10.0,count,97.5,1,team leading,D. Osorio ranks 1 within FCM for passes into box (team leading).
8cfdb681-32cf-4ebf-81f1-5c0839ec82d5,FCM,423651,E. Chilufya,Creation,passes_into_box,1.0,count,47.5,10,around team median,E. Chilufya ranks 10 within FCM for passes into box (around team median).
8cfdb681-32cf-4ebf-81f1-5c0839ec82d5,FCM,430901,E. Olafsson,Creation,passes_into_box,3.0,count,72.5,4,above team median,E. Olafsson ranks 4 within FCM for passes into box (above team median).
8cfdb681-32cf-4ebf-81f1-5c0839ec82d5,FCM,450048,K. Askildsen,Creation,passes_into_box,0.0,count,20.0,13,none,K. Askildsen ranks 13 within FCM for passes into box (none).
8cfdb681-32cf-4ebf-81f1-5c0839ec82d5,FCM,536679,P. Bravo,Creation,passes_into_box,0.0,count,20.0,13,none,P. Bravo ranks 13 within FCM for passes into box (none).
8cfdb681-32cf-4ebf-81f1-5c0839ec82d5,FCM,57513,J. Lossl,Creation,passes_into_box,0.0,count,20.0,13,none,J. Lossl ranks 13 within FCM for passes into box (none).
8cfdb681-32cf-4ebf-81f1-5c0839ec82d5,FCM,568423,V. Byskov,Creation,passes_into_box,3.0,count,72.5,4,above team median,V. Byskov ranks 4 within FCM for passes into box (above team median).
8cfdb681-32cf-4ebf-81f1-5c0839ec82d5,FCM,553784,D. Castillo,Creation,passes_into_box,0.0,count,20.0,13,none,D. Castillo ranks 13 within FCM for passes into box (none).
8cfdb681-32cf-4ebf-81f1-5c0839ec82d5,FCM,228044,M. Bech,Creation,passes_into_box,6.0,count,92.5,2,team leading,M. Bech ranks 2 within FCM for passes into box (team leading).
8cfdb681-32cf-4ebf-81f1-5c0839ec82d5,FCM,494784,Oliver Sorensen,Creation,passes_into_box,3.0,count,72.5,4,above team median,Oliver Sorensen ranks 4 within FCM for passes into box (above team median).
8cfdb681-32cf-4ebf-81f1-5c0839ec82d5,FCM,240529,J. Kuchta,Creation,passes_into_box,1.0,count,47.5,10,around team median,J. Kuchta ranks 10 within FCM for passes into box (around team median).
8cfdb681-32cf-4ebf-81f1-5c0839ec82d5,FCM,492474,Lee Han-Beom,Creation,passes_into_box,0.0,count,20.0,13,none,Lee Han-Beom ranks 13 within FCM for passes into box (none).
8cfdb681-32cf-4ebf-81f1-5c0839ec82d5,FCM,568414,M. Kruger-Johnsen,Creation,passes_into_box,0.0,count,20.0,13,none,M. Kruger-Johnsen ranks 13 within FCM for passes into box (none).
8cfdb681-32cf-4ebf-81f1-5c0839ec82d5,FCM,120721,K. Mbabu,Creation,passes_into_box,2.0,count,57.5,9,above team median,K. Mbabu ranks 9 within FCM for passes into box (above team median).
8cfdb681-32cf-4ebf-81f1-5c0839ec82d5,FCM,609108,O. Diao,Creation,passes_into_box,3.0,count,72.5,4,above team median,O. Diao ranks 4 within FCM for passes into box (above team median).
8cfdb681-32cf-4ebf-81f1-5c0839ec82d5,FCM,477664,V. Lind,Creation,passes_into_box,0.0,count,20.0,13,none,V. Lind ranks 13 within FCM for passes into box (none).
8cfdb681-32cf-4ebf-81f1-5c0839ec82d5,FCM,477672,A. Simsir,Creation,passes_into_box,1.0,count,47.5,10,around team median,A. Simsir ranks 10 within FCM for passes into box (around team median).
8cfdb681-32cf-4ebf-81f1-5c0839ec82d5,FCM,474838,E. Martinez,Creation,passes_into_box,0.0,count,20.0,13,none,E. Martinez ranks 13 within FCM for passes into box (none).
8cfdb681-32cf-4ebf-81f1-5c0839ec82d5,FCM,204164,J. Andersson,Creation,passes_into_box,4.0,count,87.5,3,team leading,J. Andersson ranks 3 within FCM for passes into box (team leading).
8cfdb681-32cf-4ebf-81f1-5c0839ec82d5,FCM,551144,Franculino Dju,Creation,passes_into_box,3.0,count,72.5,4,above team median,Franculino Dju ranks 4 within FCM for passes into box (above team median).
8cfdb681-32cf-4ebf-81f1-5c0839ec82d5,FCK,96787,M. Elyounoussi,Creation,threat_contribution,1.5281,threat,92.5,2,team leading,M. Elyounoussi ranks 2 within FCK for threat contribution (team leading).
8cfdb681-32cf-4ebf-81f1-5c0839ec82d5,FCK,166965,L. Lerager,Creation,threat_contribution,0.39,threat,67.5,7,above team median,L. Lerager ranks 7 within FCK for threat contribution (above team median).
8cfdb681-32cf-4ebf-81f1-5c0839ec82d5,FCK,535944,R. Huescas,Creation,threat_contribution,0.05,threat,27.5,15,around team median,R. Huescas ranks 15 within FCK for threat contribution (around team median).
8cfdb681-32cf-4ebf-81f1-5c0839ec82d5,FCK,114517,A. Cornelius,Creation,threat_contribution,0.0339,threat,22.5,16,low,A. Cornelius ranks 16 within FCK for threat contribution (low).
8cfdb681-32cf-4ebf-81f1-5c0839ec82d5,FCK,622714,Robert,Creation,threat_contribution,0.0,threat,10.0,17,none,Robert ranks 17 within FCK for threat contribution (none).
8cfdb681-32cf-4ebf-81f1-5c0839ec82d5,FCK,590186,V. Froholdt,Creation,threat_contribution,0.07,threat,32.5,14,around team median,V. Froholdt ranks 14 within FCK for threat contribution (around team median).
8cfdb681-32cf-4ebf-81f1-5c0839ec82d5,FCK,232398,N. Trott,Creation,threat_contribution,0.21,threat,42.5,12,around team median,N. Trott ranks 12 within FCK for threat contribution (around team median).
8cfdb681-32cf-4ebf-81f1-5c0839ec82d5,FCK,512627,G. Gocholeishvili,Creation,threat_contribution,0.55,threat,72.5,6,above team median,G. Gocholeishvili ranks 6 within FCK for threat contribution (above team median).
8cfdb681-32cf-4ebf-81f1-5c0839ec82d5,FCK,68640,T. Delaney,Creation,threat_contribution,0.36,threat,62.5,8,above team median,T. Delaney ranks 8 within FCK for threat contribution (above team median).
8cfdb681-32cf-4ebf-81f1-5c0839ec82d5,FCK,193228,K. Diks,Creation,threat_contribution,2.03,threat,97.5,1,team leading,K. Diks ranks 1 within FCK for threat contribution (team leading).
8cfdb681-32cf-4ebf-81f1-5c0839ec82d5,FCK,546545,E. Achouri,Creation,threat_contribution,1.348,threat,87.5,3,team leading,E. Achouri ranks 3 within FCK for threat contribution (team leading).
8cfdb681-32cf-4ebf-81f1-5c0839ec82d5,FCK,115918,R. Runarsson,Creation,threat_contribution,0.0,threat,10.0,17,none,R. Runarsson ranks 17 within FCK for threat contribution (none).
8cfdb681-32cf-4ebf-81f1-5c0839ec82d5,FCK,592864,O. Hojer,Creation,threat_contribution,0.3548,threat,57.5,9,above team median,O. Hojer ranks 9 within FCK for threat contribution (above team median).
8cfdb681-32cf-4ebf-81f1-5c0839ec82d5,FCK,590187,A. Chiakha,Creation,threat_contribution,0.0,threat,10.0,17,none,A. Chiakha ranks 17 within FCK for threat contribution (none).
8cfdb681-32cf-4ebf-81f1-5c0839ec82d5,FCK,572146,M. Garan'anga,Creation,threat_contribution,0.0,threat,10.0,17,none,M. Garan'anga ranks 17 within FCK for threat contribution (none).
8cfdb681-32cf-4ebf-81f1-5c0839ec82d5,FCK,475413,Gabriel Pereira,Creation,threat_contribution,0.29,threat,52.5,10,above team median,Gabriel Pereira ranks 10 within FCK for threat contribution (above team median).
8cfdb681-32cf-4ebf-81f1-5c0839ec82d5,FCK,220246,P. Hatzidiakos,Creation,threat_contribution,0.25,threat,47.5,11,around team median,P. Hatzidiakos ranks 11 within FCK for threat contribution (around team median).
8cfdb681-32cf-4ebf-81f1-5c0839ec82d5,FCK,111756,V. Claesson,Creation,threat_contribution,0.1,threat,37.5,13,around team median,V. Claesson ranks 13 within FCK for threat contribution (around team median).
8cfdb681-32cf-4ebf-81f1-5c0839ec82d5,FCK,433957,M. Mattsson,Creation,threat_contribution,1.2034,threat,77.5,5,team leading,M. Mattsson ranks 5 within FCK for threat contribution (team leading).
8cfdb681-32cf-4ebf-81f1-5c0839ec82d5,FCK,457214,G. Onugkha,Creation,threat_contribution,1.3452,threat,82.5,4,team leading,G. Onugkha ranks 4 within FCK for threat contribution (team leading).
8cfdb681-32cf-4ebf-81f1-5c0839ec82d5,FCM,533646,D. Osorio,Creation,threat_contribution,1.983,threat,97.5,1,team leading,D. Osorio ranks 1 within FCM for threat contribution (team leading).
8cfdb681-32cf-4ebf-81f1-5c0839ec82d5,FCM,423651,E. Chilufya,Creation,threat_contribution,0.32,threat,47.5,11,around team median,E. Chilufya ranks 11 within FCM for threat contribution (around team median).
8cfdb681-32cf-4ebf-81f1-5c0839ec82d5,FCM,430901,E. Olafsson,Creation,threat_contribution,0.24,threat,42.5,12,around team median,E. Olafsson ranks 12 within FCM for threat contribution (around team median).
8cfdb681-32cf-4ebf-81f1-5c0839ec82d5,FCM,450048,K. Askildsen,Creation,threat_contribution,0.0,threat,17.5,14,none,K. Askildsen ranks 14 within FCM for threat contribution (none).
8cfdb681-32cf-4ebf-81f1-5c0839ec82d5,FCM,536679,P. Bravo,Creation,threat_contribution,0.0,threat,17.5,14,none,P. Bravo ranks 14 within FCM for threat contribution (none).
8cfdb681-32cf-4ebf-81f1-5c0839ec82d5,FCM,57513,J. Lossl,Creation,threat_contribution,0.0,threat,17.5,14,none,J. Lossl ranks 14 within FCM for threat contribution (none).
8cfdb681-32cf-4ebf-81f1-5c0839ec82d5,FCM,568423,V. Byskov,Creation,threat_contribution,0.5,threat,57.5,9,above team median,V. Byskov ranks 9 within FCM for threat contribution (above team median).
8cfdb681-32cf-4ebf-81f1-5c0839ec82d5,FCM,553784,D. Castillo,Creation,threat_contribution,0.0,threat,17.5,14,none,D. Castillo ranks 14 within FCM for threat contribution (none).
8cfdb681-32cf-4ebf-81f1-5c0839ec82d5,FCM,228044,M. Bech,Creation,threat_contribution,0.8791,threat,82.5,4,team leading,M. Bech ranks 4 within FCM for threat contribution (team leading).
8cfdb681-32cf-4ebf-81f1-5c0839ec82d5,FCM,494784,Oliver Sorensen,Creation,threat_contribution,0.6337,threat,62.5,8,above team median,Oliver Sorensen ranks 8 within FCM for threat contribution (above team median).
8cfdb681-32cf-4ebf-81f1-5c0839ec82d5,FCM,240529,J. Kuchta,Creation,threat_contribution,0.47,threat,52.5,10,above team median,J. Kuchta ranks 10 within FCM for threat contribution (above team median).
8cfdb681-32cf-4ebf-81f1-5c0839ec82d5,FCM,492474,Lee Han-Beom,Creation,threat_contribution,0.0,threat,17.5,14,none,Lee Han-Beom ranks 14 within FCM for threat contribution (none).
8cfdb681-32cf-4ebf-81f1-5c0839ec82d5,FCM,568414,M. Kruger-Johnsen,Creation,threat_contribution,0.0,threat,17.5,14,none,M. Kruger-Johnsen ranks 14 within FCM for threat contribution (none).
8cfdb681-32cf-4ebf-81f1-5c0839ec82d5,FCM,120721,K. Mbabu,Creation,threat_contribution,1.4774,threat,92.5,2,team leading,K. Mbabu ranks 2 within FCM for threat contribution (team leading).
8cfdb681-32cf-4ebf-81f1-5c0839ec82d5,FCM,609108,O. Diao,Creation,threat_contribution,0.7171,threat,72.5,6,above team median,O. Diao ranks 6 within FCM for threat contribution (above team median).
8cfdb681-32cf-4ebf-81f1-5c0839ec82d5,FCM,477664,V. Lind,Creation,threat_contribution,0.0,threat,17.5,14,none,V. Lind ranks 14 within FCM for threat contribution (none).
8cfdb681-32cf-4ebf-81f1-5c0839ec82d5,FCM,477672,A. Simsir,Creation,threat_contribution,0.6362,threat,67.5,7,above team median,A. Simsir ranks 7 within FCM for threat contribution (above team median).
8cfdb681-32cf-4ebf-81f1-5c0839ec82d5,FCM,474838,E. Martinez,Creation,threat_contribution,0.0959,threat,37.5,13,around team median,E. Martinez ranks 13 within FCM for threat contribution (around team median).
8cfdb681-32cf-4ebf-81f1-5c0839ec82d5,FCM,204164,J. Andersson,Creation,threat_contribution,1.42,threat,87.5,3,team leading,J. Andersson ranks 3 within FCM for threat contribution (team leading).
8cfdb681-32cf-4ebf-81f1-5c0839ec82d5,FCM,551144,Franculino Dju,Creation,threat_contribution,0.725,threat,77.5,5,team leading,Franculino Dju ranks 5 within FCM for threat contribution (team leading).
8cfdb681-32cf-4ebf-81f1-5c0839ec82d5,FCK,96787,M. Elyounoussi,Creation,threat_contribution_per_90,1.5761,per_90,82.5,4,team leading,M. Elyounoussi ranks 4 within FCK for threat contribution per 90 (team leading).
8cfdb681-32cf-4ebf-81f1-5c0839ec82d5,FCK,166965,L. Lerager,Creation,threat_contribution_per_90,0.3635,per_90,57.5,9,above team median,L. Lerager ranks 9 within FCK for threat contribution per 90 (above team median).
8cfdb681-32cf-4ebf-81f1-5c0839ec82d5,FCK,535944,R. Huescas,Creation,threat_contribution_per_90,0.3573,per_90,52.5,10,above team median,R. Huescas ranks 10 within FCK for threat contribution per 90 (above team median).
8cfdb681-32cf-4ebf-81f1-5c0839ec82d5,FCK,114517,A. Cornelius,Creation,threat_contribution_per_90,0.1332,per_90,22.5,16,low,A. Cornelius ranks 16 within FCK for threat contribution per 90 (low).
8cfdb681-32cf-4ebf-81f1-5c0839ec82d5,FCK,622714,Robert,Creation,threat_contribution_per_90,0,per_90,10.0,17,none,Robert ranks 17 within FCK for threat contribution per 90 (none).
8cfdb681-32cf-4ebf-81f1-5c0839ec82d5,FCK,590186,V. Froholdt,Creation,threat_contribution_per_90,0.2721,per_90,42.5,12,around team median,V. Froholdt ranks 12 within FCK for threat contribution per 90 (around team median).
8cfdb681-32cf-4ebf-81f1-5c0839ec82d5,FCK,232398,N. Trott,Creation,threat_contribution_per_90,0.1957,per_90,27.5,15,around team median,N. Trott ranks 15 within FCK for threat contribution per 90 (around team median).
8cfdb681-32cf-4ebf-81f1-5c0839ec82d5,FCK,512627,G. Gocholeishvili,Creation,threat_contribution_per_90,0.5894,per_90,62.5,8,above team median,G. Gocholeishvili ranks 8 within FCK for threat contribution per 90 (above team median).
8cfdb681-32cf-4ebf-81f1-5c0839ec82d5,FCK,68640,T. Delaney,Creation,threat_contribution_per_90,0.3355,per_90,47.5,11,around team median,T. Delaney ranks 11 within FCK for threat contribution per 90 (around team median).
8cfdb681-32cf-4ebf-81f1-5c0839ec82d5,FCK,193228,K. Diks,Creation,threat_contribution_per_90,1.8918,per_90,92.5,2,team leading,K. Diks ranks 2 within FCK for threat contribution per 90 (team leading).
8cfdb681-32cf-4ebf-81f1-5c0839ec82d5,FCK,546545,E. Achouri,Creation,threat_contribution_per_90,1.6524,per_90,87.5,3,team leading,E. Achouri ranks 3 within FCK for threat contribution per 90 (team leading).
8cfdb681-32cf-4ebf-81f1-5c0839ec82d5,FCK,115918,R. Runarsson,Creation,threat_contribution_per_90,0,per_90,10.0,17,none,R. Runarsson ranks 17 within FCK for threat contribution per 90 (none).
8cfdb681-32cf-4ebf-81f1-5c0839ec82d5,FCK,592864,O. Hojer,Creation,threat_contribution_per_90,3.4284,per_90,97.5,1,team leading,O. Hojer ranks 1 within FCK for threat contribution per 90 (team leading).
8cfdb681-32cf-4ebf-81f1-5c0839ec82d5,FCK,590187,A. Chiakha,Creation,threat_contribution_per_90,0,per_90,10.0,17,none,A. Chiakha ranks 17 within FCK for threat contribution per 90 (none).
8cfdb681-32cf-4ebf-81f1-5c0839ec82d5,FCK,572146,M. Garan'anga,Creation,threat_contribution_per_90,0,per_90,10.0,17,none,M. Garan'anga ranks 17 within FCK for threat contribution per 90 (none).
8cfdb681-32cf-4ebf-81f1-5c0839ec82d5,FCK,475413,Gabriel Pereira,Creation,threat_contribution_per_90,0.2703,per_90,37.5,13,around team median,Gabriel Pereira ranks 13 within FCK for threat contribution per 90 (around team median).
8cfdb681-32cf-4ebf-81f1-5c0839ec82d5,FCK,220246,P. Hatzidiakos,Creation,threat_contribution_per_90,0.2682,per_90,32.5,14,around team median,P. Hatzidiakos ranks 14 within FCK for threat contribution per 90 (around team median).
8cfdb681-32cf-4ebf-81f1-5c0839ec82d5,FCK,111756,V. Claesson,Creation,threat_contribution_per_90,0.7101,per_90,67.5,7,above team median,V. Claesson ranks 7 within FCK for threat contribution per 90 (above team median).
8cfdb681-32cf-4ebf-81f1-5c0839ec82d5,FCK,433957,M. Mattsson,Creation,threat_contribution_per_90,1.4704,per_90,77.5,5,team leading,M. Mattsson ranks 5 within FCK for threat contribution per 90 (team leading).
8cfdb681-32cf-4ebf-81f1-5c0839ec82d5,FCK,457214,G. Onugkha,Creation,threat_contribution_per_90,1.2536,per_90,72.5,6,above team median,G. Onugkha ranks 6 within FCK for threat contribution per 90 (above team median).
8cfdb681-32cf-4ebf-81f1-5c0839ec82d5,FCM,533646,D. Osorio,Creation,threat_contribution_per_90,1.9488,per_90,97.5,1,team leading,D. Osorio ranks 1 within FCM for threat contribution per 90 (team leading).
8cfdb681-32cf-4ebf-81f1-5c0839ec82d5,FCM,423651,E. Chilufya,Creation,threat_contribution_per_90,0.8836,per_90,72.5,6,above team median,E. Chilufya ranks 6 within FCM for threat contribution per 90 (above team median).
8cfdb681-32cf-4ebf-81f1-5c0839ec82d5,FCM,430901,E. Olafsson,Creation,threat_contribution_per_90,0.2237,per_90,42.5,12,around team median,E. Olafsson ranks 12 within FCM for threat contribution per 90 (around team median).
8cfdb681-32cf-4ebf-81f1-5c0839ec82d5,FCM,450048,K. Askildsen,Creation,threat_contribution_per_90,0,per_90,17.5,14,none,K. Askildsen ranks 14 within FCM for threat contribution per 90 (none).
8cfdb681-32cf-4ebf-81f1-5c0839ec82d5,FCM,536679,P. Bravo,Creation,threat_contribution_per_90,0,per_90,17.5,14,none,P. Bravo ranks 14 within FCM for threat contribution per 90 (none).
8cfdb681-32cf-4ebf-81f1-5c0839ec82d5,FCM,57513,J. Lossl,Creation,threat_contribution_per_90,0,per_90,17.5,14,none,J. Lossl ranks 14 within FCM for threat contribution per 90 (none).
8cfdb681-32cf-4ebf-81f1-5c0839ec82d5,FCM,568423,V. Byskov,Creation,threat_contribution_per_90,1.384,per_90,92.5,2,team leading,V. Byskov ranks 2 within FCM for threat contribution per 90 (team leading).
8cfdb681-32cf-4ebf-81f1-5c0839ec82d5,FCM,553784,D. Castillo,Creation,threat_contribution_per_90,0.0,per_90,17.5,14,none,D. Castillo ranks 14 within FCM for threat contribution per 90 (none).
8cfdb681-32cf-4ebf-81f1-5c0839ec82d5,FCM,228044,M. Bech,Creation,threat_contribution_per_90,0.8193,per_90,67.5,7,above team median,M. Bech ranks 7 within FCM for threat contribution per 90 (above team median).
8cfdb681-32cf-4ebf-81f1-5c0839ec82d5,FCM,494784,Oliver Sorensen,Creation,threat_contribution_per_90,0.5906,per_90,47.5,11,around team median,Oliver Sorensen ranks 11 within FCM for threat contribution per 90 (around team median).
8cfdb681-32cf-4ebf-81f1-5c0839ec82d5,FCM,240529,J. Kuchta,Creation,threat_contribution_per_90,0.6612,per_90,52.5,10,above team median,J. Kuchta ranks 10 within FCM for threat contribution per 90 (above team median).
8cfdb681-32cf-4ebf-81f1-5c0839ec82d5,FCM,492474,Lee Han-Beom,Creation,threat_contribution_per_90,0.0,per_90,17.5,14,none,Lee Han-Beom ranks 14 within FCM for threat contribution per 90 (none).
8cfdb681-32cf-4ebf-81f1-5c0839ec82d5,FCM,568414,M. Kruger-Johnsen,Creation,threat_contribution_per_90,0,per_90,17.5,14,none,M. Kruger-Johnsen ranks 14 within FCM for threat contribution per 90 (none).
8cfdb681-32cf-4ebf-81f1-5c0839ec82d5,FCM,120721,K. Mbabu,Creation,threat_contribution_per_90,1.3768,per_90,87.5,3,team leading,K. Mbabu ranks 3 within FCM for threat contribution per 90 (team leading).
8cfdb681-32cf-4ebf-81f1-5c0839ec82d5,FCM,609108,O. Diao,Creation,threat_contribution_per_90,0.6683,per_90,57.5,9,above team median,O. Diao ranks 9 within FCM for threat contribution per 90 (above team median).
8cfdb681-32cf-4ebf-81f1-5c0839ec82d5,FCM,477664,V. Lind,Creation,threat_contribution_per_90,0,per_90,17.5,14,none,V. Lind ranks 14 within FCM for threat contribution per 90 (none).
8cfdb681-32cf-4ebf-81f1-5c0839ec82d5,FCM,477672,A. Simsir,Creation,threat_contribution_per_90,0.8938,per_90,77.5,5,team leading,A. Simsir ranks 5 within FCM for threat contribution per 90 (team leading).
8cfdb681-32cf-4ebf-81f1-5c0839ec82d5,FCM,474838,E. Martinez,Creation,threat_contribution_per_90,0.0894,per_90,37.5,13,around team median,E. Martinez ranks 13 within FCM for threat contribution per 90 (around team median).
8cfdb681-32cf-4ebf-81f1-5c0839ec82d5,FCM,204164,J. Andersson,Creation,threat_contribution_per_90,1.3233,per_90,82.5,4,team leading,J. Andersson ranks 4 within FCM for threat contribution per 90 (team leading).
8cfdb681-32cf-4ebf-81f1-5c0839ec82d5,FCM,551144,Franculino Dju,Creation,threat_contribution_per_90,0.7582,per_90,62.5,8,above team median,Franculino Dju ranks 8 within FCM for threat contribution per 90 (above team median).
8cfdb681-32cf-4ebf-81f1-5c0839ec82d5,FCK,96787,M. Elyounoussi,Creation,threat_per_action,0.0072,ratio,77.5,5,team leading,M. Elyounoussi ranks 5 within FCK for threat per action (team leading).
8cfdb681-32cf-4ebf-81f1-5c0839ec82d5,FCK,166965,L. Lerager,Creation,threat_per_action,0.002,ratio,57.5,9,above team median,L. Lerager ranks 9 within FCK for threat per action (above team median).
8cfdb681-32cf-4ebf-81f1-5c0839ec82d5,FCK,535944,R. Huescas,Creation,threat_per_action,0.001,ratio,32.5,14,around team median,R. Huescas ranks 14 within FCK for threat per action (around team median).
8cfdb681-32cf-4ebf-81f1-5c0839ec82d5,FCK,114517,A. Cornelius,Creation,threat_per_action,0.0007,ratio,22.5,16,low,A. Cornelius ranks 16 within FCK for threat per action (low).
8cfdb681-32cf-4ebf-81f1-5c0839ec82d5,FCK,622714,Robert,Creation,threat_per_action,0,ratio,10.0,17,none,Robert ranks 17 within FCK for threat per action (none).
8cfdb681-32cf-4ebf-81f1-5c0839ec82d5,FCK,590186,V. Froholdt,Creation,threat_per_action,0.0008,ratio,27.5,15,around team median,V. Froholdt ranks 15 within FCK for threat per action (around team median).
8cfdb681-32cf-4ebf-81f1-5c0839ec82d5,FCK,232398,N. Trott,Creation,threat_per_action,0.0016,ratio,47.5,11,around team median,N. Trott ranks 11 within FCK for threat per action (around team median).
8cfdb681-32cf-4ebf-81f1-5c0839ec82d5,FCK,512627,G. Gocholeishvili,Creation,threat_per_action,0.0025,ratio,67.5,7,above team median,G. Gocholeishvili ranks 7 within FCK for threat per action (above team median).
8cfdb681-32cf-4ebf-81f1-5c0839ec82d5,FCK,68640,T. Delaney,Creation,threat_per_action,0.0017,ratio,52.5,10,above team median,T. Delaney ranks 10 within FCK for threat per action (above team median).
8cfdb681-32cf-4ebf-81f1-5c0839ec82d5,FCK,193228,K. Diks,Creation,threat_per_action,0.0094,ratio,92.5,2,team leading,K. Diks ranks 2 within FCK for threat per action (team leading).
8cfdb681-32cf-4ebf-81f1-5c0839ec82d5,FCK,546545,E. Achouri,Creation,threat_per_action,0.0074,ratio,82.5,4,team leading,E. Achouri ranks 4 within FCK for threat per action (team leading).
8cfdb681-32cf-4ebf-81f1-5c0839ec82d5,FCK,115918,R. Runarsson,Creation,threat_per_action,0,ratio,10.0,17,none,R. Runarsson ranks 17 within FCK for threat per action (none).
8cfdb681-32cf-4ebf-81f1-5c0839ec82d5,FCK,592864,O. Hojer,Creation,threat_per_action,0.0101,ratio,97.5,1,team leading,O. Hojer ranks 1 within FCK for threat per action (team leading).
8cfdb681-32cf-4ebf-81f1-5c0839ec82d5,FCK,590187,A. Chiakha,Creation,threat_per_action,0,ratio,10.0,17,none,A. Chiakha ranks 17 within FCK for threat per action (none).
8cfdb681-32cf-4ebf-81f1-5c0839ec82d5,FCK,572146,M. Garan'anga,Creation,threat_per_action,0,ratio,10.0,17,none,M. Garan'anga ranks 17 within FCK for threat per action (none).
8cfdb681-32cf-4ebf-81f1-5c0839ec82d5,FCK,475413,Gabriel Pereira,Creation,threat_per_action,0.0012,ratio,37.5,13,around team median,Gabriel Pereira ranks 13 within FCK for threat per action (around team median).
8cfdb681-32cf-4ebf-81f1-5c0839ec82d5,FCK,220246,P. Hatzidiakos,Creation,threat_per_action,0.0014,ratio,42.5,12,around team median,P. Hatzidiakos ranks 12 within FCK for threat per action (around team median).
8cfdb681-32cf-4ebf-81f1-5c0839ec82d5,FCK,111756,V. Claesson,Creation,threat_per_action,0.0021,ratio,62.5,8,above team median,V. Claesson ranks 8 within FCK for threat per action (above team median).
8cfdb681-32cf-4ebf-81f1-5c0839ec82d5,FCK,433957,M. Mattsson,Creation,threat_per_action,0.0058,ratio,72.5,6,above team median,M. Mattsson ranks 6 within FCK for threat per action (above team median).
8cfdb681-32cf-4ebf-81f1-5c0839ec82d5,FCK,457214,G. Onugkha,Creation,threat_per_action,0.0077,ratio,87.5,3,team leading,G. Onugkha ranks 3 within FCK for threat per action (team leading).
8cfdb681-32cf-4ebf-81f1-5c0839ec82d5,FCM,533646,D. Osorio,Creation,threat_per_action,0.0089,ratio,97.5,1,team leading,D. Osorio ranks 1 within FCM for threat per action (team leading).
8cfdb681-32cf-4ebf-81f1-5c0839ec82d5,FCM,423651,E. Chilufya,Creation,threat_per_action,0.0067,ratio,82.5,4,team leading,E. Chilufya ranks 4 within FCM for threat per action (team leading).
8cfdb681-32cf-4ebf-81f1-5c0839ec82d5,FCM,430901,E. Olafsson,Creation,threat_per_action,0.004,ratio,57.5,9,above team median,E. Olafsson ranks 9 within FCM for threat per action (above team median).
8cfdb681-32cf-4ebf-81f1-5c0839ec82d5,FCM,450048,K. Askildsen,Creation,threat_per_action,0,ratio,17.5,14,none,K. Askildsen ranks 14 within FCM for threat per action (none).
8cfdb681-32cf-4ebf-81f1-5c0839ec82d5,FCM,536679,P. Bravo,Creation,threat_per_action,0,ratio,17.5,14,none,P. Bravo ranks 14 within FCM for threat per action (none).
8cfdb681-32cf-4ebf-81f1-5c0839ec82d5,FCM,57513,J. Lossl,Creation,threat_per_action,0,ratio,17.5,14,none,J. Lossl ranks 14 within FCM for threat per action (none).
8cfdb681-32cf-4ebf-81f1-5c0839ec82d5,FCM,568423,V. Byskov,Creation,threat_per_action,0.0082,ratio,92.5,2,team leading,V. Byskov ranks 2 within FCM for threat per action (team leading).
8cfdb681-32cf-4ebf-81f1-5c0839ec82d5,FCM,553784,D. Castillo,Creation,threat_per_action,0.0,ratio,17.5,14,none,D. Castillo ranks 14 within FCM for threat per action (none).
8cfdb681-32cf-4ebf-81f1-5c0839ec82d5,FCM,228044,M. Bech,Creation,threat_per_action,0.0032,ratio,52.5,10,above team median,M. Bech ranks 10 within FCM for threat per action (above team median).
8cfdb681-32cf-4ebf-81f1-5c0839ec82d5,FCM,494784,Oliver Sorensen,Creation,threat_per_action,0.0024,ratio,42.5,12,around team median,Oliver Sorensen ranks 12 within FCM for threat per action (around team median).
8cfdb681-32cf-4ebf-81f1-5c0839ec82d5,FCM,240529,J. Kuchta,Creation,threat_per_action,0.0046,ratio,67.5,7,above team median,J. Kuchta ranks 7 within FCM for threat per action (above team median).
8cfdb681-32cf-4ebf-81f1-5c0839ec82d5,FCM,492474,Lee Han-Beom,Creation,threat_per_action,0.0,ratio,17.5,14,none,Lee Han-Beom ranks 14 within FCM for threat per action (none).
8cfdb681-32cf-4ebf-81f1-5c0839ec82d5,FCM,568414,M. Kruger-Johnsen,Creation,threat_per_action,0,ratio,17.5,14,none,M. Kruger-Johnsen ranks 14 within FCM for threat per action (none).
8cfdb681-32cf-4ebf-81f1-5c0839ec82d5,FCM,120721,K. Mbabu,Creation,threat_per_action,0.0068,ratio,87.5,3,team leading,K. Mbabu ranks 3 within FCM for threat per action (team leading).
8cfdb681-32cf-4ebf-81f1-5c0839ec82d5,FCM,609108,O. Diao,Creation,threat_per_action,0.0029,ratio,47.5,11,around team median,O. Diao ranks 11 within FCM for threat per action (around team median).
8cfdb681-32cf-4ebf-81f1-5c0839ec82d5,FCM,477664,V. Lind,Creation,threat_per_action,0,ratio,17.5,14,none,V. Lind ranks 14 within FCM for threat per action (none).
8cfdb681-32cf-4ebf-81f1-5c0839ec82d5,FCM,477672,A. Simsir,Creation,threat_per_action,0.005,ratio,72.5,6,above team median,A. Simsir ranks 6 within FCM for threat per action (above team median).
8cfdb681-32cf-4ebf-81f1-5c0839ec82d5,FCM,474838,E. Martinez,Creation,threat_per_action,0.0004,ratio,37.5,13,around team median,E. Martinez ranks 13 within FCM for threat per action (around team median).
8cfdb681-32cf-4ebf-81f1-5c0839ec82d5,FCM,204164,J. Andersson,Creation,threat_per_action,0.0054,ratio,77.5,5,team leading,J. Andersson ranks 5 within FCM for threat per action (team leading).
8cfdb681-32cf-4ebf-81f1-5c0839ec82d5,FCM,551144,Franculino Dju,Creation,threat_per_action,0.0046,ratio,62.5,8,above team median,Franculino Dju ranks 8 within FCM for threat per action (above team median).
8cfdb681-32cf-4ebf-81f1-5c0839ec82d5,FCK,96787,M. Elyounoussi,Creation,xt_proxy_generated,1.5281,threat,92.5,2,team leading,M. Elyounoussi ranks 2 within FCK for xt proxy generated (team leading).
8cfdb681-32cf-4ebf-81f1-5c0839ec82d5,FCK,166965,L. Lerager,Creation,xt_proxy_generated,0.39,threat,67.5,7,above team median,L. Lerager ranks 7 within FCK for xt proxy generated (above team median).
8cfdb681-32cf-4ebf-81f1-5c0839ec82d5,FCK,535944,R. Huescas,Creation,xt_proxy_generated,0.05,threat,27.5,15,around team median,R. Huescas ranks 15 within FCK for xt proxy generated (around team median).
8cfdb681-32cf-4ebf-81f1-5c0839ec82d5,FCK,114517,A. Cornelius,Creation,xt_proxy_generated,0.0339,threat,22.5,16,low,A. Cornelius ranks 16 within FCK for xt proxy generated (low).
8cfdb681-32cf-4ebf-81f1-5c0839ec82d5,FCK,622714,Robert,Creation,xt_proxy_generated,0.0,threat,10.0,17,none,Robert ranks 17 within FCK for xt proxy generated (none).
8cfdb681-32cf-4ebf-81f1-5c0839ec82d5,FCK,590186,V. Froholdt,Creation,xt_proxy_generated,0.07,threat,32.5,14,around team median,V. Froholdt ranks 14 within FCK for xt proxy generated (around team median).
8cfdb681-32cf-4ebf-81f1-5c0839ec82d5,FCK,232398,N. Trott,Creation,xt_proxy_generated,0.21,threat,42.5,12,around team median,N. Trott ranks 12 within FCK for xt proxy generated (around team median).
8cfdb681-32cf-4ebf-81f1-5c0839ec82d5,FCK,512627,G. Gocholeishvili,Creation,xt_proxy_generated,0.55,threat,72.5,6,above team median,G. Gocholeishvili ranks 6 within FCK for xt proxy generated (above team median).
8cfdb681-32cf-4ebf-81f1-5c0839ec82d5,FCK,68640,T. Delaney,Creation,xt_proxy_generated,0.36,threat,62.5,8,above team median,T. Delaney ranks 8 within FCK for xt proxy generated (above team median).
8cfdb681-32cf-4ebf-81f1-5c0839ec82d5,FCK,193228,K. Diks,Creation,xt_proxy_generated,2.03,threat,97.5,1,team leading,K. Diks ranks 1 within FCK for xt proxy generated (team leading).
8cfdb681-32cf-4ebf-81f1-5c0839ec82d5,FCK,546545,E. Achouri,Creation,xt_proxy_generated,1.348,threat,87.5,3,team leading,E. Achouri ranks 3 within FCK for xt proxy generated (team leading).
8cfdb681-32cf-4ebf-81f1-5c0839ec82d5,FCK,115918,R. Runarsson,Creation,xt_proxy_generated,0.0,threat,10.0,17,none,R. Runarsson ranks 17 within FCK for xt proxy generated (none).
8cfdb681-32cf-4ebf-81f1-5c0839ec82d5,FCK,592864,O. Hojer,Creation,xt_proxy_generated,0.3548,threat,57.5,9,above team median,O. Hojer ranks 9 within FCK for xt proxy generated (above team median).
8cfdb681-32cf-4ebf-81f1-5c0839ec82d5,FCK,590187,A. Chiakha,Creation,xt_proxy_generated,0.0,threat,10.0,17,none,A. Chiakha ranks 17 within FCK for xt proxy generated (none).
8cfdb681-32cf-4ebf-81f1-5c0839ec82d5,FCK,572146,M. Garan'anga,Creation,xt_proxy_generated,0.0,threat,10.0,17,none,M. Garan'anga ranks 17 within FCK for xt proxy generated (none).
8cfdb681-32cf-4ebf-81f1-5c0839ec82d5,FCK,475413,Gabriel Pereira,Creation,xt_proxy_generated,0.29,threat,52.5,10,above team median,Gabriel Pereira ranks 10 within FCK for xt proxy generated (above team median).
8cfdb681-32cf-4ebf-81f1-5c0839ec82d5,FCK,220246,P. Hatzidiakos,Creation,xt_proxy_generated,0.25,threat,47.5,11,around team median,P. Hatzidiakos ranks 11 within FCK for xt proxy generated (around team median).
8cfdb681-32cf-4ebf-81f1-5c0839ec82d5,FCK,111756,V. Claesson,Creation,xt_proxy_generated,0.1,threat,37.5,13,around team median,V. Claesson ranks 13 within FCK for xt proxy generated (around team median).
8cfdb681-32cf-4ebf-81f1-5c0839ec82d5,FCK,433957,M. Mattsson,Creation,xt_proxy_generated,1.2034,threat,77.5,5,team leading,M. Mattsson ranks 5 within FCK for xt proxy generated (team leading).
8cfdb681-32cf-4ebf-81f1-5c0839ec82d5,FCK,457214,G. Onugkha,Creation,xt_proxy_generated,1.3452,threat,82.5,4,team leading,G. Onugkha ranks 4 within FCK for xt proxy generated (team leading).
8cfdb681-32cf-4ebf-81f1-5c0839ec82d5,FCM,533646,D. Osorio,Creation,xt_proxy_generated,1.983,threat,97.5,1,team leading,D. Osorio ranks 1 within FCM for xt proxy generated (team leading).
8cfdb681-32cf-4ebf-81f1-5c0839ec82d5,FCM,423651,E. Chilufya,Creation,xt_proxy_generated,0.32,threat,47.5,11,around team median,E. Chilufya ranks 11 within FCM for xt proxy generated (around team median).
8cfdb681-32cf-4ebf-81f1-5c0839ec82d5,FCM,430901,E. Olafsson,Creation,xt_proxy_generated,0.24,threat,42.5,12,around team median,E. Olafsson ranks 12 within FCM for xt proxy generated (around team median).
8cfdb681-32cf-4ebf-81f1-5c0839ec82d5,FCM,450048,K. Askildsen,Creation,xt_proxy_generated,0.0,threat,17.5,14,none,K. Askildsen ranks 14 within FCM for xt proxy generated (none).
8cfdb681-32cf-4ebf-81f1-5c0839ec82d5,FCM,536679,P. Bravo,Creation,xt_proxy_generated,0.0,threat,17.5,14,none,P. Bravo ranks 14 within FCM for xt proxy generated (none).
8cfdb681-32cf-4ebf-81f1-5c0839ec82d5,FCM,57513,J. Lossl,Creation,xt_proxy_generated,0.0,threat,17.5,14,none,J. Lossl ranks 14 within FCM for xt proxy generated (none).
8cfdb681-32cf-4ebf-81f1-5c0839ec82d5,FCM,568423,V. Byskov,Creation,xt_proxy_generated,0.5,threat,57.5,9,above team median,V. Byskov ranks 9 within FCM for xt proxy generated (above team median).
8cfdb681-32cf-4ebf-81f1-5c0839ec82d5,FCM,553784,D. Castillo,Creation,xt_proxy_generated,0.0,threat,17.5,14,none,D. Castillo ranks 14 within FCM for xt proxy generated (none).
8cfdb681-32cf-4ebf-81f1-5c0839ec82d5,FCM,228044,M. Bech,Creation,xt_proxy_generated,0.8791,threat,82.5,4,team leading,M. Bech ranks 4 within FCM for xt proxy generated (team leading).
8cfdb681-32cf-4ebf-81f1-5c0839ec82d5,FCM,494784,Oliver Sorensen,Creation,xt_proxy_generated,0.6337,threat,62.5,8,above team median,Oliver Sorensen ranks 8 within FCM for xt proxy generated (above team median).
8cfdb681-32cf-4ebf-81f1-5c0839ec82d5,FCM,240529,J. Kuchta,Creation,xt_proxy_generated,0.47,threat,52.5,10,above team median,J. Kuchta ranks 10 within FCM for xt proxy generated (above team median).
8cfdb681-32cf-4ebf-81f1-5c0839ec82d5,FCM,492474,Lee Han-Beom,Creation,xt_proxy_generated,0.0,threat,17.5,14,none,Lee Han-Beom ranks 14 within FCM for xt proxy generated (none).
8cfdb681-32cf-4ebf-81f1-5c0839ec82d5,FCM,568414,M. Kruger-Johnsen,Creation,xt_proxy_generated,0.0,threat,17.5,14,none,M. Kruger-Johnsen ranks 14 within FCM for xt proxy generated (none).
8cfdb681-32cf-4ebf-81f1-5c0839ec82d5,FCM,120721,K. Mbabu,Creation,xt_proxy_generated,1.4774,threat,92.5,2,team leading,K. Mbabu ranks 2 within FCM for xt proxy generated (team leading).
8cfdb681-32cf-4ebf-81f1-5c0839ec82d5,FCM,609108,O. Diao,Creation,xt_proxy_generated,0.7171,threat,72.5,6,above team median,O. Diao ranks 6 within FCM for xt proxy generated (above team median).
8cfdb681-32cf-4ebf-81f1-5c0839ec82d5,FCM,477664,V. Lind,Creation,xt_proxy_generated,0.0,threat,17.5,14,none,V. Lind ranks 14 within FCM for xt proxy generated (none).
8cfdb681-32cf-4ebf-81f1-5c0839ec82d5,FCM,477672,A. Simsir,Creation,xt_proxy_generated,0.6362,threat,67.5,7,above team median,A. Simsir ranks 7 within FCM for xt proxy generated (above team median).
8cfdb681-32cf-4ebf-81f1-5c0839ec82d5,FCM,474838,E. Martinez,Creation,xt_proxy_generated,0.0959,threat,37.5,13,around team median,E. Martinez ranks 13 within FCM for xt proxy generated (around team median).
8cfdb681-32cf-4ebf-81f1-5c0839ec82d5,FCM,204164,J. Andersson,Creation,xt_proxy_generated,1.42,threat,87.5,3,team leading,J. Andersson ranks 3 within FCM for xt proxy generated (team leading).
8cfdb681-32cf-4ebf-81f1-5c0839ec82d5,FCM,551144,Franculino Dju,Creation,xt_proxy_generated,0.725,threat,77.5,5,team leading,Franculino Dju ranks 5 within FCM for xt proxy generated (team leading).
8cfdb681-32cf-4ebf-81f1-5c0839ec82d5,FCK,96787,M. Elyounoussi,Creation,chances_created_proxy,0.0,count,32.5,8,none,M. Elyounoussi ranks 8 within FCK for chances created proxy (none).
8cfdb681-32cf-4ebf-81f1-5c0839ec82d5,FCK,166965,L. Lerager,Creation,chances_created_proxy,0.0,count,32.5,8,none,L. Lerager ranks 8 within FCK for chances created proxy (none).
8cfdb681-32cf-4ebf-81f1-5c0839ec82d5,FCK,535944,R. Huescas,Creation,chances_created_proxy,0.0,count,32.5,8,none,R. Huescas ranks 8 within FCK for chances created proxy (none).
8cfdb681-32cf-4ebf-81f1-5c0839ec82d5,FCK,114517,A. Cornelius,Creation,chances_created_proxy,1.0,count,72.5,5,above team median,A. Cornelius ranks 5 within FCK for chances created proxy (above team median).
8cfdb681-32cf-4ebf-81f1-5c0839ec82d5,FCK,622714,Robert,Creation,chances_created_proxy,0.0,count,32.5,8,none,Robert ranks 8 within FCK for chances created proxy (none).
8cfdb681-32cf-4ebf-81f1-5c0839ec82d5,FCK,590186,V. Froholdt,Creation,chances_created_proxy,2.0,count,82.5,4,team leading,V. Froholdt ranks 4 within FCK for chances created proxy (team leading).
8cfdb681-32cf-4ebf-81f1-5c0839ec82d5,FCK,232398,N. Trott,Creation,chances_created_proxy,0.0,count,32.5,8,none,N. Trott ranks 8 within FCK for chances created proxy (none).
8cfdb681-32cf-4ebf-81f1-5c0839ec82d5,FCK,512627,G. Gocholeishvili,Creation,chances_created_proxy,0.0,count,32.5,8,none,G. Gocholeishvili ranks 8 within FCK for chances created proxy (none).
8cfdb681-32cf-4ebf-81f1-5c0839ec82d5,FCK,68640,T. Delaney,Creation,chances_created_proxy,4.0,count,95.0,1,team leading,T. Delaney ranks 1 within FCK for chances created proxy (team leading).
8cfdb681-32cf-4ebf-81f1-5c0839ec82d5,FCK,193228,K. Diks,Creation,chances_created_proxy,1.0,count,72.5,5,above team median,K. Diks ranks 5 within FCK for chances created proxy (above team median).
8cfdb681-32cf-4ebf-81f1-5c0839ec82d5,FCK,546545,E. Achouri,Creation,chances_created_proxy,0.0,count,32.5,8,none,E. Achouri ranks 8 within FCK for chances created proxy (none).
8cfdb681-32cf-4ebf-81f1-5c0839ec82d5,FCK,115918,R. Runarsson,Creation,chances_created_proxy,0.0,count,32.5,8,none,R. Runarsson ranks 8 within FCK for chances created proxy (none).
8cfdb681-32cf-4ebf-81f1-5c0839ec82d5,FCK,592864,O. Hojer,Creation,chances_created_proxy,1.0,count,72.5,5,above team median,O. Hojer ranks 5 within FCK for chances created proxy (above team median).
8cfdb681-32cf-4ebf-81f1-5c0839ec82d5,FCK,590187,A. Chiakha,Creation,chances_created_proxy,0.0,count,32.5,8,none,A. Chiakha ranks 8 within FCK for chances created proxy (none).
8cfdb681-32cf-4ebf-81f1-5c0839ec82d5,FCK,572146,M. Garan'anga,Creation,chances_created_proxy,0.0,count,32.5,8,none,M. Garan'anga ranks 8 within FCK for chances created proxy (none).
8cfdb681-32cf-4ebf-81f1-5c0839ec82d5,FCK,475413,Gabriel Pereira,Creation,chances_created_proxy,4.0,count,95.0,1,team leading,Gabriel Pereira ranks 1 within FCK for chances created proxy (team leading).
8cfdb681-32cf-4ebf-81f1-5c0839ec82d5,FCK,220246,P. Hatzidiakos,Creation,chances_created_proxy,0.0,count,32.5,8,none,P. Hatzidiakos ranks 8 within FCK for chances created proxy (none).
8cfdb681-32cf-4ebf-81f1-5c0839ec82d5,FCK,111756,V. Claesson,Creation,chances_created_proxy,3.0,count,87.5,3,team leading,V. Claesson ranks 3 within FCK for chances created proxy (team leading).
8cfdb681-32cf-4ebf-81f1-5c0839ec82d5,FCK,433957,M. Mattsson,Creation,chances_created_proxy,0.0,count,32.5,8,none,M. Mattsson ranks 8 within FCK for chances created proxy (none).
8cfdb681-32cf-4ebf-81f1-5c0839ec82d5,FCK,457214,G. Onugkha,Creation,chances_created_proxy,0.0,count,32.5,8,none,G. Onugkha ranks 8 within FCK for chances created proxy (none).
8cfdb681-32cf-4ebf-81f1-5c0839ec82d5,FCM,533646,D. Osorio,Creation,chances_created_proxy,4.0,count,92.5,2,team leading,D. Osorio ranks 2 within FCM for chances created proxy (team leading).
8cfdb681-32cf-4ebf-81f1-5c0839ec82d5,FCM,423651,E. Chilufya,Creation,chances_created_proxy,3.0,count,85.0,3,team leading,E. Chilufya ranks 3 within FCM for chances created proxy (team leading).
8cfdb681-32cf-4ebf-81f1-5c0839ec82d5,FCM,430901,E. Olafsson,Creation,chances_created_proxy,0.0,count,27.5,10,none,E. Olafsson ranks 10 within FCM for chances created proxy (none).
8cfdb681-32cf-4ebf-81f1-5c0839ec82d5,FCM,450048,K. Askildsen,Creation,chances_created_proxy,0.0,count,27.5,10,none,K. Askildsen ranks 10 within FCM for chances created proxy (none).
8cfdb681-32cf-4ebf-81f1-5c0839ec82d5,FCM,536679,P. Bravo,Creation,chances_created_proxy,0.0,count,27.5,10,none,P. Bravo ranks 10 within FCM for chances created proxy (none).
8cfdb681-32cf-4ebf-81f1-5c0839ec82d5,FCM,57513,J. Lossl,Creation,chances_created_proxy,0.0,count,27.5,10,none,J. Lossl ranks 10 within FCM for chances created proxy (none).
8cfdb681-32cf-4ebf-81f1-5c0839ec82d5,FCM,568423,V. Byskov,Creation,chances_created_proxy,0.0,count,27.5,10,none,V. Byskov ranks 10 within FCM for chances created proxy (none).
8cfdb681-32cf-4ebf-81f1-5c0839ec82d5,FCM,553784,D. Castillo,Creation,chances_created_proxy,0.0,count,27.5,10,none,D. Castillo ranks 10 within FCM for chances created proxy (none).
8cfdb681-32cf-4ebf-81f1-5c0839ec82d5,FCM,228044,M. Bech,Creation,chances_created_proxy,2.0,count,70.0,5,above team median,M. Bech ranks 5 within FCM for chances created proxy (above team median).
8cfdb681-32cf-4ebf-81f1-5c0839ec82d5,FCM,494784,Oliver Sorensen,Creation,chances_created_proxy,2.0,count,70.0,5,above team median,Oliver Sorensen ranks 5 within FCM for chances created proxy (above team median).
8cfdb681-32cf-4ebf-81f1-5c0839ec82d5,FCM,240529,J. Kuchta,Creation,chances_created_proxy,0.0,count,27.5,10,none,J. Kuchta ranks 10 within FCM for chances created proxy (none).
8cfdb681-32cf-4ebf-81f1-5c0839ec82d5,FCM,492474,Lee Han-Beom,Creation,chances_created_proxy,0.0,count,27.5,10,none,Lee Han-Beom ranks 10 within FCM for chances created proxy (none).
8cfdb681-32cf-4ebf-81f1-5c0839ec82d5,FCM,568414,M. Kruger-Johnsen,Creation,chances_created_proxy,0.0,count,27.5,10,none,M. Kruger-Johnsen ranks 10 within FCM for chances created proxy (none).
8cfdb681-32cf-4ebf-81f1-5c0839ec82d5,FCM,120721,K. Mbabu,Creation,chances_created_proxy,0.0,count,27.5,10,none,K. Mbabu ranks 10 within FCM for chances created proxy (none).
8cfdb681-32cf-4ebf-81f1-5c0839ec82d5,FCM,609108,O. Diao,Creation,chances_created_proxy,2.0,count,70.0,5,above team median,O. Diao ranks 5 within FCM for chances created proxy (above team median).
8cfdb681-32cf-4ebf-81f1-5c0839ec82d5,FCM,477664,V. Lind,Creation,chances_created_proxy,0.0,count,27.5,10,none,V. Lind ranks 10 within FCM for chances created proxy (none).
8cfdb681-32cf-4ebf-81f1-5c0839ec82d5,FCM,477672,A. Simsir,Creation,chances_created_proxy,1.0,count,57.5,9,above team median,A. Simsir ranks 9 within FCM for chances created proxy (above team median).
8cfdb681-32cf-4ebf-81f1-5c0839ec82d5,FCM,474838,E. Martinez,Creation,chances_created_proxy,3.0,count,85.0,3,team leading,E. Martinez ranks 3 within FCM for chances created proxy (team leading).
8cfdb681-32cf-4ebf-81f1-5c0839ec82d5,FCM,204164,J. Andersson,Creation,chances_created_proxy,5.0,count,97.5,1,team leading,J. Andersson ranks 1 within FCM for chances created proxy (team leading).
8cfdb681-32cf-4ebf-81f1-5c0839ec82d5,FCM,551144,Franculino Dju,Creation,chances_created_proxy,2.0,count,70.0,5,above team median,Franculino Dju ranks 5 within FCM for chances created proxy (above team median).
8cfdb681-32cf-4ebf-81f1-5c0839ec82d5,FCK,96787,M. Elyounoussi,Finishing,shots,2.0,count,87.5,2,team leading,M. Elyounoussi ranks 2 within FCK for shots (team leading).
8cfdb681-32cf-4ebf-81f1-5c0839ec82d5,FCK,166965,L. Lerager,Finishing,shots,0.0,count,32.5,8,none,L. Lerager ranks 8 within FCK for shots (none).
8cfdb681-32cf-4ebf-81f1-5c0839ec82d5,FCK,535944,R. Huescas,Finishing,shots,0.0,count,32.5,8,none,R. Huescas ranks 8 within FCK for shots (none).
8cfdb681-32cf-4ebf-81f1-5c0839ec82d5,FCK,114517,A. Cornelius,Finishing,shots,1.0,count,72.5,5,above team median,A. Cornelius ranks 5 within FCK for shots (above team median).
8cfdb681-32cf-4ebf-81f1-5c0839ec82d5,FCK,622714,Robert,Finishing,shots,0.0,count,32.5,8,none,Robert ranks 8 within FCK for shots (none).
8cfdb681-32cf-4ebf-81f1-5c0839ec82d5,FCK,590186,V. Froholdt,Finishing,shots,0.0,count,32.5,8,none,V. Froholdt ranks 8 within FCK for shots (none).
8cfdb681-32cf-4ebf-81f1-5c0839ec82d5,FCK,232398,N. Trott,Finishing,shots,0.0,count,32.5,8,none,N. Trott ranks 8 within FCK for shots (none).
8cfdb681-32cf-4ebf-81f1-5c0839ec82d5,FCK,512627,G. Gocholeishvili,Finishing,shots,0.0,count,32.5,8,none,G. Gocholeishvili ranks 8 within FCK for shots (none).
8cfdb681-32cf-4ebf-81f1-5c0839ec82d5,FCK,68640,T. Delaney,Finishing,shots,0.0,count,32.5,8,none,T. Delaney ranks 8 within FCK for shots (none).
8cfdb681-32cf-4ebf-81f1-5c0839ec82d5,FCK,193228,K. Diks,Finishing,shots,2.0,count,87.5,2,team leading,K. Diks ranks 2 within FCK for shots (team leading).
8cfdb681-32cf-4ebf-81f1-5c0839ec82d5,FCK,546545,E. Achouri,Finishing,shots,1.0,count,72.5,5,above team median,E. Achouri ranks 5 within FCK for shots (above team median).
8cfdb681-32cf-4ebf-81f1-5c0839ec82d5,FCK,115918,R. Runarsson,Finishing,shots,0.0,count,32.5,8,none,R. Runarsson ranks 8 within FCK for shots (none).
8cfdb681-32cf-4ebf-81f1-5c0839ec82d5,FCK,592864,O. Hojer,Finishing,shots,2.0,count,87.5,2,team leading,O. Hojer ranks 2 within FCK for shots (team leading).
8cfdb681-32cf-4ebf-81f1-5c0839ec82d5,FCK,590187,A. Chiakha,Finishing,shots,0.0,count,32.5,8,none,A. Chiakha ranks 8 within FCK for shots (none).
8cfdb681-32cf-4ebf-81f1-5c0839ec82d5,FCK,572146,M. Garan'anga,Finishing,shots,0.0,count,32.5,8,none,M. Garan'anga ranks 8 within FCK for shots (none).
8cfdb681-32cf-4ebf-81f1-5c0839ec82d5,FCK,475413,Gabriel Pereira,Finishing,shots,0.0,count,32.5,8,none,Gabriel Pereira ranks 8 within FCK for shots (none).
8cfdb681-32cf-4ebf-81f1-5c0839ec82d5,FCK,220246,P. Hatzidiakos,Finishing,shots,0.0,count,32.5,8,none,P. Hatzidiakos ranks 8 within FCK for shots (none).
8cfdb681-32cf-4ebf-81f1-5c0839ec82d5,FCK,111756,V. Claesson,Finishing,shots,0.0,count,32.5,8,none,V. Claesson ranks 8 within FCK for shots (none).
8cfdb681-32cf-4ebf-81f1-5c0839ec82d5,FCK,433957,M. Mattsson,Finishing,shots,1.0,count,72.5,5,above team median,M. Mattsson ranks 5 within FCK for shots (above team median).
8cfdb681-32cf-4ebf-81f1-5c0839ec82d5,FCK,457214,G. Onugkha,Finishing,shots,4.0,count,97.5,1,team leading,G. Onugkha ranks 1 within FCK for shots (team leading).
8cfdb681-32cf-4ebf-81f1-5c0839ec82d5,FCM,533646,D. Osorio,Finishing,shots,4.0,count,95.0,1,team leading,D. Osorio ranks 1 within FCM for shots (team leading).
8cfdb681-32cf-4ebf-81f1-5c0839ec82d5,FCM,423651,E. Chilufya,Finishing,shots,0.0,count,30.0,9,none,E. Chilufya ranks 9 within FCM for shots (none).
8cfdb681-32cf-4ebf-81f1-5c0839ec82d5,FCM,430901,E. Olafsson,Finishing,shots,0.0,count,30.0,9,none,E. Olafsson ranks 9 within FCM for shots (none).
8cfdb681-32cf-4ebf-81f1-5c0839ec82d5,FCM,450048,K. Askildsen,Finishing,shots,0.0,count,30.0,9,none,K. Askildsen ranks 9 within FCM for shots (none).
8cfdb681-32cf-4ebf-81f1-5c0839ec82d5,FCM,536679,P. Bravo,Finishing,shots,0.0,count,30.0,9,none,P. Bravo ranks 9 within FCM for shots (none).
8cfdb681-32cf-4ebf-81f1-5c0839ec82d5,FCM,57513,J. Lossl,Finishing,shots,0.0,count,30.0,9,none,J. Lossl ranks 9 within FCM for shots (none).
8cfdb681-32cf-4ebf-81f1-5c0839ec82d5,FCM,568423,V. Byskov,Finishing,shots,0.0,count,30.0,9,none,V. Byskov ranks 9 within FCM for shots (none).
8cfdb681-32cf-4ebf-81f1-5c0839ec82d5,FCM,553784,D. Castillo,Finishing,shots,0.0,count,30.0,9,none,D. Castillo ranks 9 within FCM for shots (none).
8cfdb681-32cf-4ebf-81f1-5c0839ec82d5,FCM,228044,M. Bech,Finishing,shots,1.0,count,70.0,5,above team median,M. Bech ranks 5 within FCM for shots (above team median).
8cfdb681-32cf-4ebf-81f1-5c0839ec82d5,FCM,494784,Oliver Sorensen,Finishing,shots,4.0,count,95.0,1,team leading,Oliver Sorensen ranks 1 within FCM for shots (team leading).
8cfdb681-32cf-4ebf-81f1-5c0839ec82d5,FCM,240529,J. Kuchta,Finishing,shots,0.0,count,30.0,9,none,J. Kuchta ranks 9 within FCM for shots (none).
8cfdb681-32cf-4ebf-81f1-5c0839ec82d5,FCM,492474,Lee Han-Beom,Finishing,shots,0.0,count,30.0,9,none,Lee Han-Beom ranks 9 within FCM for shots (none).
8cfdb681-32cf-4ebf-81f1-5c0839ec82d5,FCM,568414,M. Kruger-Johnsen,Finishing,shots,0.0,count,30.0,9,none,M. Kruger-Johnsen ranks 9 within FCM for shots (none).
8cfdb681-32cf-4ebf-81f1-5c0839ec82d5,FCM,120721,K. Mbabu,Finishing,shots,1.0,count,70.0,5,above team median,K. Mbabu ranks 5 within FCM for shots (above team median).
8cfdb681-32cf-4ebf-81f1-5c0839ec82d5,FCM,609108,O. Diao,Finishing,shots,1.0,count,70.0,5,above team median,O. Diao ranks 5 within FCM for shots (above team median).
8cfdb681-32cf-4ebf-81f1-5c0839ec82d5,FCM,477664,V. Lind,Finishing,shots,0.0,count,30.0,9,none,V. Lind ranks 9 within FCM for shots (none).
8cfdb681-32cf-4ebf-81f1-5c0839ec82d5,FCM,477672,A. Simsir,Finishing,shots,1.0,count,70.0,5,above team median,A. Simsir ranks 5 within FCM for shots (above team median).
8cfdb681-32cf-4ebf-81f1-5c0839ec82d5,FCM,474838,E. Martinez,Finishing,shots,2.0,count,82.5,4,team leading,E. Martinez ranks 4 within FCM for shots (team leading).
8cfdb681-32cf-4ebf-81f1-5c0839ec82d5,FCM,204164,J. Andersson,Finishing,shots,0.0,count,30.0,9,none,J. Andersson ranks 9 within FCM for shots (none).
8cfdb681-32cf-4ebf-81f1-5c0839ec82d5,FCM,551144,Franculino Dju,Finishing,shots,3.0,count,87.5,3,team leading,Franculino Dju ranks 3 within FCM for shots (team leading).
8cfdb681-32cf-4ebf-81f1-5c0839ec82d5,FCK,96787,M. Elyounoussi,Finishing,shots_per_90,2.0628,per_90,82.5,4,team leading,M. Elyounoussi ranks 4 within FCK for shots per 90 (team leading).
8cfdb681-32cf-4ebf-81f1-5c0839ec82d5,FCK,166965,L. Lerager,Finishing,shots_per_90,0.0,per_90,32.5,8,none,L. Lerager ranks 8 within FCK for shots per 90 (none).
8cfdb681-32cf-4ebf-81f1-5c0839ec82d5,FCK,535944,R. Huescas,Finishing,shots_per_90,0.0,per_90,32.5,8,none,R. Huescas ranks 8 within FCK for shots per 90 (none).
8cfdb681-32cf-4ebf-81f1-5c0839ec82d5,FCK,114517,A. Cornelius,Finishing,shots_per_90,3.9277,per_90,92.5,2,team leading,A. Cornelius ranks 2 within FCK for shots per 90 (team leading).
8cfdb681-32cf-4ebf-81f1-5c0839ec82d5,FCK,622714,Robert,Finishing,shots_per_90,0,per_90,32.5,8,none,Robert ranks 8 within FCK for shots per 90 (none).
8cfdb681-32cf-4ebf-81f1-5c0839ec82d5,FCK,590186,V. Froholdt,Finishing,shots_per_90,0.0,per_90,32.5,8,none,V. Froholdt ranks 8 within FCK for shots per 90 (none).
8cfdb681-32cf-4ebf-81f1-5c0839ec82d5,FCK,232398,N. Trott,Finishing,shots_per_90,0.0,per_90,32.5,8,none,N. Trott ranks 8 within FCK for shots per 90 (none).
8cfdb681-32cf-4ebf-81f1-5c0839ec82d5,FCK,512627,G. Gocholeishvili,Finishing,shots_per_90,0.0,per_90,32.5,8,none,G. Gocholeishvili ranks 8 within FCK for shots per 90 (none).
8cfdb681-32cf-4ebf-81f1-5c0839ec82d5,FCK,68640,T. Delaney,Finishing,shots_per_90,0.0,per_90,32.5,8,none,T. Delaney ranks 8 within FCK for shots per 90 (none).
8cfdb681-32cf-4ebf-81f1-5c0839ec82d5,FCK,193228,K. Diks,Finishing,shots_per_90,1.8639,per_90,77.5,5,team leading,K. Diks ranks 5 within FCK for shots per 90 (team leading).
8cfdb681-32cf-4ebf-81f1-5c0839ec82d5,FCK,546545,E. Achouri,Finishing,shots_per_90,1.2258,per_90,72.5,6,above team median,E. Achouri ranks 6 within FCK for shots per 90 (above team median).
8cfdb681-32cf-4ebf-81f1-5c0839ec82d5,FCK,115918,R. Runarsson,Finishing,shots_per_90,0,per_90,32.5,8,none,R. Runarsson ranks 8 within FCK for shots per 90 (none).
8cfdb681-32cf-4ebf-81f1-5c0839ec82d5,FCK,592864,O. Hojer,Finishing,shots_per_90,19.3257,per_90,97.5,1,team leading,O. Hojer ranks 1 within FCK for shots per 90 (team leading).
8cfdb681-32cf-4ebf-81f1-5c0839ec82d5,FCK,590187,A. Chiakha,Finishing,shots_per_90,0,per_90,32.5,8,none,A. Chiakha ranks 8 within FCK for shots per 90 (none).
8cfdb681-32cf-4ebf-81f1-5c0839ec82d5,FCK,572146,M. Garan'anga,Finishing,shots_per_90,0,per_90,32.5,8,none,M. Garan'anga ranks 8 within FCK for shots per 90 (none).
8cfdb681-32cf-4ebf-81f1-5c0839ec82d5,FCK,475413,Gabriel Pereira,Finishing,shots_per_90,0.0,per_90,32.5,8,none,Gabriel Pereira ranks 8 within FCK for shots per 90 (none).
8cfdb681-32cf-4ebf-81f1-5c0839ec82d5,FCK,220246,P. Hatzidiakos,Finishing,shots_per_90,0.0,per_90,32.5,8,none,P. Hatzidiakos ranks 8 within FCK for shots per 90 (none).
8cfdb681-32cf-4ebf-81f1-5c0839ec82d5,FCK,111756,V. Claesson,Finishing,shots_per_90,0.0,per_90,32.5,8,none,V. Claesson ranks 8 within FCK for shots per 90 (none).
8cfdb681-32cf-4ebf-81f1-5c0839ec82d5,FCK,433957,M. Mattsson,Finishing,shots_per_90,1.2218,per_90,67.5,7,above team median,M. Mattsson ranks 7 within FCK for shots per 90 (above team median).
8cfdb681-32cf-4ebf-81f1-5c0839ec82d5,FCK,457214,G. Onugkha,Finishing,shots_per_90,3.7277,per_90,87.5,3,team leading,G. Onugkha ranks 3 within FCK for shots per 90 (team leading).
8cfdb681-32cf-4ebf-81f1-5c0839ec82d5,FCM,533646,D. Osorio,Finishing,shots_per_90,3.931,per_90,97.5,1,team leading,D. Osorio ranks 1 within FCM for shots per 90 (team leading).
8cfdb681-32cf-4ebf-81f1-5c0839ec82d5,FCM,423651,E. Chilufya,Finishing,shots_per_90,0.0,per_90,30.0,9,none,E. Chilufya ranks 9 within FCM for shots per 90 (none).
8cfdb681-32cf-4ebf-81f1-5c0839ec82d5,FCM,430901,E. Olafsson,Finishing,shots_per_90,0.0,per_90,30.0,9,none,E. Olafsson ranks 9 within FCM for shots per 90 (none).
8cfdb681-32cf-4ebf-81f1-5c0839ec82d5,FCM,450048,K. Askildsen,Finishing,shots_per_90,0,per_90,30.0,9,none,K. Askildsen ranks 9 within FCM for shots per 90 (none).
8cfdb681-32cf-4ebf-81f1-5c0839ec82d5,FCM,536679,P. Bravo,Finishing,shots_per_90,0,per_90,30.0,9,none,P. Bravo ranks 9 within FCM for shots per 90 (none).
8cfdb681-32cf-4ebf-81f1-5c0839ec82d5,FCM,57513,J. Lossl,Finishing,shots_per_90,0,per_90,30.0,9,none,J. Lossl ranks 9 within FCM for shots per 90 (none).
8cfdb681-32cf-4ebf-81f1-5c0839ec82d5,FCM,568423,V. Byskov,Finishing,shots_per_90,0.0,per_90,30.0,9,none,V. Byskov ranks 9 within FCM for shots per 90 (none).
8cfdb681-32cf-4ebf-81f1-5c0839ec82d5,FCM,553784,D. Castillo,Finishing,shots_per_90,0.0,per_90,30.0,9,none,D. Castillo ranks 9 within FCM for shots per 90 (none).
8cfdb681-32cf-4ebf-81f1-5c0839ec82d5,FCM,228044,M. Bech,Finishing,shots_per_90,0.9319,per_90,67.5,6,above team median,M. Bech ranks 6 within FCM for shots per 90 (above team median).
8cfdb681-32cf-4ebf-81f1-5c0839ec82d5,FCM,494784,Oliver Sorensen,Finishing,shots_per_90,3.7277,per_90,92.5,2,team leading,Oliver Sorensen ranks 2 within FCM for shots per 90 (team leading).
8cfdb681-32cf-4ebf-81f1-5c0839ec82d5,FCM,240529,J. Kuchta,Finishing,shots_per_90,0.0,per_90,30.0,9,none,J. Kuchta ranks 9 within FCM for shots per 90 (none).
8cfdb681-32cf-4ebf-81f1-5c0839ec82d5,FCM,492474,Lee Han-Beom,Finishing,shots_per_90,0.0,per_90,30.0,9,none,Lee Han-Beom ranks 9 within FCM for shots per 90 (none).
8cfdb681-32cf-4ebf-81f1-5c0839ec82d5,FCM,568414,M. Kruger-Johnsen,Finishing,shots_per_90,0,per_90,30.0,9,none,M. Kruger-Johnsen ranks 9 within FCM for shots per 90 (none).
8cfdb681-32cf-4ebf-81f1-5c0839ec82d5,FCM,120721,K. Mbabu,Finishing,shots_per_90,0.9319,per_90,67.5,6,above team median,K. Mbabu ranks 6 within FCM for shots per 90 (above team median).
8cfdb681-32cf-4ebf-81f1-5c0839ec82d5,FCM,609108,O. Diao,Finishing,shots_per_90,0.9319,per_90,67.5,6,above team median,O. Diao ranks 6 within FCM for shots per 90 (above team median).
8cfdb681-32cf-4ebf-81f1-5c0839ec82d5,FCM,477664,V. Lind,Finishing,shots_per_90,0,per_90,30.0,9,none,V. Lind ranks 9 within FCM for shots per 90 (none).
8cfdb681-32cf-4ebf-81f1-5c0839ec82d5,FCM,477672,A. Simsir,Finishing,shots_per_90,1.4049,per_90,77.5,5,team leading,A. Simsir ranks 5 within FCM for shots per 90 (team leading).
8cfdb681-32cf-4ebf-81f1-5c0839ec82d5,FCM,474838,E. Martinez,Finishing,shots_per_90,1.8639,per_90,82.5,4,team leading,E. Martinez ranks 4 within FCM for shots per 90 (team leading).
8cfdb681-32cf-4ebf-81f1-5c0839ec82d5,FCM,204164,J. Andersson,Finishing,shots_per_90,0.0,per_90,30.0,9,none,J. Andersson ranks 9 within FCM for shots per 90 (none).
8cfdb681-32cf-4ebf-81f1-5c0839ec82d5,FCM,551144,Franculino Dju,Finishing,shots_per_90,3.1374,per_90,87.5,3,team leading,Franculino Dju ranks 3 within FCM for shots per 90 (team leading).
8cfdb681-32cf-4ebf-81f1-5c0839ec82d5,FCK,96787,M. Elyounoussi,Finishing,shots_on_target,1.0,count,97.5,1,team leading,M. Elyounoussi ranks 1 within FCK for shots on target (team leading).
8cfdb681-32cf-4ebf-81f1-5c0839ec82d5,FCK,166965,L. Lerager,Finishing,shots_on_target,0.0,count,47.5,2,none,L. Lerager ranks 2 within FCK for shots on target (none).
8cfdb681-32cf-4ebf-81f1-5c0839ec82d5,FCK,535944,R. Huescas,Finishing,shots_on_target,0.0,count,47.5,2,none,R. Huescas ranks 2 within FCK for shots on target (none).
8cfdb681-32cf-4ebf-81f1-5c0839ec82d5,FCK,114517,A. Cornelius,Finishing,shots_on_target,0.0,count,47.5,2,none,A. Cornelius ranks 2 within FCK for shots on target (none).
8cfdb681-32cf-4ebf-81f1-5c0839ec82d5,FCK,622714,Robert,Finishing,shots_on_target,0.0,count,47.5,2,none,Robert ranks 2 within FCK for shots on target (none).
8cfdb681-32cf-4ebf-81f1-5c0839ec82d5,FCK,590186,V. Froholdt,Finishing,shots_on_target,0.0,count,47.5,2,none,V. Froholdt ranks 2 within FCK for shots on target (none).
8cfdb681-32cf-4ebf-81f1-5c0839ec82d5,FCK,232398,N. Trott,Finishing,shots_on_target,0.0,count,47.5,2,none,N. Trott ranks 2 within FCK for shots on target (none).
8cfdb681-32cf-4ebf-81f1-5c0839ec82d5,FCK,512627,G. Gocholeishvili,Finishing,shots_on_target,0.0,count,47.5,2,none,G. Gocholeishvili ranks 2 within FCK for shots on target (none).
8cfdb681-32cf-4ebf-81f1-5c0839ec82d5,FCK,68640,T. Delaney,Finishing,shots_on_target,0.0,count,47.5,2,none,T. Delaney ranks 2 within FCK for shots on target (none).
8cfdb681-32cf-4ebf-81f1-5c0839ec82d5,FCK,193228,K. Diks,Finishing,shots_on_target,0.0,count,47.5,2,none,K. Diks ranks 2 within FCK for shots on target (none).
8cfdb681-32cf-4ebf-81f1-5c0839ec82d5,FCK,546545,E. Achouri,Finishing,shots_on_target,0.0,count,47.5,2,none,E. Achouri ranks 2 within FCK for shots on target (none).
8cfdb681-32cf-4ebf-81f1-5c0839ec82d5,FCK,115918,R. Runarsson,Finishing,shots_on_target,0.0,count,47.5,2,none,R. Runarsson ranks 2 within FCK for shots on target (none).
8cfdb681-32cf-4ebf-81f1-5c0839ec82d5,FCK,592864,O. Hojer,Finishing,shots_on_target,0.0,count,47.5,2,none,O. Hojer ranks 2 within FCK for shots on target (none).
8cfdb681-32cf-4ebf-81f1-5c0839ec82d5,FCK,590187,A. Chiakha,Finishing,shots_on_target,0.0,count,47.5,2,none,A. Chiakha ranks 2 within FCK for shots on target (none).
8cfdb681-32cf-4ebf-81f1-5c0839ec82d5,FCK,572146,M. Garan'anga,Finishing,shots_on_target,0.0,count,47.5,2,none,M. Garan'anga ranks 2 within FCK for shots on target (none).
8cfdb681-32cf-4ebf-81f1-5c0839ec82d5,FCK,475413,Gabriel Pereira,Finishing,shots_on_target,0.0,count,47.5,2,none,Gabriel Pereira ranks 2 within FCK for shots on target (none).
8cfdb681-32cf-4ebf-81f1-5c0839ec82d5,FCK,220246,P. Hatzidiakos,Finishing,shots_on_target,0.0,count,47.5,2,none,P. Hatzidiakos ranks 2 within FCK for shots on target (none).
8cfdb681-32cf-4ebf-81f1-5c0839ec82d5,FCK,111756,V. Claesson,Finishing,shots_on_target,0.0,count,47.5,2,none,V. Claesson ranks 2 within FCK for shots on target (none).
8cfdb681-32cf-4ebf-81f1-5c0839ec82d5,FCK,433957,M. Mattsson,Finishing,shots_on_target,0.0,count,47.5,2,none,M. Mattsson ranks 2 within FCK for shots on target (none).
8cfdb681-32cf-4ebf-81f1-5c0839ec82d5,FCK,457214,G. Onugkha,Finishing,shots_on_target,0.0,count,47.5,2,none,G. Onugkha ranks 2 within FCK for shots on target (none).
8cfdb681-32cf-4ebf-81f1-5c0839ec82d5,FCM,533646,D. Osorio,Finishing,shots_on_target,2.0,count,97.5,1,team leading,D. Osorio ranks 1 within FCM for shots on target (team leading).
8cfdb681-32cf-4ebf-81f1-5c0839ec82d5,FCM,423651,E. Chilufya,Finishing,shots_on_target,0.0,count,45.0,3,none,E. Chilufya ranks 3 within FCM for shots on target (none).
8cfdb681-32cf-4ebf-81f1-5c0839ec82d5,FCM,430901,E. Olafsson,Finishing,shots_on_target,0.0,count,45.0,3,none,E. Olafsson ranks 3 within FCM for shots on target (none).
8cfdb681-32cf-4ebf-81f1-5c0839ec82d5,FCM,450048,K. Askildsen,Finishing,shots_on_target,0.0,count,45.0,3,none,K. Askildsen ranks 3 within FCM for shots on target (none).
8cfdb681-32cf-4ebf-81f1-5c0839ec82d5,FCM,536679,P. Bravo,Finishing,shots_on_target,0.0,count,45.0,3,none,P. Bravo ranks 3 within FCM for shots on target (none).
8cfdb681-32cf-4ebf-81f1-5c0839ec82d5,FCM,57513,J. Lossl,Finishing,shots_on_target,0.0,count,45.0,3,none,J. Lossl ranks 3 within FCM for shots on target (none).
8cfdb681-32cf-4ebf-81f1-5c0839ec82d5,FCM,568423,V. Byskov,Finishing,shots_on_target,0.0,count,45.0,3,none,V. Byskov ranks 3 within FCM for shots on target (none).
8cfdb681-32cf-4ebf-81f1-5c0839ec82d5,FCM,553784,D. Castillo,Finishing,shots_on_target,0.0,count,45.0,3,none,D. Castillo ranks 3 within FCM for shots on target (none).
8cfdb681-32cf-4ebf-81f1-5c0839ec82d5,FCM,228044,M. Bech,Finishing,shots_on_target,0.0,count,45.0,3,none,M. Bech ranks 3 within FCM for shots on target (none).
8cfdb681-32cf-4ebf-81f1-5c0839ec82d5,FCM,494784,Oliver Sorensen,Finishing,shots_on_target,0.0,count,45.0,3,none,Oliver Sorensen ranks 3 within FCM for shots on target (none).
8cfdb681-32cf-4ebf-81f1-5c0839ec82d5,FCM,240529,J. Kuchta,Finishing,shots_on_target,0.0,count,45.0,3,none,J. Kuchta ranks 3 within FCM for shots on target (none).
8cfdb681-32cf-4ebf-81f1-5c0839ec82d5,FCM,492474,Lee Han-Beom,Finishing,shots_on_target,0.0,count,45.0,3,none,Lee Han-Beom ranks 3 within FCM for shots on target (none).
8cfdb681-32cf-4ebf-81f1-5c0839ec82d5,FCM,568414,M. Kruger-Johnsen,Finishing,shots_on_target,0.0,count,45.0,3,none,M. Kruger-Johnsen ranks 3 within FCM for shots on target (none).
8cfdb681-32cf-4ebf-81f1-5c0839ec82d5,FCM,120721,K. Mbabu,Finishing,shots_on_target,0.0,count,45.0,3,none,K. Mbabu ranks 3 within FCM for shots on target (none).
8cfdb681-32cf-4ebf-81f1-5c0839ec82d5,FCM,609108,O. Diao,Finishing,shots_on_target,0.0,count,45.0,3,none,O. Diao ranks 3 within FCM for shots on target (none).
8cfdb681-32cf-4ebf-81f1-5c0839ec82d5,FCM,477664,V. Lind,Finishing,shots_on_target,0.0,count,45.0,3,none,V. Lind ranks 3 within FCM for shots on target (none).
8cfdb681-32cf-4ebf-81f1-5c0839ec82d5,FCM,477672,A. Simsir,Finishing,shots_on_target,0.0,count,45.0,3,none,A. Simsir ranks 3 within FCM for shots on target (none).
8cfdb681-32cf-4ebf-81f1-5c0839ec82d5,FCM,474838,E. Martinez,Finishing,shots_on_target,1.0,count,92.5,2,team leading,E. Martinez ranks 2 within FCM for shots on target (team leading).
8cfdb681-32cf-4ebf-81f1-5c0839ec82d5,FCM,204164,J. Andersson,Finishing,shots_on_target,0.0,count,45.0,3,none,J. Andersson ranks 3 within FCM for shots on target (none).
8cfdb681-32cf-4ebf-81f1-5c0839ec82d5,FCM,551144,Franculino Dju,Finishing,shots_on_target,0.0,count,45.0,3,none,Franculino Dju ranks 3 within FCM for shots on target (none).
8cfdb681-32cf-4ebf-81f1-5c0839ec82d5,FCK,96787,M. Elyounoussi,Finishing,shots_from_box,0.0,count,45.0,3,none,M. Elyounoussi ranks 3 within FCK for shots from box (none).
8cfdb681-32cf-4ebf-81f1-5c0839ec82d5,FCK,166965,L. Lerager,Finishing,shots_from_box,0.0,count,45.0,3,none,L. Lerager ranks 3 within FCK for shots from box (none).
8cfdb681-32cf-4ebf-81f1-5c0839ec82d5,FCK,535944,R. Huescas,Finishing,shots_from_box,0.0,count,45.0,3,none,R. Huescas ranks 3 within FCK for shots from box (none).
8cfdb681-32cf-4ebf-81f1-5c0839ec82d5,FCK,114517,A. Cornelius,Finishing,shots_from_box,0.0,count,45.0,3,none,A. Cornelius ranks 3 within FCK for shots from box (none).
8cfdb681-32cf-4ebf-81f1-5c0839ec82d5,FCK,622714,Robert,Finishing,shots_from_box,0.0,count,45.0,3,none,Robert ranks 3 within FCK for shots from box (none).
8cfdb681-32cf-4ebf-81f1-5c0839ec82d5,FCK,590186,V. Froholdt,Finishing,shots_from_box,0.0,count,45.0,3,none,V. Froholdt ranks 3 within FCK for shots from box (none).
8cfdb681-32cf-4ebf-81f1-5c0839ec82d5,FCK,232398,N. Trott,Finishing,shots_from_box,0.0,count,45.0,3,none,N. Trott ranks 3 within FCK for shots from box (none).
8cfdb681-32cf-4ebf-81f1-5c0839ec82d5,FCK,512627,G. Gocholeishvili,Finishing,shots_from_box,0.0,count,45.0,3,none,G. Gocholeishvili ranks 3 within FCK for shots from box (none).
8cfdb681-32cf-4ebf-81f1-5c0839ec82d5,FCK,68640,T. Delaney,Finishing,shots_from_box,0.0,count,45.0,3,none,T. Delaney ranks 3 within FCK for shots from box (none).
8cfdb681-32cf-4ebf-81f1-5c0839ec82d5,FCK,193228,K. Diks,Finishing,shots_from_box,2.0,count,97.5,1,team leading,K. Diks ranks 1 within FCK for shots from box (team leading).
8cfdb681-32cf-4ebf-81f1-5c0839ec82d5,FCK,546545,E. Achouri,Finishing,shots_from_box,0.0,count,45.0,3,none,E. Achouri ranks 3 within FCK for shots from box (none).
8cfdb681-32cf-4ebf-81f1-5c0839ec82d5,FCK,115918,R. Runarsson,Finishing,shots_from_box,0.0,count,45.0,3,none,R. Runarsson ranks 3 within FCK for shots from box (none).
8cfdb681-32cf-4ebf-81f1-5c0839ec82d5,FCK,592864,O. Hojer,Finishing,shots_from_box,0.0,count,45.0,3,none,O. Hojer ranks 3 within FCK for shots from box (none).
8cfdb681-32cf-4ebf-81f1-5c0839ec82d5,FCK,590187,A. Chiakha,Finishing,shots_from_box,0.0,count,45.0,3,none,A. Chiakha ranks 3 within FCK for shots from box (none).
8cfdb681-32cf-4ebf-81f1-5c0839ec82d5,FCK,572146,M. Garan'anga,Finishing,shots_from_box,0.0,count,45.0,3,none,M. Garan'anga ranks 3 within FCK for shots from box (none).
8cfdb681-32cf-4ebf-81f1-5c0839ec82d5,FCK,475413,Gabriel Pereira,Finishing,shots_from_box,0.0,count,45.0,3,none,Gabriel Pereira ranks 3 within FCK for shots from box (none).
8cfdb681-32cf-4ebf-81f1-5c0839ec82d5,FCK,220246,P. Hatzidiakos,Finishing,shots_from_box,0.0,count,45.0,3,none,P. Hatzidiakos ranks 3 within FCK for shots from box (none).
8cfdb681-32cf-4ebf-81f1-5c0839ec82d5,FCK,111756,V. Claesson,Finishing,shots_from_box,0.0,count,45.0,3,none,V. Claesson ranks 3 within FCK for shots from box (none).
8cfdb681-32cf-4ebf-81f1-5c0839ec82d5,FCK,433957,M. Mattsson,Finishing,shots_from_box,0.0,count,45.0,3,none,M. Mattsson ranks 3 within FCK for shots from box (none).
8cfdb681-32cf-4ebf-81f1-5c0839ec82d5,FCK,457214,G. Onugkha,Finishing,shots_from_box,1.0,count,92.5,2,team leading,G. Onugkha ranks 2 within FCK for shots from box (team leading).
8cfdb681-32cf-4ebf-81f1-5c0839ec82d5,FCM,533646,D. Osorio,Finishing,shots_from_box,0.0,count,42.5,4,none,D. Osorio ranks 4 within FCM for shots from box (none).
8cfdb681-32cf-4ebf-81f1-5c0839ec82d5,FCM,423651,E. Chilufya,Finishing,shots_from_box,0.0,count,42.5,4,none,E. Chilufya ranks 4 within FCM for shots from box (none).
8cfdb681-32cf-4ebf-81f1-5c0839ec82d5,FCM,430901,E. Olafsson,Finishing,shots_from_box,0.0,count,42.5,4,none,E. Olafsson ranks 4 within FCM for shots from box (none).
8cfdb681-32cf-4ebf-81f1-5c0839ec82d5,FCM,450048,K. Askildsen,Finishing,shots_from_box,0.0,count,42.5,4,none,K. Askildsen ranks 4 within FCM for shots from box (none).
8cfdb681-32cf-4ebf-81f1-5c0839ec82d5,FCM,536679,P. Bravo,Finishing,shots_from_box,0.0,count,42.5,4,none,P. Bravo ranks 4 within FCM for shots from box (none).
8cfdb681-32cf-4ebf-81f1-5c0839ec82d5,FCM,57513,J. Lossl,Finishing,shots_from_box,0.0,count,42.5,4,none,J. Lossl ranks 4 within FCM for shots from box (none).
8cfdb681-32cf-4ebf-81f1-5c0839ec82d5,FCM,568423,V. Byskov,Finishing,shots_from_box,0.0,count,42.5,4,none,V. Byskov ranks 4 within FCM for shots from box (none).
8cfdb681-32cf-4ebf-81f1-5c0839ec82d5,FCM,553784,D. Castillo,Finishing,shots_from_box,0.0,count,42.5,4,none,D. Castillo ranks 4 within FCM for shots from box (none).
8cfdb681-32cf-4ebf-81f1-5c0839ec82d5,FCM,228044,M. Bech,Finishing,shots_from_box,0.0,count,42.5,4,none,M. Bech ranks 4 within FCM for shots from box (none).
8cfdb681-32cf-4ebf-81f1-5c0839ec82d5,FCM,494784,Oliver Sorensen,Finishing,shots_from_box,1.0,count,90.0,2,team leading,Oliver Sorensen ranks 2 within FCM for shots from box (team leading).
8cfdb681-32cf-4ebf-81f1-5c0839ec82d5,FCM,240529,J. Kuchta,Finishing,shots_from_box,0.0,count,42.5,4,none,J. Kuchta ranks 4 within FCM for shots from box (none).
8cfdb681-32cf-4ebf-81f1-5c0839ec82d5,FCM,492474,Lee Han-Beom,Finishing,shots_from_box,0.0,count,42.5,4,none,Lee Han-Beom ranks 4 within FCM for shots from box (none).
8cfdb681-32cf-4ebf-81f1-5c0839ec82d5,FCM,568414,M. Kruger-Johnsen,Finishing,shots_from_box,0.0,count,42.5,4,none,M. Kruger-Johnsen ranks 4 within FCM for shots from box (none).
8cfdb681-32cf-4ebf-81f1-5c0839ec82d5,FCM,120721,K. Mbabu,Finishing,shots_from_box,0.0,count,42.5,4,none,K. Mbabu ranks 4 within FCM for shots from box (none).
8cfdb681-32cf-4ebf-81f1-5c0839ec82d5,FCM,609108,O. Diao,Finishing,shots_from_box,1.0,count,90.0,2,team leading,O. Diao ranks 2 within FCM for shots from box (team leading).
8cfdb681-32cf-4ebf-81f1-5c0839ec82d5,FCM,477664,V. Lind,Finishing,shots_from_box,0.0,count,42.5,4,none,V. Lind ranks 4 within FCM for shots from box (none).
8cfdb681-32cf-4ebf-81f1-5c0839ec82d5,FCM,477672,A. Simsir,Finishing,shots_from_box,0.0,count,42.5,4,none,A. Simsir ranks 4 within FCM for shots from box (none).
8cfdb681-32cf-4ebf-81f1-5c0839ec82d5,FCM,474838,E. Martinez,Finishing,shots_from_box,0.0,count,42.5,4,none,E. Martinez ranks 4 within FCM for shots from box (none).
8cfdb681-32cf-4ebf-81f1-5c0839ec82d5,FCM,204164,J. Andersson,Finishing,shots_from_box,0.0,count,42.5,4,none,J. Andersson ranks 4 within FCM for shots from box (none).
8cfdb681-32cf-4ebf-81f1-5c0839ec82d5,FCM,551144,Franculino Dju,Finishing,shots_from_box,2.0,count,97.5,1,team leading,Franculino Dju ranks 1 within FCM for shots from box (team leading).
8cfdb681-32cf-4ebf-81f1-5c0839ec82d5,FCK,96787,M. Elyounoussi,Finishing,average_shot_distance,17.375,meters,82.5,4,team leading,M. Elyounoussi ranks 4 within FCK for average shot distance (team leading).
8cfdb681-32cf-4ebf-81f1-5c0839ec82d5,FCK,166965,L. Lerager,Finishing,average_shot_distance,0,meters,32.5,8,none,L. Lerager ranks 8 within FCK for average shot distance (none).
8cfdb681-32cf-4ebf-81f1-5c0839ec82d5,FCK,535944,R. Huescas,Finishing,average_shot_distance,0,meters,32.5,8,none,R. Huescas ranks 8 within FCK for average shot distance (none).
8cfdb681-32cf-4ebf-81f1-5c0839ec82d5,FCK,114517,A. Cornelius,Finishing,average_shot_distance,16.4,meters,77.5,5,team leading,A. Cornelius ranks 5 within FCK for average shot distance (team leading).
8cfdb681-32cf-4ebf-81f1-5c0839ec82d5,FCK,622714,Robert,Finishing,average_shot_distance,0,meters,32.5,8,none,Robert ranks 8 within FCK for average shot distance (none).
8cfdb681-32cf-4ebf-81f1-5c0839ec82d5,FCK,590186,V. Froholdt,Finishing,average_shot_distance,0,meters,32.5,8,none,V. Froholdt ranks 8 within FCK for average shot distance (none).
8cfdb681-32cf-4ebf-81f1-5c0839ec82d5,FCK,232398,N. Trott,Finishing,average_shot_distance,0,meters,32.5,8,none,N. Trott ranks 8 within FCK for average shot distance (none).
8cfdb681-32cf-4ebf-81f1-5c0839ec82d5,FCK,512627,G. Gocholeishvili,Finishing,average_shot_distance,0,meters,32.5,8,none,G. Gocholeishvili ranks 8 within FCK for average shot distance (none).
8cfdb681-32cf-4ebf-81f1-5c0839ec82d5,FCK,68640,T. Delaney,Finishing,average_shot_distance,0,meters,32.5,8,none,T. Delaney ranks 8 within FCK for average shot distance (none).
8cfdb681-32cf-4ebf-81f1-5c0839ec82d5,FCK,193228,K. Diks,Finishing,average_shot_distance,11.09,meters,72.5,6,above team median,K. Diks ranks 6 within FCK for average shot distance (above team median).
8cfdb681-32cf-4ebf-81f1-5c0839ec82d5,FCK,546545,E. Achouri,Finishing,average_shot_distance,19.41,meters,97.5,1,team leading,E. Achouri ranks 1 within FCK for average shot distance (team leading).
8cfdb681-32cf-4ebf-81f1-5c0839ec82d5,FCK,115918,R. Runarsson,Finishing,average_shot_distance,0,meters,32.5,8,none,R. Runarsson ranks 8 within FCK for average shot distance (none).
8cfdb681-32cf-4ebf-81f1-5c0839ec82d5,FCK,592864,O. Hojer,Finishing,average_shot_distance,18.605,meters,87.5,3,team leading,O. Hojer ranks 3 within FCK for average shot distance (team leading).
8cfdb681-32cf-4ebf-81f1-5c0839ec82d5,FCK,590187,A. Chiakha,Finishing,average_shot_distance,0,meters,32.5,8,none,A. Chiakha ranks 8 within FCK for average shot distance (none).
8cfdb681-32cf-4ebf-81f1-5c0839ec82d5,FCK,572146,M. Garan'anga,Finishing,average_shot_distance,0,meters,32.5,8,none,M. Garan'anga ranks 8 within FCK for average shot distance (none).
8cfdb681-32cf-4ebf-81f1-5c0839ec82d5,FCK,475413,Gabriel Pereira,Finishing,average_shot_distance,0,meters,32.5,8,none,Gabriel Pereira ranks 8 within FCK for average shot distance (none).
8cfdb681-32cf-4ebf-81f1-5c0839ec82d5,FCK,220246,P. Hatzidiakos,Finishing,average_shot_distance,0,meters,32.5,8,none,P. Hatzidiakos ranks 8 within FCK for average shot distance (none).
8cfdb681-32cf-4ebf-81f1-5c0839ec82d5,FCK,111756,V. Claesson,Finishing,average_shot_distance,0,meters,32.5,8,none,V. Claesson ranks 8 within FCK for average shot distance (none).
8cfdb681-32cf-4ebf-81f1-5c0839ec82d5,FCK,433957,M. Mattsson,Finishing,average_shot_distance,18.61,meters,92.5,2,team leading,M. Mattsson ranks 2 within FCK for average shot distance (team leading).
8cfdb681-32cf-4ebf-81f1-5c0839ec82d5,FCK,457214,G. Onugkha,Finishing,average_shot_distance,10.74,meters,67.5,7,above team median,G. Onugkha ranks 7 within FCK for average shot distance (above team median).
8cfdb681-32cf-4ebf-81f1-5c0839ec82d5,FCM,533646,D. Osorio,Finishing,average_shot_distance,23.625,meters,92.5,2,team leading,D. Osorio ranks 2 within FCM for average shot distance (team leading).
8cfdb681-32cf-4ebf-81f1-5c0839ec82d5,FCM,423651,E. Chilufya,Finishing,average_shot_distance,0,meters,30.0,9,none,E. Chilufya ranks 9 within FCM for average shot distance (none).
8cfdb681-32cf-4ebf-81f1-5c0839ec82d5,FCM,430901,E. Olafsson,Finishing,average_shot_distance,0,meters,30.0,9,none,E. Olafsson ranks 9 within FCM for average shot distance (none).
8cfdb681-32cf-4ebf-81f1-5c0839ec82d5,FCM,450048,K. Askildsen,Finishing,average_shot_distance,0,meters,30.0,9,none,K. Askildsen ranks 9 within FCM for average shot distance (none).
8cfdb681-32cf-4ebf-81f1-5c0839ec82d5,FCM,536679,P. Bravo,Finishing,average_shot_distance,0,meters,30.0,9,none,P. Bravo ranks 9 within FCM for average shot distance (none).
8cfdb681-32cf-4ebf-81f1-5c0839ec82d5,FCM,57513,J. Lossl,Finishing,average_shot_distance,0,meters,30.0,9,none,J. Lossl ranks 9 within FCM for average shot distance (none).
8cfdb681-32cf-4ebf-81f1-5c0839ec82d5,FCM,568423,V. Byskov,Finishing,average_shot_distance,0,meters,30.0,9,none,V. Byskov ranks 9 within FCM for average shot distance (none).
8cfdb681-32cf-4ebf-81f1-5c0839ec82d5,FCM,553784,D. Castillo,Finishing,average_shot_distance,0,meters,30.0,9,none,D. Castillo ranks 9 within FCM for average shot distance (none).
8cfdb681-32cf-4ebf-81f1-5c0839ec82d5,FCM,228044,M. Bech,Finishing,average_shot_distance,20.72,meters,82.5,4,team leading,M. Bech ranks 4 within FCM for average shot distance (team leading).
8cfdb681-32cf-4ebf-81f1-5c0839ec82d5,FCM,494784,Oliver Sorensen,Finishing,average_shot_distance,14.3,meters,77.5,5,team leading,Oliver Sorensen ranks 5 within FCM for average shot distance (team leading).
8cfdb681-32cf-4ebf-81f1-5c0839ec82d5,FCM,240529,J. Kuchta,Finishing,average_shot_distance,0,meters,30.0,9,none,J. Kuchta ranks 9 within FCM for average shot distance (none).
8cfdb681-32cf-4ebf-81f1-5c0839ec82d5,FCM,492474,Lee Han-Beom,Finishing,average_shot_distance,0,meters,30.0,9,none,Lee Han-Beom ranks 9 within FCM for average shot distance (none).
8cfdb681-32cf-4ebf-81f1-5c0839ec82d5,FCM,568414,M. Kruger-Johnsen,Finishing,average_shot_distance,0,meters,30.0,9,none,M. Kruger-Johnsen ranks 9 within FCM for average shot distance (none).
8cfdb681-32cf-4ebf-81f1-5c0839ec82d5,FCM,120721,K. Mbabu,Finishing,average_shot_distance,9.38,meters,67.5,7,above team median,K. Mbabu ranks 7 within FCM for average shot distance (above team median).
8cfdb681-32cf-4ebf-81f1-5c0839ec82d5,FCM,609108,O. Diao,Finishing,average_shot_distance,7.57,meters,62.5,8,above team median,O. Diao ranks 8 within FCM for average shot distance (above team median).
8cfdb681-32cf-4ebf-81f1-5c0839ec82d5,FCM,477664,V. Lind,Finishing,average_shot_distance,0,meters,30.0,9,none,V. Lind ranks 9 within FCM for average shot distance (none).
8cfdb681-32cf-4ebf-81f1-5c0839ec82d5,FCM,477672,A. Simsir,Finishing,average_shot_distance,23.81,meters,97.5,1,team leading,A. Simsir ranks 1 within FCM for average shot distance (team leading).
8cfdb681-32cf-4ebf-81f1-5c0839ec82d5,FCM,474838,E. Martinez,Finishing,average_shot_distance,22.585,meters,87.5,3,team leading,E. Martinez ranks 3 within FCM for average shot distance (team leading).
8cfdb681-32cf-4ebf-81f1-5c0839ec82d5,FCM,204164,J. Andersson,Finishing,average_shot_distance,0,meters,30.0,9,none,J. Andersson ranks 9 within FCM for average shot distance (none).
8cfdb681-32cf-4ebf-81f1-5c0839ec82d5,FCM,551144,Franculino Dju,Finishing,average_shot_distance,11.6567,meters,72.5,6,above team median,Franculino Dju ranks 6 within FCM for average shot distance (above team median).
8cfdb681-32cf-4ebf-81f1-5c0839ec82d5,FCK,96787,M. Elyounoussi,Finishing,shot_threat,0.0881,threat,82.5,4,team leading,M. Elyounoussi ranks 4 within FCK for shot threat (team leading).
8cfdb681-32cf-4ebf-81f1-5c0839ec82d5,FCK,166965,L. Lerager,Finishing,shot_threat,0.0,threat,32.5,8,none,L. Lerager ranks 8 within FCK for shot threat (none).
8cfdb681-32cf-4ebf-81f1-5c0839ec82d5,FCK,535944,R. Huescas,Finishing,shot_threat,0.0,threat,32.5,8,none,R. Huescas ranks 8 within FCK for shot threat (none).
8cfdb681-32cf-4ebf-81f1-5c0839ec82d5,FCK,114517,A. Cornelius,Finishing,shot_threat,0.0339,threat,67.5,7,above team median,A. Cornelius ranks 7 within FCK for shot threat (above team median).
8cfdb681-32cf-4ebf-81f1-5c0839ec82d5,FCK,622714,Robert,Finishing,shot_threat,0.0,threat,32.5,8,none,Robert ranks 8 within FCK for shot threat (none).
8cfdb681-32cf-4ebf-81f1-5c0839ec82d5,FCK,590186,V. Froholdt,Finishing,shot_threat,0.0,threat,32.5,8,none,V. Froholdt ranks 8 within FCK for shot threat (none).
8cfdb681-32cf-4ebf-81f1-5c0839ec82d5,FCK,232398,N. Trott,Finishing,shot_threat,0.0,threat,32.5,8,none,N. Trott ranks 8 within FCK for shot threat (none).
8cfdb681-32cf-4ebf-81f1-5c0839ec82d5,FCK,512627,G. Gocholeishvili,Finishing,shot_threat,0.0,threat,32.5,8,none,G. Gocholeishvili ranks 8 within FCK for shot threat (none).
8cfdb681-32cf-4ebf-81f1-5c0839ec82d5,FCK,68640,T. Delaney,Finishing,shot_threat,0.0,threat,32.5,8,none,T. Delaney ranks 8 within FCK for shot threat (none).
8cfdb681-32cf-4ebf-81f1-5c0839ec82d5,FCK,193228,K. Diks,Finishing,shot_threat,1.56,threat,97.5,1,team leading,K. Diks ranks 1 within FCK for shot threat (team leading).
8cfdb681-32cf-4ebf-81f1-5c0839ec82d5,FCK,546545,E. Achouri,Finishing,shot_threat,0.078,threat,77.5,5,team leading,E. Achouri ranks 5 within FCK for shot threat (team leading).
8cfdb681-32cf-4ebf-81f1-5c0839ec82d5,FCK,115918,R. Runarsson,Finishing,shot_threat,0.0,threat,32.5,8,none,R. Runarsson ranks 8 within FCK for shot threat (none).
8cfdb681-32cf-4ebf-81f1-5c0839ec82d5,FCK,592864,O. Hojer,Finishing,shot_threat,0.2048,threat,87.5,3,team leading,O. Hojer ranks 3 within FCK for shot threat (team leading).
8cfdb681-32cf-4ebf-81f1-5c0839ec82d5,FCK,590187,A. Chiakha,Finishing,shot_threat,0.0,threat,32.5,8,none,A. Chiakha ranks 8 within FCK for shot threat (none).
8cfdb681-32cf-4ebf-81f1-5c0839ec82d5,FCK,572146,M. Garan'anga,Finishing,shot_threat,0.0,threat,32.5,8,none,M. Garan'anga ranks 8 within FCK for shot threat (none).
8cfdb681-32cf-4ebf-81f1-5c0839ec82d5,FCK,475413,Gabriel Pereira,Finishing,shot_threat,0.0,threat,32.5,8,none,Gabriel Pereira ranks 8 within FCK for shot threat (none).
8cfdb681-32cf-4ebf-81f1-5c0839ec82d5,FCK,220246,P. Hatzidiakos,Finishing,shot_threat,0.0,threat,32.5,8,none,P. Hatzidiakos ranks 8 within FCK for shot threat (none).
8cfdb681-32cf-4ebf-81f1-5c0839ec82d5,FCK,111756,V. Claesson,Finishing,shot_threat,0.0,threat,32.5,8,none,V. Claesson ranks 8 within FCK for shot threat (none).
8cfdb681-32cf-4ebf-81f1-5c0839ec82d5,FCK,433957,M. Mattsson,Finishing,shot_threat,0.0534,threat,72.5,6,above team median,M. Mattsson ranks 6 within FCK for shot threat (above team median).
8cfdb681-32cf-4ebf-81f1-5c0839ec82d5,FCK,457214,G. Onugkha,Finishing,shot_threat,0.3452,threat,92.5,2,team leading,G. Onugkha ranks 2 within FCK for shot threat (team leading).
8cfdb681-32cf-4ebf-81f1-5c0839ec82d5,FCM,533646,D. Osorio,Finishing,shot_threat,0.173,threat,87.5,3,team leading,D. Osorio ranks 3 within FCM for shot threat (team leading).
8cfdb681-32cf-4ebf-81f1-5c0839ec82d5,FCM,423651,E. Chilufya,Finishing,shot_threat,0.0,threat,30.0,9,none,E. Chilufya ranks 9 within FCM for shot threat (none).
8cfdb681-32cf-4ebf-81f1-5c0839ec82d5,FCM,430901,E. Olafsson,Finishing,shot_threat,0.0,threat,30.0,9,none,E. Olafsson ranks 9 within FCM for shot threat (none).
8cfdb681-32cf-4ebf-81f1-5c0839ec82d5,FCM,450048,K. Askildsen,Finishing,shot_threat,0.0,threat,30.0,9,none,K. Askildsen ranks 9 within FCM for shot threat (none).
8cfdb681-32cf-4ebf-81f1-5c0839ec82d5,FCM,536679,P. Bravo,Finishing,shot_threat,0.0,threat,30.0,9,none,P. Bravo ranks 9 within FCM for shot threat (none).
8cfdb681-32cf-4ebf-81f1-5c0839ec82d5,FCM,57513,J. Lossl,Finishing,shot_threat,0.0,threat,30.0,9,none,J. Lossl ranks 9 within FCM for shot threat (none).
8cfdb681-32cf-4ebf-81f1-5c0839ec82d5,FCM,568423,V. Byskov,Finishing,shot_threat,0.0,threat,30.0,9,none,V. Byskov ranks 9 within FCM for shot threat (none).
8cfdb681-32cf-4ebf-81f1-5c0839ec82d5,FCM,553784,D. Castillo,Finishing,shot_threat,0.0,threat,30.0,9,none,D. Castillo ranks 9 within FCM for shot threat (none).
8cfdb681-32cf-4ebf-81f1-5c0839ec82d5,FCM,228044,M. Bech,Finishing,shot_threat,0.0091,threat,62.5,8,above team median,M. Bech ranks 8 within FCM for shot threat (above team median).
8cfdb681-32cf-4ebf-81f1-5c0839ec82d5,FCM,494784,Oliver Sorensen,Finishing,shot_threat,0.1637,threat,82.5,4,team leading,Oliver Sorensen ranks 4 within FCM for shot threat (team leading).
8cfdb681-32cf-4ebf-81f1-5c0839ec82d5,FCM,240529,J. Kuchta,Finishing,shot_threat,0.0,threat,30.0,9,none,J. Kuchta ranks 9 within FCM for shot threat (none).
8cfdb681-32cf-4ebf-81f1-5c0839ec82d5,FCM,492474,Lee Han-Beom,Finishing,shot_threat,0.0,threat,30.0,9,none,Lee Han-Beom ranks 9 within FCM for shot threat (none).
8cfdb681-32cf-4ebf-81f1-5c0839ec82d5,FCM,568414,M. Kruger-Johnsen,Finishing,shot_threat,0.0,threat,30.0,9,none,M. Kruger-Johnsen ranks 9 within FCM for shot threat (none).
8cfdb681-32cf-4ebf-81f1-5c0839ec82d5,FCM,120721,K. Mbabu,Finishing,shot_threat,0.1874,threat,92.5,2,team leading,K. Mbabu ranks 2 within FCM for shot threat (team leading).
8cfdb681-32cf-4ebf-81f1-5c0839ec82d5,FCM,609108,O. Diao,Finishing,shot_threat,0.0471,threat,72.5,6,above team median,O. Diao ranks 6 within FCM for shot threat (above team median).
8cfdb681-32cf-4ebf-81f1-5c0839ec82d5,FCM,477664,V. Lind,Finishing,shot_threat,0.0,threat,30.0,9,none,V. Lind ranks 9 within FCM for shot threat (none).
8cfdb681-32cf-4ebf-81f1-5c0839ec82d5,FCM,477672,A. Simsir,Finishing,shot_threat,0.0862,threat,77.5,5,team leading,A. Simsir ranks 5 within FCM for shot threat (team leading).
8cfdb681-32cf-4ebf-81f1-5c0839ec82d5,FCM,474838,E. Martinez,Finishing,shot_threat,0.0459,threat,67.5,7,above team median,E. Martinez ranks 7 within FCM for shot threat (above team median).
8cfdb681-32cf-4ebf-81f1-5c0839ec82d5,FCM,204164,J. Andersson,Finishing,shot_threat,0.0,threat,30.0,9,none,J. Andersson ranks 9 within FCM for shot threat (none).
8cfdb681-32cf-4ebf-81f1-5c0839ec82d5,FCM,551144,Franculino Dju,Finishing,shot_threat,0.205,threat,97.5,1,team leading,Franculino Dju ranks 1 within FCM for shot threat (team leading).
8cfdb681-32cf-4ebf-81f1-5c0839ec82d5,FCK,96787,M. Elyounoussi,Risk,turnovers,6.0,count,97.5,20,high risk,M. Elyounoussi ranks 20 within FCK for turnovers (high risk).
8cfdb681-32cf-4ebf-81f1-5c0839ec82d5,FCK,166965,L. Lerager,Risk,turnovers,2.0,count,70.0,14,moderate risk,L. Lerager ranks 14 within FCK for turnovers (moderate risk).
8cfdb681-32cf-4ebf-81f1-5c0839ec82d5,FCK,535944,R. Huescas,Risk,turnovers,1.0,count,52.5,9,moderate risk,R. Huescas ranks 9 within FCK for turnovers (moderate risk).
8cfdb681-32cf-4ebf-81f1-5c0839ec82d5,FCK,114517,A. Cornelius,Risk,turnovers,1.0,count,52.5,9,moderate risk,A. Cornelius ranks 9 within FCK for turnovers (moderate risk).
8cfdb681-32cf-4ebf-81f1-5c0839ec82d5,FCK,622714,Robert,Risk,turnovers,0.0,count,20.0,1,secure,Robert ranks 1 within FCK for turnovers (secure).
8cfdb681-32cf-4ebf-81f1-5c0839ec82d5,FCK,590186,V. Froholdt,Risk,turnovers,1.0,count,52.5,9,moderate risk,V. Froholdt ranks 9 within FCK for turnovers (moderate risk).
8cfdb681-32cf-4ebf-81f1-5c0839ec82d5,FCK,232398,N. Trott,Risk,turnovers,0.0,count,20.0,1,secure,N. Trott ranks 1 within FCK for turnovers (secure).
8cfdb681-32cf-4ebf-81f1-5c0839ec82d5,FCK,512627,G. Gocholeishvili,Risk,turnovers,4.0,count,87.5,17,high risk,G. Gocholeishvili ranks 17 within FCK for turnovers (high risk).
8cfdb681-32cf-4ebf-81f1-5c0839ec82d5,FCK,68640,T. Delaney,Risk,turnovers,2.0,count,70.0,14,moderate risk,T. Delaney ranks 14 within FCK for turnovers (moderate risk).
8cfdb681-32cf-4ebf-81f1-5c0839ec82d5,FCK,193228,K. Diks,Risk,turnovers,1.0,count,52.5,9,moderate risk,K. Diks ranks 9 within FCK for turnovers (moderate risk).
8cfdb681-32cf-4ebf-81f1-5c0839ec82d5,FCK,546545,E. Achouri,Risk,turnovers,4.0,count,87.5,17,high risk,E. Achouri ranks 17 within FCK for turnovers (high risk).
8cfdb681-32cf-4ebf-81f1-5c0839ec82d5,FCK,115918,R. Runarsson,Risk,turnovers,0.0,count,20.0,1,secure,R. Runarsson ranks 1 within FCK for turnovers (secure).
8cfdb681-32cf-4ebf-81f1-5c0839ec82d5,FCK,592864,O. Hojer,Risk,turnovers,1.0,count,52.5,9,moderate risk,O. Hojer ranks 9 within FCK for turnovers (moderate risk).
8cfdb681-32cf-4ebf-81f1-5c0839ec82d5,FCK,590187,A. Chiakha,Risk,turnovers,0.0,count,20.0,1,secure,A. Chiakha ranks 1 within FCK for turnovers (secure).
8cfdb681-32cf-4ebf-81f1-5c0839ec82d5,FCK,572146,M. Garan'anga,Risk,turnovers,0.0,count,20.0,1,secure,M. Garan'anga ranks 1 within FCK for turnovers (secure).
8cfdb681-32cf-4ebf-81f1-5c0839ec82d5,FCK,475413,Gabriel Pereira,Risk,turnovers,0.0,count,20.0,1,secure,Gabriel Pereira ranks 1 within FCK for turnovers (secure).
8cfdb681-32cf-4ebf-81f1-5c0839ec82d5,FCK,220246,P. Hatzidiakos,Risk,turnovers,0.0,count,20.0,1,secure,P. Hatzidiakos ranks 1 within FCK for turnovers (secure).
8cfdb681-32cf-4ebf-81f1-5c0839ec82d5,FCK,111756,V. Claesson,Risk,turnovers,0.0,count,20.0,1,secure,V. Claesson ranks 1 within FCK for turnovers (secure).
8cfdb681-32cf-4ebf-81f1-5c0839ec82d5,FCK,433957,M. Mattsson,Risk,turnovers,3.0,count,77.5,16,high risk,M. Mattsson ranks 16 within FCK for turnovers (high risk).
8cfdb681-32cf-4ebf-81f1-5c0839ec82d5,FCK,457214,G. Onugkha,Risk,turnovers,4.0,count,87.5,17,high risk,G. Onugkha ranks 17 within FCK for turnovers (high risk).
8cfdb681-32cf-4ebf-81f1-5c0839ec82d5,FCM,533646,D. Osorio,Risk,turnovers,3.0,count,80.0,16,high risk,D. Osorio ranks 16 within FCM for turnovers (high risk).
8cfdb681-32cf-4ebf-81f1-5c0839ec82d5,FCM,423651,E. Chilufya,Risk,turnovers,1.0,count,57.5,11,moderate risk,E. Chilufya ranks 11 within FCM for turnovers (moderate risk).
8cfdb681-32cf-4ebf-81f1-5c0839ec82d5,FCM,430901,E. Olafsson,Risk,turnovers,0.0,count,25.0,1,secure,E. Olafsson ranks 1 within FCM for turnovers (secure).
8cfdb681-32cf-4ebf-81f1-5c0839ec82d5,FCM,450048,K. Askildsen,Risk,turnovers,0.0,count,25.0,1,secure,K. Askildsen ranks 1 within FCM for turnovers (secure).
8cfdb681-32cf-4ebf-81f1-5c0839ec82d5,FCM,536679,P. Bravo,Risk,turnovers,0.0,count,25.0,1,secure,P. Bravo ranks 1 within FCM for turnovers (secure).
8cfdb681-32cf-4ebf-81f1-5c0839ec82d5,FCM,57513,J. Lossl,Risk,turnovers,0.0,count,25.0,1,secure,J. Lossl ranks 1 within FCM for turnovers (secure).
8cfdb681-32cf-4ebf-81f1-5c0839ec82d5,FCM,568423,V. Byskov,Risk,turnovers,1.0,count,57.5,11,moderate risk,V. Byskov ranks 11 within FCM for turnovers (moderate risk).
8cfdb681-32cf-4ebf-81f1-5c0839ec82d5,FCM,553784,D. Castillo,Risk,turnovers,0.0,count,25.0,1,secure,D. Castillo ranks 1 within FCM for turnovers (secure).
8cfdb681-32cf-4ebf-81f1-5c0839ec82d5,FCM,228044,M. Bech,Risk,turnovers,0.0,count,25.0,1,secure,M. Bech ranks 1 within FCM for turnovers (secure).
8cfdb681-32cf-4ebf-81f1-5c0839ec82d5,FCM,494784,Oliver Sorensen,Risk,turnovers,1.0,count,57.5,11,moderate risk,Oliver Sorensen ranks 11 within FCM for turnovers (moderate risk).
8cfdb681-32cf-4ebf-81f1-5c0839ec82d5,FCM,240529,J. Kuchta,Risk,turnovers,2.0,count,70.0,14,moderate risk,J. Kuchta ranks 14 within FCM for turnovers (moderate risk).
8cfdb681-32cf-4ebf-81f1-5c0839ec82d5,FCM,492474,Lee Han-Beom,Risk,turnovers,0.0,count,25.0,1,secure,Lee Han-Beom ranks 1 within FCM for turnovers (secure).
8cfdb681-32cf-4ebf-81f1-5c0839ec82d5,FCM,568414,M. Kruger-Johnsen,Risk,turnovers,0.0,count,25.0,1,secure,M. Kruger-Johnsen ranks 1 within FCM for turnovers (secure).
8cfdb681-32cf-4ebf-81f1-5c0839ec82d5,FCM,120721,K. Mbabu,Risk,turnovers,4.0,count,90.0,18,high risk,K. Mbabu ranks 18 within FCM for turnovers (high risk).
8cfdb681-32cf-4ebf-81f1-5c0839ec82d5,FCM,609108,O. Diao,Risk,turnovers,0.0,count,25.0,1,secure,O. Diao ranks 1 within FCM for turnovers (secure).
8cfdb681-32cf-4ebf-81f1-5c0839ec82d5,FCM,477664,V. Lind,Risk,turnovers,0.0,count,25.0,1,secure,V. Lind ranks 1 within FCM for turnovers (secure).
8cfdb681-32cf-4ebf-81f1-5c0839ec82d5,FCM,477672,A. Simsir,Risk,turnovers,6.0,count,97.5,20,high risk,A. Simsir ranks 20 within FCM for turnovers (high risk).
8cfdb681-32cf-4ebf-81f1-5c0839ec82d5,FCM,474838,E. Martinez,Risk,turnovers,3.0,count,80.0,16,high risk,E. Martinez ranks 16 within FCM for turnovers (high risk).
8cfdb681-32cf-4ebf-81f1-5c0839ec82d5,FCM,204164,J. Andersson,Risk,turnovers,2.0,count,70.0,14,moderate risk,J. Andersson ranks 14 within FCM for turnovers (moderate risk).
8cfdb681-32cf-4ebf-81f1-5c0839ec82d5,FCM,551144,Franculino Dju,Risk,turnovers,4.0,count,90.0,18,high risk,Franculino Dju ranks 18 within FCM for turnovers (high risk).
8cfdb681-32cf-4ebf-81f1-5c0839ec82d5,FCK,96787,M. Elyounoussi,Risk,turnovers_per_90,6.1884,per_90,87.5,3,team leading,M. Elyounoussi ranks 3 within FCK for turnovers per 90 (team leading).
8cfdb681-32cf-4ebf-81f1-5c0839ec82d5,FCK,166965,L. Lerager,Risk,turnovers_per_90,1.8639,per_90,50.0,10,above team median,L. Lerager ranks 10 within FCK for turnovers per 90 (above team median).
8cfdb681-32cf-4ebf-81f1-5c0839ec82d5,FCK,535944,R. Huescas,Risk,turnovers_per_90,7.1463,per_90,92.5,2,team leading,R. Huescas ranks 2 within FCK for turnovers per 90 (team leading).
8cfdb681-32cf-4ebf-81f1-5c0839ec82d5,FCK,114517,A. Cornelius,Risk,turnovers_per_90,3.9277,per_90,72.5,6,above team median,A. Cornelius ranks 6 within FCK for turnovers per 90 (above team median).
8cfdb681-32cf-4ebf-81f1-5c0839ec82d5,FCK,622714,Robert,Risk,turnovers_per_90,0,per_90,20.0,13,none,Robert ranks 13 within FCK for turnovers per 90 (none).
8cfdb681-32cf-4ebf-81f1-5c0839ec82d5,FCK,590186,V. Froholdt,Risk,turnovers_per_90,3.887,per_90,67.5,7,above team median,V. Froholdt ranks 7 within FCK for turnovers per 90 (above team median).
8cfdb681-32cf-4ebf-81f1-5c0839ec82d5,FCK,232398,N. Trott,Risk,turnovers_per_90,0.0,per_90,20.0,13,none,N. Trott ranks 13 within FCK for turnovers per 90 (none).
8cfdb681-32cf-4ebf-81f1-5c0839ec82d5,FCK,512627,G. Gocholeishvili,Risk,turnovers_per_90,4.2868,per_90,77.5,5,team leading,G. Gocholeishvili ranks 5 within FCK for turnovers per 90 (team leading).
8cfdb681-32cf-4ebf-81f1-5c0839ec82d5,FCK,68640,T. Delaney,Risk,turnovers_per_90,1.8639,per_90,50.0,10,above team median,T. Delaney ranks 10 within FCK for turnovers per 90 (above team median).
8cfdb681-32cf-4ebf-81f1-5c0839ec82d5,FCK,193228,K. Diks,Risk,turnovers_per_90,0.9319,per_90,42.5,12,around team median,K. Diks ranks 12 within FCK for turnovers per 90 (around team median).
8cfdb681-32cf-4ebf-81f1-5c0839ec82d5,FCK,546545,E. Achouri,Risk,turnovers_per_90,4.9033,per_90,82.5,4,team leading,E. Achouri ranks 4 within FCK for turnovers per 90 (team leading).
8cfdb681-32cf-4ebf-81f1-5c0839ec82d5,FCK,115918,R. Runarsson,Risk,turnovers_per_90,0,per_90,20.0,13,none,R. Runarsson ranks 13 within FCK for turnovers per 90 (none).
8cfdb681-32cf-4ebf-81f1-5c0839ec82d5,FCK,592864,O. Hojer,Risk,turnovers_per_90,9.6629,per_90,97.5,1,team leading,O. Hojer ranks 1 within FCK for turnovers per 90 (team leading).
8cfdb681-32cf-4ebf-81f1-5c0839ec82d5,FCK,590187,A. Chiakha,Risk,turnovers_per_90,0,per_90,20.0,13,none,A. Chiakha ranks 13 within FCK for turnovers per 90 (none).
8cfdb681-32cf-4ebf-81f1-5c0839ec82d5,FCK,572146,M. Garan'anga,Risk,turnovers_per_90,0,per_90,20.0,13,none,M. Garan'anga ranks 13 within FCK for turnovers per 90 (none).
8cfdb681-32cf-4ebf-81f1-5c0839ec82d5,FCK,475413,Gabriel Pereira,Risk,turnovers_per_90,0.0,per_90,20.0,13,none,Gabriel Pereira ranks 13 within FCK for turnovers per 90 (none).
8cfdb681-32cf-4ebf-81f1-5c0839ec82d5,FCK,220246,P. Hatzidiakos,Risk,turnovers_per_90,0.0,per_90,20.0,13,none,P. Hatzidiakos ranks 13 within FCK for turnovers per 90 (none).
8cfdb681-32cf-4ebf-81f1-5c0839ec82d5,FCK,111756,V. Claesson,Risk,turnovers_per_90,0.0,per_90,20.0,13,none,V. Claesson ranks 13 within FCK for turnovers per 90 (none).
8cfdb681-32cf-4ebf-81f1-5c0839ec82d5,FCK,433957,M. Mattsson,Risk,turnovers_per_90,3.6655,per_90,57.5,9,above team median,M. Mattsson ranks 9 within FCK for turnovers per 90 (above team median).
8cfdb681-32cf-4ebf-81f1-5c0839ec82d5,FCK,457214,G. Onugkha,Risk,turnovers_per_90,3.7277,per_90,62.5,8,above team median,G. Onugkha ranks 8 within FCK for turnovers per 90 (above team median).
8cfdb681-32cf-4ebf-81f1-5c0839ec82d5,FCM,533646,D. Osorio,Risk,turnovers_per_90,2.9483,per_90,82.5,4,team leading,D. Osorio ranks 4 within FCM for turnovers per 90 (team leading).
8cfdb681-32cf-4ebf-81f1-5c0839ec82d5,FCM,423651,E. Chilufya,Risk,turnovers_per_90,2.7612,per_90,62.5,8,above team median,E. Chilufya ranks 8 within FCM for turnovers per 90 (above team median).
8cfdb681-32cf-4ebf-81f1-5c0839ec82d5,FCM,430901,E. Olafsson,Risk,turnovers_per_90,0.0,per_90,25.0,11,none,E. Olafsson ranks 11 within FCM for turnovers per 90 (none).
8cfdb681-32cf-4ebf-81f1-5c0839ec82d5,FCM,450048,K. Askildsen,Risk,turnovers_per_90,0,per_90,25.0,11,none,K. Askildsen ranks 11 within FCM for turnovers per 90 (none).
8cfdb681-32cf-4ebf-81f1-5c0839ec82d5,FCM,536679,P. Bravo,Risk,turnovers_per_90,0,per_90,25.0,11,none,P. Bravo ranks 11 within FCM for turnovers per 90 (none).
8cfdb681-32cf-4ebf-81f1-5c0839ec82d5,FCM,57513,J. Lossl,Risk,turnovers_per_90,0,per_90,25.0,11,none,J. Lossl ranks 11 within FCM for turnovers per 90 (none).
8cfdb681-32cf-4ebf-81f1-5c0839ec82d5,FCM,568423,V. Byskov,Risk,turnovers_per_90,2.768,per_90,67.5,7,above team median,V. Byskov ranks 7 within FCM for turnovers per 90 (above team median).
8cfdb681-32cf-4ebf-81f1-5c0839ec82d5,FCM,553784,D. Castillo,Risk,turnovers_per_90,0.0,per_90,25.0,11,none,D. Castillo ranks 11 within FCM for turnovers per 90 (none).
8cfdb681-32cf-4ebf-81f1-5c0839ec82d5,FCM,228044,M. Bech,Risk,turnovers_per_90,0.0,per_90,25.0,11,none,M. Bech ranks 11 within FCM for turnovers per 90 (none).
8cfdb681-32cf-4ebf-81f1-5c0839ec82d5,FCM,494784,Oliver Sorensen,Risk,turnovers_per_90,0.9319,per_90,52.5,10,above team median,Oliver Sorensen ranks 10 within FCM for turnovers per 90 (above team median).
8cfdb681-32cf-4ebf-81f1-5c0839ec82d5,FCM,240529,J. Kuchta,Risk,turnovers_per_90,2.8134,per_90,77.5,5,team leading,J. Kuchta ranks 5 within FCM for turnovers per 90 (team leading).
8cfdb681-32cf-4ebf-81f1-5c0839ec82d5,FCM,492474,Lee Han-Beom,Risk,turnovers_per_90,0.0,per_90,25.0,11,none,Lee Han-Beom ranks 11 within FCM for turnovers per 90 (none).
8cfdb681-32cf-4ebf-81f1-5c0839ec82d5,FCM,568414,M. Kruger-Johnsen,Risk,turnovers_per_90,0,per_90,25.0,11,none,M. Kruger-Johnsen ranks 11 within FCM for turnovers per 90 (none).
8cfdb681-32cf-4ebf-81f1-5c0839ec82d5,FCM,120721,K. Mbabu,Risk,turnovers_per_90,3.7277,per_90,87.5,3,team leading,K. Mbabu ranks 3 within FCM for turnovers per 90 (team leading).
8cfdb681-32cf-4ebf-81f1-5c0839ec82d5,FCM,609108,O. Diao,Risk,turnovers_per_90,0.0,per_90,25.0,11,none,O. Diao ranks 11 within FCM for turnovers per 90 (none).
8cfdb681-32cf-4ebf-81f1-5c0839ec82d5,FCM,477664,V. Lind,Risk,turnovers_per_90,0,per_90,25.0,11,none,V. Lind ranks 11 within FCM for turnovers per 90 (none).
8cfdb681-32cf-4ebf-81f1-5c0839ec82d5,FCM,477672,A. Simsir,Risk,turnovers_per_90,8.4297,per_90,97.5,1,team leading,A. Simsir ranks 1 within FCM for turnovers per 90 (team leading).
8cfdb681-32cf-4ebf-81f1-5c0839ec82d5,FCM,474838,E. Martinez,Risk,turnovers_per_90,2.7958,per_90,72.5,6,above team median,E. Martinez ranks 6 within FCM for turnovers per 90 (above team median).
8cfdb681-32cf-4ebf-81f1-5c0839ec82d5,FCM,204164,J. Andersson,Risk,turnovers_per_90,1.8639,per_90,57.5,9,above team median,J. Andersson ranks 9 within FCM for turnovers per 90 (above team median).
8cfdb681-32cf-4ebf-81f1-5c0839ec82d5,FCM,551144,Franculino Dju,Risk,turnovers_per_90,4.1832,per_90,92.5,2,team leading,Franculino Dju ranks 2 within FCM for turnovers per 90 (team leading).
8cfdb681-32cf-4ebf-81f1-5c0839ec82d5,FCK,96787,M. Elyounoussi,Risk,dangerous_losses,3.0,count,90.0,18,high risk,M. Elyounoussi ranks 18 within FCK for dangerous losses (high risk).
8cfdb681-32cf-4ebf-81f1-5c0839ec82d5,FCK,166965,L. Lerager,Risk,dangerous_losses,0.0,count,40.0,1,moderate risk,L. Lerager ranks 1 within FCK for dangerous losses (moderate risk).
8cfdb681-32cf-4ebf-81f1-5c0839ec82d5,FCK,535944,R. Huescas,Risk,dangerous_losses,0.0,count,40.0,1,moderate risk,R. Huescas ranks 1 within FCK for dangerous losses (moderate risk).
8cfdb681-32cf-4ebf-81f1-5c0839ec82d5,FCK,114517,A. Cornelius,Risk,dangerous_losses,0.0,count,40.0,1,moderate risk,A. Cornelius ranks 1 within FCK for dangerous losses (moderate risk).
8cfdb681-32cf-4ebf-81f1-5c0839ec82d5,FCK,622714,Robert,Risk,dangerous_losses,0.0,count,40.0,1,moderate risk,Robert ranks 1 within FCK for dangerous losses (moderate risk).
8cfdb681-32cf-4ebf-81f1-5c0839ec82d5,FCK,590186,V. Froholdt,Risk,dangerous_losses,0.0,count,40.0,1,moderate risk,V. Froholdt ranks 1 within FCK for dangerous losses (moderate risk).
8cfdb681-32cf-4ebf-81f1-5c0839ec82d5,FCK,232398,N. Trott,Risk,dangerous_losses,0.0,count,40.0,1,moderate risk,N. Trott ranks 1 within FCK for dangerous losses (moderate risk).
8cfdb681-32cf-4ebf-81f1-5c0839ec82d5,FCK,512627,G. Gocholeishvili,Risk,dangerous_losses,2.0,count,82.5,17,high risk,G. Gocholeishvili ranks 17 within FCK for dangerous losses (high risk).
8cfdb681-32cf-4ebf-81f1-5c0839ec82d5,FCK,68640,T. Delaney,Risk,dangerous_losses,0.0,count,40.0,1,moderate risk,T. Delaney ranks 1 within FCK for dangerous losses (moderate risk).
8cfdb681-32cf-4ebf-81f1-5c0839ec82d5,FCK,193228,K. Diks,Risk,dangerous_losses,0.0,count,40.0,1,moderate risk,K. Diks ranks 1 within FCK for dangerous losses (moderate risk).
8cfdb681-32cf-4ebf-81f1-5c0839ec82d5,FCK,546545,E. Achouri,Risk,dangerous_losses,3.0,count,90.0,18,high risk,E. Achouri ranks 18 within FCK for dangerous losses (high risk).
8cfdb681-32cf-4ebf-81f1-5c0839ec82d5,FCK,115918,R. Runarsson,Risk,dangerous_losses,0.0,count,40.0,1,moderate risk,R. Runarsson ranks 1 within FCK for dangerous losses (moderate risk).
8cfdb681-32cf-4ebf-81f1-5c0839ec82d5,FCK,592864,O. Hojer,Risk,dangerous_losses,0.0,count,40.0,1,moderate risk,O. Hojer ranks 1 within FCK for dangerous losses (moderate risk).
8cfdb681-32cf-4ebf-81f1-5c0839ec82d5,FCK,590187,A. Chiakha,Risk,dangerous_losses,0.0,count,40.0,1,moderate risk,A. Chiakha ranks 1 within FCK for dangerous losses (moderate risk).
8cfdb681-32cf-4ebf-81f1-5c0839ec82d5,FCK,572146,M. Garan'anga,Risk,dangerous_losses,0.0,count,40.0,1,moderate risk,M. Garan'anga ranks 1 within FCK for dangerous losses (moderate risk).
8cfdb681-32cf-4ebf-81f1-5c0839ec82d5,FCK,475413,Gabriel Pereira,Risk,dangerous_losses,0.0,count,40.0,1,moderate risk,Gabriel Pereira ranks 1 within FCK for dangerous losses (moderate risk).
8cfdb681-32cf-4ebf-81f1-5c0839ec82d5,FCK,220246,P. Hatzidiakos,Risk,dangerous_losses,0.0,count,40.0,1,moderate risk,P. Hatzidiakos ranks 1 within FCK for dangerous losses (moderate risk).
8cfdb681-32cf-4ebf-81f1-5c0839ec82d5,FCK,111756,V. Claesson,Risk,dangerous_losses,0.0,count,40.0,1,moderate risk,V. Claesson ranks 1 within FCK for dangerous losses (moderate risk).
8cfdb681-32cf-4ebf-81f1-5c0839ec82d5,FCK,433957,M. Mattsson,Risk,dangerous_losses,0.0,count,40.0,1,moderate risk,M. Mattsson ranks 1 within FCK for dangerous losses (moderate risk).
8cfdb681-32cf-4ebf-81f1-5c0839ec82d5,FCK,457214,G. Onugkha,Risk,dangerous_losses,4.0,count,97.5,20,high risk,G. Onugkha ranks 20 within FCK for dangerous losses (high risk).
8cfdb681-32cf-4ebf-81f1-5c0839ec82d5,FCM,533646,D. Osorio,Risk,dangerous_losses,1.0,count,72.5,14,moderate risk,D. Osorio ranks 14 within FCM for dangerous losses (moderate risk).
8cfdb681-32cf-4ebf-81f1-5c0839ec82d5,FCM,423651,E. Chilufya,Risk,dangerous_losses,0.0,count,32.5,1,moderate risk,E. Chilufya ranks 1 within FCM for dangerous losses (moderate risk).
8cfdb681-32cf-4ebf-81f1-5c0839ec82d5,FCM,430901,E. Olafsson,Risk,dangerous_losses,0.0,count,32.5,1,moderate risk,E. Olafsson ranks 1 within FCM for dangerous losses (moderate risk).
8cfdb681-32cf-4ebf-81f1-5c0839ec82d5,FCM,450048,K. Askildsen,Risk,dangerous_losses,0.0,count,32.5,1,moderate risk,K. Askildsen ranks 1 within FCM for dangerous losses (moderate risk).
8cfdb681-32cf-4ebf-81f1-5c0839ec82d5,FCM,536679,P. Bravo,Risk,dangerous_losses,0.0,count,32.5,1,moderate risk,P. Bravo ranks 1 within FCM for dangerous losses (moderate risk).
8cfdb681-32cf-4ebf-81f1-5c0839ec82d5,FCM,57513,J. Lossl,Risk,dangerous_losses,0.0,count,32.5,1,moderate risk,J. Lossl ranks 1 within FCM for dangerous losses (moderate risk).
8cfdb681-32cf-4ebf-81f1-5c0839ec82d5,FCM,568423,V. Byskov,Risk,dangerous_losses,1.0,count,72.5,14,moderate risk,V. Byskov ranks 14 within FCM for dangerous losses (moderate risk).
8cfdb681-32cf-4ebf-81f1-5c0839ec82d5,FCM,553784,D. Castillo,Risk,dangerous_losses,0.0,count,32.5,1,moderate risk,D. Castillo ranks 1 within FCM for dangerous losses (moderate risk).
8cfdb681-32cf-4ebf-81f1-5c0839ec82d5,FCM,228044,M. Bech,Risk,dangerous_losses,0.0,count,32.5,1,moderate risk,M. Bech ranks 1 within FCM for dangerous losses (moderate risk).
8cfdb681-32cf-4ebf-81f1-5c0839ec82d5,FCM,494784,Oliver Sorensen,Risk,dangerous_losses,0.0,count,32.5,1,moderate risk,Oliver Sorensen ranks 1 within FCM for dangerous losses (moderate risk).
8cfdb681-32cf-4ebf-81f1-5c0839ec82d5,FCM,240529,J. Kuchta,Risk,dangerous_losses,1.0,count,72.5,14,moderate risk,J. Kuchta ranks 14 within FCM for dangerous losses (moderate risk).
8cfdb681-32cf-4ebf-81f1-5c0839ec82d5,FCM,492474,Lee Han-Beom,Risk,dangerous_losses,0.0,count,32.5,1,moderate risk,Lee Han-Beom ranks 1 within FCM for dangerous losses (moderate risk).
8cfdb681-32cf-4ebf-81f1-5c0839ec82d5,FCM,568414,M. Kruger-Johnsen,Risk,dangerous_losses,0.0,count,32.5,1,moderate risk,M. Kruger-Johnsen ranks 1 within FCM for dangerous losses (moderate risk).
8cfdb681-32cf-4ebf-81f1-5c0839ec82d5,FCM,120721,K. Mbabu,Risk,dangerous_losses,2.0,count,87.5,17,high risk,K. Mbabu ranks 17 within FCM for dangerous losses (high risk).
8cfdb681-32cf-4ebf-81f1-5c0839ec82d5,FCM,609108,O. Diao,Risk,dangerous_losses,0.0,count,32.5,1,moderate risk,O. Diao ranks 1 within FCM for dangerous losses (moderate risk).
8cfdb681-32cf-4ebf-81f1-5c0839ec82d5,FCM,477664,V. Lind,Risk,dangerous_losses,0.0,count,32.5,1,moderate risk,V. Lind ranks 1 within FCM for dangerous losses (moderate risk).
8cfdb681-32cf-4ebf-81f1-5c0839ec82d5,FCM,477672,A. Simsir,Risk,dangerous_losses,3.0,count,97.5,20,high risk,A. Simsir ranks 20 within FCM for dangerous losses (high risk).
8cfdb681-32cf-4ebf-81f1-5c0839ec82d5,FCM,474838,E. Martinez,Risk,dangerous_losses,2.0,count,87.5,17,high risk,E. Martinez ranks 17 within FCM for dangerous losses (high risk).
8cfdb681-32cf-4ebf-81f1-5c0839ec82d5,FCM,204164,J. Andersson,Risk,dangerous_losses,2.0,count,87.5,17,high risk,J. Andersson ranks 17 within FCM for dangerous losses (high risk).
8cfdb681-32cf-4ebf-81f1-5c0839ec82d5,FCM,551144,Franculino Dju,Risk,dangerous_losses,0.0,count,32.5,1,moderate risk,Franculino Dju ranks 1 within FCM for dangerous losses (moderate risk).
8cfdb681-32cf-4ebf-81f1-5c0839ec82d5,FCK,96787,M. Elyounoussi,Risk,losses_in_own_half,1.0,count,75.0,14,high risk,M. Elyounoussi ranks 14 within FCK for losses in own half (high risk).
8cfdb681-32cf-4ebf-81f1-5c0839ec82d5,FCK,166965,L. Lerager,Risk,losses_in_own_half,1.0,count,75.0,14,high risk,L. Lerager ranks 14 within FCK for losses in own half (high risk).
8cfdb681-32cf-4ebf-81f1-5c0839ec82d5,FCK,535944,R. Huescas,Risk,losses_in_own_half,0.0,count,32.5,1,moderate risk,R. Huescas ranks 1 within FCK for losses in own half (moderate risk).
8cfdb681-32cf-4ebf-81f1-5c0839ec82d5,FCK,114517,A. Cornelius,Risk,losses_in_own_half,1.0,count,75.0,14,high risk,A. Cornelius ranks 14 within FCK for losses in own half (high risk).
8cfdb681-32cf-4ebf-81f1-5c0839ec82d5,FCK,622714,Robert,Risk,losses_in_own_half,0.0,count,32.5,1,moderate risk,Robert ranks 1 within FCK for losses in own half (moderate risk).
8cfdb681-32cf-4ebf-81f1-5c0839ec82d5,FCK,590186,V. Froholdt,Risk,losses_in_own_half,0.0,count,32.5,1,moderate risk,V. Froholdt ranks 1 within FCK for losses in own half (moderate risk).
8cfdb681-32cf-4ebf-81f1-5c0839ec82d5,FCK,232398,N. Trott,Risk,losses_in_own_half,0.0,count,32.5,1,moderate risk,N. Trott ranks 1 within FCK for losses in own half (moderate risk).
8cfdb681-32cf-4ebf-81f1-5c0839ec82d5,FCK,512627,G. Gocholeishvili,Risk,losses_in_own_half,3.0,count,97.5,20,high risk,G. Gocholeishvili ranks 20 within FCK for losses in own half (high risk).
8cfdb681-32cf-4ebf-81f1-5c0839ec82d5,FCK,68640,T. Delaney,Risk,losses_in_own_half,2.0,count,90.0,18,high risk,T. Delaney ranks 18 within FCK for losses in own half (high risk).
8cfdb681-32cf-4ebf-81f1-5c0839ec82d5,FCK,193228,K. Diks,Risk,losses_in_own_half,0.0,count,32.5,1,moderate risk,K. Diks ranks 1 within FCK for losses in own half (moderate risk).
8cfdb681-32cf-4ebf-81f1-5c0839ec82d5,FCK,546545,E. Achouri,Risk,losses_in_own_half,1.0,count,75.0,14,high risk,E. Achouri ranks 14 within FCK for losses in own half (high risk).
8cfdb681-32cf-4ebf-81f1-5c0839ec82d5,FCK,115918,R. Runarsson,Risk,losses_in_own_half,0.0,count,32.5,1,moderate risk,R. Runarsson ranks 1 within FCK for losses in own half (moderate risk).
8cfdb681-32cf-4ebf-81f1-5c0839ec82d5,FCK,592864,O. Hojer,Risk,losses_in_own_half,0.0,count,32.5,1,moderate risk,O. Hojer ranks 1 within FCK for losses in own half (moderate risk).
8cfdb681-32cf-4ebf-81f1-5c0839ec82d5,FCK,590187,A. Chiakha,Risk,losses_in_own_half,0.0,count,32.5,1,moderate risk,A. Chiakha ranks 1 within FCK for losses in own half (moderate risk).
8cfdb681-32cf-4ebf-81f1-5c0839ec82d5,FCK,572146,M. Garan'anga,Risk,losses_in_own_half,0.0,count,32.5,1,moderate risk,M. Garan'anga ranks 1 within FCK for losses in own half (moderate risk).
8cfdb681-32cf-4ebf-81f1-5c0839ec82d5,FCK,475413,Gabriel Pereira,Risk,losses_in_own_half,0.0,count,32.5,1,moderate risk,Gabriel Pereira ranks 1 within FCK for losses in own half (moderate risk).
8cfdb681-32cf-4ebf-81f1-5c0839ec82d5,FCK,220246,P. Hatzidiakos,Risk,losses_in_own_half,0.0,count,32.5,1,moderate risk,P. Hatzidiakos ranks 1 within FCK for losses in own half (moderate risk).
8cfdb681-32cf-4ebf-81f1-5c0839ec82d5,FCK,111756,V. Claesson,Risk,losses_in_own_half,0.0,count,32.5,1,moderate risk,V. Claesson ranks 1 within FCK for losses in own half (moderate risk).
8cfdb681-32cf-4ebf-81f1-5c0839ec82d5,FCK,433957,M. Mattsson,Risk,losses_in_own_half,0.0,count,32.5,1,moderate risk,M. Mattsson ranks 1 within FCK for losses in own half (moderate risk).
8cfdb681-32cf-4ebf-81f1-5c0839ec82d5,FCK,457214,G. Onugkha,Risk,losses_in_own_half,2.0,count,90.0,18,high risk,G. Onugkha ranks 18 within FCK for losses in own half (high risk).
8cfdb681-32cf-4ebf-81f1-5c0839ec82d5,FCM,533646,D. Osorio,Risk,losses_in_own_half,2.0,count,90.0,18,high risk,D. Osorio ranks 18 within FCM for losses in own half (high risk).
8cfdb681-32cf-4ebf-81f1-5c0839ec82d5,FCM,423651,E. Chilufya,Risk,losses_in_own_half,0.0,count,37.5,1,moderate risk,E. Chilufya ranks 1 within FCM for losses in own half (moderate risk).
8cfdb681-32cf-4ebf-81f1-5c0839ec82d5,FCM,430901,E. Olafsson,Risk,losses_in_own_half,0.0,count,37.5,1,moderate risk,E. Olafsson ranks 1 within FCM for losses in own half (moderate risk).
8cfdb681-32cf-4ebf-81f1-5c0839ec82d5,FCM,450048,K. Askildsen,Risk,losses_in_own_half,0.0,count,37.5,1,moderate risk,K. Askildsen ranks 1 within FCM for losses in own half (moderate risk).
8cfdb681-32cf-4ebf-81f1-5c0839ec82d5,FCM,536679,P. Bravo,Risk,losses_in_own_half,0.0,count,37.5,1,moderate risk,P. Bravo ranks 1 within FCM for losses in own half (moderate risk).
8cfdb681-32cf-4ebf-81f1-5c0839ec82d5,FCM,57513,J. Lossl,Risk,losses_in_own_half,0.0,count,37.5,1,moderate risk,J. Lossl ranks 1 within FCM for losses in own half (moderate risk).
8cfdb681-32cf-4ebf-81f1-5c0839ec82d5,FCM,568423,V. Byskov,Risk,losses_in_own_half,0.0,count,37.5,1,moderate risk,V. Byskov ranks 1 within FCM for losses in own half (moderate risk).
8cfdb681-32cf-4ebf-81f1-5c0839ec82d5,FCM,553784,D. Castillo,Risk,losses_in_own_half,0.0,count,37.5,1,moderate risk,D. Castillo ranks 1 within FCM for losses in own half (moderate risk).
8cfdb681-32cf-4ebf-81f1-5c0839ec82d5,FCM,228044,M. Bech,Risk,losses_in_own_half,0.0,count,37.5,1,moderate risk,M. Bech ranks 1 within FCM for losses in own half (moderate risk).
8cfdb681-32cf-4ebf-81f1-5c0839ec82d5,FCM,494784,Oliver Sorensen,Risk,losses_in_own_half,0.0,count,37.5,1,moderate risk,Oliver Sorensen ranks 1 within FCM for losses in own half (moderate risk).
8cfdb681-32cf-4ebf-81f1-5c0839ec82d5,FCM,240529,J. Kuchta,Risk,losses_in_own_half,0.0,count,37.5,1,moderate risk,J. Kuchta ranks 1 within FCM for losses in own half (moderate risk).
8cfdb681-32cf-4ebf-81f1-5c0839ec82d5,FCM,492474,Lee Han-Beom,Risk,losses_in_own_half,0.0,count,37.5,1,moderate risk,Lee Han-Beom ranks 1 within FCM for losses in own half (moderate risk).
8cfdb681-32cf-4ebf-81f1-5c0839ec82d5,FCM,568414,M. Kruger-Johnsen,Risk,losses_in_own_half,0.0,count,37.5,1,moderate risk,M. Kruger-Johnsen ranks 1 within FCM for losses in own half (moderate risk).
8cfdb681-32cf-4ebf-81f1-5c0839ec82d5,FCM,120721,K. Mbabu,Risk,losses_in_own_half,1.0,count,80.0,16,high risk,K. Mbabu ranks 16 within FCM for losses in own half (high risk).
8cfdb681-32cf-4ebf-81f1-5c0839ec82d5,FCM,609108,O. Diao,Risk,losses_in_own_half,0.0,count,37.5,1,moderate risk,O. Diao ranks 1 within FCM for losses in own half (moderate risk).
8cfdb681-32cf-4ebf-81f1-5c0839ec82d5,FCM,477664,V. Lind,Risk,losses_in_own_half,0.0,count,37.5,1,moderate risk,V. Lind ranks 1 within FCM for losses in own half (moderate risk).
8cfdb681-32cf-4ebf-81f1-5c0839ec82d5,FCM,477672,A. Simsir,Risk,losses_in_own_half,3.0,count,97.5,20,high risk,A. Simsir ranks 20 within FCM for losses in own half (high risk).
8cfdb681-32cf-4ebf-81f1-5c0839ec82d5,FCM,474838,E. Martinez,Risk,losses_in_own_half,2.0,count,90.0,18,high risk,E. Martinez ranks 18 within FCM for losses in own half (high risk).
8cfdb681-32cf-4ebf-81f1-5c0839ec82d5,FCM,204164,J. Andersson,Risk,losses_in_own_half,1.0,count,80.0,16,high risk,J. Andersson ranks 16 within FCM for losses in own half (high risk).
8cfdb681-32cf-4ebf-81f1-5c0839ec82d5,FCM,551144,Franculino Dju,Risk,losses_in_own_half,0.0,count,37.5,1,moderate risk,Franculino Dju ranks 1 within FCM for losses in own half (moderate risk).
8cfdb681-32cf-4ebf-81f1-5c0839ec82d5,FCK,96787,M. Elyounoussi,Risk,central_losses,4.0,count,95.0,19,high risk,M. Elyounoussi ranks 19 within FCK for central losses (high risk).
8cfdb681-32cf-4ebf-81f1-5c0839ec82d5,FCK,166965,L. Lerager,Risk,central_losses,0.0,count,37.5,1,moderate risk,L. Lerager ranks 1 within FCK for central losses (moderate risk).
8cfdb681-32cf-4ebf-81f1-5c0839ec82d5,FCK,535944,R. Huescas,Risk,central_losses,0.0,count,37.5,1,moderate risk,R. Huescas ranks 1 within FCK for central losses (moderate risk).
8cfdb681-32cf-4ebf-81f1-5c0839ec82d5,FCK,114517,A. Cornelius,Risk,central_losses,0.0,count,37.5,1,moderate risk,A. Cornelius ranks 1 within FCK for central losses (moderate risk).
8cfdb681-32cf-4ebf-81f1-5c0839ec82d5,FCK,622714,Robert,Risk,central_losses,0.0,count,37.5,1,moderate risk,Robert ranks 1 within FCK for central losses (moderate risk).
8cfdb681-32cf-4ebf-81f1-5c0839ec82d5,FCK,590186,V. Froholdt,Risk,central_losses,0.0,count,37.5,1,moderate risk,V. Froholdt ranks 1 within FCK for central losses (moderate risk).
8cfdb681-32cf-4ebf-81f1-5c0839ec82d5,FCK,232398,N. Trott,Risk,central_losses,0.0,count,37.5,1,moderate risk,N. Trott ranks 1 within FCK for central losses (moderate risk).
8cfdb681-32cf-4ebf-81f1-5c0839ec82d5,FCK,512627,G. Gocholeishvili,Risk,central_losses,3.0,count,85.0,17,high risk,G. Gocholeishvili ranks 17 within FCK for central losses (high risk).
8cfdb681-32cf-4ebf-81f1-5c0839ec82d5,FCK,68640,T. Delaney,Risk,central_losses,0.0,count,37.5,1,moderate risk,T. Delaney ranks 1 within FCK for central losses (moderate risk).
8cfdb681-32cf-4ebf-81f1-5c0839ec82d5,FCK,193228,K. Diks,Risk,central_losses,0.0,count,37.5,1,moderate risk,K. Diks ranks 1 within FCK for central losses (moderate risk).
8cfdb681-32cf-4ebf-81f1-5c0839ec82d5,FCK,546545,E. Achouri,Risk,central_losses,3.0,count,85.0,17,high risk,E. Achouri ranks 17 within FCK for central losses (high risk).
8cfdb681-32cf-4ebf-81f1-5c0839ec82d5,FCK,115918,R. Runarsson,Risk,central_losses,0.0,count,37.5,1,moderate risk,R. Runarsson ranks 1 within FCK for central losses (moderate risk).
8cfdb681-32cf-4ebf-81f1-5c0839ec82d5,FCK,592864,O. Hojer,Risk,central_losses,1.0,count,77.5,16,high risk,O. Hojer ranks 16 within FCK for central losses (high risk).
8cfdb681-32cf-4ebf-81f1-5c0839ec82d5,FCK,590187,A. Chiakha,Risk,central_losses,0.0,count,37.5,1,moderate risk,A. Chiakha ranks 1 within FCK for central losses (moderate risk).
8cfdb681-32cf-4ebf-81f1-5c0839ec82d5,FCK,572146,M. Garan'anga,Risk,central_losses,0.0,count,37.5,1,moderate risk,M. Garan'anga ranks 1 within FCK for central losses (moderate risk).
8cfdb681-32cf-4ebf-81f1-5c0839ec82d5,FCK,475413,Gabriel Pereira,Risk,central_losses,0.0,count,37.5,1,moderate risk,Gabriel Pereira ranks 1 within FCK for central losses (moderate risk).
8cfdb681-32cf-4ebf-81f1-5c0839ec82d5,FCK,220246,P. Hatzidiakos,Risk,central_losses,0.0,count,37.5,1,moderate risk,P. Hatzidiakos ranks 1 within FCK for central losses (moderate risk).
8cfdb681-32cf-4ebf-81f1-5c0839ec82d5,FCK,111756,V. Claesson,Risk,central_losses,0.0,count,37.5,1,moderate risk,V. Claesson ranks 1 within FCK for central losses (moderate risk).
8cfdb681-32cf-4ebf-81f1-5c0839ec82d5,FCK,433957,M. Mattsson,Risk,central_losses,0.0,count,37.5,1,moderate risk,M. Mattsson ranks 1 within FCK for central losses (moderate risk).
8cfdb681-32cf-4ebf-81f1-5c0839ec82d5,FCK,457214,G. Onugkha,Risk,central_losses,4.0,count,95.0,19,high risk,G. Onugkha ranks 19 within FCK for central losses (high risk).
8cfdb681-32cf-4ebf-81f1-5c0839ec82d5,FCM,533646,D. Osorio,Risk,central_losses,2.0,count,80.0,15,high risk,D. Osorio ranks 15 within FCM for central losses (high risk).
8cfdb681-32cf-4ebf-81f1-5c0839ec82d5,FCM,423651,E. Chilufya,Risk,central_losses,0.0,count,32.5,1,moderate risk,E. Chilufya ranks 1 within FCM for central losses (moderate risk).
8cfdb681-32cf-4ebf-81f1-5c0839ec82d5,FCM,430901,E. Olafsson,Risk,central_losses,0.0,count,32.5,1,moderate risk,E. Olafsson ranks 1 within FCM for central losses (moderate risk).
8cfdb681-32cf-4ebf-81f1-5c0839ec82d5,FCM,450048,K. Askildsen,Risk,central_losses,0.0,count,32.5,1,moderate risk,K. Askildsen ranks 1 within FCM for central losses (moderate risk).
8cfdb681-32cf-4ebf-81f1-5c0839ec82d5,FCM,536679,P. Bravo,Risk,central_losses,0.0,count,32.5,1,moderate risk,P. Bravo ranks 1 within FCM for central losses (moderate risk).
8cfdb681-32cf-4ebf-81f1-5c0839ec82d5,FCM,57513,J. Lossl,Risk,central_losses,0.0,count,32.5,1,moderate risk,J. Lossl ranks 1 within FCM for central losses (moderate risk).
8cfdb681-32cf-4ebf-81f1-5c0839ec82d5,FCM,568423,V. Byskov,Risk,central_losses,1.0,count,67.5,14,moderate risk,V. Byskov ranks 14 within FCM for central losses (moderate risk).
8cfdb681-32cf-4ebf-81f1-5c0839ec82d5,FCM,553784,D. Castillo,Risk,central_losses,0.0,count,32.5,1,moderate risk,D. Castillo ranks 1 within FCM for central losses (moderate risk).
8cfdb681-32cf-4ebf-81f1-5c0839ec82d5,FCM,228044,M. Bech,Risk,central_losses,0.0,count,32.5,1,moderate risk,M. Bech ranks 1 within FCM for central losses (moderate risk).
8cfdb681-32cf-4ebf-81f1-5c0839ec82d5,FCM,494784,Oliver Sorensen,Risk,central_losses,0.0,count,32.5,1,moderate risk,Oliver Sorensen ranks 1 within FCM for central losses (moderate risk).
8cfdb681-32cf-4ebf-81f1-5c0839ec82d5,FCM,240529,J. Kuchta,Risk,central_losses,2.0,count,80.0,15,high risk,J. Kuchta ranks 15 within FCM for central losses (high risk).
8cfdb681-32cf-4ebf-81f1-5c0839ec82d5,FCM,492474,Lee Han-Beom,Risk,central_losses,0.0,count,32.5,1,moderate risk,Lee Han-Beom ranks 1 within FCM for central losses (moderate risk).
8cfdb681-32cf-4ebf-81f1-5c0839ec82d5,FCM,568414,M. Kruger-Johnsen,Risk,central_losses,0.0,count,32.5,1,moderate risk,M. Kruger-Johnsen ranks 1 within FCM for central losses (moderate risk).
8cfdb681-32cf-4ebf-81f1-5c0839ec82d5,FCM,120721,K. Mbabu,Risk,central_losses,3.0,count,92.5,19,high risk,K. Mbabu ranks 19 within FCM for central losses (high risk).
8cfdb681-32cf-4ebf-81f1-5c0839ec82d5,FCM,609108,O. Diao,Risk,central_losses,0.0,count,32.5,1,moderate risk,O. Diao ranks 1 within FCM for central losses (moderate risk).
8cfdb681-32cf-4ebf-81f1-5c0839ec82d5,FCM,477664,V. Lind,Risk,central_losses,0.0,count,32.5,1,moderate risk,V. Lind ranks 1 within FCM for central losses (moderate risk).
8cfdb681-32cf-4ebf-81f1-5c0839ec82d5,FCM,477672,A. Simsir,Risk,central_losses,6.0,count,97.5,20,high risk,A. Simsir ranks 20 within FCM for central losses (high risk).
8cfdb681-32cf-4ebf-81f1-5c0839ec82d5,FCM,474838,E. Martinez,Risk,central_losses,2.0,count,80.0,15,high risk,E. Martinez ranks 15 within FCM for central losses (high risk).
8cfdb681-32cf-4ebf-81f1-5c0839ec82d5,FCM,204164,J. Andersson,Risk,central_losses,2.0,count,80.0,15,high risk,J. Andersson ranks 15 within FCM for central losses (high risk).
8cfdb681-32cf-4ebf-81f1-5c0839ec82d5,FCM,551144,Franculino Dju,Risk,central_losses,0.0,count,32.5,1,moderate risk,Franculino Dju ranks 1 within FCM for central losses (moderate risk).
8cfdb681-32cf-4ebf-81f1-5c0839ec82d5,FCK,96787,M. Elyounoussi,Risk,loss_risk_per_action,0.0283,ratio,92.5,19,high risk,M. Elyounoussi ranks 19 within FCK for loss risk per action (high risk).
8cfdb681-32cf-4ebf-81f1-5c0839ec82d5,FCK,166965,L. Lerager,Risk,loss_risk_per_action,0.0101,ratio,52.5,11,moderate risk,L. Lerager ranks 11 within FCK for loss risk per action (moderate risk).
8cfdb681-32cf-4ebf-81f1-5c0839ec82d5,FCK,535944,R. Huescas,Risk,loss_risk_per_action,0.0196,ratio,77.5,16,high risk,R. Huescas ranks 16 within FCK for loss risk per action (high risk).
8cfdb681-32cf-4ebf-81f1-5c0839ec82d5,FCK,114517,A. Cornelius,Risk,loss_risk_per_action,0.0192,ratio,72.5,15,moderate risk,A. Cornelius ranks 15 within FCK for loss risk per action (moderate risk).
8cfdb681-32cf-4ebf-81f1-5c0839ec82d5,FCK,622714,Robert,Risk,loss_risk_per_action,0,ratio,20.0,1,secure,Robert ranks 1 within FCK for loss risk per action (secure).
8cfdb681-32cf-4ebf-81f1-5c0839ec82d5,FCK,590186,V. Froholdt,Risk,loss_risk_per_action,0.0109,ratio,57.5,12,moderate risk,V. Froholdt ranks 12 within FCK for loss risk per action (moderate risk).
8cfdb681-32cf-4ebf-81f1-5c0839ec82d5,FCK,232398,N. Trott,Risk,loss_risk_per_action,0.0,ratio,20.0,1,secure,N. Trott ranks 1 within FCK for loss risk per action (secure).
8cfdb681-32cf-4ebf-81f1-5c0839ec82d5,FCK,512627,G. Gocholeishvili,Risk,loss_risk_per_action,0.0185,ratio,67.5,14,moderate risk,G. Gocholeishvili ranks 14 within FCK for loss risk per action (moderate risk).
8cfdb681-32cf-4ebf-81f1-5c0839ec82d5,FCK,68640,T. Delaney,Risk,loss_risk_per_action,0.0097,ratio,47.5,10,moderate risk,T. Delaney ranks 10 within FCK for loss risk per action (moderate risk).
8cfdb681-32cf-4ebf-81f1-5c0839ec82d5,FCK,193228,K. Diks,Risk,loss_risk_per_action,0.0047,ratio,42.5,9,moderate risk,K. Diks ranks 9 within FCK for loss risk per action (moderate risk).
8cfdb681-32cf-4ebf-81f1-5c0839ec82d5,FCK,546545,E. Achouri,Risk,loss_risk_per_action,0.022,ratio,82.5,17,high risk,E. Achouri ranks 17 within FCK for loss risk per action (high risk).
8cfdb681-32cf-4ebf-81f1-5c0839ec82d5,FCK,115918,R. Runarsson,Risk,loss_risk_per_action,0,ratio,20.0,1,secure,R. Runarsson ranks 1 within FCK for loss risk per action (secure).
8cfdb681-32cf-4ebf-81f1-5c0839ec82d5,FCK,592864,O. Hojer,Risk,loss_risk_per_action,0.0286,ratio,97.5,20,high risk,O. Hojer ranks 20 within FCK for loss risk per action (high risk).
8cfdb681-32cf-4ebf-81f1-5c0839ec82d5,FCK,590187,A. Chiakha,Risk,loss_risk_per_action,0,ratio,20.0,1,secure,A. Chiakha ranks 1 within FCK for loss risk per action (secure).
8cfdb681-32cf-4ebf-81f1-5c0839ec82d5,FCK,572146,M. Garan'anga,Risk,loss_risk_per_action,0,ratio,20.0,1,secure,M. Garan'anga ranks 1 within FCK for loss risk per action (secure).
8cfdb681-32cf-4ebf-81f1-5c0839ec82d5,FCK,475413,Gabriel Pereira,Risk,loss_risk_per_action,0.0,ratio,20.0,1,secure,Gabriel Pereira ranks 1 within FCK for loss risk per action (secure).
8cfdb681-32cf-4ebf-81f1-5c0839ec82d5,FCK,220246,P. Hatzidiakos,Risk,loss_risk_per_action,0.0,ratio,20.0,1,secure,P. Hatzidiakos ranks 1 within FCK for loss risk per action (secure).
8cfdb681-32cf-4ebf-81f1-5c0839ec82d5,FCK,111756,V. Claesson,Risk,loss_risk_per_action,0.0,ratio,20.0,1,secure,V. Claesson ranks 1 within FCK for loss risk per action (secure).
8cfdb681-32cf-4ebf-81f1-5c0839ec82d5,FCK,433957,M. Mattsson,Risk,loss_risk_per_action,0.0144,ratio,62.5,13,moderate risk,M. Mattsson ranks 13 within FCK for loss risk per action (moderate risk).
8cfdb681-32cf-4ebf-81f1-5c0839ec82d5,FCK,457214,G. Onugkha,Risk,loss_risk_per_action,0.023,ratio,87.5,18,high risk,G. Onugkha ranks 18 within FCK for loss risk per action (high risk).
8cfdb681-32cf-4ebf-81f1-5c0839ec82d5,FCM,533646,D. Osorio,Risk,loss_risk_per_action,0.0134,ratio,67.5,14,moderate risk,D. Osorio ranks 14 within FCM for loss risk per action (moderate risk).
8cfdb681-32cf-4ebf-81f1-5c0839ec82d5,FCM,423651,E. Chilufya,Risk,loss_risk_per_action,0.0208,ratio,87.5,18,high risk,E. Chilufya ranks 18 within FCM for loss risk per action (high risk).
8cfdb681-32cf-4ebf-81f1-5c0839ec82d5,FCM,430901,E. Olafsson,Risk,loss_risk_per_action,0.0,ratio,25.0,1,secure,E. Olafsson ranks 1 within FCM for loss risk per action (secure).
8cfdb681-32cf-4ebf-81f1-5c0839ec82d5,FCM,450048,K. Askildsen,Risk,loss_risk_per_action,0,ratio,25.0,1,secure,K. Askildsen ranks 1 within FCM for loss risk per action (secure).
8cfdb681-32cf-4ebf-81f1-5c0839ec82d5,FCM,536679,P. Bravo,Risk,loss_risk_per_action,0,ratio,25.0,1,secure,P. Bravo ranks 1 within FCM for loss risk per action (secure).
8cfdb681-32cf-4ebf-81f1-5c0839ec82d5,FCM,57513,J. Lossl,Risk,loss_risk_per_action,0,ratio,25.0,1,secure,J. Lossl ranks 1 within FCM for loss risk per action (secure).
8cfdb681-32cf-4ebf-81f1-5c0839ec82d5,FCM,568423,V. Byskov,Risk,loss_risk_per_action,0.0164,ratio,72.5,15,moderate risk,V. Byskov ranks 15 within FCM for loss risk per action (moderate risk).
8cfdb681-32cf-4ebf-81f1-5c0839ec82d5,FCM,553784,D. Castillo,Risk,loss_risk_per_action,0.0,ratio,25.0,1,secure,D. Castillo ranks 1 within FCM for loss risk per action (secure).
8cfdb681-32cf-4ebf-81f1-5c0839ec82d5,FCM,228044,M. Bech,Risk,loss_risk_per_action,0.0,ratio,25.0,1,secure,M. Bech ranks 1 within FCM for loss risk per action (secure).
8cfdb681-32cf-4ebf-81f1-5c0839ec82d5,FCM,494784,Oliver Sorensen,Risk,loss_risk_per_action,0.0038,ratio,52.5,11,moderate risk,Oliver Sorensen ranks 11 within FCM for loss risk per action (moderate risk).
8cfdb681-32cf-4ebf-81f1-5c0839ec82d5,FCM,240529,J. Kuchta,Risk,loss_risk_per_action,0.0194,ratio,82.5,17,high risk,J. Kuchta ranks 17 within FCM for loss risk per action (high risk).
8cfdb681-32cf-4ebf-81f1-5c0839ec82d5,FCM,492474,Lee Han-Beom,Risk,loss_risk_per_action,0.0,ratio,25.0,1,secure,Lee Han-Beom ranks 1 within FCM for loss risk per action (secure).
8cfdb681-32cf-4ebf-81f1-5c0839ec82d5,FCM,568414,M. Kruger-Johnsen,Risk,loss_risk_per_action,0,ratio,25.0,1,secure,M. Kruger-Johnsen ranks 1 within FCM for loss risk per action (secure).
8cfdb681-32cf-4ebf-81f1-5c0839ec82d5,FCM,120721,K. Mbabu,Risk,loss_risk_per_action,0.0183,ratio,77.5,16,high risk,K. Mbabu ranks 16 within FCM for loss risk per action (high risk).
8cfdb681-32cf-4ebf-81f1-5c0839ec82d5,FCM,609108,O. Diao,Risk,loss_risk_per_action,0.0,ratio,25.0,1,secure,O. Diao ranks 1 within FCM for loss risk per action (secure).
8cfdb681-32cf-4ebf-81f1-5c0839ec82d5,FCM,477664,V. Lind,Risk,loss_risk_per_action,0,ratio,25.0,1,secure,V. Lind ranks 1 within FCM for loss risk per action (secure).
8cfdb681-32cf-4ebf-81f1-5c0839ec82d5,FCM,477672,A. Simsir,Risk,loss_risk_per_action,0.0469,ratio,97.5,20,high risk,A. Simsir ranks 20 within FCM for loss risk per action (high risk).
8cfdb681-32cf-4ebf-81f1-5c0839ec82d5,FCM,474838,E. Martinez,Risk,loss_risk_per_action,0.0127,ratio,62.5,13,moderate risk,E. Martinez ranks 13 within FCM for loss risk per action (moderate risk).
8cfdb681-32cf-4ebf-81f1-5c0839ec82d5,FCM,204164,J. Andersson,Risk,loss_risk_per_action,0.0076,ratio,57.5,12,moderate risk,J. Andersson ranks 12 within FCM for loss risk per action (moderate risk).
8cfdb681-32cf-4ebf-81f1-5c0839ec82d5,FCM,551144,Franculino Dju,Risk,loss_risk_per_action,0.0252,ratio,92.5,19,high risk,Franculino Dju ranks 19 within FCM for loss risk per action (high risk).
8cfdb681-32cf-4ebf-81f1-5c0839ec82d5,FCK,96787,M. Elyounoussi,Defence,recoveries,20.0,count,77.5,4,team leading,M. Elyounoussi ranks 4 within FCK for recoveries (team leading).
8cfdb681-32cf-4ebf-81f1-5c0839ec82d5,FCK,166965,L. Lerager,Defence,recoveries,25.0,count,92.5,2,team leading,L. Lerager ranks 2 within FCK for recoveries (team leading).
8cfdb681-32cf-4ebf-81f1-5c0839ec82d5,FCK,535944,R. Huescas,Defence,recoveries,3.0,count,27.5,15,around team median,R. Huescas ranks 15 within FCK for recoveries (around team median).
8cfdb681-32cf-4ebf-81f1-5c0839ec82d5,FCK,114517,A. Cornelius,Defence,recoveries,6.0,count,32.5,14,around team median,A. Cornelius ranks 14 within FCK for recoveries (around team median).
8cfdb681-32cf-4ebf-81f1-5c0839ec82d5,FCK,622714,Robert,Defence,recoveries,0.0,count,10.0,17,none,Robert ranks 17 within FCK for recoveries (none).
8cfdb681-32cf-4ebf-81f1-5c0839ec82d5,FCK,590186,V. Froholdt,Defence,recoveries,8.0,count,37.5,13,around team median,V. Froholdt ranks 13 within FCK for recoveries (around team median).
8cfdb681-32cf-4ebf-81f1-5c0839ec82d5,FCK,232398,N. Trott,Defence,recoveries,23.0,count,87.5,3,team leading,N. Trott ranks 3 within FCK for recoveries (team leading).
8cfdb681-32cf-4ebf-81f1-5c0839ec82d5,FCK,512627,G. Gocholeishvili,Defence,recoveries,20.0,count,77.5,4,team leading,G. Gocholeishvili ranks 4 within FCK for recoveries (team leading).
8cfdb681-32cf-4ebf-81f1-5c0839ec82d5,FCK,68640,T. Delaney,Defence,recoveries,20.0,count,77.5,4,team leading,T. Delaney ranks 4 within FCK for recoveries (team leading).
8cfdb681-32cf-4ebf-81f1-5c0839ec82d5,FCK,193228,K. Diks,Defence,recoveries,17.0,count,62.5,7,above team median,K. Diks ranks 7 within FCK for recoveries (above team median).
8cfdb681-32cf-4ebf-81f1-5c0839ec82d5,FCK,546545,E. Achouri,Defence,recoveries,17.0,count,62.5,7,above team median,E. Achouri ranks 7 within FCK for recoveries (above team median).
8cfdb681-32cf-4ebf-81f1-5c0839ec82d5,FCK,115918,R. Runarsson,Defence,recoveries,0.0,count,10.0,17,none,R. Runarsson ranks 17 within FCK for recoveries (none).
8cfdb681-32cf-4ebf-81f1-5c0839ec82d5,FCK,592864,O. Hojer,Defence,recoveries,1.0,count,22.5,16,low,O. Hojer ranks 16 within FCK for recoveries (low).
8cfdb681-32cf-4ebf-81f1-5c0839ec82d5,FCK,590187,A. Chiakha,Defence,recoveries,0.0,count,10.0,17,none,A. Chiakha ranks 17 within FCK for recoveries (none).
8cfdb681-32cf-4ebf-81f1-5c0839ec82d5,FCK,572146,M. Garan'anga,Defence,recoveries,0.0,count,10.0,17,none,M. Garan'anga ranks 17 within FCK for recoveries (none).
8cfdb681-32cf-4ebf-81f1-5c0839ec82d5,FCK,475413,Gabriel Pereira,Defence,recoveries,28.0,count,97.5,1,team leading,Gabriel Pereira ranks 1 within FCK for recoveries (team leading).
8cfdb681-32cf-4ebf-81f1-5c0839ec82d5,FCK,220246,P. Hatzidiakos,Defence,recoveries,17.0,count,62.5,7,above team median,P. Hatzidiakos ranks 7 within FCK for recoveries (above team median).
8cfdb681-32cf-4ebf-81f1-5c0839ec82d5,FCK,111756,V. Claesson,Defence,recoveries,9.0,count,42.5,12,around team median,V. Claesson ranks 12 within FCK for recoveries (around team median).
8cfdb681-32cf-4ebf-81f1-5c0839ec82d5,FCK,433957,M. Mattsson,Defence,recoveries,16.0,count,50.0,10,above team median,M. Mattsson ranks 10 within FCK for recoveries (above team median).
8cfdb681-32cf-4ebf-81f1-5c0839ec82d5,FCK,457214,G. Onugkha,Defence,recoveries,16.0,count,50.0,10,above team median,G. Onugkha ranks 10 within FCK for recoveries (above team median).
8cfdb681-32cf-4ebf-81f1-5c0839ec82d5,FCM,533646,D. Osorio,Defence,recoveries,28.0,count,87.5,2,team leading,D. Osorio ranks 2 within FCM for recoveries (team leading).
8cfdb681-32cf-4ebf-81f1-5c0839ec82d5,FCM,423651,E. Chilufya,Defence,recoveries,4.0,count,37.5,13,around team median,E. Chilufya ranks 13 within FCM for recoveries (around team median).
8cfdb681-32cf-4ebf-81f1-5c0839ec82d5,FCM,430901,E. Olafsson,Defence,recoveries,17.0,count,67.5,7,above team median,E. Olafsson ranks 7 within FCM for recoveries (above team median).
8cfdb681-32cf-4ebf-81f1-5c0839ec82d5,FCM,450048,K. Askildsen,Defence,recoveries,0.0,count,17.5,14,none,K. Askildsen ranks 14 within FCM for recoveries (none).
8cfdb681-32cf-4ebf-81f1-5c0839ec82d5,FCM,536679,P. Bravo,Defence,recoveries,0.0,count,17.5,14,none,P. Bravo ranks 14 within FCM for recoveries (none).
8cfdb681-32cf-4ebf-81f1-5c0839ec82d5,FCM,57513,J. Lossl,Defence,recoveries,0.0,count,17.5,14,none,J. Lossl ranks 14 within FCM for recoveries (none).
8cfdb681-32cf-4ebf-81f1-5c0839ec82d5,FCM,568423,V. Byskov,Defence,recoveries,6.0,count,42.5,12,around team median,V. Byskov ranks 12 within FCM for recoveries (around team median).
8cfdb681-32cf-4ebf-81f1-5c0839ec82d5,FCM,553784,D. Castillo,Defence,recoveries,0.0,count,17.5,14,none,D. Castillo ranks 14 within FCM for recoveries (none).
8cfdb681-32cf-4ebf-81f1-5c0839ec82d5,FCM,228044,M. Bech,Defence,recoveries,28.0,count,87.5,2,team leading,M. Bech ranks 2 within FCM for recoveries (team leading).
8cfdb681-32cf-4ebf-81f1-5c0839ec82d5,FCM,494784,Oliver Sorensen,Defence,recoveries,18.0,count,72.5,6,above team median,Oliver Sorensen ranks 6 within FCM for recoveries (above team median).
8cfdb681-32cf-4ebf-81f1-5c0839ec82d5,FCM,240529,J. Kuchta,Defence,recoveries,8.0,count,47.5,11,around team median,J. Kuchta ranks 11 within FCM for recoveries (around team median).
8cfdb681-32cf-4ebf-81f1-5c0839ec82d5,FCM,492474,Lee Han-Beom,Defence,recoveries,0.0,count,17.5,14,none,Lee Han-Beom ranks 14 within FCM for recoveries (none).
8cfdb681-32cf-4ebf-81f1-5c0839ec82d5,FCM,568414,M. Kruger-Johnsen,Defence,recoveries,0.0,count,17.5,14,none,M. Kruger-Johnsen ranks 14 within FCM for recoveries (none).
8cfdb681-32cf-4ebf-81f1-5c0839ec82d5,FCM,120721,K. Mbabu,Defence,recoveries,15.0,count,57.5,9,above team median,K. Mbabu ranks 9 within FCM for recoveries (above team median).
8cfdb681-32cf-4ebf-81f1-5c0839ec82d5,FCM,609108,O. Diao,Defence,recoveries,19.0,count,77.5,5,team leading,O. Diao ranks 5 within FCM for recoveries (team leading).
8cfdb681-32cf-4ebf-81f1-5c0839ec82d5,FCM,477664,V. Lind,Defence,recoveries,0.0,count,17.5,14,none,V. Lind ranks 14 within FCM for recoveries (none).
8cfdb681-32cf-4ebf-81f1-5c0839ec82d5,FCM,477672,A. Simsir,Defence,recoveries,11.0,count,52.5,10,above team median,A. Simsir ranks 10 within FCM for recoveries (above team median).
8cfdb681-32cf-4ebf-81f1-5c0839ec82d5,FCM,474838,E. Martinez,Defence,recoveries,28.0,count,87.5,2,team leading,E. Martinez ranks 2 within FCM for recoveries (team leading).
8cfdb681-32cf-4ebf-81f1-5c0839ec82d5,FCM,204164,J. Andersson,Defence,recoveries,37.0,count,97.5,1,team leading,J. Andersson ranks 1 within FCM for recoveries (team leading).
8cfdb681-32cf-4ebf-81f1-5c0839ec82d5,FCM,551144,Franculino Dju,Defence,recoveries,16.0,count,62.5,8,above team median,Franculino Dju ranks 8 within FCM for recoveries (above team median).
8cfdb681-32cf-4ebf-81f1-5c0839ec82d5,FCK,96787,M. Elyounoussi,Defence,recoveries_per_90,20.6282,per_90,52.5,10,above team median,M. Elyounoussi ranks 10 within FCK for recoveries per 90 (above team median).
8cfdb681-32cf-4ebf-81f1-5c0839ec82d5,FCK,166965,L. Lerager,Defence,recoveries_per_90,23.2984,per_90,77.5,5,team leading,L. Lerager ranks 5 within FCK for recoveries per 90 (team leading).
8cfdb681-32cf-4ebf-81f1-5c0839ec82d5,FCK,535944,R. Huescas,Defence,recoveries_per_90,21.4388,per_90,72.5,6,above team median,R. Huescas ranks 6 within FCK for recoveries per 90 (above team median).
8cfdb681-32cf-4ebf-81f1-5c0839ec82d5,FCK,114517,A. Cornelius,Defence,recoveries_per_90,23.5664,per_90,82.5,4,team leading,A. Cornelius ranks 4 within FCK for recoveries per 90 (team leading).
8cfdb681-32cf-4ebf-81f1-5c0839ec82d5,FCK,622714,Robert,Defence,recoveries_per_90,0,per_90,10.0,17,none,Robert ranks 17 within FCK for recoveries per 90 (none).
8cfdb681-32cf-4ebf-81f1-5c0839ec82d5,FCK,590186,V. Froholdt,Defence,recoveries_per_90,31.0961,per_90,92.5,2,team leading,V. Froholdt ranks 2 within FCK for recoveries per 90 (team leading).
8cfdb681-32cf-4ebf-81f1-5c0839ec82d5,FCK,232398,N. Trott,Defence,recoveries_per_90,21.4345,per_90,67.5,7,above team median,N. Trott ranks 7 within FCK for recoveries per 90 (above team median).
8cfdb681-32cf-4ebf-81f1-5c0839ec82d5,FCK,512627,G. Gocholeishvili,Defence,recoveries_per_90,21.4338,per_90,62.5,8,above team median,G. Gocholeishvili ranks 8 within FCK for recoveries per 90 (above team median).
8cfdb681-32cf-4ebf-81f1-5c0839ec82d5,FCK,68640,T. Delaney,Defence,recoveries_per_90,18.6387,per_90,42.5,12,around team median,T. Delaney ranks 12 within FCK for recoveries per 90 (around team median).
8cfdb681-32cf-4ebf-81f1-5c0839ec82d5,FCK,193228,K. Diks,Defence,recoveries_per_90,15.8429,per_90,32.5,14,around team median,K. Diks ranks 14 within FCK for recoveries per 90 (around team median).
8cfdb681-32cf-4ebf-81f1-5c0839ec82d5,FCK,546545,E. Achouri,Defence,recoveries_per_90,20.8392,per_90,57.5,9,above team median,E. Achouri ranks 9 within FCK for recoveries per 90 (above team median).
8cfdb681-32cf-4ebf-81f1-5c0839ec82d5,FCK,115918,R. Runarsson,Defence,recoveries_per_90,0,per_90,10.0,17,none,R. Runarsson ranks 17 within FCK for recoveries per 90 (none).
8cfdb681-32cf-4ebf-81f1-5c0839ec82d5,FCK,592864,O. Hojer,Defence,recoveries_per_90,9.6629,per_90,22.5,16,low,O. Hojer ranks 16 within FCK for recoveries per 90 (low).
8cfdb681-32cf-4ebf-81f1-5c0839ec82d5,FCK,590187,A. Chiakha,Defence,recoveries_per_90,0,per_90,10.0,17,none,A. Chiakha ranks 17 within FCK for recoveries per 90 (none).
8cfdb681-32cf-4ebf-81f1-5c0839ec82d5,FCK,572146,M. Garan'anga,Defence,recoveries_per_90,0,per_90,10.0,17,none,M. Garan'anga ranks 17 within FCK for recoveries per 90 (none).
8cfdb681-32cf-4ebf-81f1-5c0839ec82d5,FCK,475413,Gabriel Pereira,Defence,recoveries_per_90,26.0942,per_90,87.5,3,team leading,Gabriel Pereira ranks 3 within FCK for recoveries per 90 (team leading).
8cfdb681-32cf-4ebf-81f1-5c0839ec82d5,FCK,220246,P. Hatzidiakos,Defence,recoveries_per_90,18.2361,per_90,37.5,13,around team median,P. Hatzidiakos ranks 13 within FCK for recoveries per 90 (around team median).
8cfdb681-32cf-4ebf-81f1-5c0839ec82d5,FCK,111756,V. Claesson,Defence,recoveries_per_90,63.9104,per_90,97.5,1,team leading,V. Claesson ranks 1 within FCK for recoveries per 90 (team leading).
8cfdb681-32cf-4ebf-81f1-5c0839ec82d5,FCK,433957,M. Mattsson,Defence,recoveries_per_90,19.5495,per_90,47.5,11,around team median,M. Mattsson ranks 11 within FCK for recoveries per 90 (around team median).
8cfdb681-32cf-4ebf-81f1-5c0839ec82d5,FCK,457214,G. Onugkha,Defence,recoveries_per_90,14.9109,per_90,27.5,15,around team median,G. Onugkha ranks 15 within FCK for recoveries per 90 (around team median).
8cfdb681-32cf-4ebf-81f1-5c0839ec82d5,FCM,533646,D. Osorio,Defence,recoveries_per_90,27.5171,per_90,92.5,2,team leading,D. Osorio ranks 2 within FCM for recoveries per 90 (team leading).
8cfdb681-32cf-4ebf-81f1-5c0839ec82d5,FCM,423651,E. Chilufya,Defence,recoveries_per_90,11.045,per_90,37.5,13,around team median,E. Chilufya ranks 13 within FCM for recoveries per 90 (around team median).
8cfdb681-32cf-4ebf-81f1-5c0839ec82d5,FCM,430901,E. Olafsson,Defence,recoveries_per_90,15.8429,per_90,57.5,9,above team median,E. Olafsson ranks 9 within FCM for recoveries per 90 (above team median).
8cfdb681-32cf-4ebf-81f1-5c0839ec82d5,FCM,450048,K. Askildsen,Defence,recoveries_per_90,0,per_90,17.5,14,none,K. Askildsen ranks 14 within FCM for recoveries per 90 (none).
8cfdb681-32cf-4ebf-81f1-5c0839ec82d5,FCM,536679,P. Bravo,Defence,recoveries_per_90,0,per_90,17.5,14,none,P. Bravo ranks 14 within FCM for recoveries per 90 (none).
8cfdb681-32cf-4ebf-81f1-5c0839ec82d5,FCM,57513,J. Lossl,Defence,recoveries_per_90,0,per_90,17.5,14,none,J. Lossl ranks 14 within FCM for recoveries per 90 (none).
8cfdb681-32cf-4ebf-81f1-5c0839ec82d5,FCM,568423,V. Byskov,Defence,recoveries_per_90,16.6082,per_90,62.5,8,above team median,V. Byskov ranks 8 within FCM for recoveries per 90 (above team median).
8cfdb681-32cf-4ebf-81f1-5c0839ec82d5,FCM,553784,D. Castillo,Defence,recoveries_per_90,0.0,per_90,17.5,14,none,D. Castillo ranks 14 within FCM for recoveries per 90 (none).
8cfdb681-32cf-4ebf-81f1-5c0839ec82d5,FCM,228044,M. Bech,Defence,recoveries_per_90,26.0942,per_90,85.0,3,team leading,M. Bech ranks 3 within FCM for recoveries per 90 (team leading).
8cfdb681-32cf-4ebf-81f1-5c0839ec82d5,FCM,494784,Oliver Sorensen,Defence,recoveries_per_90,16.7748,per_90,72.5,6,above team median,Oliver Sorensen ranks 6 within FCM for recoveries per 90 (above team median).
8cfdb681-32cf-4ebf-81f1-5c0839ec82d5,FCM,240529,J. Kuchta,Defence,recoveries_per_90,11.2536,per_90,42.5,12,around team median,J. Kuchta ranks 12 within FCM for recoveries per 90 (around team median).
8cfdb681-32cf-4ebf-81f1-5c0839ec82d5,FCM,492474,Lee Han-Beom,Defence,recoveries_per_90,0.0,per_90,17.5,14,none,Lee Han-Beom ranks 14 within FCM for recoveries per 90 (none).
8cfdb681-32cf-4ebf-81f1-5c0839ec82d5,FCM,568414,M. Kruger-Johnsen,Defence,recoveries_per_90,0,per_90,17.5,14,none,M. Kruger-Johnsen ranks 14 within FCM for recoveries per 90 (none).
8cfdb681-32cf-4ebf-81f1-5c0839ec82d5,FCM,120721,K. Mbabu,Defence,recoveries_per_90,13.979,per_90,47.5,11,around team median,K. Mbabu ranks 11 within FCM for recoveries per 90 (around team median).
8cfdb681-32cf-4ebf-81f1-5c0839ec82d5,FCM,609108,O. Diao,Defence,recoveries_per_90,17.7068,per_90,77.5,5,team leading,O. Diao ranks 5 within FCM for recoveries per 90 (team leading).
8cfdb681-32cf-4ebf-81f1-5c0839ec82d5,FCM,477664,V. Lind,Defence,recoveries_per_90,0,per_90,17.5,14,none,V. Lind ranks 14 within FCM for recoveries per 90 (none).
8cfdb681-32cf-4ebf-81f1-5c0839ec82d5,FCM,477672,A. Simsir,Defence,recoveries_per_90,15.4544,per_90,52.5,10,above team median,A. Simsir ranks 10 within FCM for recoveries per 90 (above team median).
8cfdb681-32cf-4ebf-81f1-5c0839ec82d5,FCM,474838,E. Martinez,Defence,recoveries_per_90,26.0942,per_90,85.0,3,team leading,E. Martinez ranks 3 within FCM for recoveries per 90 (team leading).
8cfdb681-32cf-4ebf-81f1-5c0839ec82d5,FCM,204164,J. Andersson,Defence,recoveries_per_90,34.4816,per_90,97.5,1,team leading,J. Andersson ranks 1 within FCM for recoveries per 90 (team leading).
8cfdb681-32cf-4ebf-81f1-5c0839ec82d5,FCM,551144,Franculino Dju,Defence,recoveries_per_90,16.7326,per_90,67.5,7,above team median,Franculino Dju ranks 7 within FCM for recoveries per 90 (above team median).
8cfdb681-32cf-4ebf-81f1-5c0839ec82d5,FCK,96787,M. Elyounoussi,Defence,interceptions,7.0,count,72.5,4,above team median,M. Elyounoussi ranks 4 within FCK for interceptions (above team median).
8cfdb681-32cf-4ebf-81f1-5c0839ec82d5,FCK,166965,L. Lerager,Defence,interceptions,9.0,count,92.5,1,team leading,L. Lerager ranks 1 within FCK for interceptions (team leading).
8cfdb681-32cf-4ebf-81f1-5c0839ec82d5,FCK,535944,R. Huescas,Defence,interceptions,3.0,count,42.5,12,around team median,R. Huescas ranks 12 within FCK for interceptions (around team median).
8cfdb681-32cf-4ebf-81f1-5c0839ec82d5,FCK,114517,A. Cornelius,Defence,interceptions,1.0,count,32.5,13,around team median,A. Cornelius ranks 13 within FCK for interceptions (around team median).
8cfdb681-32cf-4ebf-81f1-5c0839ec82d5,FCK,622714,Robert,Defence,interceptions,0.0,count,12.5,16,none,Robert ranks 16 within FCK for interceptions (none).
8cfdb681-32cf-4ebf-81f1-5c0839ec82d5,FCK,590186,V. Froholdt,Defence,interceptions,1.0,count,32.5,13,around team median,V. Froholdt ranks 13 within FCK for interceptions (around team median).
8cfdb681-32cf-4ebf-81f1-5c0839ec82d5,FCK,232398,N. Trott,Defence,interceptions,9.0,count,92.5,1,team leading,N. Trott ranks 1 within FCK for interceptions (team leading).
8cfdb681-32cf-4ebf-81f1-5c0839ec82d5,FCK,512627,G. Gocholeishvili,Defence,interceptions,7.0,count,72.5,4,above team median,G. Gocholeishvili ranks 4 within FCK for interceptions (above team median).
8cfdb681-32cf-4ebf-81f1-5c0839ec82d5,FCK,68640,T. Delaney,Defence,interceptions,7.0,count,72.5,4,above team median,T. Delaney ranks 4 within FCK for interceptions (above team median).
8cfdb681-32cf-4ebf-81f1-5c0839ec82d5,FCK,193228,K. Diks,Defence,interceptions,7.0,count,72.5,4,above team median,K. Diks ranks 4 within FCK for interceptions (above team median).
8cfdb681-32cf-4ebf-81f1-5c0839ec82d5,FCK,546545,E. Achouri,Defence,interceptions,6.0,count,52.5,9,above team median,E. Achouri ranks 9 within FCK for interceptions (above team median).
8cfdb681-32cf-4ebf-81f1-5c0839ec82d5,FCK,115918,R. Runarsson,Defence,interceptions,0.0,count,12.5,16,none,R. Runarsson ranks 16 within FCK for interceptions (none).
8cfdb681-32cf-4ebf-81f1-5c0839ec82d5,FCK,592864,O. Hojer,Defence,interceptions,0.0,count,12.5,16,none,O. Hojer ranks 16 within FCK for interceptions (none).
8cfdb681-32cf-4ebf-81f1-5c0839ec82d5,FCK,590187,A. Chiakha,Defence,interceptions,0.0,count,12.5,16,none,A. Chiakha ranks 16 within FCK for interceptions (none).
8cfdb681-32cf-4ebf-81f1-5c0839ec82d5,FCK,572146,M. Garan'anga,Defence,interceptions,0.0,count,12.5,16,none,M. Garan'anga ranks 16 within FCK for interceptions (none).
8cfdb681-32cf-4ebf-81f1-5c0839ec82d5,FCK,475413,Gabriel Pereira,Defence,interceptions,9.0,count,92.5,1,team leading,Gabriel Pereira ranks 1 within FCK for interceptions (team leading).
8cfdb681-32cf-4ebf-81f1-5c0839ec82d5,FCK,220246,P. Hatzidiakos,Defence,interceptions,7.0,count,72.5,4,above team median,P. Hatzidiakos ranks 4 within FCK for interceptions (above team median).
8cfdb681-32cf-4ebf-81f1-5c0839ec82d5,FCK,111756,V. Claesson,Defence,interceptions,1.0,count,32.5,13,around team median,V. Claesson ranks 13 within FCK for interceptions (around team median).
8cfdb681-32cf-4ebf-81f1-5c0839ec82d5,FCK,433957,M. Mattsson,Defence,interceptions,6.0,count,52.5,9,above team median,M. Mattsson ranks 9 within FCK for interceptions (above team median).
8cfdb681-32cf-4ebf-81f1-5c0839ec82d5,FCK,457214,G. Onugkha,Defence,interceptions,6.0,count,52.5,9,above team median,G. Onugkha ranks 9 within FCK for interceptions (above team median).
8cfdb681-32cf-4ebf-81f1-5c0839ec82d5,FCM,533646,D. Osorio,Defence,interceptions,14.0,count,92.5,2,team leading,D. Osorio ranks 2 within FCM for interceptions (team leading).
8cfdb681-32cf-4ebf-81f1-5c0839ec82d5,FCM,423651,E. Chilufya,Defence,interceptions,0.0,count,20.0,13,none,E. Chilufya ranks 13 within FCM for interceptions (none).
8cfdb681-32cf-4ebf-81f1-5c0839ec82d5,FCM,430901,E. Olafsson,Defence,interceptions,9.0,count,82.5,4,team leading,E. Olafsson ranks 4 within FCM for interceptions (team leading).
8cfdb681-32cf-4ebf-81f1-5c0839ec82d5,FCM,450048,K. Askildsen,Defence,interceptions,0.0,count,20.0,13,none,K. Askildsen ranks 13 within FCM for interceptions (none).
8cfdb681-32cf-4ebf-81f1-5c0839ec82d5,FCM,536679,P. Bravo,Defence,interceptions,0.0,count,20.0,13,none,P. Bravo ranks 13 within FCM for interceptions (none).
8cfdb681-32cf-4ebf-81f1-5c0839ec82d5,FCM,57513,J. Lossl,Defence,interceptions,0.0,count,20.0,13,none,J. Lossl ranks 13 within FCM for interceptions (none).
8cfdb681-32cf-4ebf-81f1-5c0839ec82d5,FCM,568423,V. Byskov,Defence,interceptions,4.0,count,45.0,11,around team median,V. Byskov ranks 11 within FCM for interceptions (around team median).
8cfdb681-32cf-4ebf-81f1-5c0839ec82d5,FCM,553784,D. Castillo,Defence,interceptions,0.0,count,20.0,13,none,D. Castillo ranks 13 within FCM for interceptions (none).
8cfdb681-32cf-4ebf-81f1-5c0839ec82d5,FCM,228044,M. Bech,Defence,interceptions,15.0,count,97.5,1,team leading,M. Bech ranks 1 within FCM for interceptions (team leading).
8cfdb681-32cf-4ebf-81f1-5c0839ec82d5,FCM,494784,Oliver Sorensen,Defence,interceptions,7.0,count,60.0,8,above team median,Oliver Sorensen ranks 8 within FCM for interceptions (above team median).
8cfdb681-32cf-4ebf-81f1-5c0839ec82d5,FCM,240529,J. Kuchta,Defence,interceptions,4.0,count,45.0,11,around team median,J. Kuchta ranks 11 within FCM for interceptions (around team median).
8cfdb681-32cf-4ebf-81f1-5c0839ec82d5,FCM,492474,Lee Han-Beom,Defence,interceptions,0.0,count,20.0,13,none,Lee Han-Beom ranks 13 within FCM for interceptions (none).
8cfdb681-32cf-4ebf-81f1-5c0839ec82d5,FCM,568414,M. Kruger-Johnsen,Defence,interceptions,0.0,count,20.0,13,none,M. Kruger-Johnsen ranks 13 within FCM for interceptions (none).
8cfdb681-32cf-4ebf-81f1-5c0839ec82d5,FCM,120721,K. Mbabu,Defence,interceptions,8.0,count,72.5,5,above team median,K. Mbabu ranks 5 within FCM for interceptions (above team median).
8cfdb681-32cf-4ebf-81f1-5c0839ec82d5,FCM,609108,O. Diao,Defence,interceptions,8.0,count,72.5,5,above team median,O. Diao ranks 5 within FCM for interceptions (above team median).
8cfdb681-32cf-4ebf-81f1-5c0839ec82d5,FCM,477664,V. Lind,Defence,interceptions,0.0,count,20.0,13,none,V. Lind ranks 13 within FCM for interceptions (none).
8cfdb681-32cf-4ebf-81f1-5c0839ec82d5,FCM,477672,A. Simsir,Defence,interceptions,7.0,count,60.0,8,above team median,A. Simsir ranks 8 within FCM for interceptions (above team median).
8cfdb681-32cf-4ebf-81f1-5c0839ec82d5,FCM,474838,E. Martinez,Defence,interceptions,8.0,count,72.5,5,above team median,E. Martinez ranks 5 within FCM for interceptions (above team median).
8cfdb681-32cf-4ebf-81f1-5c0839ec82d5,FCM,204164,J. Andersson,Defence,interceptions,13.0,count,87.5,3,team leading,J. Andersson ranks 3 within FCM for interceptions (team leading).
8cfdb681-32cf-4ebf-81f1-5c0839ec82d5,FCM,551144,Franculino Dju,Defence,interceptions,6.0,count,52.5,10,above team median,Franculino Dju ranks 10 within FCM for interceptions (above team median).
8cfdb681-32cf-4ebf-81f1-5c0839ec82d5,FCK,96787,M. Elyounoussi,Defence,interceptions_per_90,7.2199,per_90,57.5,9,above team median,M. Elyounoussi ranks 9 within FCK for interceptions per 90 (above team median).
8cfdb681-32cf-4ebf-81f1-5c0839ec82d5,FCK,166965,L. Lerager,Defence,interceptions_per_90,8.3874,per_90,87.5,2,team leading,L. Lerager ranks 2 within FCK for interceptions per 90 (team leading).
8cfdb681-32cf-4ebf-81f1-5c0839ec82d5,FCK,535944,R. Huescas,Defence,interceptions_per_90,21.4388,per_90,97.5,1,team leading,R. Huescas ranks 1 within FCK for interceptions per 90 (team leading).
8cfdb681-32cf-4ebf-81f1-5c0839ec82d5,FCK,114517,A. Cornelius,Defence,interceptions_per_90,3.9277,per_90,32.5,14,around team median,A. Cornelius ranks 14 within FCK for interceptions per 90 (around team median).
8cfdb681-32cf-4ebf-81f1-5c0839ec82d5,FCK,622714,Robert,Defence,interceptions_per_90,0,per_90,12.5,16,none,Robert ranks 16 within FCK for interceptions per 90 (none).
8cfdb681-32cf-4ebf-81f1-5c0839ec82d5,FCK,590186,V. Froholdt,Defence,interceptions_per_90,3.887,per_90,27.5,15,around team median,V. Froholdt ranks 15 within FCK for interceptions per 90 (around team median).
8cfdb681-32cf-4ebf-81f1-5c0839ec82d5,FCK,232398,N. Trott,Defence,interceptions_per_90,8.3874,per_90,87.5,2,team leading,N. Trott ranks 2 within FCK for interceptions per 90 (team leading).
8cfdb681-32cf-4ebf-81f1-5c0839ec82d5,FCK,512627,G. Gocholeishvili,Defence,interceptions_per_90,7.5018,per_90,72.5,6,above team median,G. Gocholeishvili ranks 6 within FCK for interceptions per 90 (above team median).
8cfdb681-32cf-4ebf-81f1-5c0839ec82d5,FCK,68640,T. Delaney,Defence,interceptions_per_90,6.5235,per_90,45.0,11,around team median,T. Delaney ranks 11 within FCK for interceptions per 90 (around team median).
8cfdb681-32cf-4ebf-81f1-5c0839ec82d5,FCK,193228,K. Diks,Defence,interceptions_per_90,6.5235,per_90,45.0,11,around team median,K. Diks ranks 11 within FCK for interceptions per 90 (around team median).
8cfdb681-32cf-4ebf-81f1-5c0839ec82d5,FCK,546545,E. Achouri,Defence,interceptions_per_90,7.355,per_90,67.5,7,above team median,E. Achouri ranks 7 within FCK for interceptions per 90 (above team median).
8cfdb681-32cf-4ebf-81f1-5c0839ec82d5,FCK,115918,R. Runarsson,Defence,interceptions_per_90,0,per_90,12.5,16,none,R. Runarsson ranks 16 within FCK for interceptions per 90 (none).
8cfdb681-32cf-4ebf-81f1-5c0839ec82d5,FCK,592864,O. Hojer,Defence,interceptions_per_90,0.0,per_90,12.5,16,none,O. Hojer ranks 16 within FCK for interceptions per 90 (none).
8cfdb681-32cf-4ebf-81f1-5c0839ec82d5,FCK,590187,A. Chiakha,Defence,interceptions_per_90,0,per_90,12.5,16,none,A. Chiakha ranks 16 within FCK for interceptions per 90 (none).
8cfdb681-32cf-4ebf-81f1-5c0839ec82d5,FCK,572146,M. Garan'anga,Defence,interceptions_per_90,0,per_90,12.5,16,none,M. Garan'anga ranks 16 within FCK for interceptions per 90 (none).
8cfdb681-32cf-4ebf-81f1-5c0839ec82d5,FCK,475413,Gabriel Pereira,Defence,interceptions_per_90,8.3874,per_90,87.5,2,team leading,Gabriel Pereira ranks 2 within FCK for interceptions per 90 (team leading).
8cfdb681-32cf-4ebf-81f1-5c0839ec82d5,FCK,220246,P. Hatzidiakos,Defence,interceptions_per_90,7.509,per_90,77.5,5,team leading,P. Hatzidiakos ranks 5 within FCK for interceptions per 90 (team leading).
8cfdb681-32cf-4ebf-81f1-5c0839ec82d5,FCK,111756,V. Claesson,Defence,interceptions_per_90,7.1012,per_90,52.5,10,above team median,V. Claesson ranks 10 within FCK for interceptions per 90 (above team median).
8cfdb681-32cf-4ebf-81f1-5c0839ec82d5,FCK,433957,M. Mattsson,Defence,interceptions_per_90,7.331,per_90,62.5,8,above team median,M. Mattsson ranks 8 within FCK for interceptions per 90 (above team median).
8cfdb681-32cf-4ebf-81f1-5c0839ec82d5,FCK,457214,G. Onugkha,Defence,interceptions_per_90,5.5916,per_90,37.5,13,around team median,G. Onugkha ranks 13 within FCK for interceptions per 90 (around team median).
8cfdb681-32cf-4ebf-81f1-5c0839ec82d5,FCM,533646,D. Osorio,Defence,interceptions_per_90,13.7586,per_90,92.5,2,team leading,D. Osorio ranks 2 within FCM for interceptions per 90 (team leading).
8cfdb681-32cf-4ebf-81f1-5c0839ec82d5,FCM,423651,E. Chilufya,Defence,interceptions_per_90,0.0,per_90,20.0,13,none,E. Chilufya ranks 13 within FCM for interceptions per 90 (none).
8cfdb681-32cf-4ebf-81f1-5c0839ec82d5,FCM,430901,E. Olafsson,Defence,interceptions_per_90,8.3874,per_90,72.5,6,above team median,E. Olafsson ranks 6 within FCM for interceptions per 90 (above team median).
8cfdb681-32cf-4ebf-81f1-5c0839ec82d5,FCM,450048,K. Askildsen,Defence,interceptions_per_90,0,per_90,20.0,13,none,K. Askildsen ranks 13 within FCM for interceptions per 90 (none).
8cfdb681-32cf-4ebf-81f1-5c0839ec82d5,FCM,536679,P. Bravo,Defence,interceptions_per_90,0,per_90,20.0,13,none,P. Bravo ranks 13 within FCM for interceptions per 90 (none).
8cfdb681-32cf-4ebf-81f1-5c0839ec82d5,FCM,57513,J. Lossl,Defence,interceptions_per_90,0,per_90,20.0,13,none,J. Lossl ranks 13 within FCM for interceptions per 90 (none).
8cfdb681-32cf-4ebf-81f1-5c0839ec82d5,FCM,568423,V. Byskov,Defence,interceptions_per_90,11.0722,per_90,82.5,4,team leading,V. Byskov ranks 4 within FCM for interceptions per 90 (team leading).
8cfdb681-32cf-4ebf-81f1-5c0839ec82d5,FCM,553784,D. Castillo,Defence,interceptions_per_90,0.0,per_90,20.0,13,none,D. Castillo ranks 13 within FCM for interceptions per 90 (none).
8cfdb681-32cf-4ebf-81f1-5c0839ec82d5,FCM,228044,M. Bech,Defence,interceptions_per_90,13.979,per_90,97.5,1,team leading,M. Bech ranks 1 within FCM for interceptions per 90 (team leading).
8cfdb681-32cf-4ebf-81f1-5c0839ec82d5,FCM,494784,Oliver Sorensen,Defence,interceptions_per_90,6.5235,per_90,52.5,10,above team median,Oliver Sorensen ranks 10 within FCM for interceptions per 90 (above team median).
8cfdb681-32cf-4ebf-81f1-5c0839ec82d5,FCM,240529,J. Kuchta,Defence,interceptions_per_90,5.6268,per_90,42.5,12,around team median,J. Kuchta ranks 12 within FCM for interceptions per 90 (around team median).
8cfdb681-32cf-4ebf-81f1-5c0839ec82d5,FCM,492474,Lee Han-Beom,Defence,interceptions_per_90,0.0,per_90,20.0,13,none,Lee Han-Beom ranks 13 within FCM for interceptions per 90 (none).
8cfdb681-32cf-4ebf-81f1-5c0839ec82d5,FCM,568414,M. Kruger-Johnsen,Defence,interceptions_per_90,0,per_90,20.0,13,none,M. Kruger-Johnsen ranks 13 within FCM for interceptions per 90 (none).
8cfdb681-32cf-4ebf-81f1-5c0839ec82d5,FCM,120721,K. Mbabu,Defence,interceptions_per_90,7.4555,per_90,62.5,7,above team median,K. Mbabu ranks 7 within FCM for interceptions per 90 (above team median).
8cfdb681-32cf-4ebf-81f1-5c0839ec82d5,FCM,609108,O. Diao,Defence,interceptions_per_90,7.4555,per_90,62.5,7,above team median,O. Diao ranks 7 within FCM for interceptions per 90 (above team median).
8cfdb681-32cf-4ebf-81f1-5c0839ec82d5,FCM,477664,V. Lind,Defence,interceptions_per_90,0,per_90,20.0,13,none,V. Lind ranks 13 within FCM for interceptions per 90 (none).
8cfdb681-32cf-4ebf-81f1-5c0839ec82d5,FCM,477672,A. Simsir,Defence,interceptions_per_90,9.8346,per_90,77.5,5,team leading,A. Simsir ranks 5 within FCM for interceptions per 90 (team leading).
8cfdb681-32cf-4ebf-81f1-5c0839ec82d5,FCM,474838,E. Martinez,Defence,interceptions_per_90,7.4555,per_90,62.5,7,above team median,E. Martinez ranks 7 within FCM for interceptions per 90 (above team median).
8cfdb681-32cf-4ebf-81f1-5c0839ec82d5,FCM,204164,J. Andersson,Defence,interceptions_per_90,12.1151,per_90,87.5,3,team leading,J. Andersson ranks 3 within FCM for interceptions per 90 (team leading).
8cfdb681-32cf-4ebf-81f1-5c0839ec82d5,FCM,551144,Franculino Dju,Defence,interceptions_per_90,6.2747,per_90,47.5,11,around team median,Franculino Dju ranks 11 within FCM for interceptions per 90 (around team median).
8cfdb681-32cf-4ebf-81f1-5c0839ec82d5,FCK,96787,M. Elyounoussi,Defence,tackles,3.0,count,80.0,3,team leading,M. Elyounoussi ranks 3 within FCK for tackles (team leading).
8cfdb681-32cf-4ebf-81f1-5c0839ec82d5,FCK,166965,L. Lerager,Defence,tackles,4.0,count,92.5,2,team leading,L. Lerager ranks 2 within FCK for tackles (team leading).
8cfdb681-32cf-4ebf-81f1-5c0839ec82d5,FCK,535944,R. Huescas,Defence,tackles,0.0,count,25.0,11,none,R. Huescas ranks 11 within FCK for tackles (none).
8cfdb681-32cf-4ebf-81f1-5c0839ec82d5,FCK,114517,A. Cornelius,Defence,tackles,0.0,count,25.0,11,none,A. Cornelius ranks 11 within FCK for tackles (none).
8cfdb681-32cf-4ebf-81f1-5c0839ec82d5,FCK,622714,Robert,Defence,tackles,0.0,count,25.0,11,none,Robert ranks 11 within FCK for tackles (none).
8cfdb681-32cf-4ebf-81f1-5c0839ec82d5,FCK,590186,V. Froholdt,Defence,tackles,2.0,count,65.0,7,above team median,V. Froholdt ranks 7 within FCK for tackles (above team median).
8cfdb681-32cf-4ebf-81f1-5c0839ec82d5,FCK,232398,N. Trott,Defence,tackles,0.0,count,25.0,11,none,N. Trott ranks 11 within FCK for tackles (none).
8cfdb681-32cf-4ebf-81f1-5c0839ec82d5,FCK,512627,G. Gocholeishvili,Defence,tackles,5.0,count,97.5,1,team leading,G. Gocholeishvili ranks 1 within FCK for tackles (team leading).
8cfdb681-32cf-4ebf-81f1-5c0839ec82d5,FCK,68640,T. Delaney,Defence,tackles,3.0,count,80.0,3,team leading,T. Delaney ranks 3 within FCK for tackles (team leading).
8cfdb681-32cf-4ebf-81f1-5c0839ec82d5,FCK,193228,K. Diks,Defence,tackles,3.0,count,80.0,3,team leading,K. Diks ranks 3 within FCK for tackles (team leading).
8cfdb681-32cf-4ebf-81f1-5c0839ec82d5,FCK,546545,E. Achouri,Defence,tackles,3.0,count,80.0,3,team leading,E. Achouri ranks 3 within FCK for tackles (team leading).
8cfdb681-32cf-4ebf-81f1-5c0839ec82d5,FCK,115918,R. Runarsson,Defence,tackles,0.0,count,25.0,11,none,R. Runarsson ranks 11 within FCK for tackles (none).
8cfdb681-32cf-4ebf-81f1-5c0839ec82d5,FCK,592864,O. Hojer,Defence,tackles,0.0,count,25.0,11,none,O. Hojer ranks 11 within FCK for tackles (none).
8cfdb681-32cf-4ebf-81f1-5c0839ec82d5,FCK,590187,A. Chiakha,Defence,tackles,0.0,count,25.0,11,none,A. Chiakha ranks 11 within FCK for tackles (none).
8cfdb681-32cf-4ebf-81f1-5c0839ec82d5,FCK,572146,M. Garan'anga,Defence,tackles,0.0,count,25.0,11,none,M. Garan'anga ranks 11 within FCK for tackles (none).
8cfdb681-32cf-4ebf-81f1-5c0839ec82d5,FCK,475413,Gabriel Pereira,Defence,tackles,2.0,count,65.0,7,above team median,Gabriel Pereira ranks 7 within FCK for tackles (above team median).
8cfdb681-32cf-4ebf-81f1-5c0839ec82d5,FCK,220246,P. Hatzidiakos,Defence,tackles,0.0,count,25.0,11,none,P. Hatzidiakos ranks 11 within FCK for tackles (none).
8cfdb681-32cf-4ebf-81f1-5c0839ec82d5,FCK,111756,V. Claesson,Defence,tackles,1.0,count,55.0,9,above team median,V. Claesson ranks 9 within FCK for tackles (above team median).
8cfdb681-32cf-4ebf-81f1-5c0839ec82d5,FCK,433957,M. Mattsson,Defence,tackles,0.0,count,25.0,11,none,M. Mattsson ranks 11 within FCK for tackles (none).
8cfdb681-32cf-4ebf-81f1-5c0839ec82d5,FCK,457214,G. Onugkha,Defence,tackles,1.0,count,55.0,9,above team median,G. Onugkha ranks 9 within FCK for tackles (above team median).
8cfdb681-32cf-4ebf-81f1-5c0839ec82d5,FCM,533646,D. Osorio,Defence,tackles,1.0,count,75.0,5,team leading,D. Osorio ranks 5 within FCM for tackles (team leading).
8cfdb681-32cf-4ebf-81f1-5c0839ec82d5,FCM,423651,E. Chilufya,Defence,tackles,0.0,count,35.0,7,none,E. Chilufya ranks 7 within FCM for tackles (none).
8cfdb681-32cf-4ebf-81f1-5c0839ec82d5,FCM,430901,E. Olafsson,Defence,tackles,0.0,count,35.0,7,none,E. Olafsson ranks 7 within FCM for tackles (none).
8cfdb681-32cf-4ebf-81f1-5c0839ec82d5,FCM,450048,K. Askildsen,Defence,tackles,0.0,count,35.0,7,none,K. Askildsen ranks 7 within FCM for tackles (none).
8cfdb681-32cf-4ebf-81f1-5c0839ec82d5,FCM,536679,P. Bravo,Defence,tackles,0.0,count,35.0,7,none,P. Bravo ranks 7 within FCM for tackles (none).
8cfdb681-32cf-4ebf-81f1-5c0839ec82d5,FCM,57513,J. Lossl,Defence,tackles,0.0,count,35.0,7,none,J. Lossl ranks 7 within FCM for tackles (none).
8cfdb681-32cf-4ebf-81f1-5c0839ec82d5,FCM,568423,V. Byskov,Defence,tackles,0.0,count,35.0,7,none,V. Byskov ranks 7 within FCM for tackles (none).
8cfdb681-32cf-4ebf-81f1-5c0839ec82d5,FCM,553784,D. Castillo,Defence,tackles,0.0,count,35.0,7,none,D. Castillo ranks 7 within FCM for tackles (none).
8cfdb681-32cf-4ebf-81f1-5c0839ec82d5,FCM,228044,M. Bech,Defence,tackles,2.0,count,85.0,3,team leading,M. Bech ranks 3 within FCM for tackles (team leading).
8cfdb681-32cf-4ebf-81f1-5c0839ec82d5,FCM,494784,Oliver Sorensen,Defence,tackles,0.0,count,35.0,7,none,Oliver Sorensen ranks 7 within FCM for tackles (none).
8cfdb681-32cf-4ebf-81f1-5c0839ec82d5,FCM,240529,J. Kuchta,Defence,tackles,1.0,count,75.0,5,team leading,J. Kuchta ranks 5 within FCM for tackles (team leading).
8cfdb681-32cf-4ebf-81f1-5c0839ec82d5,FCM,492474,Lee Han-Beom,Defence,tackles,0.0,count,35.0,7,none,Lee Han-Beom ranks 7 within FCM for tackles (none).
8cfdb681-32cf-4ebf-81f1-5c0839ec82d5,FCM,568414,M. Kruger-Johnsen,Defence,tackles,0.0,count,35.0,7,none,M. Kruger-Johnsen ranks 7 within FCM for tackles (none).
8cfdb681-32cf-4ebf-81f1-5c0839ec82d5,FCM,120721,K. Mbabu,Defence,tackles,2.0,count,85.0,3,team leading,K. Mbabu ranks 3 within FCM for tackles (team leading).
8cfdb681-32cf-4ebf-81f1-5c0839ec82d5,FCM,609108,O. Diao,Defence,tackles,3.0,count,92.5,2,team leading,O. Diao ranks 2 within FCM for tackles (team leading).
8cfdb681-32cf-4ebf-81f1-5c0839ec82d5,FCM,477664,V. Lind,Defence,tackles,0.0,count,35.0,7,none,V. Lind ranks 7 within FCM for tackles (none).
8cfdb681-32cf-4ebf-81f1-5c0839ec82d5,FCM,477672,A. Simsir,Defence,tackles,0.0,count,35.0,7,none,A. Simsir ranks 7 within FCM for tackles (none).
8cfdb681-32cf-4ebf-81f1-5c0839ec82d5,FCM,474838,E. Martinez,Defence,tackles,6.0,count,97.5,1,team leading,E. Martinez ranks 1 within FCM for tackles (team leading).
8cfdb681-32cf-4ebf-81f1-5c0839ec82d5,FCM,204164,J. Andersson,Defence,tackles,0.0,count,35.0,7,none,J. Andersson ranks 7 within FCM for tackles (none).
8cfdb681-32cf-4ebf-81f1-5c0839ec82d5,FCM,551144,Franculino Dju,Defence,tackles,0.0,count,35.0,7,none,Franculino Dju ranks 7 within FCM for tackles (none).
8cfdb681-32cf-4ebf-81f1-5c0839ec82d5,FCK,96787,M. Elyounoussi,Defence,tackles_per_90,3.0942,per_90,72.5,6,above team median,M. Elyounoussi ranks 6 within FCK for tackles per 90 (above team median).
8cfdb681-32cf-4ebf-81f1-5c0839ec82d5,FCK,166965,L. Lerager,Defence,tackles_per_90,3.7277,per_90,82.5,4,team leading,L. Lerager ranks 4 within FCK for tackles per 90 (team leading).
8cfdb681-32cf-4ebf-81f1-5c0839ec82d5,FCK,535944,R. Huescas,Defence,tackles_per_90,0.0,per_90,25.0,11,none,R. Huescas ranks 11 within FCK for tackles per 90 (none).
8cfdb681-32cf-4ebf-81f1-5c0839ec82d5,FCK,114517,A. Cornelius,Defence,tackles_per_90,0.0,per_90,25.0,11,none,A. Cornelius ranks 11 within FCK for tackles per 90 (none).
8cfdb681-32cf-4ebf-81f1-5c0839ec82d5,FCK,622714,Robert,Defence,tackles_per_90,0,per_90,25.0,11,none,Robert ranks 11 within FCK for tackles per 90 (none).
8cfdb681-32cf-4ebf-81f1-5c0839ec82d5,FCK,590186,V. Froholdt,Defence,tackles_per_90,7.774,per_90,97.5,1,team leading,V. Froholdt ranks 1 within FCK for tackles per 90 (team leading).
8cfdb681-32cf-4ebf-81f1-5c0839ec82d5,FCK,232398,N. Trott,Defence,tackles_per_90,0.0,per_90,25.0,11,none,N. Trott ranks 11 within FCK for tackles per 90 (none).
8cfdb681-32cf-4ebf-81f1-5c0839ec82d5,FCK,512627,G. Gocholeishvili,Defence,tackles_per_90,5.3585,per_90,87.5,3,team leading,G. Gocholeishvili ranks 3 within FCK for tackles per 90 (team leading).
8cfdb681-32cf-4ebf-81f1-5c0839ec82d5,FCK,68640,T. Delaney,Defence,tackles_per_90,2.7958,per_90,65.0,7,above team median,T. Delaney ranks 7 within FCK for tackles per 90 (above team median).
8cfdb681-32cf-4ebf-81f1-5c0839ec82d5,FCK,193228,K. Diks,Defence,tackles_per_90,2.7958,per_90,65.0,7,above team median,K. Diks ranks 7 within FCK for tackles per 90 (above team median).
8cfdb681-32cf-4ebf-81f1-5c0839ec82d5,FCK,546545,E. Achouri,Defence,tackles_per_90,3.6775,per_90,77.5,5,team leading,E. Achouri ranks 5 within FCK for tackles per 90 (team leading).
8cfdb681-32cf-4ebf-81f1-5c0839ec82d5,FCK,115918,R. Runarsson,Defence,tackles_per_90,0,per_90,25.0,11,none,R. Runarsson ranks 11 within FCK for tackles per 90 (none).
8cfdb681-32cf-4ebf-81f1-5c0839ec82d5,FCK,592864,O. Hojer,Defence,tackles_per_90,0.0,per_90,25.0,11,none,O. Hojer ranks 11 within FCK for tackles per 90 (none).
8cfdb681-32cf-4ebf-81f1-5c0839ec82d5,FCK,590187,A. Chiakha,Defence,tackles_per_90,0,per_90,25.0,11,none,A. Chiakha ranks 11 within FCK for tackles per 90 (none).
8cfdb681-32cf-4ebf-81f1-5c0839ec82d5,FCK,572146,M. Garan'anga,Defence,tackles_per_90,0,per_90,25.0,11,none,M. Garan'anga ranks 11 within FCK for tackles per 90 (none).
8cfdb681-32cf-4ebf-81f1-5c0839ec82d5,FCK,475413,Gabriel Pereira,Defence,tackles_per_90,1.8639,per_90,57.5,9,above team median,Gabriel Pereira ranks 9 within FCK for tackles per 90 (above team median).
8cfdb681-32cf-4ebf-81f1-5c0839ec82d5,FCK,220246,P. Hatzidiakos,Defence,tackles_per_90,0.0,per_90,25.0,11,none,P. Hatzidiakos ranks 11 within FCK for tackles per 90 (none).
8cfdb681-32cf-4ebf-81f1-5c0839ec82d5,FCK,111756,V. Claesson,Defence,tackles_per_90,7.1012,per_90,92.5,2,team leading,V. Claesson ranks 2 within FCK for tackles per 90 (team leading).
8cfdb681-32cf-4ebf-81f1-5c0839ec82d5,FCK,433957,M. Mattsson,Defence,tackles_per_90,0.0,per_90,25.0,11,none,M. Mattsson ranks 11 within FCK for tackles per 90 (none).
8cfdb681-32cf-4ebf-81f1-5c0839ec82d5,FCK,457214,G. Onugkha,Defence,tackles_per_90,0.9319,per_90,52.5,10,above team median,G. Onugkha ranks 10 within FCK for tackles per 90 (above team median).
8cfdb681-32cf-4ebf-81f1-5c0839ec82d5,FCM,533646,D. Osorio,Defence,tackles_per_90,0.9828,per_90,72.5,6,above team median,D. Osorio ranks 6 within FCM for tackles per 90 (above team median).
8cfdb681-32cf-4ebf-81f1-5c0839ec82d5,FCM,423651,E. Chilufya,Defence,tackles_per_90,0.0,per_90,35.0,7,none,E. Chilufya ranks 7 within FCM for tackles per 90 (none).
8cfdb681-32cf-4ebf-81f1-5c0839ec82d5,FCM,430901,E. Olafsson,Defence,tackles_per_90,0.0,per_90,35.0,7,none,E. Olafsson ranks 7 within FCM for tackles per 90 (none).
8cfdb681-32cf-4ebf-81f1-5c0839ec82d5,FCM,450048,K. Askildsen,Defence,tackles_per_90,0,per_90,35.0,7,none,K. Askildsen ranks 7 within FCM for tackles per 90 (none).
8cfdb681-32cf-4ebf-81f1-5c0839ec82d5,FCM,536679,P. Bravo,Defence,tackles_per_90,0,per_90,35.0,7,none,P. Bravo ranks 7 within FCM for tackles per 90 (none).
8cfdb681-32cf-4ebf-81f1-5c0839ec82d5,FCM,57513,J. Lossl,Defence,tackles_per_90,0,per_90,35.0,7,none,J. Lossl ranks 7 within FCM for tackles per 90 (none).
8cfdb681-32cf-4ebf-81f1-5c0839ec82d5,FCM,568423,V. Byskov,Defence,tackles_per_90,0.0,per_90,35.0,7,none,V. Byskov ranks 7 within FCM for tackles per 90 (none).
8cfdb681-32cf-4ebf-81f1-5c0839ec82d5,FCM,553784,D. Castillo,Defence,tackles_per_90,0.0,per_90,35.0,7,none,D. Castillo ranks 7 within FCM for tackles per 90 (none).
8cfdb681-32cf-4ebf-81f1-5c0839ec82d5,FCM,228044,M. Bech,Defence,tackles_per_90,1.8639,per_90,85.0,3,team leading,M. Bech ranks 3 within FCM for tackles per 90 (team leading).
8cfdb681-32cf-4ebf-81f1-5c0839ec82d5,FCM,494784,Oliver Sorensen,Defence,tackles_per_90,0.0,per_90,35.0,7,none,Oliver Sorensen ranks 7 within FCM for tackles per 90 (none).
8cfdb681-32cf-4ebf-81f1-5c0839ec82d5,FCM,240529,J. Kuchta,Defence,tackles_per_90,1.4067,per_90,77.5,5,team leading,J. Kuchta ranks 5 within FCM for tackles per 90 (team leading).
8cfdb681-32cf-4ebf-81f1-5c0839ec82d5,FCM,492474,Lee Han-Beom,Defence,tackles_per_90,0.0,per_90,35.0,7,none,Lee Han-Beom ranks 7 within FCM for tackles per 90 (none).
8cfdb681-32cf-4ebf-81f1-5c0839ec82d5,FCM,568414,M. Kruger-Johnsen,Defence,tackles_per_90,0,per_90,35.0,7,none,M. Kruger-Johnsen ranks 7 within FCM for tackles per 90 (none).
8cfdb681-32cf-4ebf-81f1-5c0839ec82d5,FCM,120721,K. Mbabu,Defence,tackles_per_90,1.8639,per_90,85.0,3,team leading,K. Mbabu ranks 3 within FCM for tackles per 90 (team leading).
8cfdb681-32cf-4ebf-81f1-5c0839ec82d5,FCM,609108,O. Diao,Defence,tackles_per_90,2.7958,per_90,92.5,2,team leading,O. Diao ranks 2 within FCM for tackles per 90 (team leading).
8cfdb681-32cf-4ebf-81f1-5c0839ec82d5,FCM,477664,V. Lind,Defence,tackles_per_90,0,per_90,35.0,7,none,V. Lind ranks 7 within FCM for tackles per 90 (none).
8cfdb681-32cf-4ebf-81f1-5c0839ec82d5,FCM,477672,A. Simsir,Defence,tackles_per_90,0.0,per_90,35.0,7,none,A. Simsir ranks 7 within FCM for tackles per 90 (none).
8cfdb681-32cf-4ebf-81f1-5c0839ec82d5,FCM,474838,E. Martinez,Defence,tackles_per_90,5.5916,per_90,97.5,1,team leading,E. Martinez ranks 1 within FCM for tackles per 90 (team leading).
8cfdb681-32cf-4ebf-81f1-5c0839ec82d5,FCM,204164,J. Andersson,Defence,tackles_per_90,0.0,per_90,35.0,7,none,J. Andersson ranks 7 within FCM for tackles per 90 (none).
8cfdb681-32cf-4ebf-81f1-5c0839ec82d5,FCM,551144,Franculino Dju,Defence,tackles_per_90,0.0,per_90,35.0,7,none,Franculino Dju ranks 7 within FCM for tackles per 90 (none).
8cfdb681-32cf-4ebf-81f1-5c0839ec82d5,FCK,96787,M. Elyounoussi,Defence,high_recoveries,1.0,count,57.5,8,above team median,M. Elyounoussi ranks 8 within FCK for high recoveries (above team median).
8cfdb681-32cf-4ebf-81f1-5c0839ec82d5,FCK,166965,L. Lerager,Defence,high_recoveries,0.0,count,25.0,11,none,L. Lerager ranks 11 within FCK for high recoveries (none).
8cfdb681-32cf-4ebf-81f1-5c0839ec82d5,FCK,535944,R. Huescas,Defence,high_recoveries,0.0,count,25.0,11,none,R. Huescas ranks 11 within FCK for high recoveries (none).
8cfdb681-32cf-4ebf-81f1-5c0839ec82d5,FCK,114517,A. Cornelius,Defence,high_recoveries,0.0,count,25.0,11,none,A. Cornelius ranks 11 within FCK for high recoveries (none).
8cfdb681-32cf-4ebf-81f1-5c0839ec82d5,FCK,622714,Robert,Defence,high_recoveries,0.0,count,25.0,11,none,Robert ranks 11 within FCK for high recoveries (none).
8cfdb681-32cf-4ebf-81f1-5c0839ec82d5,FCK,590186,V. Froholdt,Defence,high_recoveries,0.0,count,25.0,11,none,V. Froholdt ranks 11 within FCK for high recoveries (none).
8cfdb681-32cf-4ebf-81f1-5c0839ec82d5,FCK,232398,N. Trott,Defence,high_recoveries,3.0,count,87.5,2,team leading,N. Trott ranks 2 within FCK for high recoveries (team leading).
8cfdb681-32cf-4ebf-81f1-5c0839ec82d5,FCK,512627,G. Gocholeishvili,Defence,high_recoveries,3.0,count,87.5,2,team leading,G. Gocholeishvili ranks 2 within FCK for high recoveries (team leading).
8cfdb681-32cf-4ebf-81f1-5c0839ec82d5,FCK,68640,T. Delaney,Defence,high_recoveries,1.0,count,57.5,8,above team median,T. Delaney ranks 8 within FCK for high recoveries (above team median).
8cfdb681-32cf-4ebf-81f1-5c0839ec82d5,FCK,193228,K. Diks,Defence,high_recoveries,2.0,count,72.5,5,above team median,K. Diks ranks 5 within FCK for high recoveries (above team median).
8cfdb681-32cf-4ebf-81f1-5c0839ec82d5,FCK,546545,E. Achouri,Defence,high_recoveries,4.0,count,97.5,1,team leading,E. Achouri ranks 1 within FCK for high recoveries (team leading).
8cfdb681-32cf-4ebf-81f1-5c0839ec82d5,FCK,115918,R. Runarsson,Defence,high_recoveries,0.0,count,25.0,11,none,R. Runarsson ranks 11 within FCK for high recoveries (none).
8cfdb681-32cf-4ebf-81f1-5c0839ec82d5,FCK,592864,O. Hojer,Defence,high_recoveries,0.0,count,25.0,11,none,O. Hojer ranks 11 within FCK for high recoveries (none).
8cfdb681-32cf-4ebf-81f1-5c0839ec82d5,FCK,590187,A. Chiakha,Defence,high_recoveries,0.0,count,25.0,11,none,A. Chiakha ranks 11 within FCK for high recoveries (none).
8cfdb681-32cf-4ebf-81f1-5c0839ec82d5,FCK,572146,M. Garan'anga,Defence,high_recoveries,0.0,count,25.0,11,none,M. Garan'anga ranks 11 within FCK for high recoveries (none).
8cfdb681-32cf-4ebf-81f1-5c0839ec82d5,FCK,475413,Gabriel Pereira,Defence,high_recoveries,2.0,count,72.5,5,above team median,Gabriel Pereira ranks 5 within FCK for high recoveries (above team median).
8cfdb681-32cf-4ebf-81f1-5c0839ec82d5,FCK,220246,P. Hatzidiakos,Defence,high_recoveries,3.0,count,87.5,2,team leading,P. Hatzidiakos ranks 2 within FCK for high recoveries (team leading).
8cfdb681-32cf-4ebf-81f1-5c0839ec82d5,FCK,111756,V. Claesson,Defence,high_recoveries,0.0,count,25.0,11,none,V. Claesson ranks 11 within FCK for high recoveries (none).
8cfdb681-32cf-4ebf-81f1-5c0839ec82d5,FCK,433957,M. Mattsson,Defence,high_recoveries,2.0,count,72.5,5,above team median,M. Mattsson ranks 5 within FCK for high recoveries (above team median).
8cfdb681-32cf-4ebf-81f1-5c0839ec82d5,FCK,457214,G. Onugkha,Defence,high_recoveries,1.0,count,57.5,8,above team median,G. Onugkha ranks 8 within FCK for high recoveries (above team median).
8cfdb681-32cf-4ebf-81f1-5c0839ec82d5,FCM,533646,D. Osorio,Defence,high_recoveries,6.0,count,97.5,1,team leading,D. Osorio ranks 1 within FCM for high recoveries (team leading).
8cfdb681-32cf-4ebf-81f1-5c0839ec82d5,FCM,423651,E. Chilufya,Defence,high_recoveries,0.0,count,22.5,12,none,E. Chilufya ranks 12 within FCM for high recoveries (none).
8cfdb681-32cf-4ebf-81f1-5c0839ec82d5,FCM,430901,E. Olafsson,Defence,high_recoveries,3.0,count,77.5,4,team leading,E. Olafsson ranks 4 within FCM for high recoveries (team leading).
8cfdb681-32cf-4ebf-81f1-5c0839ec82d5,FCM,450048,K. Askildsen,Defence,high_recoveries,0.0,count,22.5,12,none,K. Askildsen ranks 12 within FCM for high recoveries (none).
8cfdb681-32cf-4ebf-81f1-5c0839ec82d5,FCM,536679,P. Bravo,Defence,high_recoveries,0.0,count,22.5,12,none,P. Bravo ranks 12 within FCM for high recoveries (none).
8cfdb681-32cf-4ebf-81f1-5c0839ec82d5,FCM,57513,J. Lossl,Defence,high_recoveries,0.0,count,22.5,12,none,J. Lossl ranks 12 within FCM for high recoveries (none).
8cfdb681-32cf-4ebf-81f1-5c0839ec82d5,FCM,568423,V. Byskov,Defence,high_recoveries,4.0,count,90.0,2,team leading,V. Byskov ranks 2 within FCM for high recoveries (team leading).
8cfdb681-32cf-4ebf-81f1-5c0839ec82d5,FCM,553784,D. Castillo,Defence,high_recoveries,0.0,count,22.5,12,none,D. Castillo ranks 12 within FCM for high recoveries (none).
8cfdb681-32cf-4ebf-81f1-5c0839ec82d5,FCM,228044,M. Bech,Defence,high_recoveries,1.0,count,50.0,10,above team median,M. Bech ranks 10 within FCM for high recoveries (above team median).
8cfdb681-32cf-4ebf-81f1-5c0839ec82d5,FCM,494784,Oliver Sorensen,Defence,high_recoveries,2.0,count,62.5,7,above team median,Oliver Sorensen ranks 7 within FCM for high recoveries (above team median).
8cfdb681-32cf-4ebf-81f1-5c0839ec82d5,FCM,240529,J. Kuchta,Defence,high_recoveries,0.0,count,22.5,12,none,J. Kuchta ranks 12 within FCM for high recoveries (none).
8cfdb681-32cf-4ebf-81f1-5c0839ec82d5,FCM,492474,Lee Han-Beom,Defence,high_recoveries,0.0,count,22.5,12,none,Lee Han-Beom ranks 12 within FCM for high recoveries (none).
8cfdb681-32cf-4ebf-81f1-5c0839ec82d5,FCM,568414,M. Kruger-Johnsen,Defence,high_recoveries,0.0,count,22.5,12,none,M. Kruger-Johnsen ranks 12 within FCM for high recoveries (none).
8cfdb681-32cf-4ebf-81f1-5c0839ec82d5,FCM,120721,K. Mbabu,Defence,high_recoveries,2.0,count,62.5,7,above team median,K. Mbabu ranks 7 within FCM for high recoveries (above team median).
8cfdb681-32cf-4ebf-81f1-5c0839ec82d5,FCM,609108,O. Diao,Defence,high_recoveries,3.0,count,77.5,4,team leading,O. Diao ranks 4 within FCM for high recoveries (team leading).
8cfdb681-32cf-4ebf-81f1-5c0839ec82d5,FCM,477664,V. Lind,Defence,high_recoveries,0.0,count,22.5,12,none,V. Lind ranks 12 within FCM for high recoveries (none).
8cfdb681-32cf-4ebf-81f1-5c0839ec82d5,FCM,477672,A. Simsir,Defence,high_recoveries,1.0,count,50.0,10,above team median,A. Simsir ranks 10 within FCM for high recoveries (above team median).
8cfdb681-32cf-4ebf-81f1-5c0839ec82d5,FCM,474838,E. Martinez,Defence,high_recoveries,3.0,count,77.5,4,team leading,E. Martinez ranks 4 within FCM for high recoveries (team leading).
8cfdb681-32cf-4ebf-81f1-5c0839ec82d5,FCM,204164,J. Andersson,Defence,high_recoveries,4.0,count,90.0,2,team leading,J. Andersson ranks 2 within FCM for high recoveries (team leading).
8cfdb681-32cf-4ebf-81f1-5c0839ec82d5,FCM,551144,Franculino Dju,Defence,high_recoveries,2.0,count,62.5,7,above team median,Franculino Dju ranks 7 within FCM for high recoveries (above team median).
8cfdb681-32cf-4ebf-81f1-5c0839ec82d5,FCK,96787,M. Elyounoussi,Defence,defensive_actions_attacking_half,1.0,count,42.5,12,around team median,M. Elyounoussi ranks 12 within FCK for defensive actions attacking half (around team median).
8cfdb681-32cf-4ebf-81f1-5c0839ec82d5,FCK,166965,L. Lerager,Defence,defensive_actions_attacking_half,5.0,count,82.5,2,team leading,L. Lerager ranks 2 within FCK for defensive actions attacking half (team leading).
8cfdb681-32cf-4ebf-81f1-5c0839ec82d5,FCK,535944,R. Huescas,Defence,defensive_actions_attacking_half,2.0,count,50.0,10,above team median,R. Huescas ranks 10 within FCK for defensive actions attacking half (above team median).
8cfdb681-32cf-4ebf-81f1-5c0839ec82d5,FCK,114517,A. Cornelius,Defence,defensive_actions_attacking_half,0.0,count,20.0,13,none,A. Cornelius ranks 13 within FCK for defensive actions attacking half (none).
8cfdb681-32cf-4ebf-81f1-5c0839ec82d5,FCK,622714,Robert,Defence,defensive_actions_attacking_half,0.0,count,20.0,13,none,Robert ranks 13 within FCK for defensive actions attacking half (none).
8cfdb681-32cf-4ebf-81f1-5c0839ec82d5,FCK,590186,V. Froholdt,Defence,defensive_actions_attacking_half,0.0,count,20.0,13,none,V. Froholdt ranks 13 within FCK for defensive actions attacking half (none).
8cfdb681-32cf-4ebf-81f1-5c0839ec82d5,FCK,232398,N. Trott,Defence,defensive_actions_attacking_half,3.0,count,60.0,8,above team median,N. Trott ranks 8 within FCK for defensive actions attacking half (above team median).
8cfdb681-32cf-4ebf-81f1-5c0839ec82d5,FCK,512627,G. Gocholeishvili,Defence,defensive_actions_attacking_half,5.0,count,82.5,2,team leading,G. Gocholeishvili ranks 2 within FCK for defensive actions attacking half (team leading).
8cfdb681-32cf-4ebf-81f1-5c0839ec82d5,FCK,68640,T. Delaney,Defence,defensive_actions_attacking_half,5.0,count,82.5,2,team leading,T. Delaney ranks 2 within FCK for defensive actions attacking half (team leading).
8cfdb681-32cf-4ebf-81f1-5c0839ec82d5,FCK,193228,K. Diks,Defence,defensive_actions_attacking_half,2.0,count,50.0,10,above team median,K. Diks ranks 10 within FCK for defensive actions attacking half (above team median).
8cfdb681-32cf-4ebf-81f1-5c0839ec82d5,FCK,546545,E. Achouri,Defence,defensive_actions_attacking_half,5.0,count,82.5,2,team leading,E. Achouri ranks 2 within FCK for defensive actions attacking half (team leading).
8cfdb681-32cf-4ebf-81f1-5c0839ec82d5,FCK,115918,R. Runarsson,Defence,defensive_actions_attacking_half,0.0,count,20.0,13,none,R. Runarsson ranks 13 within FCK for defensive actions attacking half (none).
8cfdb681-32cf-4ebf-81f1-5c0839ec82d5,FCK,592864,O. Hojer,Defence,defensive_actions_attacking_half,0.0,count,20.0,13,none,O. Hojer ranks 13 within FCK for defensive actions attacking half (none).
8cfdb681-32cf-4ebf-81f1-5c0839ec82d5,FCK,590187,A. Chiakha,Defence,defensive_actions_attacking_half,0.0,count,20.0,13,none,A. Chiakha ranks 13 within FCK for defensive actions attacking half (none).
8cfdb681-32cf-4ebf-81f1-5c0839ec82d5,FCK,572146,M. Garan'anga,Defence,defensive_actions_attacking_half,0.0,count,20.0,13,none,M. Garan'anga ranks 13 within FCK for defensive actions attacking half (none).
8cfdb681-32cf-4ebf-81f1-5c0839ec82d5,FCK,475413,Gabriel Pereira,Defence,defensive_actions_attacking_half,6.0,count,97.5,1,team leading,Gabriel Pereira ranks 1 within FCK for defensive actions attacking half (team leading).
8cfdb681-32cf-4ebf-81f1-5c0839ec82d5,FCK,220246,P. Hatzidiakos,Defence,defensive_actions_attacking_half,5.0,count,82.5,2,team leading,P. Hatzidiakos ranks 2 within FCK for defensive actions attacking half (team leading).
8cfdb681-32cf-4ebf-81f1-5c0839ec82d5,FCK,111756,V. Claesson,Defence,defensive_actions_attacking_half,0.0,count,20.0,13,none,V. Claesson ranks 13 within FCK for defensive actions attacking half (none).
8cfdb681-32cf-4ebf-81f1-5c0839ec82d5,FCK,433957,M. Mattsson,Defence,defensive_actions_attacking_half,3.0,count,60.0,8,above team median,M. Mattsson ranks 8 within FCK for defensive actions attacking half (above team median).
8cfdb681-32cf-4ebf-81f1-5c0839ec82d5,FCK,457214,G. Onugkha,Defence,defensive_actions_attacking_half,4.0,count,67.5,7,above team median,G. Onugkha ranks 7 within FCK for defensive actions attacking half (above team median).
8cfdb681-32cf-4ebf-81f1-5c0839ec82d5,FCM,533646,D. Osorio,Defence,defensive_actions_attacking_half,6.0,count,92.5,1,team leading,D. Osorio ranks 1 within FCM for defensive actions attacking half (team leading).
8cfdb681-32cf-4ebf-81f1-5c0839ec82d5,FCM,423651,E. Chilufya,Defence,defensive_actions_attacking_half,0.0,count,22.5,12,none,E. Chilufya ranks 12 within FCM for defensive actions attacking half (none).
8cfdb681-32cf-4ebf-81f1-5c0839ec82d5,FCM,430901,E. Olafsson,Defence,defensive_actions_attacking_half,3.0,count,62.5,8,above team median,E. Olafsson ranks 8 within FCM for defensive actions attacking half (above team median).
8cfdb681-32cf-4ebf-81f1-5c0839ec82d5,FCM,450048,K. Askildsen,Defence,defensive_actions_attacking_half,0.0,count,22.5,12,none,K. Askildsen ranks 12 within FCM for defensive actions attacking half (none).
8cfdb681-32cf-4ebf-81f1-5c0839ec82d5,FCM,536679,P. Bravo,Defence,defensive_actions_attacking_half,0.0,count,22.5,12,none,P. Bravo ranks 12 within FCM for defensive actions attacking half (none).
8cfdb681-32cf-4ebf-81f1-5c0839ec82d5,FCM,57513,J. Lossl,Defence,defensive_actions_attacking_half,0.0,count,22.5,12,none,J. Lossl ranks 12 within FCM for defensive actions attacking half (none).
8cfdb681-32cf-4ebf-81f1-5c0839ec82d5,FCM,568423,V. Byskov,Defence,defensive_actions_attacking_half,4.0,count,75.0,4,team leading,V. Byskov ranks 4 within FCM for defensive actions attacking half (team leading).
8cfdb681-32cf-4ebf-81f1-5c0839ec82d5,FCM,553784,D. Castillo,Defence,defensive_actions_attacking_half,0.0,count,22.5,12,none,D. Castillo ranks 12 within FCM for defensive actions attacking half (none).
8cfdb681-32cf-4ebf-81f1-5c0839ec82d5,FCM,228044,M. Bech,Defence,defensive_actions_attacking_half,6.0,count,92.5,1,team leading,M. Bech ranks 1 within FCM for defensive actions attacking half (team leading).
8cfdb681-32cf-4ebf-81f1-5c0839ec82d5,FCM,494784,Oliver Sorensen,Defence,defensive_actions_attacking_half,2.0,count,55.0,9,above team median,Oliver Sorensen ranks 9 within FCM for defensive actions attacking half (above team median).
8cfdb681-32cf-4ebf-81f1-5c0839ec82d5,FCM,240529,J. Kuchta,Defence,defensive_actions_attacking_half,0.0,count,22.5,12,none,J. Kuchta ranks 12 within FCM for defensive actions attacking half (none).
8cfdb681-32cf-4ebf-81f1-5c0839ec82d5,FCM,492474,Lee Han-Beom,Defence,defensive_actions_attacking_half,0.0,count,22.5,12,none,Lee Han-Beom ranks 12 within FCM for defensive actions attacking half (none).
8cfdb681-32cf-4ebf-81f1-5c0839ec82d5,FCM,568414,M. Kruger-Johnsen,Defence,defensive_actions_attacking_half,0.0,count,22.5,12,none,M. Kruger-Johnsen ranks 12 within FCM for defensive actions attacking half (none).
8cfdb681-32cf-4ebf-81f1-5c0839ec82d5,FCM,120721,K. Mbabu,Defence,defensive_actions_attacking_half,4.0,count,75.0,4,team leading,K. Mbabu ranks 4 within FCM for defensive actions attacking half (team leading).
8cfdb681-32cf-4ebf-81f1-5c0839ec82d5,FCM,609108,O. Diao,Defence,defensive_actions_attacking_half,4.0,count,75.0,4,team leading,O. Diao ranks 4 within FCM for defensive actions attacking half (team leading).
8cfdb681-32cf-4ebf-81f1-5c0839ec82d5,FCM,477664,V. Lind,Defence,defensive_actions_attacking_half,0.0,count,22.5,12,none,V. Lind ranks 12 within FCM for defensive actions attacking half (none).
8cfdb681-32cf-4ebf-81f1-5c0839ec82d5,FCM,477672,A. Simsir,Defence,defensive_actions_attacking_half,1.0,count,47.5,11,around team median,A. Simsir ranks 11 within FCM for defensive actions attacking half (around team median).
8cfdb681-32cf-4ebf-81f1-5c0839ec82d5,FCM,474838,E. Martinez,Defence,defensive_actions_attacking_half,4.0,count,75.0,4,team leading,E. Martinez ranks 4 within FCM for defensive actions attacking half (team leading).
8cfdb681-32cf-4ebf-81f1-5c0839ec82d5,FCM,204164,J. Andersson,Defence,defensive_actions_attacking_half,6.0,count,92.5,1,team leading,J. Andersson ranks 1 within FCM for defensive actions attacking half (team leading).
8cfdb681-32cf-4ebf-81f1-5c0839ec82d5,FCM,551144,Franculino Dju,Defence,defensive_actions_attacking_half,2.0,count,55.0,9,above team median,Franculino Dju ranks 9 within FCM for defensive actions attacking half (above team median).
8cfdb681-32cf-4ebf-81f1-5c0839ec82d5,FCK,96787,M. Elyounoussi,Defence,ball_wins_leading_to_progression,14.0,count,75.0,5,team leading,M. Elyounoussi ranks 5 within FCK for ball wins leading to progression (team leading).
8cfdb681-32cf-4ebf-81f1-5c0839ec82d5,FCK,166965,L. Lerager,Defence,ball_wins_leading_to_progression,15.0,count,82.5,4,team leading,L. Lerager ranks 4 within FCK for ball wins leading to progression (team leading).
8cfdb681-32cf-4ebf-81f1-5c0839ec82d5,FCK,535944,R. Huescas,Defence,ball_wins_leading_to_progression,3.0,count,27.5,15,around team median,R. Huescas ranks 15 within FCK for ball wins leading to progression (around team median).
8cfdb681-32cf-4ebf-81f1-5c0839ec82d5,FCK,114517,A. Cornelius,Defence,ball_wins_leading_to_progression,4.0,count,32.5,14,around team median,A. Cornelius ranks 14 within FCK for ball wins leading to progression (around team median).
8cfdb681-32cf-4ebf-81f1-5c0839ec82d5,FCK,622714,Robert,Defence,ball_wins_leading_to_progression,0.0,count,10.0,17,none,Robert ranks 17 within FCK for ball wins leading to progression (none).
8cfdb681-32cf-4ebf-81f1-5c0839ec82d5,FCK,590186,V. Froholdt,Defence,ball_wins_leading_to_progression,7.0,count,37.5,13,around team median,V. Froholdt ranks 13 within FCK for ball wins leading to progression (around team median).
8cfdb681-32cf-4ebf-81f1-5c0839ec82d5,FCK,232398,N. Trott,Defence,ball_wins_leading_to_progression,23.0,count,97.5,1,team leading,N. Trott ranks 1 within FCK for ball wins leading to progression (team leading).
8cfdb681-32cf-4ebf-81f1-5c0839ec82d5,FCK,512627,G. Gocholeishvili,Defence,ball_wins_leading_to_progression,18.0,count,87.5,3,team leading,G. Gocholeishvili ranks 3 within FCK for ball wins leading to progression (team leading).
8cfdb681-32cf-4ebf-81f1-5c0839ec82d5,FCK,68640,T. Delaney,Defence,ball_wins_leading_to_progression,10.0,count,57.5,9,above team median,T. Delaney ranks 9 within FCK for ball wins leading to progression (above team median).
8cfdb681-32cf-4ebf-81f1-5c0839ec82d5,FCK,193228,K. Diks,Defence,ball_wins_leading_to_progression,11.0,count,65.0,7,above team median,K. Diks ranks 7 within FCK for ball wins leading to progression (above team median).
8cfdb681-32cf-4ebf-81f1-5c0839ec82d5,FCK,546545,E. Achouri,Defence,ball_wins_leading_to_progression,8.0,count,45.0,11,around team median,E. Achouri ranks 11 within FCK for ball wins leading to progression (around team median).
8cfdb681-32cf-4ebf-81f1-5c0839ec82d5,FCK,115918,R. Runarsson,Defence,ball_wins_leading_to_progression,0.0,count,10.0,17,none,R. Runarsson ranks 17 within FCK for ball wins leading to progression (none).
8cfdb681-32cf-4ebf-81f1-5c0839ec82d5,FCK,592864,O. Hojer,Defence,ball_wins_leading_to_progression,1.0,count,22.5,16,low,O. Hojer ranks 16 within FCK for ball wins leading to progression (low).
8cfdb681-32cf-4ebf-81f1-5c0839ec82d5,FCK,590187,A. Chiakha,Defence,ball_wins_leading_to_progression,0.0,count,10.0,17,none,A. Chiakha ranks 17 within FCK for ball wins leading to progression (none).
8cfdb681-32cf-4ebf-81f1-5c0839ec82d5,FCK,572146,M. Garan'anga,Defence,ball_wins_leading_to_progression,0.0,count,10.0,17,none,M. Garan'anga ranks 17 within FCK for ball wins leading to progression (none).
8cfdb681-32cf-4ebf-81f1-5c0839ec82d5,FCK,475413,Gabriel Pereira,Defence,ball_wins_leading_to_progression,19.0,count,92.5,2,team leading,Gabriel Pereira ranks 2 within FCK for ball wins leading to progression (team leading).
8cfdb681-32cf-4ebf-81f1-5c0839ec82d5,FCK,220246,P. Hatzidiakos,Defence,ball_wins_leading_to_progression,8.0,count,45.0,11,around team median,P. Hatzidiakos ranks 11 within FCK for ball wins leading to progression (around team median).
8cfdb681-32cf-4ebf-81f1-5c0839ec82d5,FCK,111756,V. Claesson,Defence,ball_wins_leading_to_progression,9.0,count,52.5,10,above team median,V. Claesson ranks 10 within FCK for ball wins leading to progression (above team median).
8cfdb681-32cf-4ebf-81f1-5c0839ec82d5,FCK,433957,M. Mattsson,Defence,ball_wins_leading_to_progression,14.0,count,75.0,5,team leading,M. Mattsson ranks 5 within FCK for ball wins leading to progression (team leading).
8cfdb681-32cf-4ebf-81f1-5c0839ec82d5,FCK,457214,G. Onugkha,Defence,ball_wins_leading_to_progression,11.0,count,65.0,7,above team median,G. Onugkha ranks 7 within FCK for ball wins leading to progression (above team median).
8cfdb681-32cf-4ebf-81f1-5c0839ec82d5,FCM,533646,D. Osorio,Defence,ball_wins_leading_to_progression,21.0,count,92.5,2,team leading,D. Osorio ranks 2 within FCM for ball wins leading to progression (team leading).
8cfdb681-32cf-4ebf-81f1-5c0839ec82d5,FCM,423651,E. Chilufya,Defence,ball_wins_leading_to_progression,3.0,count,37.5,13,around team median,E. Chilufya ranks 13 within FCM for ball wins leading to progression (around team median).
8cfdb681-32cf-4ebf-81f1-5c0839ec82d5,FCM,430901,E. Olafsson,Defence,ball_wins_leading_to_progression,12.0,count,70.0,6,above team median,E. Olafsson ranks 6 within FCM for ball wins leading to progression (above team median).
8cfdb681-32cf-4ebf-81f1-5c0839ec82d5,FCM,450048,K. Askildsen,Defence,ball_wins_leading_to_progression,0.0,count,17.5,14,none,K. Askildsen ranks 14 within FCM for ball wins leading to progression (none).
8cfdb681-32cf-4ebf-81f1-5c0839ec82d5,FCM,536679,P. Bravo,Defence,ball_wins_leading_to_progression,0.0,count,17.5,14,none,P. Bravo ranks 14 within FCM for ball wins leading to progression (none).
8cfdb681-32cf-4ebf-81f1-5c0839ec82d5,FCM,57513,J. Lossl,Defence,ball_wins_leading_to_progression,0.0,count,17.5,14,none,J. Lossl ranks 14 within FCM for ball wins leading to progression (none).
8cfdb681-32cf-4ebf-81f1-5c0839ec82d5,FCM,568423,V. Byskov,Defence,ball_wins_leading_to_progression,4.0,count,42.5,12,around team median,V. Byskov ranks 12 within FCM for ball wins leading to progression (around team median).
8cfdb681-32cf-4ebf-81f1-5c0839ec82d5,FCM,553784,D. Castillo,Defence,ball_wins_leading_to_progression,0.0,count,17.5,14,none,D. Castillo ranks 14 within FCM for ball wins leading to progression (none).
8cfdb681-32cf-4ebf-81f1-5c0839ec82d5,FCM,228044,M. Bech,Defence,ball_wins_leading_to_progression,18.0,count,82.5,4,team leading,M. Bech ranks 4 within FCM for ball wins leading to progression (team leading).
8cfdb681-32cf-4ebf-81f1-5c0839ec82d5,FCM,494784,Oliver Sorensen,Defence,ball_wins_leading_to_progression,16.0,count,77.5,5,team leading,Oliver Sorensen ranks 5 within FCM for ball wins leading to progression (team leading).
8cfdb681-32cf-4ebf-81f1-5c0839ec82d5,FCM,240529,J. Kuchta,Defence,ball_wins_leading_to_progression,6.0,count,47.5,11,around team median,J. Kuchta ranks 11 within FCM for ball wins leading to progression (around team median).
8cfdb681-32cf-4ebf-81f1-5c0839ec82d5,FCM,492474,Lee Han-Beom,Defence,ball_wins_leading_to_progression,0.0,count,17.5,14,none,Lee Han-Beom ranks 14 within FCM for ball wins leading to progression (none).
8cfdb681-32cf-4ebf-81f1-5c0839ec82d5,FCM,568414,M. Kruger-Johnsen,Defence,ball_wins_leading_to_progression,0.0,count,17.5,14,none,M. Kruger-Johnsen ranks 14 within FCM for ball wins leading to progression (none).
8cfdb681-32cf-4ebf-81f1-5c0839ec82d5,FCM,120721,K. Mbabu,Defence,ball_wins_leading_to_progression,12.0,count,70.0,6,above team median,K. Mbabu ranks 6 within FCM for ball wins leading to progression (above team median).
8cfdb681-32cf-4ebf-81f1-5c0839ec82d5,FCM,609108,O. Diao,Defence,ball_wins_leading_to_progression,10.0,count,55.0,9,above team median,O. Diao ranks 9 within FCM for ball wins leading to progression (above team median).
8cfdb681-32cf-4ebf-81f1-5c0839ec82d5,FCM,477664,V. Lind,Defence,ball_wins_leading_to_progression,0.0,count,17.5,14,none,V. Lind ranks 14 within FCM for ball wins leading to progression (none).
8cfdb681-32cf-4ebf-81f1-5c0839ec82d5,FCM,477672,A. Simsir,Defence,ball_wins_leading_to_progression,11.0,count,62.5,8,above team median,A. Simsir ranks 8 within FCM for ball wins leading to progression (above team median).
8cfdb681-32cf-4ebf-81f1-5c0839ec82d5,FCM,474838,E. Martinez,Defence,ball_wins_leading_to_progression,20.0,count,87.5,3,team leading,E. Martinez ranks 3 within FCM for ball wins leading to progression (team leading).
8cfdb681-32cf-4ebf-81f1-5c0839ec82d5,FCM,204164,J. Andersson,Defence,ball_wins_leading_to_progression,27.0,count,97.5,1,team leading,J. Andersson ranks 1 within FCM for ball wins leading to progression (team leading).
8cfdb681-32cf-4ebf-81f1-5c0839ec82d5,FCM,551144,Franculino Dju,Defence,ball_wins_leading_to_progression,10.0,count,55.0,9,above team median,Franculino Dju ranks 9 within FCM for ball wins leading to progression (above team median).
