match_id,game_id_opta,event_id,team_id,team_name,opponent_team_id,opponent_team_name,period,period_second,match_second,match_minute,minute_bin_5,player_id,player_name,metric_unit,zone,third,channel,x,y,end_x,end_y,x_oriented,y_oriented,end_x_oriented,end_y_oriented,event_type,outcome,phase,interpretation_label,insight_text,dashboard_section,recommended_chart_type,priority_level,is_box_entry,is_final_third_entry,is_progressive,is_set_play,order,threat_value,xg
8cfdb681-32cf-4ebf-81f1-5c0839ec82d5,2442592,525e7bbe-6911-548b-b3d3-527a8a09d771,569,FCK,1000,FCM,1,0.04,0.04,1,0,,,count,middle_third,middle_third,central_channel,0.17,-0.18,34.2,10.32,0.17,-0.18,34.2,10.32,shot,shot,kick_off,shot attempt,FCK shot attempt at minute 1.,Chance Creation & Final Third,pitch scatter map,high,false,true,false,false,3,0.078,0.078
8cfdb681-32cf-4ebf-81f1-5c0839ec82d5,2442592,b1222b1f-9127-5f75-9b45-79163adb9374,569,FCK,1000,FCM,1,0.04,0.04,1,0,457214,G. Onugkha,count,middle_third,middle_third,central_channel,0.17,-0.18,-7.21,5.16,0.17,-0.18,-7.21,5.16,pass,reception,,context event,FCK context event at minute 1.,Executive Match Overview,pitch scatter map,low,false,false,false,false,7,0,
8cfdb681-32cf-4ebf-81f1-5c0839ec82d5,2442592,6dcf5212-a60d-5c69-81c1-993f272045ee,569,FCK,1000,FCM,1,1.92,1.92,1,0,68640,T. Delaney,count,middle_third,middle_third,central_channel,-8.51,4.66,-23.6,-0.17,-8.51,4.66,-23.6,-0.17,pass,reception,,context event,FCK context event at minute 1.,Executive Match Overview,pitch scatter map,low,false,false,false,false,10,0,
8cfdb681-32cf-4ebf-81f1-5c0839ec82d5,2442592,76e0a076-8d21-5258-92e9-a91afbe30fd5,569,FCK,1000,FCM,1,4.92,4.92,1,0,220246,P. Hatzidiakos,count,defensive_third,defensive_third,central_channel,-22.56,-0.62,-23.05,-20.81,-22.56,-0.62,-23.05,-20.81,pass,reception,,context event,FCK context event at minute 1.,Executive Match Overview,pitch scatter map,low,false,false,false,false,13,0,
8cfdb681-32cf-4ebf-81f1-5c0839ec82d5,2442592,98411ef6-314b-5f92-9dba-76f91e659b11,569,FCK,1000,FCM,1,7.76,7.76,1,0,475413,Gabriel Pereira,count,defensive_third,defensive_third,left_channel,-23.63,-21.23,-31.29,-8.03,-23.63,-21.23,-31.29,-8.03,pass,reception,,context event,FCK context event at minute 1.,Executive Match Overview,pitch scatter map,low,false,false,false,false,16,0,
8cfdb681-32cf-4ebf-81f1-5c0839ec82d5,2442592,92fd4fc7-fc98-5599-b37d-2447184c8a51,569,FCK,1000,FCM,1,15.6,15.6,1,0,220246,P. Hatzidiakos,count,defensive_third,defensive_third,central_channel,-27.56,-3.47,-31.74,-19.6,-27.56,-3.47,-31.74,-19.6,pass,reception,,context event,FCK context event at minute 1.,Executive Match Overview,pitch scatter map,low,false,false,false,false,21,0,
8cfdb681-32cf-4ebf-81f1-5c0839ec82d5,2442592,5a6830c8-263f-5893-9840-6e9431862425,569,FCK,1000,FCM,1,18.4,18.4,1,0,475413,Gabriel Pereira,count,defensive_third,defensive_third,left_channel,-30.73,-22.06,-18.81,-33.13,-30.73,-22.06,-18.81,-33.13,pass,reception,,progressive action,FCK progressive action at minute 1.,Territory & Control,pitch scatter map,medium,false,false,true,false,27,0,
8cfdb681-32cf-4ebf-81f1-5c0839ec82d5,2442592,ccb01482-2ec5-5d07-bacb-d6b45bfe162e,569,FCK,1000,FCM,1,21.64,21.64,1,0,512627,G. Gocholeishvili,count,middle_third,middle_third,left_channel,-17.28,-31.55,-37.45,-31.18,-17.28,-31.55,-37.45,-31.18,pass,reception,,context event,FCK context event at minute 1.,Executive Match Overview,pitch scatter map,low,false,false,false,false,31,0,
8cfdb681-32cf-4ebf-81f1-5c0839ec82d5,2442592,4a589512-ca43-5a11-b7f7-796635c58a9b,569,FCK,1000,FCM,1,24.12,24.12,1,0,475413,Gabriel Pereira,count,defensive_third,defensive_third,left_channel,-38.34,-30.44,-49.35,-7.57,-38.34,-30.44,-49.35,-7.57,pass,reception,,context event,FCK context event at minute 1.,Executive Match Overview,pitch scatter map,low,false,false,false,false,36,0,
8cfdb681-32cf-4ebf-81f1-5c0839ec82d5,2442592,d0c7f4c7-5c0d-5034-8421-c54fb0ea69ce,569,FCK,1000,FCM,1,27.28,27.28,1,0,232398,N. Trott,count,defensive_third,defensive_third,central_channel,-47.1,-2.62,-35.95,20.01,-47.1,-2.62,-35.95,20.01,pass,reception,,progressive action,FCK progressive action at minute 1.,Territory & Control,pitch scatter map,medium,false,false,true,false,39,0,
8cfdb681-32cf-4ebf-81f1-5c0839ec82d5,2442592,4ec0d949-2295-539d-8975-a0831bd316c0,569,FCK,1000,FCM,1,30.6,30.6,1,0,220246,P. Hatzidiakos,count,defensive_third,defensive_third,right_channel,-31.68,22.62,-19.18,32.72,-31.68,22.62,-19.18,32.72,pass,reception,,progressive action,FCK progressive action at minute 1.,Territory & Control,pitch scatter map,medium,false,false,true,false,46,0,
8cfdb681-32cf-4ebf-81f1-5c0839ec82d5,2442592,4c46a9ba-3f0b-5f33-b278-65528ea834f3,569,FCK,1000,FCM,1,32.28,32.28,1,0,193228,K. Diks,count,defensive_third,defensive_third,right_channel,-20.13,32.57,-35.27,24.9,-20.13,32.57,-35.27,24.9,pass,reception,,context event,FCK context event at minute 1.,Executive Match Overview,pitch scatter map,low,false,false,false,false,50,0,
8cfdb681-32cf-4ebf-81f1-5c0839ec82d5,2442592,94028ce9-b194-5534-99e1-e0f78e4e6bdd,569,FCK,1000,FCM,1,34.6,34.6,1,0,220246,P. Hatzidiakos,count,defensive_third,defensive_third,right_channel,-36.36,23.33,-45.71,2.21,-36.36,23.33,-45.71,2.21,pass,reception,,context event,FCK context event at minute 1.,Executive Match Overview,pitch scatter map,low,false,false,false,false,54,0,
8cfdb681-32cf-4ebf-81f1-5c0839ec82d5,2442592,c411baca-e679-585a-a9db-dc94e7f710cb,569,FCK,1000,FCM,1,42,42,1,0,546545,E. Achouri,count,middle_third,middle_third,right_channel,0.52,23.64,21.17,10.39,0.52,23.64,21.17,10.39,run_start_loc,,,final-third entry,FCK final-third entry at minute 1.,Territory & Control,pitch scatter map,medium,false,true,false,false,57,0.05,
8cfdb681-32cf-4ebf-81f1-5c0839ec82d5,2442592,ecb7df9e-67cc-55c4-a310-91a70ee97fab,569,FCK,1000,FCM,1,42,42,1,0,457214,G. Onugkha,count,middle_third,middle_third,central_channel,-1.23,-0.96,41.91,-4.85,-1.23,-0.96,41.91,-4.85,run_start_loc,,,box involvement,FCK box involvement at minute 1.,Chance Creation & Final Third,pitch scatter map,high,true,true,false,false,58,0.15,
8cfdb681-32cf-4ebf-81f1-5c0839ec82d5,2442592,a92a32a3-8797-532f-bac3-f6b2d32a4451,569,FCK,1000,FCM,1,43,43,1,0,232398,N. Trott,count,defensive_third,defensive_third,central_channel,-36.89,-0.69,23.09,10.36,-36.89,-0.69,23.09,10.36,pass,shot,,final-third entry,FCK final-third entry at minute 1.,Territory & Control,pitch scatter map,medium,false,true,true,false,59,0.07,
8cfdb681-32cf-4ebf-81f1-5c0839ec82d5,2442592,6cc6dbd6-e07e-511f-83fe-f79f945b4ebe,569,FCK,1000,FCM,1,43.04,43.04,1,0,,,count,defensive_third,defensive_third,central_channel,-36.14,10.43,38.41,17.9,-36.14,10.43,38.41,17.9,loss,,progression,final-third entry,FCK final-third entry at minute 1.,Defensive Behaviour & Transitions,pitch scatter map,high,false,true,false,false,60,0.07,
8cfdb681-32cf-4ebf-81f1-5c0839ec82d5,2442592,f54cef3c-e277-5c18-87a1-0104cefe844c,569,FCK,1000,FCM,1,44.72,44.72,1,0,,,count,middle_third,middle_third,central_channel,11.5,2.17,35.42,8.68,11.5,2.17,35.42,8.68,defender_dribbled,defender_dribbled,,final-third entry,FCK final-third entry at minute 1.,Territory & Control,pitch scatter map,medium,false,true,false,false,70,0.05,
8cfdb681-32cf-4ebf-81f1-5c0839ec82d5,2442592,f9c7ed8a-565c-53a1-ae8f-b1a35aad2c18,569,FCK,1000,FCM,1,46.2,46.2,1,0,546545,E. Achouri,count,attacking_third,attacking_third,right_channel,26.76,17.93,38.41,17.9,26.76,17.93,38.41,17.9,shot,shot,,shot attempt,FCK shot attempt at minute 1.,Chance Creation & Final Third,pitch scatter map,high,false,false,false,false,79,0,0.078
8cfdb681-32cf-4ebf-81f1-5c0839ec82d5,2442592,97b421bd-53b8-5b0b-9e36-783a6fe51261,569,FCK,1000,FCM,1,47.64,47.64,1,0,546545,E. Achouri,count,attacking_third,attacking_third,central_channel,34.2,10.32,52.63,-1.37,34.2,10.32,52.63,-1.37,shot,off_target,,shot attempt,FCK shot attempt at minute 1.,Chance Creation & Final Third,pitch scatter map,high,true,false,false,false,83,0.078,0.078
8cfdb681-32cf-4ebf-81f1-5c0839ec82d5,2442592,00c6f604-0ba3-529a-9503-9a52bc12c151,1000,FCM,569,FCK,1,66.72,66.72,2,0,,,count,attacking_third,attacking_third,central_channel,-35.77,11.77,-44.8,14.87,35.77,11.77,44.8,14.87,completed_pass,completed_pass,,box involvement,FCM box involvement at minute 2.,Chance Creation & Final Third,pitch scatter map,high,true,false,false,false,93,0.1,
8cfdb681-32cf-4ebf-81f1-5c0839ec82d5,2442592,1b7024ec-8248-5e99-a00e-45cc50ffcc90,1000,FCM,569,FCK,1,66.72,66.72,2,0,,,count,attacking_third,attacking_third,central_channel,-48.71,0.15,-15.12,29.7,48.71,0.15,15.12,29.7,recovery,turnover,goal_kick,box involvement,FCM box involvement at minute 2.,Chance Creation & Final Third,pitch scatter map,high,true,false,false,false,94,0,0
8cfdb681-32cf-4ebf-81f1-5c0839ec82d5,2442592,c1c1903e-91f6-532b-bd2e-1826e688431b,569,FCK,1000,FCM,1,66.72,66.72,2,0,,,count,attacking_third,attacking_third,central_channel,53.63,10.79,18.4,-9.28,53.63,10.79,18.4,-9.28,start_loc,,organisation,box involvement,FCK box involvement at minute 2.,Chance Creation & Final Third,pitch scatter map,high,true,false,false,false,98,0,0
8cfdb681-32cf-4ebf-81f1-5c0839ec82d5,2442592,16f55c05-ae20-5f3f-8e03-8cea1387a68c,1000,FCM,569,FCK,1,66.72,66.72,2,0,430901,E. Olafsson,count,attacking_third,attacking_third,central_channel,-48.71,0.15,-48.68,10.46,48.71,0.15,48.68,10.46,pass,reception,,box involvement,FCM box involvement at minute 2.,Chance Creation & Final Third,pitch scatter map,high,true,false,false,false,99,0,
8cfdb681-32cf-4ebf-81f1-5c0839ec82d5,2442592,1cd32ad7-ad65-55f5-98f3-e85f8fcd4659,1000,FCM,569,FCK,1,68.32,68.32,2,0,474838,E. Martinez,count,attacking_third,attacking_third,central_channel,-22.87,2.22,-11.69,24.9,22.87,2.22,11.69,24.9,run_start_loc,,,context event,FCM context event at minute 2.,Territory & Control,pitch scatter map,low,false,false,false,false,102,0,
8cfdb681-32cf-4ebf-81f1-5c0839ec82d5,2442592,ef4d7e06-9544-5c99-92c6-37ff7de72a51,1000,FCM,569,FCK,1,68.52,68.52,2,0,228044,M. Bech,count,attacking_third,attacking_third,central_channel,-48.54,11.52,-37.24,30.41,48.54,11.52,37.24,30.41,pass,reception,,box involvement,FCM box involvement at minute 2.,Chance Creation & Final Third,pitch scatter map,high,true,false,false,false,103,0,
8cfdb681-32cf-4ebf-81f1-5c0839ec82d5,2442592,98935a7a-cbdb-5752-b61f-9ec3b03158d8,1000,FCM,569,FCK,1,68.68,68.68,2,0,,,count,middle_third,middle_third,right_channel,-18.2,18.1,-30.76,29.58,18.2,18.1,30.76,29.58,completed_pass,completed_pass,,final-third entry,FCM final-third entry at minute 2.,Territory & Control,pitch scatter map,medium,false,true,true,false,105,0.05,
8cfdb681-32cf-4ebf-81f1-5c0839ec82d5,2442592,b5e92cfe-2d9a-52ab-90ac-e43927bfa6f1,1000,FCM,569,FCK,1,70.72,70.72,2,0,,,count,defensive_third,defensive_third,central_channel,40.55,-9.74,18.4,-9.28,-40.55,-9.74,-18.4,-9.28,loss,,progression,turnover / loss,FCM turnover / loss at minute 2.,Defensive Behaviour & Transitions,pitch scatter map,high,false,false,false,false,110,0.02,
8cfdb681-32cf-4ebf-81f1-5c0839ec82d5,2442592,e2e58f35-4359-5c11-b90a-b2480e917876,1000,FCM,569,FCK,1,70.96,70.96,2,0,,,count,middle_third,middle_third,right_channel,0.36,25.41,-16.8,28.6,-0.36,25.41,16.8,28.6,loss,lost_ball,,turnover / loss,FCM turnover / loss at minute 2.,Defensive Behaviour & Transitions,pitch scatter map,high,false,false,false,false,111,0,
8cfdb681-32cf-4ebf-81f1-5c0839ec82d5,2442592,dd753592-7125-528b-bbe3-7c4bdeff57dd,1000,FCM,569,FCK,1,71.12,71.12,2,0,204164,J. Andersson,count,attacking_third,attacking_third,right_channel,-35.46,30.35,-12.17,29.31,35.46,30.35,12.17,29.31,pass,reception,,context event,FCM context event at minute 2.,Territory & Control,pitch scatter map,low,false,false,false,false,112,0,
8cfdb681-32cf-4ebf-81f1-5c0839ec82d5,2442592,58f4b0c3-ca8c-5852-a46d-48128d233a15,1000,FCM,569,FCK,1,71.4,71.4,2,0,,,count,attacking_third,attacking_third,right_channel,-24.52,16.24,-13.08,26.26,24.52,16.24,13.08,26.26,defender_dribbled,defender_dribbled,,context event,FCM context event at minute 2.,Territory & Control,pitch scatter map,low,false,false,false,false,114,0,
8cfdb681-32cf-4ebf-81f1-5c0839ec82d5,2442592,2d7d9cd5-75ac-58c6-9db1-ed92e49b0e43,1000,FCM,569,FCK,1,73,73,2,0,477672,A. Simsir,count,middle_third,middle_third,central_channel,15.31,-9.01,18.4,-9.28,-15.31,-9.01,-18.4,-9.28,loss,ball_lost,,turnover / loss,FCM turnover / loss at minute 2.,Defensive Behaviour & Transitions,pitch scatter map,high,false,false,false,false,118,0,0
8cfdb681-32cf-4ebf-81f1-5c0839ec82d5,2442592,027c3a51-dc83-579e-9860-32d1d75043e4,569,FCK,1000,FCM,1,74.12,74.12,2,0,,,count,attacking_third,attacking_third,left_channel,26.85,-26.95,26.02,-26.6,26.85,-26.95,26.02,-26.6,completed_pass,completed_pass,,final-third entry,FCK final-third entry at minute 2.,Territory & Control,pitch scatter map,medium,false,false,false,false,124,0,
8cfdb681-32cf-4ebf-81f1-5c0839ec82d5,2442592,579f34aa-4712-58f5-993a-6c3995a7b6b6,569,FCK,1000,FCM,1,74.48,74.48,2,0,512627,G. Gocholeishvili,count,middle_third,middle_third,left_channel,17.12,-28.55,26.8,-33.56,17.12,-28.55,26.8,-33.56,run_start_loc,,,final-third entry,FCK final-third entry at minute 2.,Territory & Control,pitch scatter map,medium,false,true,false,false,125,0.05,
8cfdb681-32cf-4ebf-81f1-5c0839ec82d5,2442592,e4612b5f-d2cf-5784-b0f5-e8b5e2179b7d,569,FCK,1000,FCM,1,74.6,74.6,2,0,,,count,middle_third,middle_third,left_channel,16.87,-29.83,19.95,-26.98,16.87,-29.83,19.95,-26.98,defender_dribbled,defender_dribbled,,final-third entry,FCK final-third entry at minute 2.,Territory & Control,pitch scatter map,medium,false,true,false,false,126,0.05,
8cfdb681-32cf-4ebf-81f1-5c0839ec82d5,2442592,29aebc91-0245-5e11-ab11-cb027713b0b3,569,FCK,1000,FCM,1,75,75,2,0,433957,M. Mattsson,count,attacking_third,attacking_third,central_channel,27.31,-5.77,20.13,-8.22,27.31,-5.77,20.13,-8.22,backward,backward,,final-third entry,FCK final-third entry at minute 2.,Territory & Control,pitch scatter map,medium,false,false,false,false,127,0,0
8cfdb681-32cf-4ebf-81f1-5c0839ec82d5,2442592,5405262c-f861-5bbb-970b-53ff94f05254,569,FCK,1000,FCM,1,75,75,2,0,,,count,attacking_third,attacking_third,left_channel,23.61,-24.54,-14.82,-19.73,23.61,-24.54,-14.82,-19.73,recovery,turnover,tackle,ball recovery,FCK ball recovery at minute 2.,Defensive Behaviour & Transitions,pitch scatter map,high,false,false,false,false,128,0,0
8cfdb681-32cf-4ebf-81f1-5c0839ec82d5,2442592,63f7ce4e-9a4e-5775-b5b7-776493b6ddfa,569,FCK,1000,FCM,1,75,75,2,0,,,count,attacking_third,attacking_third,central_channel,27.31,-5.77,20.13,-8.22,27.31,-5.77,20.13,-8.22,regain,,regain,final-third entry,FCK final-third entry at minute 2.,Territory & Control,pitch scatter map,medium,false,false,false,false,129,0,
8cfdb681-32cf-4ebf-81f1-5c0839ec82d5,2442592,4c681fd1-acbf-5520-9592-6e3b2082e2ae,569,FCK,1000,FCM,1,76.96,76.96,2,0,433957,M. Mattsson,count,middle_third,middle_third,left_channel,16.77,-28.15,-0.96,-25.59,16.77,-28.15,-0.96,-25.59,pass,reception,,context event,FCK context event at minute 2.,Executive Match Overview,pitch scatter map,low,false,false,false,false,132,0,
8cfdb681-32cf-4ebf-81f1-5c0839ec82d5,2442592,dafc1ddf-beb2-5814-b27d-44cb4b2d608d,569,FCK,1000,FCM,1,79.52,79.52,2,0,475413,Gabriel Pereira,count,middle_third,middle_third,left_channel,-2.76,-20.67,-16.29,-1.38,-2.76,-20.67,-16.29,-1.38,pass,reception,,context event,FCK context event at minute 2.,Executive Match Overview,pitch scatter map,low,false,false,false,false,138,0,
8cfdb681-32cf-4ebf-81f1-5c0839ec82d5,2442592,afb7e948-8f9a-5a98-8466-a6bdcc069f0d,569,FCK,1000,FCM,1,83.04,83.04,2,0,220246,P. Hatzidiakos,count,defensive_third,defensive_third,central_channel,-20.56,4.17,-37.33,-2.05,-20.56,4.17,-37.33,-2.05,pass,reception,,context event,FCK context event at minute 2.,Executive Match Overview,pitch scatter map,low,false,false,false,false,146,0,
8cfdb681-32cf-4ebf-81f1-5c0839ec82d5,2442592,83a0b33a-2cb1-54c7-973d-74f0277566c5,569,FCK,1000,FCM,1,86,86,2,0,232398,N. Trott,count,defensive_third,defensive_third,central_channel,-36.75,-4.92,-31.33,-19.43,-36.75,-4.92,-31.33,-19.43,pass,reception,,context event,FCK context event at minute 2.,Executive Match Overview,pitch scatter map,low,false,false,false,false,151,0,
8cfdb681-32cf-4ebf-81f1-5c0839ec82d5,2442592,66de91f1-4fe0-5ace-aef7-bf462c2b751e,569,FCK,1000,FCM,1,92.4,92.4,2,0,475413,Gabriel Pereira,count,defensive_third,defensive_third,left_channel,-23.71,-26,-26.53,-32.76,-23.71,-26,-26.53,-32.76,pass,reception,,context event,FCK context event at minute 2.,Executive Match Overview,pitch scatter map,low,false,false,false,false,156,0,
8cfdb681-32cf-4ebf-81f1-5c0839ec82d5,2442592,c3ed0a72-61c1-56eb-a7ab-eab56f0a5973,569,FCK,1000,FCM,1,94.4,94.4,2,0,512627,G. Gocholeishvili,count,defensive_third,defensive_third,left_channel,-26.88,-31.45,-43.33,-8.67,-26.88,-31.45,-43.33,-8.67,pass,reception,,context event,FCK context event at minute 2.,Executive Match Overview,pitch scatter map,low,false,false,false,false,159,0,
8cfdb681-32cf-4ebf-81f1-5c0839ec82d5,2442592,e3a4a472-47c3-5353-9964-c920081e3fb4,569,FCK,1000,FCM,1,98.2,98.2,2,0,232398,N. Trott,count,defensive_third,defensive_third,central_channel,-40.08,-4.23,-32.53,11.6,-40.08,-4.23,-32.53,11.6,pass,reception,,context event,FCK context event at minute 2.,Executive Match Overview,pitch scatter map,low,false,false,false,false,162,0,
8cfdb681-32cf-4ebf-81f1-5c0839ec82d5,2442592,77c736f4-2ef9-5871-897a-e6586314d491,569,FCK,1000,FCM,1,104.68,104.68,2,0,220246,P. Hatzidiakos,count,defensive_third,defensive_third,right_channel,-21.3,23.69,-33.8,2.93,-21.3,23.69,-33.8,2.93,pass,reception,,context event,FCK context event at minute 2.,Executive Match Overview,pitch scatter map,low,false,false,false,false,166,0,
8cfdb681-32cf-4ebf-81f1-5c0839ec82d5,2442592,78796d15-8fc7-5847-83e6-6a8ebd915bc0,569,FCK,1000,FCM,1,113.2,113.2,2,0,232398,N. Trott,count,defensive_third,defensive_third,central_channel,-24.46,1.64,-20.58,16.53,-24.46,1.64,-20.58,16.53,pass,reception,,context event,FCK context event at minute 2.,Executive Match Overview,pitch scatter map,low,false,false,false,false,169,0,
8cfdb681-32cf-4ebf-81f1-5c0839ec82d5,2442592,881c211b-5bfd-5d1a-ad9f-363c50117948,569,FCK,1000,FCM,1,116.68,116.68,2,0,220246,P. Hatzidiakos,count,middle_third,middle_third,right_channel,-14.12,20.33,-6.15,17.58,-14.12,20.33,-6.15,17.58,pass,reception,,context event,FCK context event at minute 2.,Executive Match Overview,pitch scatter map,low,false,false,false,false,175,0,
8cfdb681-32cf-4ebf-81f1-5c0839ec82d5,2442592,05669161-bcf4-5ad4-a2c4-3039e79eba66,569,FCK,1000,FCM,1,117.56,117.56,2,0,68640,T. Delaney,count,middle_third,middle_third,right_channel,-6.35,17.67,-30.9,1.22,-6.35,17.67,-30.9,1.22,pass,reception,,context event,FCK context event at minute 2.,Executive Match Overview,pitch scatter map,low,false,false,false,false,179,0,
8cfdb681-32cf-4ebf-81f1-5c0839ec82d5,2442592,6d8e3f2b-6c65-57f2-b837-8985d6b97fe3,569,FCK,1000,FCM,1,120.64,120.64,3,0,232398,N. Trott,count,defensive_third,defensive_third,central_channel,-28.99,-0.85,-22.24,-14.54,-28.99,-0.85,-22.24,-14.54,pass,reception,,context event,FCK context event at minute 3.,Executive Match Overview,pitch scatter map,low,false,false,false,false,182,0,
8cfdb681-32cf-4ebf-81f1-5c0839ec82d5,2442592,c62330d0-63a4-58e6-9cfe-66c74ac41dff,569,FCK,1000,FCM,1,124.4,124.4,3,0,,,count,middle_third,middle_third,central_channel,-13.94,-2.15,-12.99,-2.51,-13.94,-2.15,-12.99,-2.51,loss,,progression,turnover / loss,FCK turnover / loss at minute 3.,Defensive Behaviour & Transitions,pitch scatter map,high,false,false,false,false,189,0,
8cfdb681-32cf-4ebf-81f1-5c0839ec82d5,2442592,f930523d-7b37-592e-9a1c-034d1c80088b,569,FCK,1000,FCM,1,124.68,124.68,3,0,475413,Gabriel Pereira,count,middle_third,middle_third,left_channel,-14.82,-19.73,9.98,-4.93,-14.82,-19.73,9.98,-4.93,pass,interception,,context event,FCK context event at minute 3.,Executive Match Overview,pitch scatter map,medium,false,false,false,false,193,0,
8cfdb681-32cf-4ebf-81f1-5c0839ec82d5,2442592,f450c60c-db3c-5de5-a5a8-e4d450420501,1000,FCM,569,FCK,1,125.8,125.8,3,0,,,count,middle_third,middle_third,central_channel,-1.09,10.99,-33.85,9.89,1.09,10.99,33.85,9.89,completed_pass,completed_pass,,final-third entry,FCM final-third entry at minute 3.,Territory & Control,pitch scatter map,medium,false,true,true,false,194,0.05,
8cfdb681-32cf-4ebf-81f1-5c0839ec82d5,2442592,375a5926-3923-5c0f-bad7-65f5c6c51d01,1000,FCM,569,FCK,1,126.16,126.16,3,0,,,count,middle_third,middle_third,central_channel,-11.08,-11.8,-20.24,-1.34,11.08,-11.8,20.24,-1.34,completed_pass,completed_pass,,final-third entry,FCM final-third entry at minute 3.,Territory & Control,pitch scatter map,medium,false,true,false,false,195,0.05,
8cfdb681-32cf-4ebf-81f1-5c0839ec82d5,2442592,75aa8d3a-649d-556e-8569-a9a0db9a66a8,1000,FCM,569,FCK,1,127.6,127.6,3,0,,,count,middle_third,middle_third,central_channel,-15.72,-3.35,-44.23,3.76,15.72,-3.35,44.23,3.76,recovery,turnover,interception,box involvement,FCM box involvement at minute 3.,Chance Creation & Final Third,pitch scatter map,high,true,true,false,false,198,0.15,0
8cfdb681-32cf-4ebf-81f1-5c0839ec82d5,2442592,f697c1ad-35b5-5fab-93b9-184a5dd354ed,569,FCK,1000,FCM,1,127.6,127.6,3,0,,,count,attacking_third,attacking_third,central_channel,19.03,13.17,48.93,8.34,19.03,13.17,48.93,8.34,start_loc,,transition,box involvement,FCK box involvement at minute 3.,Chance Creation & Final Third,pitch scatter map,high,true,false,false,false,200,0.1,0
8cfdb681-32cf-4ebf-81f1-5c0839ec82d5,2442592,58661edf-285d-5a92-b33a-a41f789db581,1000,FCM,569,FCK,1,127.68,127.68,3,0,120721,K. Mbabu,count,middle_third,middle_third,central_channel,-15.9,-3.12,-23.16,11.7,15.9,-3.12,23.16,11.7,pass,reception,,final-third entry,FCM final-third entry at minute 3.,Territory & Control,pitch scatter map,medium,false,true,false,false,201,0.05,
8cfdb681-32cf-4ebf-81f1-5c0839ec82d5,2442592,18e3b5c7-aa23-5f5e-bab9-b5358b772f8f,1000,FCM,569,FCK,1,129.88,129.88,3,0,120721,K. Mbabu,count,attacking_third,attacking_third,central_channel,-22.46,-5.42,-27.58,-17.45,22.46,-5.42,27.58,-17.45,run_start_loc,,,final-third entry,FCM final-third entry at minute 3.,Territory & Control,pitch scatter map,medium,false,false,false,false,207,0,
8cfdb681-32cf-4ebf-81f1-5c0839ec82d5,2442592,9e66c4db-b753-5ac9-b77e-25a20d2da36e,1000,FCM,569,FCK,1,130.16,130.16,3,0,228044,M. Bech,count,attacking_third,attacking_third,central_channel,-27.91,11.42,-44.39,3.72,27.91,11.42,44.39,3.72,pass,reception,,box involvement,FCM box involvement at minute 3.,Chance Creation & Final Third,pitch scatter map,high,true,false,true,false,208,0.1,
8cfdb681-32cf-4ebf-81f1-5c0839ec82d5,2442592,907c167c-c58e-5022-acfb-112514ef72dd,1000,FCM,569,FCK,1,132.04,132.04,3,0,430901,E. Olafsson,count,attacking_third,attacking_third,central_channel,-44.23,3.76,11.86,24.36,44.23,3.76,-11.86,24.36,pass,interception,,box involvement,FCM box involvement at minute 3.,Chance Creation & Final Third,pitch scatter map,high,true,false,false,false,214,0,
8cfdb681-32cf-4ebf-81f1-5c0839ec82d5,2442592,0e156eca-43eb-5e1f-a2f3-e534e35579da,1000,FCM,569,FCK,1,132.6,132.6,3,0,,,count,defensive_third,defensive_third,central_channel,40.62,6.43,-9.23,-5.02,-40.62,6.43,9.23,-5.02,loss,,counter_attack,turnover / loss,FCM turnover / loss at minute 3.,Defensive Behaviour & Transitions,pitch scatter map,high,false,false,false,false,215,0.02,
8cfdb681-32cf-4ebf-81f1-5c0839ec82d5,2442592,39cf3d09-6f4b-584d-bf73-6b520b2b9a20,569,FCK,1000,FCM,1,133.8,133.8,3,0,,,count,middle_third,middle_third,left_channel,-1.89,-22.49,-13.33,-23.65,-1.89,-22.49,-13.33,-23.65,loss,lost_ball,,turnover / loss,FCK turnover / loss at minute 3.,Defensive Behaviour & Transitions,pitch scatter map,high,false,false,false,false,216,0,
8cfdb681-32cf-4ebf-81f1-5c0839ec82d5,2442592,fab44e03-6652-5e19-9c0d-eb52957a5111,569,FCK,1000,FCM,1,134.76,134.76,3,0,,,count,middle_third,middle_third,left_channel,8.62,-15.62,-9.39,-31.65,8.62,-15.62,-9.39,-31.65,loss,lost_ball,,turnover / loss,FCK turnover / loss at minute 3.,Defensive Behaviour & Transitions,pitch scatter map,high,false,false,false,false,217,0,
8cfdb681-32cf-4ebf-81f1-5c0839ec82d5,2442592,dabe454d-4eb1-5514-96c0-402b8c845fc6,569,FCK,1000,FCM,1,136.04,136.04,3,0,512627,G. Gocholeishvili,count,middle_third,middle_third,central_channel,-10.41,-5.3,-6.23,-8.8,-10.41,-5.3,-6.23,-8.8,loss,ball_lost,,turnover / loss,FCK turnover / loss at minute 3.,Defensive Behaviour & Transitions,pitch scatter map,high,false,false,false,false,221,0,0
8cfdb681-32cf-4ebf-81f1-5c0839ec82d5,2442592,e290a7e4-7344-5428-b651-29b4dfd66453,569,FCK,1000,FCM,1,136.04,136.04,3,0,,,count,middle_third,middle_third,left_channel,-12.36,-23.84,-8.37,-29,-12.36,-23.84,-8.37,-29,recovery,out,interception,ball recovery,FCK ball recovery at minute 3.,Defensive Behaviour & Transitions,pitch scatter map,medium,false,false,false,false,222,0,0
8cfdb681-32cf-4ebf-81f1-5c0839ec82d5,2442592,1d356140-1ab6-5a99-b8d5-c28601d70fec,569,FCK,1000,FCM,1,161,161,3,0,512627,G. Gocholeishvili,count,middle_third,middle_third,left_channel,-14.72,-34.48,-12.55,-27.09,-14.72,-34.48,-12.55,-27.09,pass,reception,,context event,FCK context event at minute 3.,Executive Match Overview,pitch scatter map,low,false,false,false,false,235,0,
8cfdb681-32cf-4ebf-81f1-5c0839ec82d5,2442592,cf7859d7-dac3-5fa7-9ff4-5000bfe0d71c,569,FCK,1000,FCM,1,162.12,162.12,3,0,166965,L. Lerager,count,middle_third,middle_third,left_channel,-12.6,-27.36,-6.12,-22.06,-12.6,-27.36,-6.12,-22.06,pass,other,,context event,FCK context event at minute 3.,Executive Match Overview,pitch scatter map,low,false,false,false,false,240,0,
8cfdb681-32cf-4ebf-81f1-5c0839ec82d5,2442592,952e2967-a21a-57d0-850c-9d35c1181f4a,569,FCK,1000,FCM,1,172.56,172.56,3,0,,,count,middle_third,middle_third,left_channel,-7.22,-20.27,12.75,21.44,-7.22,-20.27,12.75,21.44,recovery,turnover,free_kick,ball recovery,FCK ball recovery at minute 3.,Defensive Behaviour & Transitions,pitch scatter map,high,false,false,false,false,247,0,0
8cfdb681-32cf-4ebf-81f1-5c0839ec82d5,2442592,0704c650-6518-509b-bc60-d69386bb325d,569,FCK,1000,FCM,1,172.56,172.56,3,0,166965,L. Lerager,count,middle_third,middle_third,left_channel,-7.22,-20.27,-14.27,-23.28,-7.22,-20.27,-14.27,-23.28,pass,reception,,context event,FCK context event at minute 3.,Executive Match Overview,pitch scatter map,low,false,false,false,false,248,0,
8cfdb681-32cf-4ebf-81f1-5c0839ec82d5,2442592,5d780bad-75a2-5545-ba82-c16b208825dd,569,FCK,1000,FCM,1,172.68,172.68,3,0,475413,Gabriel Pereira,count,middle_third,middle_third,left_channel,-14.26,-23.29,-19.05,0.58,-14.26,-23.29,-19.05,0.58,pass,reception,,context event,FCK context event at minute 3.,Executive Match Overview,pitch scatter map,low,false,false,false,false,252,0,
8cfdb681-32cf-4ebf-81f1-5c0839ec82d5,2442592,1c5dd8c6-bc44-597d-affc-3f7306674567,569,FCK,1000,FCM,1,175.44,175.44,3,0,220246,P. Hatzidiakos,count,defensive_third,defensive_third,central_channel,-19.02,0.38,-15.56,-17.78,-19.02,0.38,-15.56,-17.78,pass,reception,,context event,FCK context event at minute 3.,Executive Match Overview,pitch scatter map,low,false,false,false,false,255,0.02,
8cfdb681-32cf-4ebf-81f1-5c0839ec82d5,2442592,d674d098-96c9-5109-8c51-69df014b1866,569,FCK,1000,FCM,1,180.44,180.44,4,0,475413,Gabriel Pereira,count,middle_third,middle_third,left_channel,-12.93,-16.16,-21.58,9.82,-12.93,-16.16,-21.58,9.82,pass,reception,,context event,FCK context event at minute 4.,Executive Match Overview,pitch scatter map,low,false,false,false,false,258,0,
8cfdb681-32cf-4ebf-81f1-5c0839ec82d5,2442592,58163276-149b-5068-a76f-7021b5432eee,569,FCK,1000,FCM,1,183.96,183.96,4,0,220246,P. Hatzidiakos,count,defensive_third,defensive_third,right_channel,-22.01,17.6,-38.69,-3.15,-22.01,17.6,-38.69,-3.15,pass,reception,,context event,FCK context event at minute 4.,Executive Match Overview,pitch scatter map,low,false,false,false,false,265,0,
8cfdb681-32cf-4ebf-81f1-5c0839ec82d5,2442592,7ffa6c0d-1d27-5926-92db-3867a1e1d455,569,FCK,1000,FCM,1,192.28,192.28,4,0,232398,N. Trott,count,defensive_third,defensive_third,central_channel,-35.74,-2.04,-26.24,20.83,-35.74,-2.04,-26.24,20.83,pass,reception,,context event,FCK context event at minute 4.,Executive Match Overview,pitch scatter map,low,false,false,false,false,268,0,
8cfdb681-32cf-4ebf-81f1-5c0839ec82d5,2442592,4e1935e0-7a30-5d6d-ba71-80c845c6dd08,569,FCK,1000,FCM,1,197.56,197.56,4,0,,,count,middle_third,middle_third,right_channel,-6.42,26.62,15.92,25.45,-6.42,26.62,15.92,25.45,loss,,progression,turnover / loss,FCK turnover / loss at minute 4.,Defensive Behaviour & Transitions,pitch scatter map,high,false,false,false,false,275,0,
8cfdb681-32cf-4ebf-81f1-5c0839ec82d5,2442592,6385edc2-67ab-5acf-9fd7-28011aab26fb,569,FCK,1000,FCM,1,198.32,198.32,4,0,220246,P. Hatzidiakos,count,middle_third,middle_third,right_channel,-5.3,22.98,8.19,24.74,-5.3,22.98,8.19,24.74,pass,reception,,progressive action,FCK progressive action at minute 4.,Territory & Control,pitch scatter map,medium,false,false,true,false,278,0,
8cfdb681-32cf-4ebf-81f1-5c0839ec82d5,2442592,384f1912-b890-53f5-a184-c9aeb1d31a30,569,FCK,1000,FCM,1,199.2,199.2,4,0,546545,E. Achouri,count,middle_third,middle_third,right_channel,8.09,24.63,5.53,16.96,8.09,24.63,5.53,16.96,pass,reception,,context event,FCK context event at minute 4.,Executive Match Overview,pitch scatter map,low,false,false,false,false,282,0,
8cfdb681-32cf-4ebf-81f1-5c0839ec82d5,2442592,be73ab39-7ca9-5ee5-8965-88f11bb28b0f,569,FCK,1000,FCM,1,199.96,199.96,4,0,433957,M. Mattsson,count,middle_third,middle_third,right_channel,8.35,22.41,13.86,21.54,8.35,22.41,13.86,21.54,loss,ball_lost,,turnover / loss,FCK turnover / loss at minute 4.,Defensive Behaviour & Transitions,pitch scatter map,high,false,false,false,false,285,0,0
8cfdb681-32cf-4ebf-81f1-5c0839ec82d5,2442592,78fc75e5-11fb-5ef2-978c-b6a56f00d8c4,1000,FCM,569,FCK,1,202.68,202.68,4,0,533646,D. Osorio,count,middle_third,middle_third,left_channel,-18.34,-24.7,1.43,-11.33,18.34,-24.7,-1.43,-11.33,pass,reception,,context event,FCM context event at minute 4.,Executive Match Overview,pitch scatter map,low,false,false,false,false,294,0,
8cfdb681-32cf-4ebf-81f1-5c0839ec82d5,2442592,ae90f422-57f5-532a-937f-3d28ca075c70,569,FCK,1000,FCM,1,203.96,203.96,4,0,,,count,attacking_third,attacking_third,right_channel,26.83,16.3,17.87,9.23,26.83,16.3,17.87,9.23,incomplete_pass,incomplete_pass,,context event,FCK context event at minute 4.,Territory & Control,pitch scatter map,low,false,false,false,false,295,0,
8cfdb681-32cf-4ebf-81f1-5c0839ec82d5,2442592,0df54f39-7929-597e-9e25-f966b18ea0d5,1000,FCM,569,FCK,1,204.32,204.32,4,0,240529,J. Kuchta,count,middle_third,middle_third,central_channel,1.48,-11.6,-3.01,-11.34,-1.48,-11.6,3.01,-11.34,pass,interception,,context event,FCM context event at minute 4.,Executive Match Overview,pitch scatter map,medium,false,false,false,false,299,0,
8cfdb681-32cf-4ebf-81f1-5c0839ec82d5,2442592,a35b1fcb-d1f8-5213-8a3e-921f609f869b,569,FCK,1000,FCM,1,205.04,205.04,4,0,166965,L. Lerager,count,middle_third,middle_third,central_channel,1.08,10.4,1.8,14.37,1.08,10.4,1.8,14.37,pass,reception,,context event,FCK context event at minute 4.,Executive Match Overview,pitch scatter map,low,false,false,false,false,304,0,
8cfdb681-32cf-4ebf-81f1-5c0839ec82d5,2442592,4cf41b9f-2d16-58a2-b866-37cee811d605,569,FCK,1000,FCM,1,209.48,209.48,4,0,68640,T. Delaney,count,middle_third,middle_third,right_channel,12.75,21.44,28.72,3.89,12.75,21.44,28.72,3.89,pass,interception,,final-third entry,FCK final-third entry at minute 4.,Territory & Control,pitch scatter map,medium,false,true,false,false,313,0.05,
8cfdb681-32cf-4ebf-81f1-5c0839ec82d5,2442592,f084c68d-cb6f-5bea-a605-df54c8b7d04d,569,FCK,1000,FCM,1,210.48,210.48,4,0,,,count,attacking_third,attacking_third,right_channel,30.77,17.25,5.64,28.5,30.77,17.25,5.64,28.5,start_loc,,transition,context event,FCK context event at minute 4.,Territory & Control,pitch scatter map,low,false,false,false,false,319,0,0
8cfdb681-32cf-4ebf-81f1-5c0839ec82d5,2442592,5a8d2ee2-ea12-5ef8-ae59-eacad4ec91d4,1000,FCM,569,FCK,1,211.88,211.88,4,0,,,count,attacking_third,attacking_third,central_channel,-26.18,-12.97,-5.54,-10,26.18,-12.97,5.54,-10,defender_dribbled,defender_dribbled,,context event,FCM context event at minute 4.,Territory & Control,pitch scatter map,low,false,false,false,false,320,0,
8cfdb681-32cf-4ebf-81f1-5c0839ec82d5,2442592,87a759a5-ecb5-5177-a6ef-e777b214e069,569,FCK,1000,FCM,1,212.88,212.88,4,0,166965,L. Lerager,count,middle_third,middle_third,central_channel,7.1,9.16,9.12,1.82,7.1,9.16,9.12,1.82,pass,interception,,context event,FCK context event at minute 4.,Executive Match Overview,pitch scatter map,medium,false,false,false,false,325,0,
8cfdb681-32cf-4ebf-81f1-5c0839ec82d5,2442592,86a33e66-b0e5-5a9f-a24a-5a89254b61a3,1000,FCM,569,FCK,1,214.36,214.36,4,0,,,count,middle_third,middle_third,central_channel,-11.58,-6.52,25.53,32.71,11.58,-6.52,-25.53,32.71,recovery,out,recovery,ball recovery,FCM ball recovery at minute 4.,Defensive Behaviour & Transitions,pitch scatter map,medium,false,false,false,false,329,0,0
8cfdb681-32cf-4ebf-81f1-5c0839ec82d5,2442592,c8573f72-7f0f-5418-949b-d37014a6af05,1000,FCM,569,FCK,1,216.4,216.4,4,0,474838,E. Martinez,count,middle_third,middle_third,central_channel,-6.24,-7.53,-3.71,-21.44,6.24,-7.53,3.71,-21.44,pass,reception,,context event,FCM context event at minute 4.,Executive Match Overview,pitch scatter map,low,false,false,false,false,341,0,
8cfdb681-32cf-4ebf-81f1-5c0839ec82d5,2442592,439099f1-9610-5f2d-b664-f7a86076bee5,1000,FCM,569,FCK,1,221.52,221.52,4,0,494784,Oliver Sorensen,count,middle_third,middle_third,left_channel,-3.29,-24.01,-7.44,-16.71,3.29,-24.01,7.44,-16.71,pass,reception,,context event,FCM context event at minute 4.,Executive Match Overview,pitch scatter map,low,false,false,false,false,348,0,
8cfdb681-32cf-4ebf-81f1-5c0839ec82d5,2442592,cc12c61e-aec2-5f54-8e6c-4ee7c81fa1a0,1000,FCM,569,FCK,1,223.48,223.48,4,0,474838,E. Martinez,count,middle_third,middle_third,left_channel,-6.78,-15.26,-10.89,6.81,6.78,-15.26,10.89,6.81,pass,reception,,context event,FCM context event at minute 4.,Executive Match Overview,pitch scatter map,low,false,false,false,false,351,0,
8cfdb681-32cf-4ebf-81f1-5c0839ec82d5,2442592,6bd3f25f-3c12-5a88-b475-4b8bf89bc121,1000,FCM,569,FCK,1,228.16,228.16,4,0,228044,M. Bech,count,middle_third,middle_third,central_channel,-7.88,6.8,-11.41,-5.99,7.88,6.8,11.41,-5.99,pass,reception,,context event,FCM context event at minute 4.,Executive Match Overview,pitch scatter map,low,false,false,false,false,354,0,
8cfdb681-32cf-4ebf-81f1-5c0839ec82d5,2442592,14c3f228-fe07-52b9-bc29-d394574e6e23,1000,FCM,569,FCK,1,233.6,233.6,4,0,609108,O. Diao,count,middle_third,middle_third,central_channel,-8.24,-4.97,-10.58,10.15,8.24,-4.97,10.58,10.15,pass,reception,,context event,FCM context event at minute 4.,Executive Match Overview,pitch scatter map,low,false,false,false,false,357,0,
8cfdb681-32cf-4ebf-81f1-5c0839ec82d5,2442592,4d965706-e0a2-5c50-8746-2d2587670f3e,1000,FCM,569,FCK,1,237.76,237.76,4,0,228044,M. Bech,count,middle_third,middle_third,right_channel,-5.52,18.63,7.19,33.49,5.52,18.63,-7.19,33.49,pass,reception,,context event,FCM context event at minute 4.,Executive Match Overview,pitch scatter map,low,false,false,false,false,361,0,
8cfdb681-32cf-4ebf-81f1-5c0839ec82d5,2442592,4a5438fc-2c89-5eb0-8046-ff98d022d520,1000,FCM,569,FCK,1,238.76,238.76,4,0,,,count,middle_third,middle_third,central_channel,-0.43,-8.4,-24.22,-11.32,0.43,-8.4,24.22,-11.32,progression,,progression,final-third entry,FCM final-third entry at minute 4.,Territory & Control,pitch scatter map,medium,false,true,false,false,362,0.05,
8cfdb681-32cf-4ebf-81f1-5c0839ec82d5,2442592,0bc13d72-5220-5ba1-931b-32a367cc1408,1000,FCM,569,FCK,1,239.28,239.28,4,0,204164,J. Andersson,count,middle_third,middle_third,central_channel,-4.99,-11.85,-24.22,-11.32,4.99,-11.85,24.22,-11.32,loss,ball_lost,,final-third entry,FCM final-third entry at minute 4.,Defensive Behaviour & Transitions,pitch scatter map,high,false,true,false,false,363,0.05,0
8cfdb681-32cf-4ebf-81f1-5c0839ec82d5,2442592,61aa2ce4-89af-5063-842b-ed98af3398f8,1000,FCM,569,FCK,1,241.44,241.44,5,0,,,count,defensive_third,defensive_third,right_channel,23.39,29.5,25.46,33.12,-23.39,29.5,-25.46,33.12,loss,lost_ball,,turnover / loss,FCM turnover / loss at minute 5.,Defensive Behaviour & Transitions,pitch scatter map,high,false,false,false,false,367,0,
8cfdb681-32cf-4ebf-81f1-5c0839ec82d5,2442592,7b9abedb-d020-514e-b73c-2c2e8b0d12f8,1000,FCM,569,FCK,1,248.16,248.16,5,0,,,count,middle_third,middle_third,right_channel,14.99,34.27,-12.72,7.48,-14.99,34.27,12.72,7.48,recovery,turnover,throw_in,ball recovery,FCM ball recovery at minute 5.,Defensive Behaviour & Transitions,pitch scatter map,high,false,false,false,false,378,0,0
8cfdb681-32cf-4ebf-81f1-5c0839ec82d5,2442592,8496a0e9-c008-579e-bf21-a9dd3493f286,1000,FCM,569,FCK,1,248.16,248.16,5,0,,,count,defensive_third,defensive_third,right_channel,23.2,30.69,6.73,31.15,-23.2,30.69,-6.73,31.15,completed_pass,completed_pass,,progressive action,FCM progressive action at minute 5.,Territory & Control,pitch scatter map,medium,false,false,true,false,379,0.02,
8cfdb681-32cf-4ebf-81f1-5c0839ec82d5,2442592,60b6a05b-80a2-5ad7-91d3-2acfb1a6e7c5,1000,FCM,569,FCK,1,248.16,248.16,5,0,477672,A. Simsir,count,middle_third,middle_third,right_channel,14.99,34.27,13.93,27.57,-14.99,34.27,-13.93,27.57,pass,reception,,context event,FCM context event at minute 5.,Executive Match Overview,pitch scatter map,low,false,false,false,false,380,0,
8cfdb681-32cf-4ebf-81f1-5c0839ec82d5,2442592,082644d3-a61e-5054-9a6c-c6b7fec8f9d8,1000,FCM,569,FCK,1,249.04,249.04,5,0,474838,E. Martinez,count,middle_third,middle_third,right_channel,13.97,27.73,13.49,33.18,-13.97,27.73,-13.49,33.18,pass,reception,,context event,FCM context event at minute 5.,Executive Match Overview,pitch scatter map,low,false,false,false,false,384,0,
8cfdb681-32cf-4ebf-81f1-5c0839ec82d5,2442592,2aa870c5-25c0-5a78-b945-c642d9052b11,1000,FCM,569,FCK,1,250.6,250.6,5,0,477672,A. Simsir,count,middle_third,middle_third,right_channel,10.54,32.99,-21.23,19.94,-10.54,32.99,21.23,19.94,pass,reception,,final-third entry,FCM final-third entry at minute 5.,Territory & Control,pitch scatter map,medium,false,true,true,false,388,0.05,
8cfdb681-32cf-4ebf-81f1-5c0839ec82d5,2442592,11d25b56-9edd-5a2c-a31f-2732e46e4fd6,1000,FCM,569,FCK,1,256.08,256.08,5,0,228044,M. Bech,count,attacking_third,attacking_third,right_channel,-22.81,15.13,-21.53,-3.06,22.81,15.13,21.53,-3.06,pass,reception,,final-third entry,FCM final-third entry at minute 5.,Territory & Control,pitch scatter map,medium,false,false,false,false,392,0,
8cfdb681-32cf-4ebf-81f1-5c0839ec82d5,2442592,4aecc4f5-da91-520a-9e40-a0b3e31f8c99,1000,FCM,569,FCK,1,262.88,262.88,5,0,609108,O. Diao,count,middle_third,middle_third,central_channel,-13.66,-8.66,-17.72,7.92,13.66,-8.66,17.72,7.92,pass,reception,,context event,FCM context event at minute 5.,Executive Match Overview,pitch scatter map,low,false,false,false,false,396,0,
8cfdb681-32cf-4ebf-81f1-5c0839ec82d5,2442592,a69b9611-d8c1-50c2-84e5-5b4799faed3c,1000,FCM,569,FCK,1,266.16,266.16,5,0,,,count,middle_third,middle_third,central_channel,16.35,5.61,15.89,5.81,-16.35,5.61,-15.89,5.81,loss,,progression,turnover / loss,FCM turnover / loss at minute 5.,Defensive Behaviour & Transitions,pitch scatter map,high,false,false,false,false,399,0,
8cfdb681-32cf-4ebf-81f1-5c0839ec82d5,2442592,928e3647-919f-56e4-b563-576e4b4b3d02,1000,FCM,569,FCK,1,266.32,266.32,5,0,228044,M. Bech,count,middle_third,middle_third,central_channel,-12.72,7.48,21.15,-31.04,12.72,7.48,-21.15,-31.04,pass,interception,,context event,FCM context event at minute 5.,Executive Match Overview,pitch scatter map,medium,false,false,false,false,400,0,
8cfdb681-32cf-4ebf-81f1-5c0839ec82d5,2442592,fbf0f103-2365-5297-a937-510e4345d144,1000,FCM,569,FCK,1,269.36,269.36,5,0,,,count,attacking_third,attacking_third,right_channel,-19.03,28.67,48.74,18.43,19.03,28.67,-48.74,18.43,start_loc,,transition,context event,FCM context event at minute 5.,Territory & Control,pitch scatter map,low,false,false,false,false,406,0,0.1512
8cfdb681-32cf-4ebf-81f1-5c0839ec82d5,2442592,a176f6fd-bd31-536a-8e0f-ac378060f037,569,FCK,1000,FCM,1,269.52,269.52,5,0,193228,K. Diks,count,defensive_third,defensive_third,right_channel,-20.62,26.4,-10.25,22.53,-20.62,26.4,-10.25,22.53,pass,interception,,context event,FCK context event at minute 5.,Executive Match Overview,pitch scatter map,medium,false,false,false,false,408,0.02,
8cfdb681-32cf-4ebf-81f1-5c0839ec82d5,2442592,0171f01a-1e58-5cf7-b770-0262065d0d83,1000,FCM,569,FCK,1,271.28,271.28,5,0,533646,D. Osorio,count,middle_third,middle_third,left_channel,9.75,-22.29,6.31,-17.98,-9.75,-22.29,-6.31,-17.98,pass,interception,,context event,FCM context event at minute 5.,Executive Match Overview,pitch scatter map,medium,false,false,false,false,414,0,
8cfdb681-32cf-4ebf-81f1-5c0839ec82d5,2442592,3f71803a-0649-5eda-b796-0478a6a335c3,569,FCK,1000,FCM,1,272.04,272.04,5,0,546545,E. Achouri,count,middle_third,middle_third,right_channel,-10.64,23.87,42.99,1.66,-10.64,23.87,42.99,1.66,run_start_loc,,,box involvement,FCK box involvement at minute 5.,Chance Creation & Final Third,pitch scatter map,high,true,true,false,false,418,0.15,
8cfdb681-32cf-4ebf-81f1-5c0839ec82d5,2442592,a073dcb1-9370-54c4-95d5-f7a6249cc0ca,569,FCK,1000,FCM,1,272.04,272.04,5,0,,,count,middle_third,middle_third,right_channel,-15.46,21.03,44.05,11.1,-15.46,21.03,44.05,11.1,shot,shot,recovery,shot attempt,FCK shot attempt at minute 5.,Chance Creation & Final Third,pitch scatter map,high,true,true,false,false,420,0.1512,0.1512
8cfdb681-32cf-4ebf-81f1-5c0839ec82d5,2442592,a48dd8ab-f664-5661-84af-3fce1f43bf51,569,FCK,1000,FCM,1,272.04,272.04,5,0,,,count,middle_third,middle_third,right_channel,-13.66,25.18,48.74,18.43,-13.66,25.18,48.74,18.43,loss,,counter_attack,box involvement,FCK box involvement at minute 5.,Chance Creation & Final Third,pitch scatter map,high,true,true,false,false,421,0.15,
8cfdb681-32cf-4ebf-81f1-5c0839ec82d5,2442592,a32839a5-c30f-5f17-beea-55c80e236103,569,FCK,1000,FCM,1,273.24,273.24,5,0,68640,T. Delaney,count,middle_third,middle_third,right_channel,-14.38,21.7,27.91,16.83,-14.38,21.7,27.91,16.83,pass,shot,,final-third entry,FCK final-third entry at minute 5.,Territory & Control,pitch scatter map,medium,false,true,true,false,424,0.05,
8cfdb681-32cf-4ebf-81f1-5c0839ec82d5,2442592,7650c32b-d2a8-5cd7-aa7f-7160b162d733,569,FCK,1000,FCM,1,276.6,276.6,5,0,457214,G. Onugkha,count,attacking_third,attacking_third,right_channel,31.82,22.32,48.74,18.43,31.82,22.32,48.74,18.43,shot,shot,,shot attempt,FCK shot attempt at minute 5.,Chance Creation & Final Third,pitch scatter map,high,true,false,false,false,436,0.1,0.1512
8cfdb681-32cf-4ebf-81f1-5c0839ec82d5,2442592,b5a93e30-a036-58d5-a2d6-434bb93cf557,569,FCK,1000,FCM,1,276.72,276.72,5,0,,,count,attacking_third,attacking_third,central_channel,26.96,6.83,45.6,9.74,26.96,6.83,45.6,9.74,defender_dribbled,defender_dribbled,,box involvement,FCK box involvement at minute 5.,Chance Creation & Final Third,pitch scatter map,high,true,false,false,false,437,0.1,
8cfdb681-32cf-4ebf-81f1-5c0839ec82d5,2442592,02bd4ff4-cdce-5403-8b2a-eb2a6e391d1b,569,FCK,1000,FCM,1,277.76,277.76,5,0,,,count,attacking_third,attacking_third,right_channel,36.18,18.62,44.42,8.6,36.18,18.62,44.42,8.6,defender_dribbled,defender_dribbled,,box involvement,FCK box involvement at minute 5.,Chance Creation & Final Third,pitch scatter map,high,true,false,false,false,444,0.1,
8cfdb681-32cf-4ebf-81f1-5c0839ec82d5,2442592,81e0a0d8-bcd8-58a0-bc26-e3e26f50e3c9,569,FCK,1000,FCM,1,279.44,279.44,5,0,457214,G. Onugkha,count,attacking_third,attacking_third,central_channel,44.05,11.1,52.1,4.42,44.05,11.1,52.1,4.42,shot,off_target,,shot attempt,FCK shot attempt at minute 5.,Chance Creation & Final Third,pitch scatter map,high,true,false,false,false,450,0.1512,0.1512
8cfdb681-32cf-4ebf-81f1-5c0839ec82d5,2442592,aeab4ca5-f573-5ddd-8c76-33da93c7d048,1000,FCM,569,FCK,1,295.64,295.64,5,0,430901,E. Olafsson,count,attacking_third,attacking_third,central_channel,-47.86,0.5,-47.91,-9.05,47.86,0.5,47.91,-9.05,pass,reception,,box involvement,FCM box involvement at minute 5.,Chance Creation & Final Third,pitch scatter map,high,true,false,false,false,456,0,
8cfdb681-32cf-4ebf-81f1-5c0839ec82d5,2442592,67e520b8-95ef-5432-b05c-c8aae003fab3,569,FCK,1000,FCM,1,295.64,295.64,5,0,,,count,attacking_third,attacking_third,central_channel,52.74,10.55,-3.02,31.54,52.74,10.55,-3.02,31.54,start_loc,,organisation,box involvement,FCK box involvement at minute 5.,Chance Creation & Final Third,pitch scatter map,high,true,false,false,false,458,0,0
8cfdb681-32cf-4ebf-81f1-5c0839ec82d5,2442592,9e0a7a77-83e1-5377-9bc5-7b142b2ca5c2,1000,FCM,569,FCK,1,295.64,295.64,5,0,,,count,attacking_third,attacking_third,central_channel,-47.86,0.5,5.31,-30.4,47.86,0.5,-5.31,-30.4,recovery,turnover,goal_kick,box involvement,FCM box involvement at minute 5.,Chance Creation & Final Third,pitch scatter map,high,true,false,false,false,459,0,0
8cfdb681-32cf-4ebf-81f1-5c0839ec82d5,2442592,ff7a94cc-3ca2-50f9-bd04-61e9bc55a63a,1000,FCM,569,FCK,1,295.76,295.76,5,0,,,count,attacking_third,attacking_third,central_channel,-34.31,-11.79,-33.18,-12.75,34.31,-11.79,33.18,-12.75,completed_pass,completed_pass,,final-third entry,FCM final-third entry at minute 5.,Territory & Control,pitch scatter map,medium,false,false,false,false,460,0,
8cfdb681-32cf-4ebf-81f1-5c0839ec82d5,2442592,ce316d29-e768-5401-b49f-359daf543926,1000,FCM,569,FCK,1,299.8,299.8,5,0,609108,O. Diao,count,attacking_third,attacking_third,central_channel,-36.92,-10.58,-27.3,-29.36,36.92,-10.58,27.3,-29.36,pass,reception,,final-third entry,FCM final-third entry at minute 5.,Territory & Control,pitch scatter map,medium,false,false,false,false,464,0,
8cfdb681-32cf-4ebf-81f1-5c0839ec82d5,2442592,b802daf3-15cb-56fb-ac65-356ce58fbbff,1000,FCM,569,FCK,1,299.88,299.88,5,0,,,count,attacking_third,attacking_third,left_channel,-20.31,-18.31,-23.53,-30.8,20.31,-18.31,23.53,-30.8,completed_pass,completed_pass,,final-third entry,FCM final-third entry at minute 5.,Territory & Control,pitch scatter map,medium,false,false,false,false,465,0,
8cfdb681-32cf-4ebf-81f1-5c0839ec82d5,2442592,4c02f9b8-a30f-55dc-95ca-5c64b82abf0a,1000,FCM,569,FCK,1,301.64,301.64,6,5,,,count,defensive_third,defensive_third,right_channel,31.14,30.93,-3.02,31.54,-31.14,30.93,3.02,31.54,loss,,progression,turnover / loss,FCM turnover / loss at minute 6.,Defensive Behaviour & Transitions,pitch scatter map,high,false,false,false,false,470,0.02,
8cfdb681-32cf-4ebf-81f1-5c0839ec82d5,2442592,dcdad5fc-0f8d-5871-8826-b3c259feb501,1000,FCM,569,FCK,1,302.52,302.52,6,5,120721,K. Mbabu,count,attacking_third,attacking_third,left_channel,-27.01,-30.86,4.68,-29.46,27.01,-30.86,-4.68,-29.46,pass,reception,,context event,FCM context event at minute 6.,Territory & Control,pitch scatter map,low,false,false,false,false,474,0,
8cfdb681-32cf-4ebf-81f1-5c0839ec82d5,2442592,be5312d6-860e-5058-957b-6b66049c33ee,1000,FCM,569,FCK,1,304.36,304.36,6,5,551144,Franculino Dju,count,middle_third,middle_third,right_channel,-2.36,30.9,-3.02,31.54,2.36,30.9,3.02,31.54,loss,ball_lost,,turnover / loss,FCM turnover / loss at minute 6.,Defensive Behaviour & Transitions,pitch scatter map,high,false,false,false,false,480,0,0
8cfdb681-32cf-4ebf-81f1-5c0839ec82d5,2442592,a9ebf6f7-fcce-5f18-93a0-c0aee87a2a41,569,FCK,1000,FCM,1,304.92,304.92,6,5,,,count,middle_third,middle_third,right_channel,-9.33,29.85,30.08,-25.46,-9.33,29.85,30.08,-25.46,recovery,turnover,tackle,final-third entry,FCK final-third entry at minute 6.,Defensive Behaviour & Transitions,pitch scatter map,high,false,true,false,false,481,0.05,0
8cfdb681-32cf-4ebf-81f1-5c0839ec82d5,2442592,e22e242a-00ac-5c99-9a3e-5c67d294c60c,569,FCK,1000,FCM,1,305.96,305.96,6,5,220246,P. Hatzidiakos,count,middle_third,middle_third,right_channel,-14.68,32.65,-41.21,5.75,-14.68,32.65,-41.21,5.75,pass,reception,,context event,FCK context event at minute 6.,Executive Match Overview,pitch scatter map,low,false,false,false,false,486,0,
8cfdb681-32cf-4ebf-81f1-5c0839ec82d5,2442592,bde80ea9-1716-529e-b98e-267e840bffdd,569,FCK,1000,FCM,1,308.92,308.92,6,5,232398,N. Trott,count,defensive_third,defensive_third,central_channel,-41.18,5.76,-4.03,2.08,-41.18,5.76,-4.03,2.08,pass,interception,,context event,FCK context event at minute 6.,Executive Match Overview,pitch scatter map,medium,false,false,false,false,494,0.02,
8cfdb681-32cf-4ebf-81f1-5c0839ec82d5,2442592,d6b767df-e735-5343-8ffe-74e35fe95a93,569,FCK,1000,FCM,1,309.92,309.92,6,5,,,count,defensive_third,defensive_third,right_channel,-28.25,14.07,12.8,23.98,-28.25,14.07,12.8,23.98,loss,,counter_attack,turnover / loss,FCK turnover / loss at minute 6.,Defensive Behaviour & Transitions,pitch scatter map,high,false,false,false,false,498,0.02,
8cfdb681-32cf-4ebf-81f1-5c0839ec82d5,2442592,940f29bb-3070-5663-bbd7-e263f9b221fc,1000,FCM,569,FCK,1,312.16,312.16,6,5,,,count,middle_third,middle_third,central_channel,-0.51,12.43,-0.03,12.16,0.51,12.43,0.03,12.16,loss,,interrupt,turnover / loss,FCM turnover / loss at minute 6.,Defensive Behaviour & Transitions,pitch scatter map,high,false,false,false,false,501,0,
8cfdb681-32cf-4ebf-81f1-5c0839ec82d5,2442592,245a958d-dd9e-5a6e-8831-6e50081f1f6c,1000,FCM,569,FCK,1,312.52,312.52,6,5,474838,E. Martinez,count,middle_third,middle_third,central_channel,2.46,-1.86,6.3,-4.65,-2.46,-1.86,-6.3,-4.65,pass,interception,,context event,FCM context event at minute 6.,Executive Match Overview,pitch scatter map,medium,false,false,false,false,503,0,
8cfdb681-32cf-4ebf-81f1-5c0839ec82d5,2442592,ca2f08f9-2c48-5be7-9532-5b1fb1d61dc8,569,FCK,1000,FCM,1,316.88,316.88,6,5,68640,T. Delaney,count,middle_third,middle_third,right_channel,-8.6,13.74,-14.76,23.11,-8.6,13.74,-14.76,23.11,pass,reception,,context event,FCK context event at minute 6.,Executive Match Overview,pitch scatter map,low,false,false,false,false,513,0,
8cfdb681-32cf-4ebf-81f1-5c0839ec82d5,2442592,7ddbafdf-03a8-5e61-bdc6-3c33304ee312,569,FCK,1000,FCM,1,318.2,318.2,6,5,193228,K. Diks,count,middle_third,middle_third,right_channel,-14.74,23.6,2.06,33.06,-14.74,23.6,2.06,33.06,pass,reception,,progressive action,FCK progressive action at minute 6.,Territory & Control,pitch scatter map,medium,false,false,true,false,517,0,
8cfdb681-32cf-4ebf-81f1-5c0839ec82d5,2442592,7bf3e859-a9a2-5152-85d5-4c4d211d3d13,569,FCK,1000,FCM,1,321.76,321.76,6,5,,,count,middle_third,middle_third,right_channel,13.19,13.97,10.76,19.05,13.19,13.97,10.76,19.05,loss,lost_ball,,turnover / loss,FCK turnover / loss at minute 6.,Defensive Behaviour & Transitions,pitch scatter map,high,false,false,false,false,522,0,
8cfdb681-32cf-4ebf-81f1-5c0839ec82d5,2442592,42516f99-704e-5ea5-878e-80b1e511bc9b,569,FCK,1000,FCM,1,321.92,321.92,6,5,546545,E. Achouri,count,middle_third,middle_third,right_channel,0.47,33.03,9.6,19.74,0.47,33.03,9.6,19.74,pass,reception,,context event,FCK context event at minute 6.,Executive Match Overview,pitch scatter map,low,false,false,false,false,525,0,
8cfdb681-32cf-4ebf-81f1-5c0839ec82d5,2442592,21315367-7d4d-5d6b-b167-2fa575a7b792,569,FCK,1000,FCM,1,322,322,6,5,546545,E. Achouri,count,middle_third,middle_third,right_channel,0.53,33.01,18.94,17.74,0.53,33.01,18.94,17.74,run_start_loc,,,final-third entry,FCK final-third entry at minute 6.,Territory & Control,pitch scatter map,medium,false,true,false,false,526,0.05,
8cfdb681-32cf-4ebf-81f1-5c0839ec82d5,2442592,15491fba-facf-5f22-88df-e75ea42adc0f,569,FCK,1000,FCM,1,322.92,322.92,6,5,433957,M. Mattsson,count,middle_third,middle_third,right_channel,12.62,24.3,12.8,23.98,12.62,24.3,12.8,23.98,loss,ball_lost,,turnover / loss,FCK turnover / loss at minute 6.,Defensive Behaviour & Transitions,pitch scatter map,high,false,false,false,false,528,0,0
8cfdb681-32cf-4ebf-81f1-5c0839ec82d5,2442592,025f8b57-39c6-57c8-bf14-b3eec94dec84,569,FCK,1000,FCM,1,323.72,323.72,6,5,,,count,middle_third,middle_third,right_channel,10.69,23.3,34.09,-6.4,10.69,23.3,34.09,-6.4,progression,,progression,final-third entry,FCK final-third entry at minute 6.,Territory & Control,pitch scatter map,medium,false,true,false,false,534,0.05,
8cfdb681-32cf-4ebf-81f1-5c0839ec82d5,2442592,8cb05b04-e2c4-5b00-8e8d-676f7cc0ce9a,569,FCK,1000,FCM,1,324.8,324.8,6,5,512627,G. Gocholeishvili,count,middle_third,middle_third,left_channel,2.84,-16.32,28.05,-25.54,2.84,-16.32,28.05,-25.54,run_start_loc,,,final-third entry,FCK final-third entry at minute 6.,Territory & Control,pitch scatter map,medium,false,true,false,false,537,0.05,
8cfdb681-32cf-4ebf-81f1-5c0839ec82d5,2442592,6120be1f-3221-55cd-92ae-736653481e5d,569,FCK,1000,FCM,1,325,325,6,5,166965,L. Lerager,count,middle_third,middle_third,right_channel,-0.24,14.27,12.69,4.21,-0.24,14.27,12.69,4.21,pass,reception,,progressive action,FCK progressive action at minute 6.,Territory & Control,pitch scatter map,medium,false,false,true,false,539,0,
8cfdb681-32cf-4ebf-81f1-5c0839ec82d5,2442592,511d2a6f-5e9b-5e39-a061-e06bcebfdf53,569,FCK,1000,FCM,1,327.04,327.04,6,5,96787,M. Elyounoussi,count,middle_third,middle_third,central_channel,12.96,0.45,28.6,-25.55,12.96,0.45,28.6,-25.55,pass,reception,,final-third entry,FCK final-third entry at minute 6.,Territory & Control,pitch scatter map,medium,false,true,true,false,548,0.05,
8cfdb681-32cf-4ebf-81f1-5c0839ec82d5,2442592,8593572d-b02c-51f2-9486-af0fe682fdbb,569,FCK,1000,FCM,1,329.24,329.24,6,5,512627,G. Gocholeishvili,count,attacking_third,attacking_third,central_channel,32.54,-6.46,34.09,-6.4,32.54,-6.46,34.09,-6.4,incomplete_pass,incomplete_pass,,final-third entry,FCK final-third entry at minute 6.,Territory & Control,pitch scatter map,medium,false,false,false,false,555,0,0
8cfdb681-32cf-4ebf-81f1-5c0839ec82d5,2442592,9f446911-bc5b-55e1-af11-6c0e4ba2ea9e,569,FCK,1000,FCM,1,329.48,329.48,6,5,512627,G. Gocholeishvili,count,attacking_third,attacking_third,left_channel,30.08,-25.46,40.17,25.95,30.08,-25.46,40.17,25.95,pass,interception,,final-third entry,FCK final-third entry at minute 6.,Territory & Control,pitch scatter map,medium,false,false,false,false,556,0,
8cfdb681-32cf-4ebf-81f1-5c0839ec82d5,2442592,1c2fee98-42fe-5f2d-a3e5-72ac4d90d1aa,569,FCK,1000,FCM,1,331.72,331.72,6,5,,,count,attacking_third,attacking_third,central_channel,44.24,9.23,51.22,31.36,44.24,9.23,51.22,31.36,loss,,attacking,box involvement,FCK box involvement at minute 6.,Chance Creation & Final Third,pitch scatter map,high,true,false,false,false,559,0,
8cfdb681-32cf-4ebf-81f1-5c0839ec82d5,2442592,b11896aa-332e-54b1-829c-a149f4b632d7,569,FCK,1000,FCM,1,332.8,332.8,6,5,546545,E. Achouri,count,attacking_third,attacking_third,central_channel,37.44,8.16,40.16,25.58,37.44,8.16,40.16,25.58,run_start_loc,,,final-third entry,FCK final-third entry at minute 6.,Territory & Control,pitch scatter map,medium,false,false,false,false,561,0,
8cfdb681-32cf-4ebf-81f1-5c0839ec82d5,2442592,1991b035-45b9-57be-941f-29222945ff9e,569,FCK,1000,FCM,1,336.24,336.24,6,5,,,count,attacking_third,attacking_third,right_channel,51.16,31.49,23.72,26.32,51.16,31.49,23.72,26.32,start_loc,,transition,final-third entry,FCK final-third entry at minute 6.,Territory & Control,pitch scatter map,medium,false,false,false,false,564,0,0
8cfdb681-32cf-4ebf-81f1-5c0839ec82d5,2442592,95adcc31-d1fb-5109-a2e9-0dcb1aa3a20a,1000,FCM,569,FCK,1,336.24,336.24,6,5,,,count,attacking_third,attacking_third,left_channel,-46.36,-30.32,-20.19,-22.71,46.36,-30.32,20.19,-22.71,recovery,turnover,interception,final-third entry,FCM final-third entry at minute 6.,Defensive Behaviour & Transitions,pitch scatter map,high,false,false,false,false,566,0,0
8cfdb681-32cf-4ebf-81f1-5c0839ec82d5,2442592,c4c2c763-8e63-53e5-b289-87a26a334da6,1000,FCM,569,FCK,1,336.24,336.24,6,5,,,count,defensive_third,defensive_third,right_channel,51.16,31.49,23.72,26.32,-51.16,31.49,-23.72,26.32,loss,,counter_attack,turnover / loss,FCM turnover / loss at minute 6.,Defensive Behaviour & Transitions,pitch scatter map,high,false,false,false,false,567,0,
8cfdb681-32cf-4ebf-81f1-5c0839ec82d5,2442592,ff81bd66-91ab-5ebd-bd6c-59ac23d9ceda,1000,FCM,569,FCK,1,336.64,336.64,6,5,120721,K. Mbabu,count,attacking_third,attacking_third,left_channel,-44.76,-31.44,-10.45,-28.71,44.76,-31.44,10.45,-28.71,pass,reception,,context event,FCM context event at minute 6.,Territory & Control,pitch scatter map,low,false,false,false,false,569,0,
8cfdb681-32cf-4ebf-81f1-5c0839ec82d5,2442592,590a233d-a585-5536-b469-510f8a34f484,1000,FCM,569,FCK,1,338.44,338.44,6,5,,,count,attacking_third,attacking_third,left_channel,-35.25,-31.16,-16.29,-27.86,35.25,-31.16,16.29,-27.86,defender_dribbled,defender_dribbled,,context event,FCM context event at minute 6.,Territory & Control,pitch scatter map,low,false,false,false,false,572,0,
8cfdb681-32cf-4ebf-81f1-5c0839ec82d5,2442592,a0e40bb7-2ffc-518e-98dd-a11939ee7c8c,1000,FCM,569,FCK,1,340.64,340.64,6,5,551144,Franculino Dju,count,middle_third,middle_third,left_channel,-15.09,-31.72,-23.4,-21.42,15.09,-31.72,23.4,-21.42,pass,reception,,final-third entry,FCM final-third entry at minute 6.,Territory & Control,pitch scatter map,medium,false,true,false,false,577,0.05,
8cfdb681-32cf-4ebf-81f1-5c0839ec82d5,2442592,b21a9b5d-6e3b-596c-82b0-a10b715af46c,1000,FCM,569,FCK,1,340.68,340.68,6,5,,,count,attacking_third,attacking_third,central_channel,-21.57,-11.8,-18.06,-22.14,21.57,-11.8,18.06,-22.14,incomplete_pass,incomplete_pass,,context event,FCM context event at minute 6.,Territory & Control,pitch scatter map,low,false,false,false,false,578,0,
8cfdb681-32cf-4ebf-81f1-5c0839ec82d5,2442592,b8990348-9b82-5502-b917-59871ba2c802,1000,FCM,569,FCK,1,342.92,342.92,6,5,474838,E. Martinez,count,attacking_third,attacking_third,left_channel,-20.19,-22.71,20.95,-14.81,20.19,-22.71,-20.95,-14.81,pass,interception,,context event,FCM context event at minute 6.,Territory & Control,pitch scatter map,medium,false,false,false,false,584,0,
8cfdb681-32cf-4ebf-81f1-5c0839ec82d5,2442592,dd4b6573-f999-56a5-b76a-16eed8a3583c,569,FCK,1000,FCM,1,345.52,345.52,6,5,,,count,defensive_third,defensive_third,right_channel,-22.18,22.55,-7.58,21.82,-22.18,22.55,-7.58,21.82,recovery,turnover,interception,ball recovery,FCK ball recovery at minute 6.,Defensive Behaviour & Transitions,pitch scatter map,high,false,false,false,false,590,0.02,0
8cfdb681-32cf-4ebf-81f1-5c0839ec82d5,2442592,dec285c9-4058-567e-aad2-22ad884fc8ad,1000,FCM,569,FCK,1,345.52,345.52,6,5,,,count,attacking_third,attacking_third,right_channel,-20.71,26.21,6.33,25.77,20.71,26.21,-6.33,25.77,start_loc,,transition,context event,FCM context event at minute 6.,Territory & Control,pitch scatter map,low,false,false,false,false,591,0,0
8cfdb681-32cf-4ebf-81f1-5c0839ec82d5,2442592,a580c694-c269-5045-aff9-09deb1e11116,569,FCK,1000,FCM,1,345.56,345.56,6,5,220246,P. Hatzidiakos,count,defensive_third,defensive_third,right_channel,-22.29,22.68,-5.72,30.38,-22.29,22.68,-5.72,30.38,pass,reception,,progressive action,FCK progressive action at minute 6.,Territory & Control,pitch scatter map,medium,false,false,true,false,593,0.02,
8cfdb681-32cf-4ebf-81f1-5c0839ec82d5,2442592,24fa225d-47ae-559d-92bc-5f327696591d,569,FCK,1000,FCM,1,345.92,345.92,6,5,,,count,middle_third,middle_third,right_channel,13.76,22.68,-6.96,17.63,13.76,22.68,-6.96,17.63,loss,lost_ball,,turnover / loss,FCK turnover / loss at minute 6.,Defensive Behaviour & Transitions,pitch scatter map,high,false,false,false,false,594,0,
8cfdb681-32cf-4ebf-81f1-5c0839ec82d5,2442592,a681ad53-a13b-56e7-b7d0-36dcbca45a8a,569,FCK,1000,FCM,1,347.52,347.52,6,5,,,count,middle_third,middle_third,right_channel,-5.06,31.04,6.33,25.77,-5.06,31.04,6.33,25.77,loss,,counter_attack,turnover / loss,FCK turnover / loss at minute 6.,Defensive Behaviour & Transitions,pitch scatter map,high,false,false,false,false,597,0,
8cfdb681-32cf-4ebf-81f1-5c0839ec82d5,2442592,b6c87784-3694-579e-bab0-19d9d157a693,569,FCK,1000,FCM,1,349.04,349.04,6,5,193228,K. Diks,count,middle_third,middle_third,right_channel,-6.88,30.54,-7.69,26.28,-6.88,30.54,-7.69,26.28,pass,reception,,context event,FCK context event at minute 6.,Executive Match Overview,pitch scatter map,low,false,false,false,false,601,0,
8cfdb681-32cf-4ebf-81f1-5c0839ec82d5,2442592,af1bb2ef-f244-50e9-b206-0ff3a46876e5,569,FCK,1000,FCM,1,349.56,349.56,6,5,68640,T. Delaney,count,middle_third,middle_third,right_channel,-5.52,28.74,-5.4,25.71,-5.52,28.74,-5.4,25.71,loss,ball_lost,,turnover / loss,FCK turnover / loss at minute 6.,Defensive Behaviour & Transitions,pitch scatter map,high,false,false,false,false,603,0,0
8cfdb681-32cf-4ebf-81f1-5c0839ec82d5,2442592,78608e7b-0381-5e95-aaed-e563ffb1da8e,1000,FCM,569,FCK,1,352.24,352.24,6,5,494784,Oliver Sorensen,count,middle_third,middle_third,left_channel,4.35,-20.5,8.86,-17.72,-4.35,-20.5,-8.86,-17.72,pass,interception,,context event,FCM context event at minute 6.,Executive Match Overview,pitch scatter map,medium,false,false,false,false,608,0,
8cfdb681-32cf-4ebf-81f1-5c0839ec82d5,2442592,0a4f4cd5-8699-5c2c-936f-8096c5932e3b,569,FCK,1000,FCM,1,353.6,353.6,6,5,166965,L. Lerager,count,middle_third,middle_third,right_channel,-9.68,18.71,9.78,10.66,-9.68,18.71,9.78,10.66,pass,interception,,context event,FCK context event at minute 6.,Executive Match Overview,pitch scatter map,medium,false,false,false,false,611,0,
8cfdb681-32cf-4ebf-81f1-5c0839ec82d5,2442592,8aa2f7f3-447a-5ebf-8f0f-4b46bff88bda,1000,FCM,569,FCK,1,356.2,356.2,6,5,228044,M. Bech,count,middle_third,middle_third,central_channel,-12.32,-7.45,-3.99,-22.15,12.32,-7.45,3.99,-22.15,pass,interception,,context event,FCM context event at minute 6.,Executive Match Overview,pitch scatter map,medium,false,false,false,false,615,0,
8cfdb681-32cf-4ebf-81f1-5c0839ec82d5,2442592,3700f4d6-c672-5da1-9008-18729a5db4cb,569,FCK,1000,FCM,1,358.08,358.08,6,5,546545,E. Achouri,count,middle_third,middle_third,right_channel,3.61,21.9,15.34,11.69,3.61,21.9,15.34,11.69,pass,interception,,context event,FCK context event at minute 6.,Executive Match Overview,pitch scatter map,medium,false,false,false,false,620,0,
8cfdb681-32cf-4ebf-81f1-5c0839ec82d5,2442592,5aaf7cb4-6c8d-5315-945b-c00efc2ccd97,1000,FCM,569,FCK,1,359.52,359.52,6,5,,,count,middle_third,middle_third,left_channel,-14.8,-14.22,-3.85,-9.15,14.8,-14.22,3.85,-9.15,recovery,turnover,recovery,ball recovery,FCM ball recovery at minute 6.,Defensive Behaviour & Transitions,pitch scatter map,high,false,false,false,false,627,0,0
8cfdb681-32cf-4ebf-81f1-5c0839ec82d5,2442592,b5c1f45f-9254-5e40-82e6-6b446ae6b7c4,1000,FCM,569,FCK,1,359.56,359.56,6,5,,,count,middle_third,middle_third,central_channel,-6.92,-2.24,-20.48,1.66,6.92,-2.24,20.48,1.66,completed_pass,completed_pass,,final-third entry,FCM final-third entry at minute 6.,Territory & Control,pitch scatter map,medium,false,true,true,false,630,0.05,
8cfdb681-32cf-4ebf-81f1-5c0839ec82d5,2442592,6b137546-ad7e-5739-ab1e-12a4e9bd7d17,1000,FCM,569,FCK,1,359.84,359.84,6,5,609108,O. Diao,count,middle_third,middle_third,left_channel,-15.12,-13.46,-19.69,-0.64,15.12,-13.46,19.69,-0.64,pass,reception,,final-third entry,FCM final-third entry at minute 6.,Territory & Control,pitch scatter map,medium,false,true,false,false,632,0.05,
8cfdb681-32cf-4ebf-81f1-5c0839ec82d5,2442592,23d71797-f23b-543f-9de7-b2c22f835e1b,1000,FCM,569,FCK,1,362.28,362.28,7,5,228044,M. Bech,count,attacking_third,attacking_third,central_channel,-19.75,-0.51,-18.25,9.14,19.75,-0.51,18.25,9.14,pass,reception,,context event,FCM context event at minute 7.,Territory & Control,pitch scatter map,low,false,false,false,false,638,0,
8cfdb681-32cf-4ebf-81f1-5c0839ec82d5,2442592,e1d726b5-5284-5679-adbd-368cf05feaf1,1000,FCM,569,FCK,1,364,364,7,5,204164,J. Andersson,count,middle_third,middle_third,central_channel,-17.24,11.36,-2.71,6.85,17.24,11.36,2.71,6.85,pass,interception,,context event,FCM context event at minute 7.,Executive Match Overview,pitch scatter map,medium,false,false,false,false,646,0,
8cfdb681-32cf-4ebf-81f1-5c0839ec82d5,2442592,abb47611-f47a-5994-be32-4894ca6e6dc1,1000,FCM,569,FCK,1,364.52,364.52,7,5,,,count,defensive_third,defensive_third,central_channel,19.01,3.46,6.59,17.11,-19.01,3.46,-6.59,17.11,loss,,counter_attack,turnover / loss,FCM turnover / loss at minute 7.,Defensive Behaviour & Transitions,pitch scatter map,high,false,false,false,false,647,0.02,
8cfdb681-32cf-4ebf-81f1-5c0839ec82d5,2442592,609841cb-6183-5ea8-89f2-19f789e6f9d1,569,FCK,1000,FCM,1,369.24,369.24,7,5,166965,L. Lerager,count,middle_third,middle_third,central_channel,4.12,-8.25,13.07,-5.79,4.12,-8.25,13.07,-5.79,pass,interception,,context event,FCK context event at minute 7.,Executive Match Overview,pitch scatter map,medium,false,false,false,false,652,0,
8cfdb681-32cf-4ebf-81f1-5c0839ec82d5,2442592,2e8630ad-8d54-560c-a40b-32cf101659fb,1000,FCM,569,FCK,1,371.08,371.08,7,5,228044,M. Bech,count,middle_third,middle_third,central_channel,-16,5.21,-10.21,0.45,16,5.21,10.21,0.45,pass,reception,,context event,FCM context event at minute 7.,Executive Match Overview,pitch scatter map,low,false,false,false,false,655,0,
8cfdb681-32cf-4ebf-81f1-5c0839ec82d5,2442592,ec017df7-75fe-5a1c-aa90-11a73dcc7330,1000,FCM,569,FCK,1,372.64,372.64,7,5,474838,E. Martinez,count,middle_third,middle_third,central_channel,-10.72,0.76,-10.88,6.25,10.72,0.76,10.88,6.25,pass,reception,,context event,FCM context event at minute 7.,Executive Match Overview,pitch scatter map,low,false,false,false,false,660,0,
8cfdb681-32cf-4ebf-81f1-5c0839ec82d5,2442592,c1b13127-f911-5a37-8f83-9aed26ba15e9,1000,FCM,569,FCK,1,373.84,373.84,7,5,494784,Oliver Sorensen,count,middle_third,middle_third,central_channel,-9.66,5.8,0.56,-1.64,9.66,5.8,-0.56,-1.64,pass,reception,,context event,FCM context event at minute 7.,Executive Match Overview,pitch scatter map,low,false,false,false,false,666,0,
8cfdb681-32cf-4ebf-81f1-5c0839ec82d5,2442592,b0e51bc6-27b5-568c-be9f-0e524bb86b46,1000,FCM,569,FCK,1,375.32,375.32,7,5,533646,D. Osorio,count,middle_third,middle_third,right_channel,7.07,16.97,6.59,17.11,-7.07,16.97,-6.59,17.11,loss,ball_lost,,turnover / loss,FCM turnover / loss at minute 7.,Defensive Behaviour & Transitions,pitch scatter map,high,false,false,false,false,670,0,0
8cfdb681-32cf-4ebf-81f1-5c0839ec82d5,2442592,13156fbc-7c57-5576-a181-4a5d105e69da,569,FCK,1000,FCM,1,376.44,376.44,7,5,,,count,middle_third,middle_third,central_channel,-0.74,4.81,-5.23,13.43,-0.74,4.81,-5.23,13.43,recovery,out,tackle,ball recovery,FCK ball recovery at minute 7.,Defensive Behaviour & Transitions,pitch scatter map,medium,false,false,false,false,673,0,0
8cfdb681-32cf-4ebf-81f1-5c0839ec82d5,2442592,1938ae13-b593-582c-a08f-833dc7479b69,569,FCK,1000,FCM,1,376.44,376.44,7,5,,,count,middle_third,middle_third,right_channel,1.77,14.16,-2.94,20.01,1.77,14.16,-2.94,20.01,loss,,counter_attack,turnover / loss,FCK turnover / loss at minute 7.,Defensive Behaviour & Transitions,pitch scatter map,high,false,false,false,false,674,0,
8cfdb681-32cf-4ebf-81f1-5c0839ec82d5,2442592,7399a674-1589-54d9-9c00-1d7f5b07a123,569,FCK,1000,FCM,1,376.48,376.48,7,5,68640,T. Delaney,count,middle_third,middle_third,central_channel,-0.85,4.97,-5.53,10.23,-0.85,4.97,-5.53,10.23,pass,reception,,context event,FCK context event at minute 7.,Executive Match Overview,pitch scatter map,low,false,false,false,false,677,0,
8cfdb681-32cf-4ebf-81f1-5c0839ec82d5,2442592,ed4f910d-44f5-54ea-9832-38f5b930b196,569,FCK,1000,FCM,1,377.52,377.52,7,5,546545,E. Achouri,count,middle_third,middle_third,central_channel,8.05,7.47,23.55,17.41,8.05,7.47,23.55,17.41,run_start_loc,,,final-third entry,FCK final-third entry at minute 7.,Territory & Control,pitch scatter map,medium,false,true,false,false,681,0.05,
8cfdb681-32cf-4ebf-81f1-5c0839ec82d5,2442592,0e182191-7602-58da-9469-72c09ec9b421,569,FCK,1000,FCM,1,378.04,378.04,7,5,193228,K. Diks,count,middle_third,middle_third,right_channel,-5.23,13.43,23.24,17.41,-5.23,13.43,23.24,17.41,pass,interception,,final-third entry,FCK final-third entry at minute 7.,Territory & Control,pitch scatter map,medium,false,true,false,false,683,0.05,
8cfdb681-32cf-4ebf-81f1-5c0839ec82d5,2442592,6891bcba-dca0-56ba-8fad-e615a7956f87,569,FCK,1000,FCM,1,378.72,378.72,7,5,457214,G. Onugkha,count,middle_third,middle_third,central_channel,13.1,2.27,29.24,-2.47,13.1,2.27,29.24,-2.47,run_start_loc,,,final-third entry,FCK final-third entry at minute 7.,Territory & Control,pitch scatter map,medium,false,true,false,false,685,0.05,
8cfdb681-32cf-4ebf-81f1-5c0839ec82d5,2442592,fde40c19-e9d0-5d0f-8ed2-fb03fb5cd7c1,1000,FCM,569,FCK,1,404.44,404.44,7,5,120721,K. Mbabu,count,attacking_third,attacking_third,left_channel,-27.68,-34.36,-33.42,1.99,27.68,-34.36,33.42,1.99,pass,reception,,final-third entry,FCM final-third entry at minute 7.,Territory & Control,pitch scatter map,medium,false,false,false,false,699,0,
8cfdb681-32cf-4ebf-81f1-5c0839ec82d5,2442592,6af905b9-f322-510e-9a64-65566f0aaa9b,1000,FCM,569,FCK,1,404.44,404.44,7,5,,,count,attacking_third,attacking_third,left_channel,-27.68,-34.36,-19.14,20.75,27.68,-34.36,19.14,20.75,foul,foul,throw_in,final-third entry,FCM final-third entry at minute 7.,Territory & Control,pitch scatter map,medium,false,false,false,false,700,0,0
8cfdb681-32cf-4ebf-81f1-5c0839ec82d5,2442592,c3f1980b-f997-5c3c-bb95-2b0babe5fc5d,569,FCK,1000,FCM,1,404.44,404.44,7,5,,,count,attacking_third,attacking_third,right_channel,31.57,34.23,22.62,-3.2,31.57,34.23,22.62,-3.2,start_loc,,organisation,final-third entry,FCK final-third entry at minute 7.,Territory & Control,pitch scatter map,medium,false,false,false,false,703,0,0
8cfdb681-32cf-4ebf-81f1-5c0839ec82d5,2442592,c24dab3a-ec21-5ddb-b809-19f8217e3c6a,1000,FCM,569,FCK,1,405.64,405.64,7,5,204164,J. Andersson,count,attacking_third,attacking_third,central_channel,-25.33,6.66,8.38,32.86,25.33,6.66,-8.38,32.86,run_start_loc,,,context event,FCM context event at minute 7.,Territory & Control,pitch scatter map,low,false,false,false,false,704,0,
8cfdb681-32cf-4ebf-81f1-5c0839ec82d5,2442592,b39aea70-7925-5a08-80fe-4a7fba5e72eb,1000,FCM,569,FCK,1,412.2,412.2,7,5,228044,M. Bech,count,attacking_third,attacking_third,right_channel,-19.14,20.75,-9.1,20.62,19.14,20.75,9.1,20.62,pass,other,,context event,FCM context event at minute 7.,Territory & Control,pitch scatter map,low,false,false,false,false,718,0,
8cfdb681-32cf-4ebf-81f1-5c0839ec82d5,2442592,055ad444-153e-5346-a623-4526c6adfdea,1000,FCM,569,FCK,1,422.4,422.4,8,5,,,count,middle_third,middle_third,central_channel,14.13,-6.91,13.07,26.43,-14.13,-6.91,-13.07,26.43,loss,,buildup,turnover / loss,FCM turnover / loss at minute 8.,Defensive Behaviour & Transitions,pitch scatter map,high,false,false,false,false,724,0,
8cfdb681-32cf-4ebf-81f1-5c0839ec82d5,2442592,042d133b-8daf-51a1-ab92-b6c29e8f28a0,1000,FCM,569,FCK,1,422.4,422.4,8,5,228044,M. Bech,count,middle_third,middle_third,right_channel,-11.04,26.22,-17.66,-0.75,11.04,26.22,17.66,-0.75,pass,reception,,context event,FCM context event at minute 8.,Executive Match Overview,pitch scatter map,low,false,false,false,false,726,0,
8cfdb681-32cf-4ebf-81f1-5c0839ec82d5,2442592,83f48d11-29f0-5f74-bc05-a51ee3d38a1e,1000,FCM,569,FCK,1,429.12,429.12,8,5,609108,O. Diao,count,middle_third,middle_third,central_channel,-11.11,-10.17,-9.95,-1.07,11.11,-10.17,9.95,-1.07,pass,reception,,context event,FCM context event at minute 8.,Executive Match Overview,pitch scatter map,low,false,false,false,false,731,0,
8cfdb681-32cf-4ebf-81f1-5c0839ec82d5,2442592,f346ec9a-a0ef-5a87-8cf8-8dc22876d83c,1000,FCM,569,FCK,1,434,434,8,5,474838,E. Martinez,count,middle_third,middle_third,central_channel,-8.13,-2.48,-10.56,-19.39,8.13,-2.48,10.56,-19.39,pass,reception,,context event,FCM context event at minute 8.,Executive Match Overview,pitch scatter map,low,false,false,false,false,737,0,
8cfdb681-32cf-4ebf-81f1-5c0839ec82d5,2442592,21cb0d04-7d51-5091-86ee-f724479a4c72,1000,FCM,569,FCK,1,436.64,436.64,8,5,609108,O. Diao,count,middle_third,middle_third,left_channel,-10.03,-22.87,14.44,-33.69,10.03,-22.87,-14.44,-33.69,pass,out,,context event,FCM context event at minute 8.,Executive Match Overview,pitch scatter map,low,false,false,false,false,741,0,
8cfdb681-32cf-4ebf-81f1-5c0839ec82d5,2442592,21cb0d04-7d51-5091-86ee-f724479a4c72,1000,FCM,569,FCK,1,436.64,436.64,8,5,609108,O. Diao,count,middle_third,middle_third,left_channel,-10.03,-22.87,14.44,-33.69,10.03,-22.87,-14.44,-33.69,pass,out,,context event,FCM context event at minute 8.,Executive Match Overview,pitch scatter map,low,false,false,false,false,742,0,
8cfdb681-32cf-4ebf-81f1-5c0839ec82d5,2442592,324e2ff3-a841-5638-be40-048eb9fef06e,569,FCK,1000,FCM,1,436.64,436.64,8,5,,,count,middle_third,middle_third,right_channel,13.07,26.43,12.41,26.87,13.07,26.43,12.41,26.87,loss,,interrupt,turnover / loss,FCK turnover / loss at minute 8.,Defensive Behaviour & Transitions,pitch scatter map,high,false,false,false,false,743,0,
8cfdb681-32cf-4ebf-81f1-5c0839ec82d5,2442592,25ff61e2-da5b-5ba5-8450-0f09c0c1db3d,1000,FCM,569,FCK,1,465.2,465.2,8,5,,,count,middle_third,middle_third,left_channel,-15.78,-34.12,7.53,-27.43,15.78,-34.12,-7.53,-27.43,recovery,turnover,throw_in,ball recovery,FCM ball recovery at minute 8.,Defensive Behaviour & Transitions,pitch scatter map,high,false,false,false,false,746,0,0
8cfdb681-32cf-4ebf-81f1-5c0839ec82d5,2442592,f0425eaf-2ca0-548d-ada2-eb7719db3450,1000,FCM,569,FCK,1,465.2,465.2,8,5,120721,K. Mbabu,count,middle_third,middle_third,left_channel,-15.78,-34.12,7.71,-27.36,15.78,-34.12,-7.71,-27.36,pass,reception,,context event,FCM context event at minute 8.,Executive Match Overview,pitch scatter map,low,false,false,false,false,747,0,
8cfdb681-32cf-4ebf-81f1-5c0839ec82d5,2442592,7d2a8dcf-e329-5022-a98b-dbc20b096077,1000,FCM,569,FCK,1,465.2,465.2,8,5,,,count,defensive_third,defensive_third,right_channel,19.1,34.07,-5.35,29.52,-19.1,34.07,5.35,29.52,loss,,progression,turnover / loss,FCM turnover / loss at minute 8.,Defensive Behaviour & Transitions,pitch scatter map,high,false,false,false,false,748,0.02,
8cfdb681-32cf-4ebf-81f1-5c0839ec82d5,2442592,da5aaa70-7fd4-5d22-8c93-497c2c9c16cc,569,FCK,1000,FCM,1,465.2,465.2,8,5,,,count,attacking_third,attacking_third,right_channel,19.1,34.07,-5.35,29.52,19.1,34.07,-5.35,29.52,start_loc,,organisation,context event,FCK context event at minute 8.,Territory & Control,pitch scatter map,low,false,false,false,false,750,0,0
8cfdb681-32cf-4ebf-81f1-5c0839ec82d5,2442592,b354e1df-3862-59bd-a794-561bce72f54f,1000,FCM,569,FCK,1,467.12,467.12,8,5,240529,J. Kuchta,count,middle_third,middle_third,left_channel,7.53,-27.43,4.06,-18.17,-7.53,-27.43,-4.06,-18.17,pass,interception,,context event,FCM context event at minute 8.,Executive Match Overview,pitch scatter map,medium,false,false,false,false,754,0,
8cfdb681-32cf-4ebf-81f1-5c0839ec82d5,2442592,896392b5-2240-50c5-84fa-eb413aa73df4,569,FCK,1000,FCM,1,469.04,469.04,8,5,166965,L. Lerager,count,middle_third,middle_third,right_channel,-4.09,17.13,6.9,7.2,-4.09,17.13,6.9,7.2,pass,interception,,context event,FCK context event at minute 8.,Executive Match Overview,pitch scatter map,medium,false,false,false,false,760,0,
8cfdb681-32cf-4ebf-81f1-5c0839ec82d5,2442592,0605d7ac-1e26-5c69-840f-90b7dddb6784,1000,FCM,569,FCK,1,471.92,471.92,8,5,228044,M. Bech,count,middle_third,middle_third,central_channel,-8.84,-6.13,-0.28,-12.3,8.84,-6.13,0.28,-12.3,pass,interception,,context event,FCM context event at minute 8.,Executive Match Overview,pitch scatter map,medium,false,false,false,false,765,0,
8cfdb681-32cf-4ebf-81f1-5c0839ec82d5,2442592,bb758e2e-e0e2-5d63-ae1d-077909938d29,569,FCK,1000,FCM,1,473.56,473.56,8,5,,,count,middle_third,middle_third,central_channel,1.57,11.37,12.28,10.55,1.57,11.37,12.28,10.55,recovery,turnover,recovery,ball recovery,FCK ball recovery at minute 8.,Defensive Behaviour & Transitions,pitch scatter map,high,false,false,false,false,768,0,0
8cfdb681-32cf-4ebf-81f1-5c0839ec82d5,2442592,e300f5f0-51e2-5079-bcc1-60f05f007e2e,569,FCK,1000,FCM,1,473.56,473.56,8,5,,,count,middle_third,middle_third,right_channel,4.19,18.62,15.43,18.06,4.19,18.62,15.43,18.06,loss,,regain,turnover / loss,FCK turnover / loss at minute 8.,Defensive Behaviour & Transitions,pitch scatter map,high,false,false,false,false,770,0,
8cfdb681-32cf-4ebf-81f1-5c0839ec82d5,2442592,2cf6b4d0-1e11-5ded-b66c-b8e887220f2f,569,FCK,1000,FCM,1,473.6,473.6,8,5,68640,T. Delaney,count,middle_third,middle_third,central_channel,1.81,11.37,12.29,10.59,1.81,11.37,12.29,10.59,pass,reception,,progressive action,FCK progressive action at minute 8.,Territory & Control,pitch scatter map,medium,false,false,true,false,772,0,
8cfdb681-32cf-4ebf-81f1-5c0839ec82d5,2442592,1de28f50-39d6-5ea5-b563-1c9b4c2858c7,569,FCK,1000,FCM,1,474,474,8,5,68640,T. Delaney,count,middle_third,middle_third,central_channel,4.17,11.54,30.93,11.07,4.17,11.54,30.93,11.07,run_start_loc,,,final-third entry,FCK final-third entry at minute 8.,Territory & Control,pitch scatter map,medium,false,true,false,false,773,0.05,
8cfdb681-32cf-4ebf-81f1-5c0839ec82d5,2442592,a8ec7db8-43aa-59d2-b11f-ae16982633c5,569,FCK,1000,FCM,1,474.4,474.4,8,5,457214,G. Onugkha,count,middle_third,middle_third,central_channel,12.28,10.55,31.55,11,12.28,10.55,31.55,11,pass,interception,,final-third entry,FCK final-third entry at minute 8.,Territory & Control,pitch scatter map,medium,false,true,false,false,778,0.05,
8cfdb681-32cf-4ebf-81f1-5c0839ec82d5,2442592,6dc170d2-d89a-5173-a685-699c6837bfff,1000,FCM,569,FCK,1,474.76,474.76,8,5,,,count,middle_third,middle_third,central_channel,-9.22,-12.73,-41.45,-11.19,9.22,-12.73,41.45,-11.19,completed_pass,completed_pass,,box involvement,FCM box involvement at minute 8.,Chance Creation & Final Third,pitch scatter map,high,true,true,true,false,780,0.15,
8cfdb681-32cf-4ebf-81f1-5c0839ec82d5,2442592,67a23d91-aeaa-5f1e-8c10-7bcc1da56716,1000,FCM,569,FCK,1,477.04,477.04,8,5,120721,K. Mbabu,count,attacking_third,attacking_third,left_channel,-23.21,-23.43,-33.68,-27.67,23.21,-23.43,33.68,-27.67,run_start_loc,,,final-third entry,FCM final-third entry at minute 8.,Territory & Control,pitch scatter map,medium,false,false,false,false,784,0,
8cfdb681-32cf-4ebf-81f1-5c0839ec82d5,2442592,01ef9e8b-c4e0-5f98-9cce-5018139fde4c,569,FCK,1000,FCM,1,477.56,477.56,8,5,,,count,attacking_third,attacking_third,right_channel,37.48,16.96,52.08,13.71,37.48,16.96,52.08,13.71,start_loc,,transition,box involvement,FCK box involvement at minute 8.,Chance Creation & Final Third,pitch scatter map,high,true,false,false,false,786,0.1,0
8cfdb681-32cf-4ebf-81f1-5c0839ec82d5,2442592,162ec31e-a063-5c6a-85a6-5cfa65b1efa8,1000,FCM,569,FCK,1,477.56,477.56,8,5,,,count,attacking_third,attacking_third,central_channel,-33.31,-8.93,-47.23,-4.15,33.31,-8.93,47.23,-4.15,recovery,turnover,interception,box involvement,FCM box involvement at minute 8.,Chance Creation & Final Third,pitch scatter map,high,true,false,false,false,788,0.1,0
8cfdb681-32cf-4ebf-81f1-5c0839ec82d5,2442592,aab99971-d4dc-5e2c-bc1e-585c9bc51ecf,1000,FCM,569,FCK,1,477.84,477.84,8,5,228044,M. Bech,count,attacking_third,attacking_third,central_channel,-35.12,-9.12,-47.34,-4.12,35.12,-9.12,47.34,-4.12,pass,reception,,box involvement,FCM box involvement at minute 8.,Chance Creation & Final Third,pitch scatter map,high,true,false,true,false,791,0.1,
8cfdb681-32cf-4ebf-81f1-5c0839ec82d5,2442592,9eed53bf-5272-5a7c-bff0-2e371293ca98,1000,FCM,569,FCK,1,479.28,479.28,8,5,430901,E. Olafsson,count,attacking_third,attacking_third,central_channel,-47.23,-4.15,6.83,-5.63,47.23,-4.15,-6.83,-5.63,pass,interception,,box involvement,FCM box involvement at minute 8.,Chance Creation & Final Third,pitch scatter map,high,true,false,false,false,795,0,
8cfdb681-32cf-4ebf-81f1-5c0839ec82d5,2442592,44b77d7c-cad2-5f0a-8c9e-6d67a2b80c91,1000,FCM,569,FCK,1,479.56,479.56,8,5,,,count,defensive_third,defensive_third,right_channel,47.44,13.76,-4.89,14.28,-47.44,13.76,4.89,14.28,loss,,counter_attack,turnover / loss,FCM turnover / loss at minute 8.,Defensive Behaviour & Transitions,pitch scatter map,high,false,false,false,false,797,0.02,
8cfdb681-32cf-4ebf-81f1-5c0839ec82d5,2442592,992a6fc8-ee6f-5303-b19c-b8b024442f6f,569,FCK,1000,FCM,1,482.8,482.8,9,5,,,count,middle_third,middle_third,right_channel,-6.22,14.29,4.94,12.9,-6.22,14.29,4.94,12.9,loss,,counter_attack,turnover / loss,FCK turnover / loss at minute 9.,Defensive Behaviour & Transitions,pitch scatter map,high,false,false,false,false,800,0,
8cfdb681-32cf-4ebf-81f1-5c0839ec82d5,2442592,c8ab41c3-e02e-59d0-abb4-b5db344592db,569,FCK,1000,FCM,1,482.8,482.8,9,5,,,count,middle_third,middle_third,central_channel,-8.36,5,2.14,2.82,-8.36,5,2.14,2.82,recovery,turnover,interception,ball recovery,FCK ball recovery at minute 9.,Defensive Behaviour & Transitions,pitch scatter map,high,false,false,false,false,804,0,0
8cfdb681-32cf-4ebf-81f1-5c0839ec82d5,2442592,739f38b4-5e73-56ac-97ae-77f27044f044,569,FCK,1000,FCM,1,482.84,482.84,9,5,475413,Gabriel Pereira,count,middle_third,middle_third,central_channel,-8.4,5.08,3.03,3.68,-8.4,5.08,3.03,3.68,pass,reception,,progressive action,FCK progressive action at minute 9.,Territory & Control,pitch scatter map,medium,false,false,true,false,805,0,
8cfdb681-32cf-4ebf-81f1-5c0839ec82d5,2442592,d262d33d-b336-52ba-9e19-61426c49b1f0,569,FCK,1000,FCM,1,482.96,482.96,9,5,,,count,middle_third,middle_third,central_channel,6.59,-0.58,2.85,3.4,6.59,-0.58,2.85,3.4,loss,lost_ball,,turnover / loss,FCK turnover / loss at minute 9.,Defensive Behaviour & Transitions,pitch scatter map,high,false,false,false,false,806,0,
8cfdb681-32cf-4ebf-81f1-5c0839ec82d5,2442592,01303b57-7647-52a8-aa35-7df930c7eb2e,569,FCK,1000,FCM,1,484.12,484.12,9,5,433957,M. Mattsson,count,middle_third,middle_third,right_channel,5.73,13.39,4.79,12.81,5.73,13.39,4.79,12.81,loss,ball_lost,,turnover / loss,FCK turnover / loss at minute 9.,Defensive Behaviour & Transitions,pitch scatter map,high,false,false,false,false,807,0,0
8cfdb681-32cf-4ebf-81f1-5c0839ec82d5,2442592,d6306325-114a-5ff9-be3d-e6b0e83b9f86,1000,FCM,569,FCK,1,484.4,484.4,9,5,,,count,middle_third,middle_third,central_channel,5.73,12.86,-24.33,-9.09,-5.73,12.86,24.33,-9.09,loss,,counter_attack,final-third entry,FCM final-third entry at minute 9.,Defensive Behaviour & Transitions,pitch scatter map,high,false,true,false,false,811,0.05,
8cfdb681-32cf-4ebf-81f1-5c0839ec82d5,2442592,f4a0ceb3-e7d1-5c60-8b6f-d138990b3427,1000,FCM,569,FCK,1,484.4,484.4,9,5,,,count,middle_third,middle_third,central_channel,-3.03,-2.9,25.63,29.42,3.03,-2.9,-25.63,29.42,recovery,turnover,tackle,ball recovery,FCM ball recovery at minute 9.,Defensive Behaviour & Transitions,pitch scatter map,high,false,false,false,false,812,0,0
8cfdb681-32cf-4ebf-81f1-5c0839ec82d5,2442592,47109a53-bef8-5c5c-bb04-89f285e32564,1000,FCM,569,FCK,1,486.4,486.4,9,5,474838,E. Martinez,count,middle_third,middle_third,central_channel,-2.44,-4.45,5.27,-9.16,2.44,-4.45,-5.27,-9.16,pass,reception,,context event,FCM context event at minute 9.,Executive Match Overview,pitch scatter map,low,false,false,false,false,817,0,
8cfdb681-32cf-4ebf-81f1-5c0839ec82d5,2442592,d93e2da3-8c66-5595-984f-142a750d489c,1000,FCM,569,FCK,1,487.24,487.24,9,5,533646,D. Osorio,count,middle_third,middle_third,central_channel,5.35,-8.93,9.92,6.79,-5.35,-8.93,-9.92,6.79,pass,reception,,context event,FCM context event at minute 9.,Executive Match Overview,pitch scatter map,low,false,false,false,false,823,0,
8cfdb681-32cf-4ebf-81f1-5c0839ec82d5,2442592,bf63aa10-7e61-5f62-ba0d-b0b76c5393a8,1000,FCM,569,FCK,1,490.24,490.24,9,5,477672,A. Simsir,count,middle_third,middle_third,right_channel,12.26,13.91,19.67,28.43,-12.26,13.91,-19.67,28.43,pass,reception,,context event,FCM context event at minute 9.,Executive Match Overview,pitch scatter map,low,false,false,false,false,832,0,
8cfdb681-32cf-4ebf-81f1-5c0839ec82d5,2442592,a853b7de-4bdc-56f4-ae26-16ab577b6fcc,1000,FCM,569,FCK,1,491.52,491.52,9,5,204164,J. Andersson,count,middle_third,middle_third,central_channel,-18.08,-8.41,-19.72,-9.67,18.08,-8.41,19.72,-9.67,backward,backward,,final-third entry,FCM final-third entry at minute 9.,Territory & Control,pitch scatter map,medium,false,true,false,false,836,0.05,0
8cfdb681-32cf-4ebf-81f1-5c0839ec82d5,2442592,e5b1f525-43a7-5b52-808b-7c9eaf0f850e,1000,FCM,569,FCK,1,492.56,492.56,9,5,204164,J. Andersson,count,defensive_third,defensive_third,right_channel,21.24,30.28,16.22,27.01,-21.24,30.28,-16.22,27.01,pass,reception,,context event,FCM context event at minute 9.,Executive Match Overview,pitch scatter map,low,false,false,false,false,838,0.02,
8cfdb681-32cf-4ebf-81f1-5c0839ec82d5,2442592,19fa0a0a-4492-5baf-ab45-133465fd1a0c,1000,FCM,569,FCK,1,493.2,493.2,9,5,477672,A. Simsir,count,middle_third,middle_third,central_channel,-14.46,-7.45,-24.33,-9.09,14.46,-7.45,24.33,-9.09,incomplete_pass,incomplete_pass,,final-third entry,FCM final-third entry at minute 9.,Territory & Control,pitch scatter map,medium,false,true,false,false,839,0.05,0
8cfdb681-32cf-4ebf-81f1-5c0839ec82d5,2442592,867d1768-f19b-5463-bcfd-6cbe3ec8f1d7,1000,FCM,569,FCK,1,495.68,495.68,9,5,477672,A. Simsir,count,defensive_third,defensive_third,right_channel,25.63,29.42,33.09,31.87,-25.63,29.42,-33.09,31.87,pass,interception,,context event,FCM context event at minute 9.,Executive Match Overview,pitch scatter map,medium,false,false,false,false,846,0,
8cfdb681-32cf-4ebf-81f1-5c0839ec82d5,2442592,bdf9165b-8c98-588e-b58b-f670f883c5fd,569,FCK,1000,FCM,1,496.56,496.56,9,5,,,count,defensive_third,defensive_third,central_channel,-29.55,-9.52,-0.79,-10.79,-29.55,-9.52,-0.79,-10.79,loss,,counter_attack,turnover / loss,FCK turnover / loss at minute 9.,Defensive Behaviour & Transitions,pitch scatter map,high,false,false,false,false,854,0.02,
8cfdb681-32cf-4ebf-81f1-5c0839ec82d5,2442592,c5019fee-8112-5266-b4fd-e797bc57d2ee,1000,FCM,569,FCK,1,496.56,496.56,9,5,,,count,attacking_third,attacking_third,central_channel,-29.55,-9.52,-0.65,-10.76,29.55,-9.52,0.65,-10.76,start_loc,,transition,context event,FCM context event at minute 9.,Territory & Control,pitch scatter map,low,false,false,false,false,855,0,0
8cfdb681-32cf-4ebf-81f1-5c0839ec82d5,2442592,ee87eb76-a175-5b29-8e0e-2a50b6e50ee3,569,FCK,1000,FCM,1,496.56,496.56,9,5,,,count,defensive_third,defensive_third,left_channel,-30.61,-30.06,-3.05,-31.88,-30.61,-30.06,-3.05,-31.88,recovery,turnover,interception,ball recovery,FCK ball recovery at minute 9.,Defensive Behaviour & Transitions,pitch scatter map,high,false,false,false,false,856,0.02,0
8cfdb681-32cf-4ebf-81f1-5c0839ec82d5,2442592,464b666b-a2a4-57bc-b39d-fa5847fae83e,569,FCK,1000,FCM,1,498.28,498.28,9,5,512627,G. Gocholeishvili,count,defensive_third,defensive_third,left_channel,-32.92,-31.28,-30.88,-23.67,-32.92,-31.28,-30.88,-23.67,pass,reception,,context event,FCK context event at minute 9.,Executive Match Overview,pitch scatter map,low,false,false,false,false,860,0,
8cfdb681-32cf-4ebf-81f1-5c0839ec82d5,2442592,31b1db44-dbe2-5b93-83f3-5ddc40a9f6d6,569,FCK,1000,FCM,1,499.88,499.88,9,5,166965,L. Lerager,count,defensive_third,defensive_third,left_channel,-27.7,-23.51,-17.5,-19,-27.7,-23.51,-17.5,-19,pass,reception,,progressive action,FCK progressive action at minute 9.,Territory & Control,pitch scatter map,medium,false,false,true,false,868,0.02,
8cfdb681-32cf-4ebf-81f1-5c0839ec82d5,2442592,ae22262a-4ea3-5086-a3ac-977e662eb9aa,569,FCK,1000,FCM,1,500.56,500.56,9,5,433957,M. Mattsson,count,middle_third,middle_third,left_channel,-17.35,-18.95,-7.8,-31.43,-17.35,-18.95,-7.8,-31.43,pass,reception,,context event,FCK context event at minute 9.,Executive Match Overview,pitch scatter map,low,false,false,false,false,874,0,
8cfdb681-32cf-4ebf-81f1-5c0839ec82d5,2442592,8627ecfa-c179-52fb-891d-9bdf74747b89,569,FCK,1000,FCM,1,501.32,501.32,9,5,,,count,middle_third,middle_third,left_channel,-2.01,-20.86,-1.66,-30.97,-2.01,-20.86,-1.66,-30.97,loss,lost_ball,,turnover / loss,FCK turnover / loss at minute 9.,Defensive Behaviour & Transitions,pitch scatter map,high,false,false,false,false,875,0,
8cfdb681-32cf-4ebf-81f1-5c0839ec82d5,2442592,dd5acdb3-b29b-5ec5-bdbc-6447f0b5fbe4,569,FCK,1000,FCM,1,502.2,502.2,9,5,96787,M. Elyounoussi,count,middle_third,middle_third,central_channel,-5.63,-10.45,-0.65,-10.76,-5.63,-10.45,-0.65,-10.76,loss,ball_lost,,turnover / loss,FCK turnover / loss at minute 9.,Defensive Behaviour & Transitions,pitch scatter map,high,false,false,false,false,880,0,0
8cfdb681-32cf-4ebf-81f1-5c0839ec82d5,2442592,2b33ec5a-9a57-5ea4-a73e-5a3f423a190f,1000,FCM,569,FCK,1,503.64,503.64,9,5,,,count,middle_third,middle_third,central_channel,0.99,-9.85,-21.84,-3.63,-0.99,-9.85,21.84,-3.63,loss,,regain,final-third entry,FCM final-third entry at minute 9.,Defensive Behaviour & Transitions,pitch scatter map,high,false,true,false,false,882,0.05,
8cfdb681-32cf-4ebf-81f1-5c0839ec82d5,2442592,e415f35c-9a75-5125-b7ca-2cef8212e002,1000,FCM,569,FCK,1,503.64,503.64,9,5,,,count,middle_third,middle_third,right_channel,1.49,30.55,23.26,21.39,-1.49,30.55,-23.26,21.39,recovery,turnover,tackle,ball recovery,FCM ball recovery at minute 9.,Defensive Behaviour & Transitions,pitch scatter map,high,false,false,false,false,886,0,0
8cfdb681-32cf-4ebf-81f1-5c0839ec82d5,2442592,4249c488-62d9-57eb-813f-1711f882a978,1000,FCM,569,FCK,1,503.68,503.68,9,5,228044,M. Bech,count,middle_third,middle_third,right_channel,1.54,30.62,23.52,21.24,-1.54,30.62,-23.52,21.24,pass,reception,,context event,FCM context event at minute 9.,Executive Match Overview,pitch scatter map,low,false,false,false,false,887,0,
8cfdb681-32cf-4ebf-81f1-5c0839ec82d5,2442592,bb6116df-1b9a-5f31-b55c-a884ce265606,1000,FCM,569,FCK,1,505.24,505.24,9,5,551144,Franculino Dju,count,attacking_third,attacking_third,central_channel,-22.12,-3.53,-21.84,-3.63,22.12,-3.53,21.84,-3.63,incomplete_pass,incomplete_pass,,final-third entry,FCM final-third entry at minute 9.,Territory & Control,pitch scatter map,medium,false,false,false,false,891,0,0
8cfdb681-32cf-4ebf-81f1-5c0839ec82d5,2442592,ffd3ebed-72bc-53e9-bfa4-f2b90ae43d92,1000,FCM,569,FCK,1,505.32,505.32,9,5,551144,Franculino Dju,count,defensive_third,defensive_third,right_channel,23.26,21.39,21.86,7.28,-23.26,21.39,-21.86,7.28,pass,interception,,context event,FCM context event at minute 9.,Executive Match Overview,pitch scatter map,medium,false,false,false,false,893,0,
8cfdb681-32cf-4ebf-81f1-5c0839ec82d5,2442592,9b7ea7f5-19c5-5068-8555-2514bbc20586,569,FCK,1000,FCM,1,507.4,507.4,9,5,,,count,defensive_third,defensive_third,central_channel,-19.44,-5.85,8.98,-32.83,-19.44,-5.85,8.98,-32.83,recovery,out,interception,ball recovery,FCK ball recovery at minute 9.,Defensive Behaviour & Transitions,pitch scatter map,medium,false,false,false,false,899,0.02,0
8cfdb681-32cf-4ebf-81f1-5c0839ec82d5,2442592,7ebeb612-a9ce-585f-abed-8bb1915a1e44,569,FCK,1000,FCM,1,507.56,507.56,9,5,68640,T. Delaney,count,defensive_third,defensive_third,central_channel,-19.65,-5.38,-21.87,16.65,-19.65,-5.38,-21.87,16.65,pass,reception,,context event,FCK context event at minute 9.,Executive Match Overview,pitch scatter map,low,false,false,false,false,900,0,
8cfdb681-32cf-4ebf-81f1-5c0839ec82d5,2442592,90cfe1e2-1203-51b8-9087-d94d7edb7316,569,FCK,1000,FCM,1,514.76,514.76,9,5,193228,K. Diks,count,defensive_third,defensive_third,right_channel,-20.62,16.79,-13.87,-1.34,-20.62,16.79,-13.87,-1.34,pass,reception,,context event,FCK context event at minute 9.,Executive Match Overview,pitch scatter map,low,false,false,false,false,907,0.02,
8cfdb681-32cf-4ebf-81f1-5c0839ec82d5,2442592,8ee81847-c4f3-5229-8605-517f89d44cf4,569,FCK,1000,FCM,1,516.12,516.12,9,5,166965,L. Lerager,count,middle_third,middle_third,central_channel,-13.99,-1.15,-25.3,7.85,-13.99,-1.15,-25.3,7.85,pass,reception,,context event,FCK context event at minute 9.,Executive Match Overview,pitch scatter map,low,false,false,false,false,911,0,
8cfdb681-32cf-4ebf-81f1-5c0839ec82d5,2442592,2516538c-a4e0-5ff8-8f20-2b7604149eef,569,FCK,1000,FCM,1,518.32,518.32,9,5,220246,P. Hatzidiakos,count,defensive_third,defensive_third,central_channel,-24.37,6.92,-23.88,-13.61,-24.37,6.92,-23.88,-13.61,pass,reception,,context event,FCK context event at minute 9.,Executive Match Overview,pitch scatter map,low,false,false,false,false,916,0,
8cfdb681-32cf-4ebf-81f1-5c0839ec82d5,2442592,71a10d8d-a5b4-5877-95a5-78a012bf3c8c,569,FCK,1000,FCM,1,526.08,526.08,9,5,96787,M. Elyounoussi,count,middle_third,middle_third,left_channel,10.51,-21.93,39.61,-25.7,10.51,-21.93,39.61,-25.7,run_start_loc,,,final-third entry,FCK final-third entry at minute 9.,Territory & Control,pitch scatter map,medium,false,true,false,false,921,0.05,
8cfdb681-32cf-4ebf-81f1-5c0839ec82d5,2442592,8bc3074b-3627-5505-b9f6-323abce84ae4,569,FCK,1000,FCM,1,526.12,526.12,9,5,475413,Gabriel Pereira,count,middle_third,middle_third,left_channel,-2.81,-23.37,6.77,-33.07,-2.81,-23.37,6.77,-33.07,pass,reception,,context event,FCK context event at minute 9.,Executive Match Overview,pitch scatter map,low,false,false,false,false,923,0,
8cfdb681-32cf-4ebf-81f1-5c0839ec82d5,2442592,2ca9bb31-9f9b-58b1-8866-b7321e19c7c1,569,FCK,1000,FCM,1,526.2,526.2,9,5,,,count,middle_third,middle_third,central_channel,0.56,-5.61,11.96,-11.4,0.56,-5.61,11.96,-11.4,loss,,progression,turnover / loss,FCK turnover / loss at minute 9.,Defensive Behaviour & Transitions,pitch scatter map,high,false,false,false,false,924,0,
8cfdb681-32cf-4ebf-81f1-5c0839ec82d5,2442592,ab45c94f-962c-504b-91b3-2615955653a2,569,FCK,1000,FCM,1,528.08,528.08,9,5,546545,E. Achouri,count,middle_third,middle_third,right_channel,15.29,18.97,33.16,9.16,15.29,18.97,33.16,9.16,run_start_loc,,,final-third entry,FCK final-third entry at minute 9.,Territory & Control,pitch scatter map,medium,false,true,false,false,930,0.05,
8cfdb681-32cf-4ebf-81f1-5c0839ec82d5,2442592,fa36c819-14f1-5b43-b676-f34750e0c16c,569,FCK,1000,FCM,1,528.12,528.12,9,5,512627,G. Gocholeishvili,count,middle_third,middle_third,left_channel,8.98,-32.83,35.9,-26.57,8.98,-32.83,35.9,-26.57,pass,interception,,final-third entry,FCK final-third entry at minute 9.,Territory & Control,pitch scatter map,medium,false,true,false,false,932,0.05,
8cfdb681-32cf-4ebf-81f1-5c0839ec82d5,2442592,7fa5bde8-e916-5f15-8cb6-7d79ae2a6dd2,569,FCK,1000,FCM,1,528.48,528.48,9,5,457214,G. Onugkha,count,attacking_third,attacking_third,central_channel,21.16,-7.65,34.62,-3.53,21.16,-7.65,34.62,-3.53,run_start_loc,,,final-third entry,FCK final-third entry at minute 9.,Territory & Control,pitch scatter map,medium,false,false,false,false,935,0,
8cfdb681-32cf-4ebf-81f1-5c0839ec82d5,2442592,22f668a2-48c7-5f0d-9da7-a2df0fa50b5e,1000,FCM,569,FCK,1,530.4,530.4,9,5,,,count,defensive_third,defensive_third,central_channel,42.33,-5.83,42.92,-5.96,-42.33,-5.83,-42.92,-5.96,loss,,interrupt,turnover / loss,FCM turnover / loss at minute 9.,Defensive Behaviour & Transitions,pitch scatter map,high,false,false,false,false,945,0,
8cfdb681-32cf-4ebf-81f1-5c0839ec82d5,2442592,5b03f8c8-d0bc-593e-8fc7-31bef30098d8,569,FCK,1000,FCM,1,545.32,545.32,10,5,,,count,attacking_third,attacking_third,central_channel,37.95,-12.52,16.7,-1.15,37.95,-12.52,16.7,-1.15,loss,,attacking,turnover / loss,FCK turnover / loss at minute 10.,Defensive Behaviour & Transitions,pitch scatter map,high,false,false,false,false,953,0,
8cfdb681-32cf-4ebf-81f1-5c0839ec82d5,2442592,71d52327-3b08-58d5-9472-b187bbdf79c8,569,FCK,1000,FCM,1,545.32,545.32,10,5,,,count,attacking_third,attacking_third,left_channel,33.76,-34.47,9.4,-3.1,33.76,-34.47,9.4,-3.1,recovery,turnover,throw_in,ball recovery,FCK ball recovery at minute 10.,Defensive Behaviour & Transitions,pitch scatter map,high,false,false,false,false,954,0,0
8cfdb681-32cf-4ebf-81f1-5c0839ec82d5,2442592,554a0023-da47-52a1-8e50-c7e29acf12d8,569,FCK,1000,FCM,1,545.32,545.32,10,5,512627,G. Gocholeishvili,count,attacking_third,attacking_third,left_channel,33.76,-34.47,40.35,-20.28,33.76,-34.47,40.35,-20.28,pass,interception,,final-third entry,FCK final-third entry at minute 10.,Territory & Control,pitch scatter map,medium,false,false,false,false,957,0,
8cfdb681-32cf-4ebf-81f1-5c0839ec82d5,2442592,ffe7fb4f-510f-569b-9977-3ac2a3bd1241,569,FCK,1000,FCM,1,545.32,545.32,10,5,512627,G. Gocholeishvili,count,attacking_third,attacking_third,central_channel,37.95,-12.52,37.95,-12.52,37.95,-12.52,37.95,-12.52,incomplete_pass,incomplete_pass,,final-third entry,FCK final-third entry at minute 10.,Territory & Control,pitch scatter map,medium,false,false,false,false,958,0,0
8cfdb681-32cf-4ebf-81f1-5c0839ec82d5,2442592,53799130-1922-5289-851f-31a8f4814820,1000,FCM,569,FCK,1,546.36,546.36,10,5,,,count,defensive_third,defensive_third,central_channel,44.78,-4.29,40.08,-3.88,-44.78,-4.29,-40.08,-3.88,loss,,interrupt,turnover / loss,FCM turnover / loss at minute 10.,Defensive Behaviour & Transitions,pitch scatter map,high,false,false,false,false,960,0,
8cfdb681-32cf-4ebf-81f1-5c0839ec82d5,2442592,e31f7cec-c250-5e6a-9492-f5541092e52c,1000,FCM,569,FCK,1,546.52,546.52,10,5,204164,J. Andersson,count,attacking_third,attacking_third,right_channel,-40.37,21.93,-35.19,22.67,40.37,21.93,35.19,22.67,pass,reception,,final-third entry,FCM final-third entry at minute 10.,Territory & Control,pitch scatter map,medium,false,false,false,false,962,0,
8cfdb681-32cf-4ebf-81f1-5c0839ec82d5,2442592,a5e49c6a-f2c8-5be4-8d7e-c4c7f9d99360,1000,FCM,569,FCK,1,547.92,547.92,10,5,474838,E. Martinez,count,attacking_third,attacking_third,right_channel,-35.79,21.76,-16.01,17.16,35.79,21.76,16.01,17.16,pass,interception,,context event,FCM context event at minute 10.,Territory & Control,pitch scatter map,medium,false,false,false,false,966,0,
8cfdb681-32cf-4ebf-81f1-5c0839ec82d5,2442592,d06850e0-21d2-5c7b-9817-454858642a10,569,FCK,1000,FCM,1,548.4,548.4,10,5,,,count,attacking_third,attacking_third,left_channel,23.11,-15.06,1.05,-17.86,23.11,-15.06,1.05,-17.86,completed_pass,completed_pass,,context event,FCK context event at minute 10.,Territory & Control,pitch scatter map,low,false,false,false,false,967,0,
8cfdb681-32cf-4ebf-81f1-5c0839ec82d5,2442592,a27e9336-ecb4-57d8-9d8d-b91c506ac375,569,FCK,1000,FCM,1,548.48,548.48,10,5,,,count,attacking_third,attacking_third,left_channel,22.92,-15.11,-25.21,-14.06,22.92,-15.11,-25.21,-14.06,completed_pass,completed_pass,,context event,FCK context event at minute 10.,Territory & Control,pitch scatter map,low,false,false,false,false,968,0,
8cfdb681-32cf-4ebf-81f1-5c0839ec82d5,2442592,eb5d13d4-a12e-5c3b-901e-13d360bd7d71,569,FCK,1000,FCM,1,551.68,551.68,10,5,475413,Gabriel Pereira,count,middle_third,middle_third,left_channel,6.37,-17.31,-20.39,-19.77,6.37,-17.31,-20.39,-19.77,pass,reception,,context event,FCK context event at minute 10.,Executive Match Overview,pitch scatter map,low,false,false,false,false,976,0,
8cfdb681-32cf-4ebf-81f1-5c0839ec82d5,2442592,ec89fe26-696f-5c8e-867a-87d6ff0d954b,569,FCK,1000,FCM,1,556.44,556.44,10,5,220246,P. Hatzidiakos,count,defensive_third,defensive_third,left_channel,-25.22,-18.8,-33.02,2.88,-25.22,-18.8,-33.02,2.88,pass,reception,,context event,FCK context event at minute 10.,Executive Match Overview,pitch scatter map,low,false,false,false,false,984,0,
8cfdb681-32cf-4ebf-81f1-5c0839ec82d5,2442592,c6c38c04-a5be-5358-ac6c-8e22f98fb3ee,569,FCK,1000,FCM,1,560.12,560.12,10,5,232398,N. Trott,count,defensive_third,defensive_third,central_channel,-32.04,5.56,9.39,-2.78,-32.04,5.56,9.39,-2.78,pass,reception,,progressive action,FCK progressive action at minute 10.,Territory & Control,pitch scatter map,medium,false,false,true,false,988,0.02,
8cfdb681-32cf-4ebf-81f1-5c0839ec82d5,2442592,27f567f7-64ae-56df-83c6-a0c8a818b657,569,FCK,1000,FCM,1,560.32,560.32,10,5,,,count,defensive_third,defensive_third,right_channel,-31.05,14.67,12.41,8.79,-31.05,14.67,12.41,8.79,loss,,progression,turnover / loss,FCK turnover / loss at minute 10.,Defensive Behaviour & Transitions,pitch scatter map,high,false,false,false,false,989,0.02,
8cfdb681-32cf-4ebf-81f1-5c0839ec82d5,2442592,8b803184-26cd-5d6c-9993-20784151631c,569,FCK,1000,FCM,1,563,563,10,5,457214,G. Onugkha,count,middle_third,middle_third,central_channel,9.4,-3.1,16.49,-13.36,9.4,-3.1,16.49,-13.36,pass,interception,,context event,FCK context event at minute 10.,Executive Match Overview,pitch scatter map,medium,false,false,false,false,997,0,
8cfdb681-32cf-4ebf-81f1-5c0839ec82d5,2442592,ea465049-4442-520a-a38e-bc6871139e9e,1000,FCM,569,FCK,1,565,565,10,5,,,count,middle_third,middle_third,central_channel,-8.97,10.62,22.96,-9.47,8.97,10.62,-22.96,-9.47,recovery,turnover,interception,ball recovery,FCM ball recovery at minute 10.,Defensive Behaviour & Transitions,pitch scatter map,high,false,false,false,false,1005,0,0
8cfdb681-32cf-4ebf-81f1-5c0839ec82d5,2442592,3ddd48d0-aa93-5a94-85df-2a4e1352b11d,1000,FCM,569,FCK,1,565.08,565.08,10,5,474838,E. Martinez,count,middle_third,middle_third,central_channel,-9.26,10.71,-15.95,5.91,9.26,10.71,15.95,5.91,pass,reception,,context event,FCM context event at minute 10.,Executive Match Overview,pitch scatter map,low,false,false,false,false,1006,0,
8cfdb681-32cf-4ebf-81f1-5c0839ec82d5,2442592,d74182c7-9238-55a4-81b8-348c18062f0e,1000,FCM,569,FCK,1,568.4,568.4,10,5,228044,M. Bech,count,middle_third,middle_third,central_channel,-17.75,1.49,-12.24,-26.4,17.75,1.49,12.24,-26.4,pass,reception,,context event,FCM context event at minute 10.,Executive Match Overview,pitch scatter map,low,false,false,false,false,1012,0,
8cfdb681-32cf-4ebf-81f1-5c0839ec82d5,2442592,ded9994a-d2bc-56b4-b684-33c167833873,1000,FCM,569,FCK,1,574.32,574.32,10,5,120721,K. Mbabu,count,middle_third,middle_third,left_channel,10.1,-31.13,1.68,-21.2,-10.1,-31.13,-1.68,-21.2,pass,reception,,context event,FCM context event at minute 10.,Executive Match Overview,pitch scatter map,low,false,false,false,false,1022,0,
8cfdb681-32cf-4ebf-81f1-5c0839ec82d5,2442592,fcfd678a-8a34-5a70-a80c-4474f7f395d8,1000,FCM,569,FCK,1,576.76,576.76,10,5,494784,Oliver Sorensen,count,middle_third,middle_third,left_channel,2.26,-20.69,-8.25,-11.36,-2.26,-20.69,8.25,-11.36,pass,reception,,progressive action,FCM progressive action at minute 10.,Territory & Control,pitch scatter map,medium,false,false,true,false,1028,0,
8cfdb681-32cf-4ebf-81f1-5c0839ec82d5,2442592,05f6db0c-cd90-5adf-bd88-3b2cb1701aa3,1000,FCM,569,FCK,1,579.56,579.56,10,5,609108,O. Diao,count,middle_third,middle_third,central_channel,-6.4,-8.27,-8.63,7.21,6.4,-8.27,8.63,7.21,pass,reception,,context event,FCM context event at minute 10.,Executive Match Overview,pitch scatter map,low,false,false,false,false,1031,0,
8cfdb681-32cf-4ebf-81f1-5c0839ec82d5,2442592,fd683e7e-9ae9-5632-aa45-403d6ae0cf93,1000,FCM,569,FCK,1,583.72,583.72,10,5,228044,M. Bech,count,middle_third,middle_third,central_channel,-4.46,8.95,-9.3,-5.8,4.46,8.95,9.3,-5.8,pass,reception,,context event,FCM context event at minute 10.,Executive Match Overview,pitch scatter map,low,false,false,false,false,1034,0,
8cfdb681-32cf-4ebf-81f1-5c0839ec82d5,2442592,c9a4e2e4-e8ec-5850-9cfc-b349fbd24bdc,1000,FCM,569,FCK,1,585.76,585.76,10,5,609108,O. Diao,count,middle_third,middle_third,central_channel,-9.19,-7.1,-1.64,-23.6,9.19,-7.1,1.64,-23.6,pass,reception,,context event,FCM context event at minute 10.,Executive Match Overview,pitch scatter map,low,false,false,false,false,1037,0,
8cfdb681-32cf-4ebf-81f1-5c0839ec82d5,2442592,ee0c770b-7b06-5cc5-adf5-67226089f4ca,1000,FCM,569,FCK,1,589,589,10,5,,,count,middle_third,middle_third,right_channel,-0.87,27.84,-21.53,17.33,0.87,27.84,21.53,17.33,loss,,progression,final-third entry,FCM final-third entry at minute 10.,Defensive Behaviour & Transitions,pitch scatter map,high,false,true,false,false,1040,0.05,
8cfdb681-32cf-4ebf-81f1-5c0839ec82d5,2442592,0719d0a5-54a4-5629-9817-70fd0d4b1ffe,1000,FCM,569,FCK,1,589.76,589.76,10,5,494784,Oliver Sorensen,count,middle_third,middle_third,left_channel,5.04,-23.96,21.78,-13.68,-5.04,-23.96,-21.78,-13.68,pass,reception,,context event,FCM context event at minute 10.,Executive Match Overview,pitch scatter map,low,false,false,false,false,1041,0,
8cfdb681-32cf-4ebf-81f1-5c0839ec82d5,2442592,5a2cd8f5-a6db-5870-bc86-c38aa12a5bce,1000,FCM,569,FCK,1,589.8,589.8,10,5,,,count,defensive_third,defensive_third,central_channel,24.78,-9.98,24.51,-7.91,-24.78,-9.98,-24.51,-7.91,loss,lost_ball,,turnover / loss,FCM turnover / loss at minute 10.,Defensive Behaviour & Transitions,pitch scatter map,high,false,false,false,false,1042,0,
8cfdb681-32cf-4ebf-81f1-5c0839ec82d5,2442592,ad155f09-a254-5adf-a1af-d9b8e87af5e3,1000,FCM,569,FCK,1,590.8,590.8,10,5,551144,Franculino Dju,count,attacking_third,attacking_third,right_channel,-20.29,20.18,-21.53,17.33,20.29,20.18,21.53,17.33,loss,ball_lost,,final-third entry,FCM final-third entry at minute 10.,Defensive Behaviour & Transitions,pitch scatter map,high,false,false,false,false,1044,0,0
8cfdb681-32cf-4ebf-81f1-5c0839ec82d5,2442592,10f55dbe-f236-5232-a09d-9b4bf028a0cd,569,FCK,1000,FCM,1,593.96,593.96,10,5,,,count,defensive_third,defensive_third,central_channel,-27.97,8.6,-38.25,13.62,-27.97,8.6,-38.25,13.62,loss,,maintenance,turnover / loss,FCK turnover / loss at minute 10.,Defensive Behaviour & Transitions,pitch scatter map,high,false,false,false,false,1048,0,
8cfdb681-32cf-4ebf-81f1-5c0839ec82d5,2442592,631df6ed-8512-5c34-ac7b-7f34ad9cf21c,569,FCK,1000,FCM,1,593.96,593.96,10,5,,,count,defensive_third,defensive_third,central_channel,-29.1,-3.37,49.51,26.3,-29.1,-3.37,49.51,26.3,recovery,out,tackle,final-third entry,FCK final-third entry at minute 10.,Defensive Behaviour & Transitions,pitch scatter map,medium,false,true,false,false,1050,0.07,0
8cfdb681-32cf-4ebf-81f1-5c0839ec82d5,2442592,e293ef96-98b9-5578-b65a-1a2f128da53d,1000,FCM,569,FCK,1,593.96,593.96,10,5,,,count,attacking_third,attacking_third,central_channel,-27.97,8.6,2.57,0.61,27.97,8.6,-2.57,0.61,start_loc,,transition,context event,FCM context event at minute 10.,Territory & Control,pitch scatter map,low,false,false,false,false,1051,0,0
8cfdb681-32cf-4ebf-81f1-5c0839ec82d5,2442592,ad93b980-0ab2-5957-8ef8-feaab676f76b,569,FCK,1000,FCM,1,594,594,10,5,512627,G. Gocholeishvili,count,defensive_third,defensive_third,central_channel,-29.12,-3.31,-29.53,10.91,-29.12,-3.31,-29.53,10.91,pass,reception,,context event,FCK context event at minute 10.,Executive Match Overview,pitch scatter map,low,false,false,false,false,1052,0,
8cfdb681-32cf-4ebf-81f1-5c0839ec82d5,2442592,b311cdb9-c6d9-5bbb-af17-010b469e43c2,1000,FCM,569,FCK,1,597.4,597.4,10,5,,,count,attacking_third,attacking_third,right_channel,-38.9,17.73,-38.58,13.46,38.9,17.73,38.58,13.46,loss,,interrupt,final-third entry,FCM final-third entry at minute 10.,Defensive Behaviour & Transitions,pitch scatter map,high,false,false,false,false,1063,0,
8cfdb681-32cf-4ebf-81f1-5c0839ec82d5,2442592,645d4fa7-cd34-5aba-8272-766799f63d8b,569,FCK,1000,FCM,1,597.4,597.4,10,5,220246,P. Hatzidiakos,count,defensive_third,defensive_third,central_channel,-39.53,10.07,-39.2,3.41,-39.53,10.07,-39.2,3.41,pass,reception,,context event,FCK context event at minute 10.,Executive Match Overview,pitch scatter map,low,false,false,false,false,1064,0,
8cfdb681-32cf-4ebf-81f1-5c0839ec82d5,2442592,645d4fa7-cd34-5aba-8272-766799f63d8b,569,FCK,1000,FCM,1,597.4,597.4,10,5,220246,P. Hatzidiakos,count,defensive_third,defensive_third,central_channel,-39.53,10.07,-39.2,3.41,-39.53,10.07,-39.2,3.41,pass,reception,,context event,FCK context event at minute 10.,Executive Match Overview,pitch scatter map,low,false,false,false,false,1065,0,
8cfdb681-32cf-4ebf-81f1-5c0839ec82d5,2442592,c843ea88-e34c-5099-8642-e6d9e331b475,569,FCK,1000,FCM,1,599,599,10,5,475413,Gabriel Pereira,count,defensive_third,defensive_third,central_channel,-38.86,4.07,-32.46,21,-38.86,4.07,-32.46,21,pass,reception,,context event,FCK context event at minute 10.,Executive Match Overview,pitch scatter map,low,false,false,false,false,1070,0,
8cfdb681-32cf-4ebf-81f1-5c0839ec82d5,2442592,0cbf81fe-2986-5ce9-835a-b0fb6d63d696,569,FCK,1000,FCM,1,600.52,600.52,11,10,193228,K. Diks,count,defensive_third,defensive_third,right_channel,-32.09,21.26,-19.91,16.75,-32.09,21.26,-19.91,16.75,pass,reception,,progressive action,FCK progressive action at minute 11.,Territory & Control,pitch scatter map,medium,false,false,true,false,1074,0,
8cfdb681-32cf-4ebf-81f1-5c0839ec82d5,2442592,de887ec2-4ce7-535c-bec7-785655da8426,569,FCK,1000,FCM,1,601.64,601.64,11,10,433957,M. Mattsson,count,defensive_third,defensive_third,right_channel,-19.9,16.78,-24.91,17.13,-19.9,16.78,-24.91,17.13,pass,reception,,context event,FCK context event at minute 11.,Executive Match Overview,pitch scatter map,low,false,false,false,false,1078,0,
8cfdb681-32cf-4ebf-81f1-5c0839ec82d5,2442592,d7cfaed2-2d5c-5197-aa38-9ceee1b9417f,569,FCK,1000,FCM,1,602.56,602.56,11,10,68640,T. Delaney,count,defensive_third,defensive_third,right_channel,-24.76,17.15,-14.12,16.55,-24.76,17.15,-14.12,16.55,pass,reception,,progressive action,FCK progressive action at minute 11.,Territory & Control,pitch scatter map,medium,false,false,true,false,1083,0.02,
8cfdb681-32cf-4ebf-81f1-5c0839ec82d5,2442592,f7657c42-04ce-514f-ad19-6def56d02bfa,569,FCK,1000,FCM,1,605.4,605.4,11,10,433957,M. Mattsson,count,middle_third,middle_third,central_channel,-8.76,8.13,-2.71,-16.7,-8.76,8.13,-2.71,-16.7,pass,reception,,context event,FCK context event at minute 11.,Executive Match Overview,pitch scatter map,low,false,false,false,false,1093,0,
8cfdb681-32cf-4ebf-81f1-5c0839ec82d5,2442592,71bdf5f8-cf9e-5d11-b816-1baf987873fd,569,FCK,1000,FCM,1,610.72,610.72,11,10,512627,G. Gocholeishvili,count,middle_third,middle_third,left_channel,2.11,-20.41,0.1,-14.96,2.11,-20.41,0.1,-14.96,pass,reception,,context event,FCK context event at minute 11.,Executive Match Overview,pitch scatter map,low,false,false,false,false,1100,0,
8cfdb681-32cf-4ebf-81f1-5c0839ec82d5,2442592,6dbd10ed-5ab6-507d-b8ab-671a654ff80b,569,FCK,1000,FCM,1,613.36,613.36,11,10,166965,L. Lerager,count,middle_third,middle_third,left_channel,-0.62,-14.42,-7.15,6.12,-0.62,-14.42,-7.15,6.12,pass,reception,,context event,FCK context event at minute 11.,Executive Match Overview,pitch scatter map,low,false,false,false,false,1105,0,
8cfdb681-32cf-4ebf-81f1-5c0839ec82d5,2442592,4c8a615d-d2c1-5771-b643-b87fa8b51584,569,FCK,1000,FCM,1,615.24,615.24,11,10,220246,P. Hatzidiakos,count,middle_third,middle_third,central_channel,-6.7,6.68,-0.8,14.51,-6.7,6.68,-0.8,14.51,pass,reception,,context event,FCK context event at minute 11.,Executive Match Overview,pitch scatter map,low,false,false,false,false,1108,0,
8cfdb681-32cf-4ebf-81f1-5c0839ec82d5,2442592,3b4ea230-12f0-5368-b886-a781e714c2f9,569,FCK,1000,FCM,1,617.04,617.04,11,10,457214,G. Onugkha,count,attacking_third,attacking_third,central_channel,19.97,-1.19,35.46,3.62,19.97,-1.19,35.46,3.62,run_start_loc,,,final-third entry,FCK final-third entry at minute 11.,Territory & Control,pitch scatter map,medium,false,false,false,false,1111,0,
8cfdb681-32cf-4ebf-81f1-5c0839ec82d5,2442592,5deac495-4645-5c76-ad93-3d26b04d2f50,569,FCK,1000,FCM,1,617.96,617.96,11,10,,,count,middle_third,middle_third,right_channel,5.97,20.82,54.47,28.76,5.97,20.82,54.47,28.76,loss,,progression,final-third entry,FCK final-third entry at minute 11.,Defensive Behaviour & Transitions,pitch scatter map,high,false,true,false,false,1112,0.05,
8cfdb681-32cf-4ebf-81f1-5c0839ec82d5,2442592,8a4c0f5f-c660-5cc0-b00f-c08b5cfe9a73,569,FCK,1000,FCM,1,618.6,618.6,11,10,68640,T. Delaney,count,middle_third,middle_third,right_channel,5.65,14.93,31.61,29.85,5.65,14.93,31.61,29.85,pass,interception,,final-third entry,FCK final-third entry at minute 11.,Territory & Control,pitch scatter map,medium,false,true,false,false,1114,0.05,
8cfdb681-32cf-4ebf-81f1-5c0839ec82d5,2442592,0e08b567-e20e-53f3-ae4f-56d0c6383d1f,569,FCK,1000,FCM,1,620.56,620.56,11,10,,,count,attacking_third,attacking_third,right_channel,21.7,16.06,33.88,25.13,21.7,16.06,33.88,25.13,defender_dribbled,defender_dribbled,,final-third entry,FCK final-third entry at minute 11.,Territory & Control,pitch scatter map,medium,false,false,false,false,1122,0,
8cfdb681-32cf-4ebf-81f1-5c0839ec82d5,2442592,27a9ee68-4677-5dfb-8f43-6ea8c3c55179,569,FCK,1000,FCM,1,621.12,621.12,11,10,,,count,attacking_third,attacking_third,right_channel,23,16.68,46.79,28.49,23,16.68,46.79,28.49,defender_dribbled,defender_dribbled,,final-third entry,FCK final-third entry at minute 11.,Territory & Control,pitch scatter map,medium,false,false,false,false,1125,0,
8cfdb681-32cf-4ebf-81f1-5c0839ec82d5,2442592,610ee83c-069f-525c-b3ac-4241a989f4c0,569,FCK,1000,FCM,1,622.4,622.4,11,10,,,count,attacking_third,attacking_third,right_channel,38.42,20.93,44.18,28.34,38.42,20.93,44.18,28.34,incomplete_pass,incomplete_pass,,final-third entry,FCK final-third entry at minute 11.,Territory & Control,pitch scatter map,medium,false,false,false,false,1127,0,
8cfdb681-32cf-4ebf-81f1-5c0839ec82d5,2442592,5a3321bf-993d-5ff0-aee5-a14a866dce33,569,FCK,1000,FCM,1,622.56,622.56,11,10,193228,K. Diks,count,attacking_third,attacking_third,right_channel,33.71,25.81,33.83,25.92,33.71,25.81,33.83,25.92,forward,forward,,final-third entry,FCK final-third entry at minute 11.,Territory & Control,pitch scatter map,medium,false,false,false,false,1128,0,0
8cfdb681-32cf-4ebf-81f1-5c0839ec82d5,2442592,281c0d7a-35a3-550d-b7d2-1abbc33c31ea,569,FCK,1000,FCM,1,622.6,622.6,11,10,193228,K. Diks,count,attacking_third,attacking_third,right_channel,29.83,22.12,39.3,30.03,29.83,22.12,39.3,30.03,pass,reception,,final-third entry,FCK final-third entry at minute 11.,Territory & Control,pitch scatter map,medium,false,false,false,false,1129,0,
8cfdb681-32cf-4ebf-81f1-5c0839ec82d5,2442592,0e0671d6-9c34-574f-a904-c6b6cc7b0d50,569,FCK,1000,FCM,1,623.64,623.64,11,10,546545,E. Achouri,count,attacking_third,attacking_third,right_channel,43.76,31.29,54.47,28.76,43.76,31.29,54.47,28.76,incomplete_pass,incomplete_pass,,final-third entry,FCK final-third entry at minute 11.,Territory & Control,pitch scatter map,medium,false,false,false,false,1131,0,0
8cfdb681-32cf-4ebf-81f1-5c0839ec82d5,2442592,0b8a70e9-506c-5cd5-84f4-594d0491c2ae,1000,FCM,569,FCK,1,627.12,627.12,11,10,,,count,defensive_third,defensive_third,right_channel,54.47,28.76,54.37,28.04,-54.47,28.76,-54.37,28.04,loss,,interrupt,turnover / loss,FCM turnover / loss at minute 11.,Defensive Behaviour & Transitions,pitch scatter map,high,false,false,false,false,1134,0,
8cfdb681-32cf-4ebf-81f1-5c0839ec82d5,2442592,735b07af-0e6a-5794-9676-2b0976d1cd0b,569,FCK,1000,FCM,1,627.12,627.12,11,10,546545,E. Achouri,count,attacking_third,attacking_third,right_channel,49.51,26.3,36.04,3.15,49.51,26.3,36.04,3.15,pass,interception,,final-third entry,FCK final-third entry at minute 11.,Territory & Control,pitch scatter map,medium,false,false,false,false,1135,0,
8cfdb681-32cf-4ebf-81f1-5c0839ec82d5,2442592,1e8e3fda-dad6-5102-b444-002dcf6cccad,1000,FCM,569,FCK,1,677.68,677.68,12,10,,,count,defensive_third,defensive_third,right_channel,58.51,33.32,58.51,33.32,-58.51,33.32,-58.51,33.32,start_loc,,organisation,context event,FCM context event at minute 12.,Executive Match Overview,pitch scatter map,low,false,false,false,true,1141,0,0
8cfdb681-32cf-4ebf-81f1-5c0839ec82d5,2442592,936aa4c5-ff84-5e7c-b86c-ff6ef78a2523,569,FCK,1000,FCM,1,677.68,677.68,12,10,433957,M. Mattsson,count,attacking_third,attacking_third,right_channel,53.37,33.02,44.67,-6.58,53.37,33.02,44.67,-6.58,pass,out,,box involvement,FCK box involvement at minute 12.,Chance Creation & Final Third,pitch scatter map,high,true,false,false,false,1142,0.1,
8cfdb681-32cf-4ebf-81f1-5c0839ec82d5,2442592,e4603d18-aa7f-5d80-894d-8f67844b1c61,569,FCK,1000,FCM,1,677.68,677.68,12,10,,,count,attacking_third,attacking_third,right_channel,58.51,33.32,58.51,33.32,58.51,33.32,58.51,33.32,loss,,crossing,final-third entry,FCK final-third entry at minute 12.,Defensive Behaviour & Transitions,pitch scatter map,high,false,false,false,false,1144,0,
8cfdb681-32cf-4ebf-81f1-5c0839ec82d5,2442592,f3b38401-03a2-513c-8adc-8e4228dbb404,569,FCK,1000,FCM,1,677.68,677.68,12,10,,,count,attacking_third,attacking_third,right_channel,53.37,33.02,53.37,33.02,53.37,33.02,53.37,33.02,out,out,corner_kick,final-third entry,FCK final-third entry at minute 12.,Territory & Control,pitch scatter map,medium,false,false,false,false,1145,0,0
8cfdb681-32cf-4ebf-81f1-5c0839ec82d5,2442592,f79f2e68-7c8f-518e-a3ee-1e0c493c4934,569,FCK,1000,FCM,1,677.68,677.68,12,10,433957,M. Mattsson,count,attacking_third,attacking_third,right_channel,58.51,33.32,58.51,33.32,58.51,33.32,58.51,33.32,incomplete_pass,incomplete_pass,,final-third entry,FCK final-third entry at minute 12.,Territory & Control,pitch scatter map,medium,false,false,false,false,1146,0,0
8cfdb681-32cf-4ebf-81f1-5c0839ec82d5,2442592,4e0b527b-58fa-555f-9b0e-1bf16c474910,1000,FCM,569,FCK,1,700.64,700.64,12,10,,,count,attacking_third,attacking_third,right_channel,-37.33,34.15,-37.33,34.15,37.33,34.15,37.33,34.15,recovery,turnover,throw_in,final-third entry,FCM final-third entry at minute 12.,Defensive Behaviour & Transitions,pitch scatter map,high,false,false,false,false,1151,0,0
8cfdb681-32cf-4ebf-81f1-5c0839ec82d5,2442592,7bac383c-9bbe-5bd5-8e80-cb3f09cade2f,569,FCK,1000,FCM,1,700.64,700.64,12,10,,,count,attacking_third,attacking_third,central_channel,41.69,-12.3,-21.08,31.02,41.69,-12.3,-21.08,31.02,start_loc,,organisation,box involvement,FCK box involvement at minute 12.,Chance Creation & Final Third,pitch scatter map,high,true,false,false,false,1152,0,0
8cfdb681-32cf-4ebf-81f1-5c0839ec82d5,2442592,a9ed361f-50ce-5ab1-b8f2-f730fd50d3a1,1000,FCM,569,FCK,1,700.64,700.64,12,10,204164,J. Andersson,count,attacking_third,attacking_third,right_channel,-37.33,34.15,-6.63,30.11,37.33,34.15,6.63,30.11,pass,interception,,context event,FCM context event at minute 12.,Territory & Control,pitch scatter map,medium,false,false,false,false,1153,0,
8cfdb681-32cf-4ebf-81f1-5c0839ec82d5,2442592,d20189b0-c13d-5cdd-b682-1d05c62ba8aa,1000,FCM,569,FCK,1,700.64,700.64,12,10,,,count,defensive_third,defensive_third,central_channel,41.69,-12.3,-21.08,31.02,-41.69,-12.3,21.08,31.02,progression,,progression,final-third entry,FCM final-third entry at minute 12.,Territory & Control,pitch scatter map,medium,false,true,false,false,1154,0.07,
8cfdb681-32cf-4ebf-81f1-5c0839ec82d5,2442592,b7f9e7d6-3676-5788-b700-72914982b711,569,FCK,1000,FCM,1,702.88,702.88,12,10,475413,Gabriel Pereira,count,middle_third,middle_third,left_channel,6.63,-28.99,16.68,-23.84,6.63,-28.99,16.68,-23.84,pass,interception,,context event,FCK context event at minute 12.,Executive Match Overview,pitch scatter map,medium,false,false,false,false,1161,0,
8cfdb681-32cf-4ebf-81f1-5c0839ec82d5,2442592,79d7885a-804d-5d68-b1b0-39aff53e1a70,1000,FCM,569,FCK,1,703.92,703.92,12,10,494784,Oliver Sorensen,count,attacking_third,attacking_third,right_channel,-18.83,26.29,-7.98,6.85,18.83,26.29,7.98,6.85,pass,interception,,context event,FCM context event at minute 12.,Territory & Control,pitch scatter map,medium,false,false,false,false,1164,0,
8cfdb681-32cf-4ebf-81f1-5c0839ec82d5,2442592,e76d2fa5-5bc6-50c0-94d9-713b02e01caf,569,FCK,1000,FCM,1,707.6,707.6,12,10,193228,K. Diks,count,middle_third,middle_third,central_channel,7.44,-7.17,8.39,-13.45,7.44,-7.17,8.39,-13.45,pass,reception,,context event,FCK context event at minute 12.,Executive Match Overview,pitch scatter map,low,false,false,false,false,1170,0,
8cfdb681-32cf-4ebf-81f1-5c0839ec82d5,2442592,4bb24290-e987-58c2-a71e-582a2c6abc75,569,FCK,1000,FCM,1,709.24,709.24,12,10,433957,M. Mattsson,count,middle_third,middle_third,left_channel,8.16,-13.57,11.35,-0.99,8.16,-13.57,11.35,-0.99,pass,interception,,context event,FCK context event at minute 12.,Executive Match Overview,pitch scatter map,medium,false,false,false,false,1176,0,
8cfdb681-32cf-4ebf-81f1-5c0839ec82d5,2442592,6c6964a4-c3a8-5276-b5c6-d301fa8759a9,1000,FCM,569,FCK,1,710.84,710.84,12,10,,,count,middle_third,middle_third,central_channel,-10.52,6.23,28.95,-16.76,10.52,6.23,-28.95,-16.76,recovery,turnover,recovery,ball recovery,FCM ball recovery at minute 12.,Defensive Behaviour & Transitions,pitch scatter map,high,false,false,false,false,1182,0,0
8cfdb681-32cf-4ebf-81f1-5c0839ec82d5,2442592,7afaa557-0cfd-58fd-9525-080cc34f127a,1000,FCM,569,FCK,1,712,712,12,10,474838,E. Martinez,count,middle_third,middle_third,central_channel,-11.23,3.11,-4.29,-19.52,11.23,3.11,4.29,-19.52,pass,reception,,context event,FCM context event at minute 12.,Executive Match Overview,pitch scatter map,low,false,false,false,false,1185,0,
8cfdb681-32cf-4ebf-81f1-5c0839ec82d5,2442592,2920dc29-9d73-5169-a7d2-bd564f34918b,1000,FCM,569,FCK,1,714.48,714.48,12,10,120721,K. Mbabu,count,middle_third,middle_third,right_channel,7.05,24.15,-21.08,31.02,-7.05,24.15,21.08,31.02,backward,backward,,final-third entry,FCM final-third entry at minute 12.,Territory & Control,pitch scatter map,medium,false,true,false,false,1188,0.05,0
8cfdb681-32cf-4ebf-81f1-5c0839ec82d5,2442592,39190007-5d6a-527e-91ce-e1c3fffa1cdb,1000,FCM,569,FCK,1,720.64,720.64,13,10,120721,K. Mbabu,count,defensive_third,defensive_third,left_channel,22.53,-29.64,12.49,-24.13,-22.53,-29.64,-12.49,-24.13,pass,reception,,progressive action,FCM progressive action at minute 13.,Territory & Control,pitch scatter map,medium,false,false,true,false,1193,0.02,
8cfdb681-32cf-4ebf-81f1-5c0839ec82d5,2442592,361fa0c7-4cf3-5f98-aa52-663ec995a09a,1000,FCM,569,FCK,1,720.84,720.84,13,10,,,count,attacking_third,attacking_third,right_channel,-19.32,30.4,-18.84,20.33,19.32,30.4,18.84,20.33,buildup,,buildup,final-third entry,FCM final-third entry at minute 13.,Territory & Control,pitch scatter map,medium,false,false,false,false,1194,0,
8cfdb681-32cf-4ebf-81f1-5c0839ec82d5,2442592,21133211-152a-5691-a653-8d22e54d8263,1000,FCM,569,FCK,1,726.96,726.96,13,10,474838,E. Martinez,count,middle_third,middle_third,left_channel,17.81,-21.19,20.43,-13.75,-17.81,-21.19,-20.43,-13.75,pass,reception,,context event,FCM context event at minute 13.,Executive Match Overview,pitch scatter map,low,false,false,false,false,1199,0,
8cfdb681-32cf-4ebf-81f1-5c0839ec82d5,2442592,1e7c61ec-aaa1-593d-bf47-cc0c30acef06,1000,FCM,569,FCK,1,727.64,727.64,13,10,533646,D. Osorio,count,attacking_third,attacking_third,right_channel,-18.88,20.23,-18.84,20.33,18.88,20.23,18.84,20.33,forward,forward,,final-third entry,FCM final-third entry at minute 13.,Territory & Control,pitch scatter map,medium,false,false,false,false,1201,0,0
8cfdb681-32cf-4ebf-81f1-5c0839ec82d5,2442592,f43bf749-b799-5ff5-9e9e-6f01dee51d24,1000,FCM,569,FCK,1,727.68,727.68,13,10,533646,D. Osorio,count,defensive_third,defensive_third,left_channel,20.4,-13.89,23.42,-20.94,-20.4,-13.89,-23.42,-20.94,pass,reception,,context event,FCM context event at minute 13.,Executive Match Overview,pitch scatter map,low,false,false,false,false,1203,0,
8cfdb681-32cf-4ebf-81f1-5c0839ec82d5,2442592,e5e3ff98-0d49-504d-a4c7-18569790879b,1000,FCM,569,FCK,1,727.84,727.84,13,10,,,count,attacking_third,attacking_third,right_channel,-19.45,21.24,-27.81,22.28,19.45,21.24,27.81,22.28,loss,,progression,final-third entry,FCM final-third entry at minute 13.,Defensive Behaviour & Transitions,pitch scatter map,high,false,false,false,false,1204,0,
8cfdb681-32cf-4ebf-81f1-5c0839ec82d5,2442592,50a54424-f0a5-5267-a843-37f48060af31,1000,FCM,569,FCK,1,728.52,728.52,13,10,474838,E. Martinez,count,attacking_third,attacking_third,right_channel,-22.01,25.12,-27.81,22.28,22.01,25.12,27.81,22.28,incomplete_pass,incomplete_pass,,final-third entry,FCM final-third entry at minute 13.,Territory & Control,pitch scatter map,medium,false,false,false,false,1206,0,0
8cfdb681-32cf-4ebf-81f1-5c0839ec82d5,2442592,261e3fa1-e244-5b36-81b7-888313d75113,1000,FCM,569,FCK,1,729.96,729.96,13,10,474838,E. Martinez,count,defensive_third,defensive_third,left_channel,28.95,-16.76,42.45,-0.52,-28.95,-16.76,-42.45,-0.52,pass,interception,,context event,FCM context event at minute 13.,Executive Match Overview,pitch scatter map,medium,false,false,false,false,1211,0,
8cfdb681-32cf-4ebf-81f1-5c0839ec82d5,2442592,2fdf44bc-67e0-56b6-b9e9-1a352d0ef212,1000,FCM,569,FCK,1,730.76,730.76,13,10,,,count,attacking_third,attacking_third,central_channel,-40.16,12.1,-13.61,6.33,40.16,12.1,13.61,6.33,start_loc,,transition,box involvement,FCM box involvement at minute 13.,Chance Creation & Final Third,pitch scatter map,high,true,false,false,false,1214,0,0
8cfdb681-32cf-4ebf-81f1-5c0839ec82d5,2442592,a433c11e-d66a-5a6d-bc0c-192f97ed4dd2,569,FCK,1000,FCM,1,730.76,730.76,13,10,,,count,defensive_third,defensive_third,central_channel,-40.73,1.77,-41.38,2.53,-40.73,1.77,-41.38,2.53,recovery,turnover,interception,ball recovery,FCK ball recovery at minute 13.,Defensive Behaviour & Transitions,pitch scatter map,high,false,false,false,false,1217,0,0
8cfdb681-32cf-4ebf-81f1-5c0839ec82d5,2442592,db0c6296-5ac3-5602-8b57-a1d726567cd1,569,FCK,1000,FCM,1,734.76,734.76,13,10,,,count,defensive_third,defensive_third,right_channel,-44.69,32.69,-13.61,6.33,-44.69,32.69,-13.61,6.33,loss,,counter_attack,turnover / loss,FCK turnover / loss at minute 13.,Defensive Behaviour & Transitions,pitch scatter map,high,false,false,false,false,1222,0.02,
8cfdb681-32cf-4ebf-81f1-5c0839ec82d5,2442592,d3c7db58-7c47-52c3-98f9-59b5ab10c36c,569,FCK,1000,FCM,1,735.08,735.08,13,10,68640,T. Delaney,count,defensive_third,defensive_third,right_channel,-45.35,33.22,-27.15,26,-45.35,33.22,-27.15,26,pass,interception,,context event,FCK context event at minute 13.,Executive Match Overview,pitch scatter map,medium,false,false,false,false,1226,0,
8cfdb681-32cf-4ebf-81f1-5c0839ec82d5,2442592,944e46a3-0bf6-528d-9edb-22209ce6fb3d,1000,FCM,569,FCK,1,736.8,736.8,13,10,,,count,attacking_third,attacking_third,right_channel,-21.26,28.09,-20.85,28.27,21.26,28.09,20.85,28.27,interrupt,,interrupt,final-third entry,FCM final-third entry at minute 13.,Territory & Control,pitch scatter map,medium,false,false,false,false,1228,0,
8cfdb681-32cf-4ebf-81f1-5c0839ec82d5,2442592,c9e77753-be6a-579a-97e4-eaf37cd36393,1000,FCM,569,FCK,1,736.8,736.8,13,10,474838,E. Martinez,count,attacking_third,attacking_third,right_channel,-21.26,28.09,-20.85,28.27,21.26,28.09,20.85,28.27,clear,clear,,final-third entry,FCM final-third entry at minute 13.,Territory & Control,pitch scatter map,medium,false,false,false,false,1230,0,0
8cfdb681-32cf-4ebf-81f1-5c0839ec82d5,2442592,77cf9ee2-edfa-5ff3-b2ff-27293d0fb063,1000,FCM,569,FCK,1,738.2,738.2,13,10,,,count,middle_third,middle_third,right_channel,-12.01,27.77,-12.04,29.5,12.01,27.77,12.04,29.5,loss,,interrupt,turnover / loss,FCM turnover / loss at minute 13.,Defensive Behaviour & Transitions,pitch scatter map,high,false,false,false,false,1235,0,
8cfdb681-32cf-4ebf-81f1-5c0839ec82d5,2442592,7017211d-b4b7-57ea-be29-14bc6fb7415a,569,FCK,1000,FCM,1,738.2,738.2,13,10,457214,G. Onugkha,count,middle_third,middle_third,right_channel,-13.88,24.85,-16.59,21.79,-13.88,24.85,-16.59,21.79,pass,reception,,context event,FCK context event at minute 13.,Executive Match Overview,pitch scatter map,low,false,false,false,false,1236,0,
8cfdb681-32cf-4ebf-81f1-5c0839ec82d5,2442592,7017211d-b4b7-57ea-be29-14bc6fb7415a,569,FCK,1000,FCM,1,738.2,738.2,13,10,457214,G. Onugkha,count,middle_third,middle_third,right_channel,-13.88,24.85,-16.59,21.79,-13.88,24.85,-16.59,21.79,pass,reception,,context event,FCK context event at minute 13.,Executive Match Overview,pitch scatter map,low,false,false,false,false,1237,0,
8cfdb681-32cf-4ebf-81f1-5c0839ec82d5,2442592,99a90af4-f798-5317-964a-9043eaac38d8,569,FCK,1000,FCM,1,739,739,13,10,457214,G. Onugkha,count,middle_third,middle_third,right_channel,-13.91,27.69,-17.44,18.95,-13.91,27.69,-17.44,18.95,pass,reception,,context event,FCK context event at minute 13.,Executive Match Overview,pitch scatter map,low,false,false,false,false,1240,0,
8cfdb681-32cf-4ebf-81f1-5c0839ec82d5,2442592,196a918e-e3de-5c9e-9d7c-328d4db0f6dd,569,FCK,1000,FCM,1,741.4,741.4,13,10,433957,M. Mattsson,count,middle_third,middle_third,right_channel,-18.46,17.81,-16.07,-0.9,-18.46,17.81,-16.07,-0.9,pass,reception,,context event,FCK context event at minute 13.,Executive Match Overview,pitch scatter map,low,false,false,false,false,1245,0,
8cfdb681-32cf-4ebf-81f1-5c0839ec82d5,2442592,c7a32ada-9855-5b74-ab48-95505b20a9ee,569,FCK,1000,FCM,1,746.28,746.28,13,10,96787,M. Elyounoussi,count,middle_third,middle_third,central_channel,-15.41,-6.72,-27.65,-11.6,-15.41,-6.72,-27.65,-11.6,pass,reception,,context event,FCK context event at minute 13.,Executive Match Overview,pitch scatter map,low,false,false,false,false,1255,0,
8cfdb681-32cf-4ebf-81f1-5c0839ec82d5,2442592,f6a8aab7-d5ea-5554-ba2b-b53a61d57030,1000,FCM,569,FCK,1,746.36,746.36,13,10,,,count,middle_third,middle_third,central_channel,-14.37,6.13,-40.84,12.61,14.37,6.13,40.84,12.61,start_loc,,organisation,box involvement,FCM box involvement at minute 13.,Chance Creation & Final Third,pitch scatter map,high,true,true,false,false,1257,0.15,0
8cfdb681-32cf-4ebf-81f1-5c0839ec82d5,2442592,a9201d1f-21a2-537a-a2de-e97f7b7321c4,569,FCK,1000,FCM,1,748.4,748.4,13,10,475413,Gabriel Pereira,count,defensive_third,defensive_third,central_channel,-28.23,-12.01,-40.71,-0.4,-28.23,-12.01,-40.71,-0.4,pass,reception,,context event,FCK context event at minute 13.,Executive Match Overview,pitch scatter map,low,false,false,false,false,1263,0,
8cfdb681-32cf-4ebf-81f1-5c0839ec82d5,2442592,214eabe1-4069-5b1a-b8cc-2438403f1b35,569,FCK,1000,FCM,1,751.2,751.2,13,10,232398,N. Trott,count,defensive_third,defensive_third,central_channel,-41.38,2.53,-11.32,19.77,-41.38,2.53,-11.32,19.77,pass,interception,,context event,FCK context event at minute 13.,Executive Match Overview,pitch scatter map,medium,false,false,false,false,1271,0.02,
8cfdb681-32cf-4ebf-81f1-5c0839ec82d5,2442592,8420eaa5-fcf2-5f12-b4bf-716825a9160d,569,FCK,1000,FCM,1,751.36,751.36,13,10,,,count,defensive_third,defensive_third,central_channel,-40.84,12.61,-40.84,12.61,-40.84,12.61,-40.84,12.61,loss,,progression,turnover / loss,FCK turnover / loss at minute 13.,Defensive Behaviour & Transitions,pitch scatter map,high,false,false,false,false,1272,0,
8cfdb681-32cf-4ebf-81f1-5c0839ec82d5,2442592,338a9c26-d3f2-588e-9297-3bda5eb231f2,1000,FCM,569,FCK,1,753.2,753.2,13,10,,,count,middle_third,middle_third,left_channel,7.63,-15.42,11.53,-13.27,-7.63,-15.42,-11.53,-13.27,recovery,turnover,interception,ball recovery,FCM ball recovery at minute 13.,Defensive Behaviour & Transitions,pitch scatter map,high,false,false,false,false,1274,0,0
8cfdb681-32cf-4ebf-81f1-5c0839ec82d5,2442592,4d9dab26-820e-5ae5-9de4-8a0a1f881088,1000,FCM,569,FCK,1,753.2,753.2,13,10,,,count,middle_third,middle_third,right_channel,-5.45,21.37,-9.54,19.91,5.45,21.37,9.54,19.91,loss,,regain,turnover / loss,FCM turnover / loss at minute 13.,Defensive Behaviour & Transitions,pitch scatter map,high,false,false,false,false,1275,0,
8cfdb681-32cf-4ebf-81f1-5c0839ec82d5,2442592,5b62e034-dade-5759-b896-0b7ff0d7de07,1000,FCM,569,FCK,1,757.44,757.44,13,10,533646,D. Osorio,count,middle_third,middle_third,central_channel,11.53,-13.27,22.47,-8.4,-11.53,-13.27,-22.47,-8.4,pass,interception,,context event,FCM context event at minute 13.,Executive Match Overview,pitch scatter map,medium,false,false,false,false,1279,0,
8cfdb681-32cf-4ebf-81f1-5c0839ec82d5,2442592,b7d176ea-ca16-53f0-b6a9-3d4a0661453c,1000,FCM,569,FCK,1,758.52,758.52,13,10,,,count,attacking_third,attacking_third,right_channel,-20.58,16.26,-39.68,11.44,20.58,16.26,39.68,11.44,start_loc,,transition,box involvement,FCM box involvement at minute 13.,Chance Creation & Final Third,pitch scatter map,high,true,false,false,false,1285,0.1,0
8cfdb681-32cf-4ebf-81f1-5c0839ec82d5,2442592,d5e4956b-0b99-5a21-8d46-a90a44b16c2c,569,FCK,1000,FCM,1,758.52,758.52,13,10,,,count,defensive_third,defensive_third,central_channel,-22.06,7.9,5.56,-6.64,-22.06,7.9,5.56,-6.64,recovery,foul,interception,ball recovery,FCK ball recovery at minute 13.,Defensive Behaviour & Transitions,pitch scatter map,medium,false,false,false,false,1288,0.02,0
8cfdb681-32cf-4ebf-81f1-5c0839ec82d5,2442592,0f4158fa-8d08-516a-be36-a30e4bd4f023,569,FCK,1000,FCM,1,758.56,758.56,13,10,166965,L. Lerager,count,defensive_third,defensive_third,central_channel,-22.16,7.86,-40.44,4.96,-22.16,7.86,-40.44,4.96,pass,reception,,context event,FCK context event at minute 13.,Executive Match Overview,pitch scatter map,low,false,false,false,false,1289,0,
8cfdb681-32cf-4ebf-81f1-5c0839ec82d5,2442592,4fb2790f-7034-5efd-8681-a154bd8fda6f,1000,FCM,569,FCK,1,764.92,764.92,13,10,,,count,attacking_third,attacking_third,central_channel,-39.69,11.4,8.39,6.38,39.69,11.4,-8.39,6.38,start_loc,,organisation,box involvement,FCM box involvement at minute 13.,Chance Creation & Final Third,pitch scatter map,high,true,false,false,false,1294,0,0
8cfdb681-32cf-4ebf-81f1-5c0839ec82d5,2442592,5e01458a-2feb-58cc-b0d1-e54c5bbd168d,569,FCK,1000,FCM,1,772.6,772.6,13,10,232398,N. Trott,count,defensive_third,defensive_third,central_channel,-41.28,-0.81,-36.97,-16.48,-41.28,-0.81,-36.97,-16.48,pass,reception,,context event,FCK context event at minute 13.,Executive Match Overview,pitch scatter map,low,false,false,false,false,1296,0,
8cfdb681-32cf-4ebf-81f1-5c0839ec82d5,2442592,66c8cb76-9dba-50a0-bfa3-bc2104a24008,569,FCK,1000,FCM,1,777.44,777.44,13,10,475413,Gabriel Pereira,count,defensive_third,defensive_third,left_channel,-35.18,-17.6,-24.69,-31.36,-35.18,-17.6,-24.69,-31.36,pass,reception,,progressive action,FCK progressive action at minute 13.,Territory & Control,pitch scatter map,medium,false,false,true,false,1302,0,
8cfdb681-32cf-4ebf-81f1-5c0839ec82d5,2442592,6f552dc5-61d9-5e88-ae31-bc5bd1767b74,569,FCK,1000,FCM,1,778.92,778.92,13,10,,,count,defensive_third,defensive_third,central_channel,-21.79,-10.45,8.39,6.38,-21.79,-10.45,8.39,6.38,loss,,progression,turnover / loss,FCK turnover / loss at minute 13.,Defensive Behaviour & Transitions,pitch scatter map,high,false,false,false,false,1305,0.02,
8cfdb681-32cf-4ebf-81f1-5c0839ec82d5,2442592,42694813-49dd-505a-9f9f-4d929b6edef5,569,FCK,1000,FCM,1,780,780,14,10,512627,G. Gocholeishvili,count,middle_third,middle_third,left_channel,-16.98,-31.69,-4.92,-24.67,-16.98,-31.69,-4.92,-24.67,pass,reception,,progressive action,FCK progressive action at minute 14.,Territory & Control,pitch scatter map,medium,false,false,true,false,1308,0,
8cfdb681-32cf-4ebf-81f1-5c0839ec82d5,2442592,fcc1d49d-c5c2-5b9f-ad38-3853c98bce06,569,FCK,1000,FCM,1,781.24,781.24,14,10,96787,M. Elyounoussi,count,middle_third,middle_third,left_channel,-5.08,-24.81,-17.07,-21.01,-5.08,-24.81,-17.07,-21.01,pass,reception,,context event,FCK context event at minute 14.,Executive Match Overview,pitch scatter map,low,false,false,false,false,1316,0,
8cfdb681-32cf-4ebf-81f1-5c0839ec82d5,2442592,c67f88a0-e32c-5160-9c47-368fb5dfd6c7,569,FCK,1000,FCM,1,784.24,784.24,14,10,166965,L. Lerager,count,middle_third,middle_third,left_channel,-10.41,-25.66,13.87,-10.69,-10.41,-25.66,13.87,-10.69,pass,interception,,context event,FCK context event at minute 14.,Executive Match Overview,pitch scatter map,medium,false,false,false,false,1321,0,
8cfdb681-32cf-4ebf-81f1-5c0839ec82d5,2442592,a8d43a16-0d5b-525f-9f1a-74458f4dd319,1000,FCM,569,FCK,1,786.48,786.48,14,10,609108,O. Diao,count,middle_third,middle_third,central_channel,-15.74,8.9,-6,7.52,15.74,8.9,6,7.52,pass,reception,,context event,FCM context event at minute 14.,Executive Match Overview,pitch scatter map,low,false,false,false,false,1328,0,
8cfdb681-32cf-4ebf-81f1-5c0839ec82d5,2442592,a14a8cce-f909-5709-81fd-bb505d014b1d,1000,FCM,569,FCK,1,788.52,788.52,14,10,494784,Oliver Sorensen,count,middle_third,middle_third,central_channel,-5.13,6.56,-0.59,-0.89,5.13,6.56,0.59,-0.89,pass,other,,context event,FCM context event at minute 14.,Executive Match Overview,pitch scatter map,low,false,false,false,false,1332,0,
8cfdb681-32cf-4ebf-81f1-5c0839ec82d5,2442592,28771c24-fa24-5d87-b9f2-ac80dc289671,1000,FCM,569,FCK,1,806.84,806.84,14,10,,,count,middle_third,middle_third,central_channel,-10.53,7.56,6.11,-9.4,10.53,7.56,-6.11,-9.4,recovery,turnover,free_kick,ball recovery,FCM ball recovery at minute 14.,Defensive Behaviour & Transitions,pitch scatter map,high,false,false,false,false,1341,0,0
8cfdb681-32cf-4ebf-81f1-5c0839ec82d5,2442592,42ae329b-dacb-55ac-b682-2274aeade80f,1000,FCM,569,FCK,1,806.84,806.84,14,10,228044,M. Bech,count,middle_third,middle_third,central_channel,-10.53,7.56,-2.22,-20.69,10.53,7.56,2.22,-20.69,pass,reception,,context event,FCM context event at minute 14.,Executive Match Overview,pitch scatter map,low,false,false,false,false,1342,0,
8cfdb681-32cf-4ebf-81f1-5c0839ec82d5,2442592,cdf798df-ca49-541d-b05b-05bf839345be,1000,FCM,569,FCK,1,806.96,806.96,14,10,494784,Oliver Sorensen,count,middle_third,middle_third,left_channel,-2.22,-20.65,-9.48,-9.38,2.22,-20.65,9.48,-9.38,pass,reception,,context event,FCM context event at minute 14.,Executive Match Overview,pitch scatter map,low,false,false,false,false,1347,0,
8cfdb681-32cf-4ebf-81f1-5c0839ec82d5,2442592,8e9e6e9a-1b7a-515b-9da5-dd8970dc507b,1000,FCM,569,FCK,1,809.28,809.28,14,10,609108,O. Diao,count,middle_third,middle_third,central_channel,-8.69,-6.84,-8.91,11.67,8.69,-6.84,8.91,11.67,pass,reception,,context event,FCM context event at minute 14.,Executive Match Overview,pitch scatter map,low,false,false,false,false,1350,0,
8cfdb681-32cf-4ebf-81f1-5c0839ec82d5,2442592,c24eff5f-6836-53a6-93a8-b4b975951655,1000,FCM,569,FCK,1,812.6,812.6,14,10,,,count,middle_third,middle_third,right_channel,8.48,23.07,-2.48,28.53,-8.48,23.07,2.48,28.53,completed_pass,completed_pass,,progressive action,FCM progressive action at minute 14.,Territory & Control,pitch scatter map,medium,false,false,true,false,1356,0,
8cfdb681-32cf-4ebf-81f1-5c0839ec82d5,2442592,7a3606e0-f369-590d-8ace-ff200c540cf2,1000,FCM,569,FCK,1,812.72,812.72,14,10,228044,M. Bech,count,middle_third,middle_third,right_channel,-4.9,17.78,-0.43,31.35,4.9,17.78,0.43,31.35,pass,reception,,context event,FCM context event at minute 14.,Executive Match Overview,pitch scatter map,low,false,false,false,false,1357,0,
8cfdb681-32cf-4ebf-81f1-5c0839ec82d5,2442592,bd199f11-3417-502b-a4a1-8c5e79b9a504,1000,FCM,569,FCK,1,813.64,813.64,14,10,228044,M. Bech,count,middle_third,middle_third,right_channel,-5.8,20.38,-19.02,23.03,5.8,20.38,19.02,23.03,run_start_loc,,,final-third entry,FCM final-third entry at minute 14.,Territory & Control,pitch scatter map,medium,false,true,false,false,1358,0.05,
8cfdb681-32cf-4ebf-81f1-5c0839ec82d5,2442592,a2893393-eff9-5d22-a72f-4894be930f89,1000,FCM,569,FCK,1,814.92,814.92,14,10,204164,J. Andersson,count,middle_third,middle_third,right_channel,-1.39,30.22,-1.75,15.26,1.39,30.22,1.75,15.26,pass,reception,,context event,FCM context event at minute 14.,Executive Match Overview,pitch scatter map,low,false,false,false,false,1363,0,
8cfdb681-32cf-4ebf-81f1-5c0839ec82d5,2442592,08ae343a-4ac0-53fc-a00b-f8b1ba900b6c,1000,FCM,569,FCK,1,816.48,816.48,14,10,474838,E. Martinez,count,middle_third,middle_third,right_channel,-2.44,15.28,-14.48,3.13,2.44,15.28,14.48,3.13,pass,reception,,progressive action,FCM progressive action at minute 14.,Territory & Control,pitch scatter map,medium,false,false,true,false,1367,0,
8cfdb681-32cf-4ebf-81f1-5c0839ec82d5,2442592,35ae8069-989a-502e-9ffb-fcd9345716cd,1000,FCM,569,FCK,1,822.84,822.84,14,10,,,count,middle_third,middle_third,right_channel,-1.41,16.92,-3.86,17.28,1.41,16.92,3.86,17.28,loss,,progression,turnover / loss,FCM turnover / loss at minute 14.,Defensive Behaviour & Transitions,pitch scatter map,high,false,false,false,false,1371,0,
8cfdb681-32cf-4ebf-81f1-5c0839ec82d5,2442592,b17c2c00-04b8-5576-88d8-99e46216549d,1000,FCM,569,FCK,1,823.28,823.28,14,10,609108,O. Diao,count,middle_third,middle_third,central_channel,6.11,-9.4,21.41,-4.23,-6.11,-9.4,-21.41,-4.23,pass,interception,,context event,FCM context event at minute 14.,Executive Match Overview,pitch scatter map,medium,false,false,false,false,1372,0,
8cfdb681-32cf-4ebf-81f1-5c0839ec82d5,2442592,05b2d483-ed9d-520f-8ce1-63fc10805994,569,FCK,1000,FCM,1,823.96,823.96,14,10,,,count,defensive_third,defensive_third,central_channel,-19.19,4.19,-24.88,12.75,-19.19,4.19,-24.88,12.75,recovery,turnover,interception,ball recovery,FCK ball recovery at minute 14.,Defensive Behaviour & Transitions,pitch scatter map,high,false,false,false,false,1376,0,0
8cfdb681-32cf-4ebf-81f1-5c0839ec82d5,2442592,c23a5c03-8cb4-5d83-be93-23d8e9bebb9d,569,FCK,1000,FCM,1,823.96,823.96,14,10,,,count,middle_third,middle_third,right_channel,-17.58,13.74,-15.57,8.1,-17.58,13.74,-15.57,8.1,loss,,counter_attack,turnover / loss,FCK turnover / loss at minute 14.,Defensive Behaviour & Transitions,pitch scatter map,high,false,false,false,false,1379,0,
8cfdb681-32cf-4ebf-81f1-5c0839ec82d5,2442592,7bcd98e7-5636-5a0a-bf0d-da669e6470a6,569,FCK,1000,FCM,1,824.04,824.04,14,10,166965,L. Lerager,count,defensive_third,defensive_third,central_channel,-19.54,4.47,-24.86,12.88,-19.54,4.47,-24.86,12.88,pass,reception,,context event,FCK context event at minute 14.,Executive Match Overview,pitch scatter map,low,false,false,false,false,1381,0,
8cfdb681-32cf-4ebf-81f1-5c0839ec82d5,2442592,20de0c20-22b3-5fc7-963b-17ee703daa48,569,FCK,1000,FCM,1,824.88,824.88,14,10,193228,K. Diks,count,defensive_third,defensive_third,central_channel,-24.88,12.75,-9.69,7.38,-24.88,12.75,-9.69,7.38,pass,interception,,context event,FCK context event at minute 14.,Executive Match Overview,pitch scatter map,medium,false,false,false,false,1384,0.02,
8cfdb681-32cf-4ebf-81f1-5c0839ec82d5,2442592,855ca27d-61e8-59b3-8069-d4bdfe083c08,1000,FCM,569,FCK,1,827.4,827.4,14,10,609108,O. Diao,count,middle_third,middle_third,central_channel,6.08,-12.09,20.33,-0.44,-6.08,-12.09,-20.33,-0.44,pass,interception,,context event,FCM context event at minute 14.,Executive Match Overview,pitch scatter map,medium,false,false,false,false,1391,0,
8cfdb681-32cf-4ebf-81f1-5c0839ec82d5,2442592,6983e43c-782c-5b0c-a924-08a001d632aa,569,FCK,1000,FCM,1,829.64,829.64,14,10,96787,M. Elyounoussi,count,middle_third,middle_third,central_channel,-17.28,-4.12,-17.54,0.91,-17.28,-4.12,-17.54,0.91,pass,interception,,context event,FCK context event at minute 14.,Executive Match Overview,pitch scatter map,medium,false,false,false,false,1395,0,
8cfdb681-32cf-4ebf-81f1-5c0839ec82d5,2442592,57375104-6598-5c09-bb3f-35b9ddb1cd9b,1000,FCM,569,FCK,1,830.8,830.8,14,10,,,count,middle_third,middle_third,right_channel,-12.8,14.05,-42.46,17.67,12.8,14.05,42.46,17.67,loss,,regain,box involvement,FCM box involvement at minute 14.,Chance Creation & Final Third,pitch scatter map,high,true,true,false,false,1397,0.15,
8cfdb681-32cf-4ebf-81f1-5c0839ec82d5,2442592,807f8c56-d781-5ade-bd8d-87f27988f053,1000,FCM,569,FCK,1,830.8,830.8,14,10,,,count,middle_third,middle_third,central_channel,14.64,-4.65,42.91,-9.97,-14.64,-4.65,-42.91,-9.97,recovery,turnover,recovery,ball recovery,FCM ball recovery at minute 14.,Defensive Behaviour & Transitions,pitch scatter map,high,false,false,false,false,1398,0,0
8cfdb681-32cf-4ebf-81f1-5c0839ec82d5,2442592,05ad7bd2-2847-5c89-b404-10178125e239,1000,FCM,569,FCK,1,830.92,830.92,14,10,494784,Oliver Sorensen,count,middle_third,middle_third,central_channel,14.88,-4.52,22.41,-5.57,-14.88,-4.52,-22.41,-5.57,pass,reception,,context event,FCM context event at minute 14.,Executive Match Overview,pitch scatter map,low,false,false,false,false,1401,0,
8cfdb681-32cf-4ebf-81f1-5c0839ec82d5,2442592,372033c0-a909-5fad-bdc4-c8454170efcc,1000,FCM,569,FCK,1,831.52,831.52,14,10,533646,D. Osorio,count,attacking_third,attacking_third,right_channel,-20.95,14.68,-21.56,14.47,20.95,14.68,21.56,14.47,forward,forward,,final-third entry,FCM final-third entry at minute 14.,Territory & Control,pitch scatter map,medium,false,false,false,false,1403,0,0
8cfdb681-32cf-4ebf-81f1-5c0839ec82d5,2442592,cbd9c986-3849-5501-8728-56f4ac7f21fa,1000,FCM,569,FCK,1,831.72,831.72,14,10,533646,D. Osorio,count,defensive_third,defensive_third,central_channel,22.99,-5.27,26.34,-0.04,-22.99,-5.27,-26.34,-0.04,pass,reception,,context event,FCM context event at minute 14.,Executive Match Overview,pitch scatter map,low,false,false,false,false,1406,0,
8cfdb681-32cf-4ebf-81f1-5c0839ec82d5,2442592,3ccc5395-d648-560d-a4aa-6338eb9e86c1,1000,FCM,569,FCK,1,832.48,832.48,14,10,240529,J. Kuchta,count,attacking_third,attacking_third,central_channel,-25.07,10.92,-42.45,17.66,25.07,10.92,42.45,17.66,loss,ball_lost,,box involvement,FCM box involvement at minute 14.,Chance Creation & Final Third,pitch scatter map,high,true,false,false,false,1411,0.1,0
8cfdb681-32cf-4ebf-81f1-5c0839ec82d5,2442592,262eb1f1-c03b-5cce-a99b-163a18412b3a,569,FCK,1000,FCM,1,835.68,835.68,14,10,,,count,defensive_third,defensive_third,central_channel,-34.38,-9.01,-37.99,-7.93,-34.38,-9.01,-37.99,-7.93,loss,lost_ball,,turnover / loss,FCK turnover / loss at minute 14.,Defensive Behaviour & Transitions,pitch scatter map,high,false,false,false,false,1419,0,
8cfdb681-32cf-4ebf-81f1-5c0839ec82d5,2442592,02386797-be88-5152-8ba8-c5a8ab930396,569,FCK,1000,FCM,1,835.92,835.92,14,10,,,count,defensive_third,defensive_third,right_channel,-23.69,23.01,-32.46,21.48,-23.69,23.01,-32.46,21.48,loss,lost_ball,,turnover / loss,FCK turnover / loss at minute 14.,Defensive Behaviour & Transitions,pitch scatter map,high,false,false,false,false,1421,0,
8cfdb681-32cf-4ebf-81f1-5c0839ec82d5,2442592,59fdf226-95d3-5a51-b542-ce2d99aca8d6,569,FCK,1000,FCM,1,836.24,836.24,14,10,,,count,defensive_third,defensive_third,central_channel,-43.01,8.86,-34.29,16.48,-43.01,8.86,-34.29,16.48,recovery,turnover,tackle,ball recovery,FCK ball recovery at minute 14.,Defensive Behaviour & Transitions,pitch scatter map,high,false,false,false,false,1423,0,0
8cfdb681-32cf-4ebf-81f1-5c0839ec82d5,2442592,6010bfa0-9fc0-5024-8e84-a35179577dac,1000,FCM,569,FCK,1,836.24,836.24,14,10,,,count,attacking_third,attacking_third,right_channel,-42.55,16.91,-33.41,22.09,42.55,16.91,33.41,22.09,start_loc,,transition,box involvement,FCM box involvement at minute 14.,Chance Creation & Final Third,pitch scatter map,high,true,false,false,false,1424,0,0
8cfdb681-32cf-4ebf-81f1-5c0839ec82d5,2442592,c0d08b47-a3e1-5325-9c8d-5f8a2ca8e771,569,FCK,1000,FCM,1,836.24,836.24,14,10,,,count,defensive_third,defensive_third,right_channel,-42.55,16.91,-33.41,22.09,-42.55,16.91,-33.41,22.09,loss,,counter_attack,turnover / loss,FCK turnover / loss at minute 14.,Defensive Behaviour & Transitions,pitch scatter map,high,false,false,false,false,1426,0,
8cfdb681-32cf-4ebf-81f1-5c0839ec82d5,2442592,60ebe23d-4a90-590e-95e3-1914294aece4,569,FCK,1000,FCM,1,836.28,836.28,14,10,475413,Gabriel Pereira,count,defensive_third,defensive_third,central_channel,-43.05,8.87,-34.32,14.8,-43.05,8.87,-34.32,14.8,pass,reception,,context event,FCK context event at minute 14.,Executive Match Overview,pitch scatter map,low,false,false,false,false,1427,0,
8cfdb681-32cf-4ebf-81f1-5c0839ec82d5,2442592,0ddbdf82-2c75-5d18-80ef-cd1f9fe56415,1000,FCM,569,FCK,1,836.96,836.96,14,10,,,count,defensive_third,defensive_third,left_channel,34.3,-14.49,34.6,-31.88,-34.3,-14.49,-34.6,-31.88,loss,lost_ball,,turnover / loss,FCM turnover / loss at minute 14.,Defensive Behaviour & Transitions,pitch scatter map,high,false,false,false,false,1429,0,
8cfdb681-32cf-4ebf-81f1-5c0839ec82d5,2442592,8740ab60-0d15-5429-a46c-2948d9155bdf,569,FCK,1000,FCM,1,837.04,837.04,14,10,68640,T. Delaney,count,defensive_third,defensive_third,right_channel,-33.44,20.95,-33.41,22.09,-33.44,20.95,-33.41,22.09,loss,ball_lost,,turnover / loss,FCK turnover / loss at minute 14.,Defensive Behaviour & Transitions,pitch scatter map,high,false,false,false,false,1432,0,0
8cfdb681-32cf-4ebf-81f1-5c0839ec82d5,2442592,6676787d-5b08-5946-ab65-d008557ead7e,1000,FCM,569,FCK,1,838.12,838.12,14,10,,,count,defensive_third,defensive_third,left_channel,31.54,-20.27,33.68,-31.63,-31.54,-20.27,-33.68,-31.63,recovery,foul,tackle,ball recovery,FCM ball recovery at minute 14.,Defensive Behaviour & Transitions,pitch scatter map,medium,false,false,false,false,1435,0,0
8cfdb681-32cf-4ebf-81f1-5c0839ec82d5,2442592,d2b8a2f5-fa96-5dda-a24f-b044feacc639,1000,FCM,569,FCK,1,838.12,838.12,14,10,,,count,attacking_third,attacking_third,right_channel,-30.53,24.66,-32.77,32.38,30.53,24.66,32.77,32.38,loss,,regain,final-third entry,FCM final-third entry at minute 14.,Defensive Behaviour & Transitions,pitch scatter map,high,false,false,false,false,1437,0,
8cfdb681-32cf-4ebf-81f1-5c0839ec82d5,2442592,f083092f-9878-54e9-ab8f-52f1d34eab43,1000,FCM,569,FCK,1,838.12,838.12,14,10,120721,K. Mbabu,count,attacking_third,attacking_third,right_channel,-30.53,24.66,-32.77,32.38,30.53,24.66,32.77,32.38,loss,ball_lost,,final-third entry,FCM final-third entry at minute 14.,Defensive Behaviour & Transitions,pitch scatter map,high,false,false,false,false,1438,0,0
8cfdb681-32cf-4ebf-81f1-5c0839ec82d5,2442592,93dfdb8f-4a08-5aff-871a-ed073e1e3dcb,569,FCK,1000,FCM,1,872.96,872.96,15,10,220246,P. Hatzidiakos,count,defensive_third,defensive_third,right_channel,-20.3,18.02,1.18,28.28,-20.3,18.02,1.18,28.28,pass,reception,,progressive action,FCK progressive action at minute 15.,Territory & Control,pitch scatter map,medium,false,false,true,false,1462,0.02,
8cfdb681-32cf-4ebf-81f1-5c0839ec82d5,2442592,bc491e5a-2e54-5f31-8fab-96dc79029768,1000,FCM,569,FCK,1,872.96,872.96,15,10,,,count,attacking_third,attacking_third,right_channel,-18.74,23.13,27.39,12.65,18.74,23.13,-27.39,12.65,start_loc,,organisation,context event,FCM context event at minute 15.,Territory & Control,pitch scatter map,low,false,false,false,false,1463,0,0
8cfdb681-32cf-4ebf-81f1-5c0839ec82d5,2442592,e530ccb2-ec2e-549e-9398-5ce0982e65bd,569,FCK,1000,FCM,1,872.96,872.96,15,10,,,count,defensive_third,defensive_third,right_channel,-20.3,18.02,23.69,2.58,-20.3,18.02,23.69,2.58,recovery,turnover,free_kick,final-third entry,FCK final-third entry at minute 15.,Defensive Behaviour & Transitions,pitch scatter map,high,false,true,false,false,1464,0.07,0
8cfdb681-32cf-4ebf-81f1-5c0839ec82d5,2442592,1327871f-15e6-51c5-9dfe-7c317f6ca1a5,569,FCK,1000,FCM,1,877.16,877.16,15,10,193228,K. Diks,count,middle_third,middle_third,right_channel,2.92,29.74,1.86,23.88,2.92,29.74,1.86,23.88,pass,reception,,context event,FCK context event at minute 15.,Executive Match Overview,pitch scatter map,low,false,false,false,false,1470,0,
8cfdb681-32cf-4ebf-81f1-5c0839ec82d5,2442592,89ecc1aa-42a3-5e08-b17f-40ac7b086682,569,FCK,1000,FCM,1,878.96,878.96,15,10,,,count,middle_third,middle_third,right_channel,9.01,26.77,37.75,25.05,9.01,26.77,37.75,25.05,progression,,progression,final-third entry,FCK final-third entry at minute 15.,Territory & Control,pitch scatter map,medium,false,true,false,false,1474,0.05,
8cfdb681-32cf-4ebf-81f1-5c0839ec82d5,2442592,63c4b6c6-24a0-566a-a539-c23356b62345,569,FCK,1000,FCM,1,879.56,879.56,15,10,,,count,middle_third,middle_third,right_channel,14.06,21.79,35.02,20.46,14.06,21.79,35.02,20.46,defender_dribbled,defender_dribbled,,final-third entry,FCK final-third entry at minute 15.,Territory & Control,pitch scatter map,medium,false,true,false,false,1476,0.05,
8cfdb681-32cf-4ebf-81f1-5c0839ec82d5,2442592,d48f1328-c2fe-5244-97c9-897533b41ac3,569,FCK,1000,FCM,1,880.04,880.04,15,10,68640,T. Delaney,count,middle_third,middle_third,right_channel,12.15,25.13,25.75,32.4,12.15,25.13,25.75,32.4,pass,reception,,final-third entry,FCK final-third entry at minute 15.,Territory & Control,pitch scatter map,medium,false,true,true,false,1477,0.05,
8cfdb681-32cf-4ebf-81f1-5c0839ec82d5,2442592,671bd79e-8561-5ead-8ab6-99c08ddf3d0e,569,FCK,1000,FCM,1,880.96,880.96,15,10,433957,M. Mattsson,count,middle_third,middle_third,right_channel,17.85,17.92,35.7,16.62,17.85,17.92,35.7,16.62,run_start_loc,,,final-third entry,FCK final-third entry at minute 15.,Territory & Control,pitch scatter map,medium,false,true,false,false,1478,0.05,
8cfdb681-32cf-4ebf-81f1-5c0839ec82d5,2442592,70a880c1-40d1-571f-854d-9bb126bdb6b4,569,FCK,1000,FCM,1,880.96,880.96,15,10,546545,E. Achouri,count,attacking_third,attacking_third,right_channel,29.55,32.9,36.59,24.14,29.55,32.9,36.59,24.14,backward,backward,,final-third entry,FCK final-third entry at minute 15.,Territory & Control,pitch scatter map,medium,false,false,false,false,1479,0,0
8cfdb681-32cf-4ebf-81f1-5c0839ec82d5,2442592,5bd0f865-c982-5136-b36a-331f725652f3,569,FCK,1000,FCM,1,881.76,881.76,15,10,96787,M. Elyounoussi,count,attacking_third,attacking_third,central_channel,19.82,-1.45,37.03,3.76,19.82,-1.45,37.03,3.76,run_start_loc,,,final-third entry,FCK final-third entry at minute 15.,Territory & Control,pitch scatter map,medium,false,false,false,false,1483,0,
8cfdb681-32cf-4ebf-81f1-5c0839ec82d5,2442592,235542de-0fd0-5876-8e05-c5c6be4371ae,569,FCK,1000,FCM,1,884.96,884.96,15,10,,,count,attacking_third,attacking_third,right_channel,37.61,24.95,27.39,12.65,37.61,24.95,27.39,12.65,loss,,attacking,final-third entry,FCK final-third entry at minute 15.,Defensive Behaviour & Transitions,pitch scatter map,high,false,false,false,false,1485,0,
8cfdb681-32cf-4ebf-81f1-5c0839ec82d5,2442592,3f425b97-6d2b-5a34-b153-fedbef001f5d,569,FCK,1000,FCM,1,885,885,15,10,,,count,middle_third,middle_third,central_channel,10.58,8.18,23.42,0.38,10.58,8.18,23.42,0.38,defender_dribbled,defender_dribbled,,final-third entry,FCK final-third entry at minute 15.,Territory & Control,pitch scatter map,medium,false,true,false,false,1486,0.05,
8cfdb681-32cf-4ebf-81f1-5c0839ec82d5,2442592,205020f9-ee18-53b1-845f-21567ccff5ba,569,FCK,1000,FCM,1,885.28,885.28,15,10,546545,E. Achouri,count,attacking_third,attacking_third,right_channel,32.46,19.51,21.96,5.81,32.46,19.51,21.96,5.81,pass,reception,,final-third entry,FCK final-third entry at minute 15.,Territory & Control,pitch scatter map,medium,false,false,false,false,1488,0,
8cfdb681-32cf-4ebf-81f1-5c0839ec82d5,2442592,92ffb749-b218-5dbc-a62c-69be4b9f0402,569,FCK,1000,FCM,1,886.72,886.72,15,10,166965,L. Lerager,count,attacking_third,attacking_third,right_channel,25.58,14.84,27.39,12.65,25.58,14.84,27.39,12.65,loss,ball_lost,,final-third entry,FCK final-third entry at minute 15.,Defensive Behaviour & Transitions,pitch scatter map,high,false,false,false,false,1491,0,0
8cfdb681-32cf-4ebf-81f1-5c0839ec82d5,2442592,0e3ad88d-8d15-5dd8-9a69-80894f0e2d83,569,FCK,1000,FCM,1,887.68,887.68,15,10,,,count,attacking_third,attacking_third,central_channel,26.94,12.5,-2.6,16.51,26.94,12.5,-2.6,16.51,start_loc,,transition,context event,FCK context event at minute 15.,Territory & Control,pitch scatter map,low,false,false,false,false,1495,0,0
8cfdb681-32cf-4ebf-81f1-5c0839ec82d5,2442592,7292492a-a88f-55be-a68b-df6c8b474ee4,1000,FCM,569,FCK,1,887.68,887.68,15,10,,,count,attacking_third,attacking_third,central_channel,-23.26,-2.37,4.92,-8.26,23.26,-2.37,-4.92,-8.26,recovery,foul,tackle,ball recovery,FCM ball recovery at minute 15.,Defensive Behaviour & Transitions,pitch scatter map,medium,false,false,false,false,1496,0,0
8cfdb681-32cf-4ebf-81f1-5c0839ec82d5,2442592,0dcd420d-1cfb-543c-937d-42592f1c9c0d,1000,FCM,569,FCK,1,888.36,888.36,15,10,551144,Franculino Dju,count,attacking_third,attacking_third,central_channel,-18.99,-11.75,17.89,-4.76,18.99,-11.75,-17.89,-4.76,run_start_loc,,,context event,FCM context event at minute 15.,Territory & Control,pitch scatter map,low,false,false,false,false,1499,0,
8cfdb681-32cf-4ebf-81f1-5c0839ec82d5,2442592,d07cdbb9-2c46-51a3-9ae4-0d30e7b26db6,1000,FCM,569,FCK,1,889.16,889.16,15,10,477672,A. Simsir,count,attacking_third,attacking_third,central_channel,-21.08,6.48,16.81,12.53,21.08,6.48,-16.81,12.53,run_start_loc,,,context event,FCM context event at minute 15.,Territory & Control,pitch scatter map,low,false,false,false,false,1505,0,
8cfdb681-32cf-4ebf-81f1-5c0839ec82d5,2442592,7b6467b0-00f4-5ebc-ad13-75284baa797f,1000,FCM,569,FCK,1,893.2,893.2,15,10,240529,J. Kuchta,count,middle_third,middle_third,central_channel,4.69,-8.36,11.74,-7.36,-4.69,-8.36,-11.74,-7.36,pass,other,,context event,FCM context event at minute 15.,Executive Match Overview,pitch scatter map,low,false,false,false,false,1525,0,
8cfdb681-32cf-4ebf-81f1-5c0839ec82d5,2442592,29fd67a6-7789-5f7a-9db7-3ab1c4016c4c,1000,FCM,569,FCK,1,978.08,978.08,17,15,533646,D. Osorio,count,middle_third,middle_third,central_channel,-18.4,12.13,-18.4,12.13,18.4,12.13,18.4,12.13,shot,shot,,shot attempt,FCM shot attempt at minute 17.,Chance Creation & Final Third,pitch scatter map,high,false,false,false,false,1541,0,0.0346
8cfdb681-32cf-4ebf-81f1-5c0839ec82d5,2442592,74b8ee17-e223-5df8-b011-69bda382b7de,569,FCK,1000,FCM,1,978.08,978.08,17,15,,,count,middle_third,middle_third,central_channel,-18.4,12.13,-18.4,12.13,-18.4,12.13,-18.4,12.13,start_loc,,organisation,context event,FCK context event at minute 17.,Executive Match Overview,pitch scatter map,low,false,false,false,true,1543,0,0.0346
8cfdb681-32cf-4ebf-81f1-5c0839ec82d5,2442592,cb85cc3e-2a98-5314-b4d6-f998a9bdeace,1000,FCM,569,FCK,1,978.08,978.08,17,15,,,count,middle_third,middle_third,central_channel,-18.4,12.13,-18.4,12.13,18.4,12.13,18.4,12.13,loss,,attacking,turnover / loss,FCM turnover / loss at minute 17.,Defensive Behaviour & Transitions,pitch scatter map,high,false,false,false,false,1544,0,
8cfdb681-32cf-4ebf-81f1-5c0839ec82d5,2442592,e9604ac0-87db-54df-8a74-f1c58a76b0ce,1000,FCM,569,FCK,1,978.08,978.08,17,15,,,count,defensive_third,defensive_third,central_channel,19.98,-1.82,19.98,-1.82,-19.98,-1.82,-19.98,-1.82,shot,shot,free_kick,shot attempt,FCM shot attempt at minute 17.,Chance Creation & Final Third,pitch scatter map,high,false,false,false,false,1545,0.0346,0.0346
8cfdb681-32cf-4ebf-81f1-5c0839ec82d5,2442592,5226e00b-931a-521b-9da6-a8549063c176,1000,FCM,569,FCK,1,978.08,978.08,17,15,533646,D. Osorio,count,defensive_third,defensive_third,central_channel,19.98,-1.82,49.51,-1.83,-19.98,-1.82,-49.51,-1.83,shot,save,,shot attempt,FCM shot attempt at minute 17.,Chance Creation & Final Third,pitch scatter map,high,false,false,false,false,1546,0.0346,0.0346
8cfdb681-32cf-4ebf-81f1-5c0839ec82d5,2442592,a4377925-152d-5019-b2af-0f3bb695ea1d,569,FCK,1000,FCM,1,981.24,981.24,17,15,,,count,defensive_third,defensive_third,right_channel,-49.98,23.37,-52.76,25.77,-49.98,23.37,-52.76,25.77,loss,,interrupt,turnover / loss,FCK turnover / loss at minute 17.,Defensive Behaviour & Transitions,pitch scatter map,high,false,false,false,false,1551,0,
8cfdb681-32cf-4ebf-81f1-5c0839ec82d5,2442592,8011614e-f7d8-569c-a6d4-8f3fdad46bf3,1000,FCM,569,FCK,1,1003.96,1003.96,17,15,,,count,defensive_third,defensive_third,left_channel,48.55,-35.16,49.61,-4.25,-48.55,-35.16,-49.61,-4.25,recovery,turnover,throw_in,ball recovery,FCM ball recovery at minute 17.,Defensive Behaviour & Transitions,pitch scatter map,high,false,false,false,false,1556,0,0
8cfdb681-32cf-4ebf-81f1-5c0839ec82d5,2442592,89826585-b789-5f6d-9544-302ce173527a,569,FCK,1000,FCM,1,1003.96,1003.96,17,15,,,count,defensive_third,defensive_third,right_channel,-48.36,34.77,-49.47,13.78,-48.36,34.77,-49.47,13.78,start_loc,,organisation,context event,FCK context event at minute 17.,Executive Match Overview,pitch scatter map,low,false,false,false,true,1557,0,0
8cfdb681-32cf-4ebf-81f1-5c0839ec82d5,2442592,8a3ef589-abfb-5c45-a7f1-83bbdd97f704,1000,FCM,569,FCK,1,1003.96,1003.96,17,15,228044,M. Bech,count,attacking_third,attacking_third,right_channel,-48.36,34.77,-48.36,34.77,48.36,34.77,48.36,34.77,incomplete_pass,incomplete_pass,,final-third entry,FCM final-third entry at minute 17.,Territory & Control,pitch scatter map,medium,false,false,false,false,1558,0,0
8cfdb681-32cf-4ebf-81f1-5c0839ec82d5,2442592,c26b41a1-5532-5bd4-9b47-cb7d3e14d470,1000,FCM,569,FCK,1,1003.96,1003.96,17,15,,,count,attacking_third,attacking_third,right_channel,-48.36,34.77,-49.47,13.78,48.36,34.77,49.47,13.78,loss,,crossing,box involvement,FCM box involvement at minute 17.,Chance Creation & Final Third,pitch scatter map,high,true,false,false,false,1559,0.1,
8cfdb681-32cf-4ebf-81f1-5c0839ec82d5,2442592,5f9df5a8-b48b-534e-b428-69ec4912e6a3,1000,FCM,569,FCK,1,1003.96,1003.96,17,15,228044,M. Bech,count,defensive_third,defensive_third,left_channel,48.55,-35.16,48.86,-3.13,-48.55,-35.16,-48.86,-3.13,pass,interception,,context event,FCM context event at minute 17.,Executive Match Overview,pitch scatter map,medium,false,false,false,false,1560,0,
8cfdb681-32cf-4ebf-81f1-5c0839ec82d5,2442592,1c70c551-694f-55ed-ad53-04c675f9cbec,569,FCK,1000,FCM,1,1006,1006,17,15,,,count,defensive_third,defensive_third,central_channel,-49.63,3.63,-10.93,25.27,-49.63,3.63,-10.93,25.27,recovery,turnover,interception,ball recovery,FCK ball recovery at minute 17.,Defensive Behaviour & Transitions,pitch scatter map,high,false,false,false,false,1563,0.02,0
8cfdb681-32cf-4ebf-81f1-5c0839ec82d5,2442592,cd3a5067-ab13-5bc9-8ea2-6889a3cff43c,1000,FCM,569,FCK,1,1006,1006,17,15,,,count,attacking_third,attacking_third,right_channel,-49.5,13.36,-45.13,10.54,49.5,13.36,45.13,10.54,start_loc,,transition,box involvement,FCM box involvement at minute 17.,Chance Creation & Final Third,pitch scatter map,high,true,false,false,true,1565,0,0
8cfdb681-32cf-4ebf-81f1-5c0839ec82d5,2442592,35665fda-3dec-5c3b-9d5e-ccd1f1900a47,1000,FCM,569,FCK,1,1020,1020,18,15,,,count,attacking_third,attacking_third,central_channel,-45.12,10.52,-8.91,28.06,45.12,10.52,8.91,28.06,start_loc,,organisation,box involvement,FCM box involvement at minute 18.,Chance Creation & Final Third,pitch scatter map,high,true,false,false,false,1573,0,0
8cfdb681-32cf-4ebf-81f1-5c0839ec82d5,2442592,ef32c261-7694-59fe-a458-d3cd9190eacb,569,FCK,1000,FCM,1,1022.56,1022.56,18,15,232398,N. Trott,count,defensive_third,defensive_third,central_channel,-44.54,-0.06,-33.3,24.04,-44.54,-0.06,-33.3,24.04,pass,reception,,progressive action,FCK progressive action at minute 18.,Territory & Control,pitch scatter map,medium,false,false,true,false,1576,0,
8cfdb681-32cf-4ebf-81f1-5c0839ec82d5,2442592,c232f851-80ee-54fc-814b-34c0ca91ef64,569,FCK,1000,FCM,1,1026.48,1026.48,18,15,220246,P. Hatzidiakos,count,defensive_third,defensive_third,right_channel,-32.28,23.45,-45.2,7.64,-32.28,23.45,-45.2,7.64,pass,reception,,context event,FCK context event at minute 18.,Executive Match Overview,pitch scatter map,low,false,false,false,false,1579,0,
8cfdb681-32cf-4ebf-81f1-5c0839ec82d5,2442592,4e12cba4-8575-5b7d-b503-876d7173544e,569,FCK,1000,FCM,1,1029.36,1029.36,18,15,232398,N. Trott,count,defensive_third,defensive_third,central_channel,-44.1,9.19,-32.88,6.53,-44.1,9.19,-32.88,6.53,pass,reception,,progressive action,FCK progressive action at minute 18.,Territory & Control,pitch scatter map,medium,false,false,true,false,1586,0,
8cfdb681-32cf-4ebf-81f1-5c0839ec82d5,2442592,4a0f60b9-cdf1-54d8-9f81-39d7f1146e8f,569,FCK,1000,FCM,1,1031.24,1031.24,18,15,166965,L. Lerager,count,defensive_third,defensive_third,central_channel,-31.12,7.22,-21.78,16.26,-31.12,7.22,-21.78,16.26,pass,reception,,context event,FCK context event at minute 18.,Executive Match Overview,pitch scatter map,low,false,false,false,false,1591,0,
8cfdb681-32cf-4ebf-81f1-5c0839ec82d5,2442592,ad13112a-b014-506d-ae22-5830c63c00e3,569,FCK,1000,FCM,1,1032,1032,18,15,68640,T. Delaney,count,defensive_third,defensive_third,right_channel,-21.82,16.31,-30.88,25.05,-21.82,16.31,-30.88,25.05,pass,reception,,context event,FCK context event at minute 18.,Executive Match Overview,pitch scatter map,low,false,false,false,false,1595,0,
8cfdb681-32cf-4ebf-81f1-5c0839ec82d5,2442592,d648d558-3a83-5ee4-b43d-96cb3f81564c,569,FCK,1000,FCM,1,1039,1039,18,15,,,count,middle_third,middle_third,right_channel,-9.27,28.11,-8.91,28.06,-9.27,28.11,-8.91,28.06,loss,,progression,turnover / loss,FCK turnover / loss at minute 18.,Defensive Behaviour & Transitions,pitch scatter map,high,false,false,false,false,1598,0,
8cfdb681-32cf-4ebf-81f1-5c0839ec82d5,2442592,bd838947-d083-5889-90f5-82009b0e0096,569,FCK,1000,FCM,1,1039.16,1039.16,18,15,220246,P. Hatzidiakos,count,middle_third,middle_third,right_channel,-10.93,25.27,14.53,10.66,-10.93,25.27,14.53,10.66,pass,interception,,context event,FCK context event at minute 18.,Executive Match Overview,pitch scatter map,medium,false,false,false,false,1600,0,
8cfdb681-32cf-4ebf-81f1-5c0839ec82d5,2442592,2147778f-6730-5063-a0f3-80d515812a01,1000,FCM,569,FCK,1,1044.48,1044.48,18,15,,,count,attacking_third,attacking_third,left_channel,-44.46,-22.42,-22.38,7.09,44.46,-22.42,22.38,7.09,recovery,foul,interception,final-third entry,FCM final-third entry at minute 18.,Defensive Behaviour & Transitions,pitch scatter map,medium,false,false,false,false,1604,0,0
8cfdb681-32cf-4ebf-81f1-5c0839ec82d5,2442592,efd2e4a1-787c-5fae-992a-b4af586986a8,569,FCK,1000,FCM,1,1044.48,1044.48,18,15,,,count,attacking_third,attacking_third,right_channel,49.17,26.12,26.02,6.08,49.17,26.12,26.02,6.08,start_loc,,organisation,final-third entry,FCK final-third entry at minute 18.,Territory & Control,pitch scatter map,medium,false,false,false,false,1607,0,0
8cfdb681-32cf-4ebf-81f1-5c0839ec82d5,2442592,35856db8-e2cf-537a-a452-fe8872cb9346,1000,FCM,569,FCK,1,1044.6,1044.6,18,15,430901,E. Olafsson,count,attacking_third,attacking_third,left_channel,-44.45,-22.46,-37.61,-23.96,44.45,-22.46,37.61,-23.96,pass,reception,,final-third entry,FCM final-third entry at minute 18.,Territory & Control,pitch scatter map,medium,false,false,false,false,1608,0,
8cfdb681-32cf-4ebf-81f1-5c0839ec82d5,2442592,9226dae3-92fc-5ba9-952e-693b1c886082,1000,FCM,569,FCK,1,1046.92,1046.92,18,15,609108,O. Diao,count,attacking_third,attacking_third,left_channel,-37.02,-22.59,-32.71,-4.56,37.02,-22.59,32.71,-4.56,pass,reception,,final-third entry,FCM final-third entry at minute 18.,Territory & Control,pitch scatter map,medium,false,false,false,false,1612,0,
8cfdb681-32cf-4ebf-81f1-5c0839ec82d5,2442592,644547c2-e31e-5796-bcf0-03e29970a1d5,1000,FCM,569,FCK,1,1051.4,1051.4,18,15,228044,M. Bech,count,attacking_third,attacking_third,central_channel,-24.23,0.33,-25.61,-15.41,24.23,0.33,25.61,-15.41,pass,reception,,final-third entry,FCM final-third entry at minute 18.,Territory & Control,pitch scatter map,medium,false,false,false,false,1616,0,
8cfdb681-32cf-4ebf-81f1-5c0839ec82d5,2442592,dbfa9384-d76b-5119-b695-291e917925e6,1000,FCM,569,FCK,1,1056.6,1056.6,18,15,,,count,middle_third,middle_third,central_channel,-10.88,-1.85,-21.91,9.91,10.88,-1.85,21.91,9.91,incomplete_pass,incomplete_pass,,final-third entry,FCM final-third entry at minute 18.,Territory & Control,pitch scatter map,medium,false,true,false,false,1619,0.05,
8cfdb681-32cf-4ebf-81f1-5c0839ec82d5,2442592,8c6a6a07-7758-58d7-a3eb-e3faf4a62a0d,1000,FCM,569,FCK,1,1056.72,1056.72,18,15,609108,O. Diao,count,middle_third,middle_third,central_channel,-18.34,-9.98,-23.11,4.39,18.34,-9.98,23.11,4.39,pass,reception,,final-third entry,FCM final-third entry at minute 18.,Territory & Control,pitch scatter map,medium,false,true,false,false,1620,0.05,
8cfdb681-32cf-4ebf-81f1-5c0839ec82d5,2442592,1fd937b8-274f-5953-b42e-065e2e3eaefa,1000,FCM,569,FCK,1,1059.28,1059.28,18,15,228044,M. Bech,count,attacking_third,attacking_third,central_channel,-22.38,7.09,14.94,24.72,22.38,7.09,-14.94,24.72,pass,other,,context event,FCM context event at minute 18.,Territory & Control,pitch scatter map,low,false,false,false,false,1624,0,
8cfdb681-32cf-4ebf-81f1-5c0839ec82d5,2442592,687bd77e-4118-5eae-8534-e223f45ef1b0,1000,FCM,569,FCK,1,1095.6,1095.6,19,15,204164,J. Andersson,count,defensive_third,defensive_third,right_channel,28.01,31.14,41.91,5.79,-28.01,31.14,-41.91,5.79,pass,other,,context event,FCM context event at minute 19.,Executive Match Overview,pitch scatter map,low,false,false,false,false,1636,0,
8cfdb681-32cf-4ebf-81f1-5c0839ec82d5,2442592,52514ade-a45c-5088-b64e-4e27e330d617,1000,FCM,569,FCK,1,1095.6,1095.6,19,15,,,count,attacking_third,attacking_third,central_channel,-26.82,-10.26,-26.82,-10.26,26.82,-10.26,26.82,-10.26,loss,,attacking,final-third entry,FCM final-third entry at minute 19.,Defensive Behaviour & Transitions,pitch scatter map,high,false,false,false,false,1637,0,
8cfdb681-32cf-4ebf-81f1-5c0839ec82d5,2442592,6e09561f-c8d8-5224-a749-3ed95311fa1e,1000,FCM,569,FCK,1,1095.6,1095.6,19,15,204164,J. Andersson,count,attacking_third,attacking_third,central_channel,-26.82,-10.26,-26.82,-10.26,26.82,-10.26,26.82,-10.26,incomplete_pass,incomplete_pass,,final-third entry,FCM final-third entry at minute 19.,Territory & Control,pitch scatter map,medium,false,false,false,false,1639,0,0
8cfdb681-32cf-4ebf-81f1-5c0839ec82d5,2442592,af581436-2af5-53ec-8060-9af5c86430ff,569,FCK,1000,FCM,1,1095.6,1095.6,19,15,,,count,defensive_third,defensive_third,central_channel,-26.82,-10.26,-26.82,-10.26,-26.82,-10.26,-26.82,-10.26,start_loc,,organisation,context event,FCK context event at minute 19.,Executive Match Overview,pitch scatter map,low,false,false,false,true,1640,0,0
8cfdb681-32cf-4ebf-81f1-5c0839ec82d5,2442592,a4035667-021c-5165-a9ce-70372610ebce,569,FCK,1000,FCM,1,1126.84,1126.84,19,15,,,count,defensive_third,defensive_third,central_channel,-40.12,0.63,-16.78,-18,-40.12,0.63,-16.78,-18,recovery,turnover,free_kick,ball recovery,FCK ball recovery at minute 19.,Defensive Behaviour & Transitions,pitch scatter map,high,false,false,false,false,1646,0.02,0
8cfdb681-32cf-4ebf-81f1-5c0839ec82d5,2442592,e5b81253-bc8d-56ca-9c88-34fe552e8b83,569,FCK,1000,FCM,1,1126.84,1126.84,19,15,232398,N. Trott,count,defensive_third,defensive_third,central_channel,-40.12,0.63,-38.46,-18.01,-40.12,0.63,-38.46,-18.01,pass,reception,,context event,FCK context event at minute 19.,Executive Match Overview,pitch scatter map,low,false,false,false,false,1647,0,
8cfdb681-32cf-4ebf-81f1-5c0839ec82d5,2442592,d35ce235-a318-589b-a503-68e3ba252556,1000,FCM,569,FCK,1,1126.84,1126.84,19,15,,,count,attacking_third,attacking_third,central_channel,-39.52,11.32,-15.05,-1.33,39.52,11.32,15.05,-1.33,start_loc,,organisation,box involvement,FCM box involvement at minute 19.,Chance Creation & Final Third,pitch scatter map,high,true,false,false,false,1648,0,0
8cfdb681-32cf-4ebf-81f1-5c0839ec82d5,2442592,3859ec1f-0c54-5a2a-8ed8-cfdc80d7353f,569,FCK,1000,FCM,1,1130.84,1130.84,19,15,,,count,defensive_third,defensive_third,central_channel,-35.37,-2.54,-15.05,-1.33,-35.37,-2.54,-15.05,-1.33,loss,,progression,turnover / loss,FCK turnover / loss at minute 19.,Defensive Behaviour & Transitions,pitch scatter map,high,false,false,false,false,1654,0.02,
8cfdb681-32cf-4ebf-81f1-5c0839ec82d5,2442592,2ae742d1-349b-502a-a5ee-299dc505a3a8,569,FCK,1000,FCM,1,1131.32,1131.32,19,15,475413,Gabriel Pereira,count,defensive_third,defensive_third,left_channel,-34.31,-20.4,-16.74,-17.83,-34.31,-20.4,-16.74,-17.83,pass,reception,,progressive action,FCK progressive action at minute 19.,Territory & Control,pitch scatter map,medium,false,false,true,false,1656,0.02,
8cfdb681-32cf-4ebf-81f1-5c0839ec82d5,2442592,9ed49738-00cf-5ca4-b32d-91bf380251ef,569,FCK,1000,FCM,1,1132.12,1132.12,19,15,433957,M. Mattsson,count,middle_third,middle_third,left_channel,-16.78,-18,-5.98,-18.05,-16.78,-18,-5.98,-18.05,pass,interception,,context event,FCK context event at minute 19.,Executive Match Overview,pitch scatter map,medium,false,false,false,false,1662,0,
8cfdb681-32cf-4ebf-81f1-5c0839ec82d5,2442592,0ff747ca-8ccd-5414-a5bd-091d69fbf6ae,1000,FCM,569,FCK,1,1132.52,1132.52,19,15,,,count,middle_third,middle_third,central_channel,16.85,5.48,-0.58,14.38,-16.85,5.48,0.58,14.38,completed_pass,completed_pass,,progressive action,FCM progressive action at minute 19.,Territory & Control,pitch scatter map,medium,false,false,true,false,1663,0,
8cfdb681-32cf-4ebf-81f1-5c0839ec82d5,2442592,591d6263-925d-574d-9d8a-12f255337050,1000,FCM,569,FCK,1,1133,1133,19,15,,,count,middle_third,middle_third,right_channel,4.84,20.73,-9.43,20.17,-4.84,20.73,9.43,20.17,recovery,turnover,interception,ball recovery,FCM ball recovery at minute 19.,Defensive Behaviour & Transitions,pitch scatter map,high,false,false,false,false,1664,0,0
8cfdb681-32cf-4ebf-81f1-5c0839ec82d5,2442592,eaff677d-7caa-5737-a7f3-20d001cf0a9b,1000,FCM,569,FCK,1,1133,1133,19,15,,,count,middle_third,middle_third,central_channel,-2.53,-3.19,12.44,-2.8,2.53,-3.19,-12.44,-2.8,loss,,regain,turnover / loss,FCM turnover / loss at minute 19.,Defensive Behaviour & Transitions,pitch scatter map,high,false,false,false,false,1668,0,
8cfdb681-32cf-4ebf-81f1-5c0839ec82d5,2442592,3a10fd8a-6695-551f-8b0e-8cf2819fb2de,1000,FCM,569,FCK,1,1133.08,1133.08,19,15,204164,J. Andersson,count,middle_third,middle_third,right_channel,4.91,20.82,11.35,11.36,-4.91,20.82,-11.35,11.36,pass,reception,,context event,FCM context event at minute 19.,Executive Match Overview,pitch scatter map,low,false,false,false,false,1669,0,
8cfdb681-32cf-4ebf-81f1-5c0839ec82d5,2442592,35327422-2f5d-5d54-9a45-a53a32920967,1000,FCM,569,FCK,1,1135.44,1135.44,19,15,494784,Oliver Sorensen,count,middle_third,middle_third,right_channel,4.19,13.66,-7.37,17.15,-4.19,13.66,7.37,17.15,pass,reception,,progressive action,FCM progressive action at minute 19.,Territory & Control,pitch scatter map,medium,false,false,true,false,1677,0,
8cfdb681-32cf-4ebf-81f1-5c0839ec82d5,2442592,2276cda9-9788-5cf9-b3c9-a24721898b7d,1000,FCM,569,FCK,1,1137.32,1137.32,19,15,228044,M. Bech,count,middle_third,middle_third,right_channel,-9.43,20.17,13.63,30.07,9.43,20.17,-13.63,30.07,pass,interception,,context event,FCM context event at minute 19.,Executive Match Overview,pitch scatter map,medium,false,false,false,false,1684,0,
8cfdb681-32cf-4ebf-81f1-5c0839ec82d5,2442592,0ad30630-6b01-5f6c-bf02-77e04c6ac16f,569,FCK,1000,FCM,1,1138.96,1138.96,19,15,512627,G. Gocholeishvili,count,middle_third,middle_third,central_channel,-12.37,-8.74,-8.17,-10.79,-12.37,-8.74,-8.17,-10.79,loss,ball_lost,,turnover / loss,FCK turnover / loss at minute 19.,Defensive Behaviour & Transitions,pitch scatter map,high,false,false,false,false,1688,0,0
8cfdb681-32cf-4ebf-81f1-5c0839ec82d5,2442592,922d1891-1e01-549d-bf8b-6195d7068859,569,FCK,1000,FCM,1,1138.96,1138.96,19,15,,,count,middle_third,middle_third,left_channel,-14.23,-28.91,-8.19,-28.95,-14.23,-28.91,-8.19,-28.95,recovery,out,interception,ball recovery,FCK ball recovery at minute 19.,Defensive Behaviour & Transitions,pitch scatter map,medium,false,false,false,false,1691,0,0
8cfdb681-32cf-4ebf-81f1-5c0839ec82d5,2442592,893cc0bf-ddcc-5278-80be-b0a3c2fc9780,569,FCK,1000,FCM,1,1143.04,1143.04,20,15,96787,M. Elyounoussi,count,middle_third,middle_third,left_channel,-8.19,-28.95,-6.42,-27.69,-8.19,-28.95,-6.42,-27.69,pass,out,,context event,FCK context event at minute 20.,Executive Match Overview,pitch scatter map,low,false,false,false,false,1701,0,
8cfdb681-32cf-4ebf-81f1-5c0839ec82d5,2442592,97293e51-af45-5535-bdfb-d38e4f2b8a66,569,FCK,1000,FCM,1,1154.96,1154.96,20,15,,,count,middle_third,middle_third,central_channel,-2.23,-12.37,54.75,-11.12,-2.23,-12.37,54.75,-11.12,progression,,progression,box involvement,FCK box involvement at minute 20.,Chance Creation & Final Third,pitch scatter map,high,true,true,false,false,1707,0.15,
8cfdb681-32cf-4ebf-81f1-5c0839ec82d5,2442592,afadeeb2-a700-5e1e-8815-134569175f7d,569,FCK,1000,FCM,1,1154.96,1154.96,20,15,512627,G. Gocholeishvili,count,middle_third,middle_third,left_channel,-4.56,-34.25,14.09,-24.45,-4.56,-34.25,14.09,-24.45,pass,reception,,progressive action,FCK progressive action at minute 20.,Territory & Control,pitch scatter map,medium,false,false,true,false,1708,0,
8cfdb681-32cf-4ebf-81f1-5c0839ec82d5,2442592,c55b880b-26c9-5325-bee6-85c74e6317a5,569,FCK,1000,FCM,1,1154.96,1154.96,20,15,,,count,middle_third,middle_third,left_channel,-4.56,-34.25,49.78,-32.41,-4.56,-34.25,49.78,-32.41,recovery,turnover,throw_in,final-third entry,FCK final-third entry at minute 20.,Defensive Behaviour & Transitions,pitch scatter map,high,false,true,false,false,1709,0.05,0
8cfdb681-32cf-4ebf-81f1-5c0839ec82d5,2442592,bcdd6186-672a-53ab-ab4a-542b72543969,569,FCK,1000,FCM,1,1156.68,1156.68,20,15,457214,G. Onugkha,count,middle_third,middle_third,left_channel,14.04,-24.41,11.27,-29.83,14.04,-24.41,11.27,-29.83,pass,reception,,context event,FCK context event at minute 20.,Executive Match Overview,pitch scatter map,low,false,false,false,false,1712,0,
8cfdb681-32cf-4ebf-81f1-5c0839ec82d5,2442592,da02e2f2-75e0-5828-9d3f-7d1b62d1c1a3,569,FCK,1000,FCM,1,1156.96,1156.96,20,15,433957,M. Mattsson,count,middle_third,middle_third,left_channel,10.41,-21.46,21.37,-22.02,10.41,-21.46,21.37,-22.02,run_start_loc,,,final-third entry,FCK final-third entry at minute 20.,Territory & Control,pitch scatter map,medium,false,true,false,false,1713,0.05,
8cfdb681-32cf-4ebf-81f1-5c0839ec82d5,2442592,e465cc46-e823-59ff-aa4f-0804ca6c22a9,569,FCK,1000,FCM,1,1158.32,1158.32,20,15,96787,M. Elyounoussi,count,middle_third,middle_third,left_channel,10.23,-29.78,23.41,-27.01,10.23,-29.78,23.41,-27.01,pass,reception,,final-third entry,FCK final-third entry at minute 20.,Territory & Control,pitch scatter map,medium,false,true,true,false,1716,0.05,
8cfdb681-32cf-4ebf-81f1-5c0839ec82d5,2442592,d59b9ab9-8bfb-562c-9afd-356b5f660e66,569,FCK,1000,FCM,1,1160.08,1160.08,20,15,433957,M. Mattsson,count,attacking_third,attacking_third,central_channel,25.44,-3.95,25.45,-3.93,25.44,-3.95,25.45,-3.93,forward,forward,,final-third entry,FCK final-third entry at minute 20.,Territory & Control,pitch scatter map,medium,false,false,false,false,1719,0,0
8cfdb681-32cf-4ebf-81f1-5c0839ec82d5,2442592,d320d244-6b71-5dff-8efe-32f049682d34,569,FCK,1000,FCM,1,1160.12,1160.12,20,15,433957,M. Mattsson,count,attacking_third,attacking_third,left_channel,21.84,-21.83,27.6,-27.97,21.84,-21.83,27.6,-27.97,pass,reception,,final-third entry,FCK final-third entry at minute 20.,Territory & Control,pitch scatter map,medium,false,false,false,false,1721,0,
8cfdb681-32cf-4ebf-81f1-5c0839ec82d5,2442592,ff3ecb48-2060-504f-ac74-0acf798108c8,569,FCK,1000,FCM,1,1161.08,1161.08,20,15,457214,G. Onugkha,count,attacking_third,attacking_third,central_channel,31.49,-8.1,54.75,-11.12,31.49,-8.1,54.75,-11.12,incomplete_pass,incomplete_pass,,box involvement,FCK box involvement at minute 20.,Chance Creation & Final Third,pitch scatter map,high,true,false,false,false,1725,0.1,0
8cfdb681-32cf-4ebf-81f1-5c0839ec82d5,2442592,503df513-23bd-57c7-bb94-f58c321138a5,569,FCK,1000,FCM,1,1164.72,1164.72,20,15,457214,G. Onugkha,count,attacking_third,attacking_third,left_channel,49.78,-32.41,44.39,-6.36,49.78,-32.41,44.39,-6.36,pass,interception,,box involvement,FCK box involvement at minute 20.,Chance Creation & Final Third,pitch scatter map,high,true,false,false,false,1732,0.1,
8cfdb681-32cf-4ebf-81f1-5c0839ec82d5,2442592,765d13b4-cf32-5752-b91f-d8a019eb14cf,569,FCK,1000,FCM,1,1164.96,1164.96,20,15,,,count,attacking_third,attacking_third,central_channel,54.3,-7.75,38.2,-8.8,54.3,-7.75,38.2,-8.8,attacking,,attacking,box involvement,FCK box involvement at minute 20.,Chance Creation & Final Third,pitch scatter map,high,true,false,false,false,1733,0,
8cfdb681-32cf-4ebf-81f1-5c0839ec82d5,2442592,ac09fbca-0de1-5592-bd0e-6b61b29dc1ca,1000,FCM,569,FCK,1,1168.2,1168.2,20,15,204164,J. Andersson,count,defensive_third,defensive_third,central_channel,43.85,-6.6,43.54,-6.71,-43.85,-6.6,-43.54,-6.71,loss,ball_lost,,turnover / loss,FCM turnover / loss at minute 20.,Defensive Behaviour & Transitions,pitch scatter map,high,false,false,false,false,1738,0,0
8cfdb681-32cf-4ebf-81f1-5c0839ec82d5,2442592,596b8295-0fce-5304-8cf9-98ee3338264a,569,FCK,1000,FCM,1,1169.2,1169.2,20,15,512627,G. Gocholeishvili,count,attacking_third,attacking_third,central_channel,38.41,-8.79,38.2,-8.8,38.41,-8.79,38.2,-8.8,loss,ball_lost,,final-third entry,FCK final-third entry at minute 20.,Defensive Behaviour & Transitions,pitch scatter map,high,false,false,false,false,1740,0,0
8cfdb681-32cf-4ebf-81f1-5c0839ec82d5,2442592,0812dcdf-c006-5a5d-9fa0-5b18fdd34051,569,FCK,1000,FCM,1,1173.72,1173.72,20,15,,,count,attacking_third,attacking_third,left_channel,34.08,-22.68,47.49,-19.06,34.08,-22.68,47.49,-19.06,start_loc,,,box involvement,FCK box involvement at minute 20.,Chance Creation & Final Third,pitch scatter map,high,true,false,false,false,1747,0.1,
8cfdb681-32cf-4ebf-81f1-5c0839ec82d5,2442592,2d17306b-536c-50bc-8393-2bb50bd79fe9,569,FCK,1000,FCM,1,1173.72,1173.72,20,15,,,count,attacking_third,attacking_third,left_channel,34.89,-34.25,34.89,-34.25,34.89,-34.25,34.89,-34.25,recovery,turnover,throw_in,final-third entry,FCK final-third entry at minute 20.,Defensive Behaviour & Transitions,pitch scatter map,high,false,false,false,false,1749,0,0
8cfdb681-32cf-4ebf-81f1-5c0839ec82d5,2442592,81cbda1e-10cf-5b82-9872-257db8220202,569,FCK,1000,FCM,1,1173.72,1173.72,20,15,512627,G. Gocholeishvili,count,attacking_third,attacking_third,left_channel,34.89,-34.25,45.37,-20.32,34.89,-34.25,45.37,-20.32,pass,interception,,final-third entry,FCK final-third entry at minute 20.,Territory & Control,pitch scatter map,medium,false,false,false,false,1750,0,
8cfdb681-32cf-4ebf-81f1-5c0839ec82d5,2442592,538e95c4-5619-55b6-a6e7-e530310d6898,569,FCK,1000,FCM,1,1173.72,1173.72,20,15,512627,G. Gocholeishvili,count,attacking_third,attacking_third,central_channel,39.14,-12.37,39.14,-12.37,39.14,-12.37,39.14,-12.37,incomplete_pass,incomplete_pass,,final-third entry,FCK final-third entry at minute 20.,Territory & Control,pitch scatter map,medium,false,false,false,false,1751,0,0
8cfdb681-32cf-4ebf-81f1-5c0839ec82d5,2442592,fecc804f-0e5f-510f-b3a2-f0eadd3a5db6,569,FCK,1000,FCM,1,1173.72,1173.72,20,15,,,count,attacking_third,attacking_third,central_channel,39.14,-12.37,39.14,-12.37,39.14,-12.37,39.14,-12.37,loss,,attacking,final-third entry,FCK final-third entry at minute 20.,Defensive Behaviour & Transitions,pitch scatter map,high,false,false,false,false,1753,0,
8cfdb681-32cf-4ebf-81f1-5c0839ec82d5,2442592,3ba6dc5d-756c-5b16-b497-839a43aca998,1000,FCM,569,FCK,1,1174.96,1174.96,20,15,,,count,attacking_third,attacking_third,right_channel,-41.92,23.39,-40.67,33.06,41.92,23.39,40.67,33.06,incomplete_pass,incomplete_pass,,final-third entry,FCM final-third entry at minute 20.,Territory & Control,pitch scatter map,medium,false,false,false,false,1755,0,
8cfdb681-32cf-4ebf-81f1-5c0839ec82d5,2442592,b215272b-82c2-53be-aade-c87bcf3ca588,569,FCK,1000,FCM,1,1175.84,1175.84,20,15,,,count,attacking_third,attacking_third,central_channel,50.31,-2.5,-2.8,-11.86,50.31,-2.5,-2.8,-11.86,start_loc,,transition,box involvement,FCK box involvement at minute 20.,Chance Creation & Final Third,pitch scatter map,high,true,false,false,false,1756,0,0
8cfdb681-32cf-4ebf-81f1-5c0839ec82d5,2442592,b4139cce-356a-581d-8289-f34e46ec4c44,1000,FCM,569,FCK,1,1175.84,1175.84,20,15,,,count,attacking_third,attacking_third,right_channel,-45.55,19.72,5.1,33.5,45.55,19.72,-5.1,33.5,recovery,out,interception,box involvement,FCM box involvement at minute 20.,Chance Creation & Final Third,pitch scatter map,high,true,false,false,false,1757,0,0
8cfdb681-32cf-4ebf-81f1-5c0839ec82d5,2442592,beb032b4-5c85-5998-9360-a2608b4082bd,1000,FCM,569,FCK,1,1180.52,1180.52,20,15,533646,D. Osorio,count,attacking_third,attacking_third,central_channel,-24.61,12.88,3.06,16.85,24.61,12.88,-3.06,16.85,run_start_loc,,,context event,FCM context event at minute 20.,Territory & Control,pitch scatter map,low,false,false,false,false,1764,0,
8cfdb681-32cf-4ebf-81f1-5c0839ec82d5,2442592,5ac932d1-00be-5b80-9022-bfb26b345fd2,1000,FCM,569,FCK,1,1180.84,1180.84,20,15,,,count,defensive_third,defensive_third,central_channel,47.69,-11.04,-2.8,-11.86,-47.69,-11.04,2.8,-11.86,loss,,counter_attack,turnover / loss,FCM turnover / loss at minute 20.,Defensive Behaviour & Transitions,pitch scatter map,high,false,false,false,false,1765,0.02,
8cfdb681-32cf-4ebf-81f1-5c0839ec82d5,2442592,8398f5d1-53f6-586b-9503-76c6aaf36397,1000,FCM,569,FCK,1,1180.84,1180.84,20,15,474838,E. Martinez,count,attacking_third,attacking_third,right_channel,-43.05,32.29,-12.19,24.45,43.05,32.29,12.19,24.45,pass,interception,,context event,FCM context event at minute 20.,Territory & Control,pitch scatter map,medium,false,false,false,false,1766,0,
8cfdb681-32cf-4ebf-81f1-5c0839ec82d5,2442592,06a1ca10-d831-521f-bd04-5e31cd2da209,569,FCK,1000,FCM,1,1182.72,1182.72,20,15,475413,Gabriel Pereira,count,middle_third,middle_third,left_channel,7.77,-23.96,7.52,-21.79,7.77,-23.96,7.52,-21.79,pass,interception,,context event,FCK context event at minute 20.,Executive Match Overview,pitch scatter map,medium,false,false,false,false,1773,0,
8cfdb681-32cf-4ebf-81f1-5c0839ec82d5,2442592,e89c8417-a407-5e82-a763-3872598361ad,1000,FCM,569,FCK,1,1184.28,1184.28,20,15,551144,Franculino Dju,count,middle_third,middle_third,right_channel,-7.56,22.14,-5.43,30.73,7.56,22.14,5.43,30.73,pass,reception,,context event,FCM context event at minute 20.,Executive Match Overview,pitch scatter map,low,false,false,false,false,1780,0,
8cfdb681-32cf-4ebf-81f1-5c0839ec82d5,2442592,bed89617-e0fd-529b-8cb8-b482c76122d8,1000,FCM,569,FCK,1,1186.04,1186.04,20,15,477672,A. Simsir,count,middle_third,middle_third,central_channel,8.24,-9.98,-2.8,-11.86,-8.24,-9.98,2.8,-11.86,loss,ball_lost,,turnover / loss,FCM turnover / loss at minute 20.,Defensive Behaviour & Transitions,pitch scatter map,high,false,false,false,false,1788,0,0
8cfdb681-32cf-4ebf-81f1-5c0839ec82d5,2442592,d40c18e4-afa8-5cc1-8f99-98246b2f599f,569,FCK,1000,FCM,1,1206.68,1206.68,21,20,512627,G. Gocholeishvili,count,middle_third,middle_third,left_channel,-5.77,-34.31,-5.29,-25.9,-5.77,-34.31,-5.29,-25.9,pass,reception,,context event,FCK context event at minute 21.,Executive Match Overview,pitch scatter map,low,false,false,false,false,1800,0,
8cfdb681-32cf-4ebf-81f1-5c0839ec82d5,2442592,354a2b71-b680-5b5a-8dc7-c1fa7354d559,569,FCK,1000,FCM,1,1206.68,1206.68,21,20,,,count,middle_third,middle_third,left_channel,-5.77,-34.31,-5.29,-25.99,-5.77,-34.31,-5.29,-25.99,recovery,turnover,throw_in,ball recovery,FCK ball recovery at minute 21.,Defensive Behaviour & Transitions,pitch scatter map,high,false,false,false,false,1801,0,0
8cfdb681-32cf-4ebf-81f1-5c0839ec82d5,2442592,449f2a46-cb74-5b90-898b-e2c1043179d9,569,FCK,1000,FCM,1,1206.68,1206.68,21,20,,,count,middle_third,middle_third,central_channel,-3.5,-12.41,-3,-6.76,-3.5,-12.41,-3,-6.76,loss,,progression,turnover / loss,FCK turnover / loss at minute 21.,Defensive Behaviour & Transitions,pitch scatter map,high,false,false,false,false,1802,0,
8cfdb681-32cf-4ebf-81f1-5c0839ec82d5,2442592,e00a53e1-aab8-5da0-a3ea-1b9a7db0417c,569,FCK,1000,FCM,1,1207.48,1207.48,21,20,96787,M. Elyounoussi,count,middle_third,middle_third,left_channel,-5.29,-25.99,11.14,-25.56,-5.29,-25.99,11.14,-25.56,pass,interception,,context event,FCK context event at minute 21.,Executive Match Overview,pitch scatter map,medium,false,false,false,false,1808,0,
8cfdb681-32cf-4ebf-81f1-5c0839ec82d5,2442592,c3e1440b-c50f-5234-9363-d48284396420,1000,FCM,569,FCK,1,1208.72,1208.72,21,20,,,count,middle_third,middle_third,right_channel,-9.2,27.26,-2.92,26.04,9.2,27.26,2.92,26.04,recovery,out,interception,ball recovery,FCM ball recovery at minute 21.,Defensive Behaviour & Transitions,pitch scatter map,medium,false,false,false,false,1813,0,0
8cfdb681-32cf-4ebf-81f1-5c0839ec82d5,2442592,e30bb66b-cea9-5a75-8124-13c0792b96b9,1000,FCM,569,FCK,1,1208.72,1208.72,21,20,,,count,middle_third,middle_third,central_channel,12.2,-7.62,5.61,-6.79,-12.2,-7.62,-5.61,-6.79,loss,,counter_attack,turnover / loss,FCM turnover / loss at minute 21.,Defensive Behaviour & Transitions,pitch scatter map,high,false,false,false,false,1815,0,
8cfdb681-32cf-4ebf-81f1-5c0839ec82d5,2442592,22c7be54-e94e-582f-ac6e-e12460dc7d8d,1000,FCM,569,FCK,1,1208.84,1208.84,21,20,204164,J. Andersson,count,middle_third,middle_third,right_channel,-9.05,26.92,-2.71,25.24,9.05,26.92,2.71,25.24,pass,reception,,context event,FCM context event at minute 21.,Executive Match Overview,pitch scatter map,low,false,false,false,false,1816,0,
8cfdb681-32cf-4ebf-81f1-5c0839ec82d5,2442592,8a1caa19-2c27-50cc-8687-6fd4c1a78ebb,1000,FCM,569,FCK,1,1210.6,1210.6,21,20,474838,E. Martinez,count,middle_third,middle_third,right_channel,-2.92,26.04,-5.87,18.88,2.92,26.04,5.87,18.88,pass,out,,context event,FCM context event at minute 21.,Executive Match Overview,pitch scatter map,low,false,false,false,false,1820,0,
8cfdb681-32cf-4ebf-81f1-5c0839ec82d5,2442592,8f90cdeb-7d58-5136-93a1-9aba67774195,569,FCK,1000,FCM,1,1249.08,1249.08,21,20,96787,M. Elyounoussi,count,middle_third,middle_third,left_channel,16.27,-24.8,29.44,-28.15,16.27,-24.8,29.44,-28.15,run_start_loc,,,final-third entry,FCK final-third entry at minute 21.,Territory & Control,pitch scatter map,medium,false,true,false,false,1824,0.05,
8cfdb681-32cf-4ebf-81f1-5c0839ec82d5,2442592,57fe707e-6936-5d25-a38d-f30719fd6233,569,FCK,1000,FCM,1,1249.88,1249.88,21,20,512627,G. Gocholeishvili,count,middle_third,middle_third,left_channel,8.14,-34.18,28.47,-19.76,8.14,-34.18,28.47,-19.76,pass,other,,final-third entry,FCK final-third entry at minute 21.,Territory & Control,pitch scatter map,medium,false,true,false,false,1827,0.05,
8cfdb681-32cf-4ebf-81f1-5c0839ec82d5,2442592,ce4eebe9-1640-5f2f-8404-e2f6f273f7ab,569,FCK,1000,FCM,1,1249.88,1249.88,21,20,,,count,middle_third,middle_third,central_channel,11.08,-12.32,11.08,-12.32,11.08,-12.32,11.08,-12.32,loss,,progression,turnover / loss,FCK turnover / loss at minute 21.,Defensive Behaviour & Transitions,pitch scatter map,high,false,false,false,false,1828,0,
8cfdb681-32cf-4ebf-81f1-5c0839ec82d5,2442592,4a23ad1b-029f-5e93-9d62-79dc25bec250,1000,FCM,569,FCK,1,1260.52,1260.52,22,20,,,count,defensive_third,defensive_third,central_channel,29.72,-2.59,21.56,-7.89,-29.72,-2.59,-21.56,-7.89,loss,,maintenance,turnover / loss,FCM turnover / loss at minute 22.,Defensive Behaviour & Transitions,pitch scatter map,high,false,false,false,false,1834,0,
8cfdb681-32cf-4ebf-81f1-5c0839ec82d5,2442592,9d983f97-329b-536a-9c20-a902d4173b6a,1000,FCM,569,FCK,1,1260.52,1260.52,22,20,,,count,attacking_third,attacking_third,central_channel,-21.05,8.47,-34.4,6.78,21.05,8.47,34.4,6.78,completed_pass,completed_pass,,final-third entry,FCM final-third entry at minute 22.,Territory & Control,pitch scatter map,medium,false,false,true,false,1837,0,
8cfdb681-32cf-4ebf-81f1-5c0839ec82d5,2442592,d0b0ed27-93c7-5132-bd12-a173c65bba62,569,FCK,1000,FCM,1,1260.52,1260.52,22,20,,,count,attacking_third,attacking_third,central_channel,29.72,-2.59,21.56,-7.89,29.72,-2.59,21.56,-7.89,start_loc,,organisation,final-third entry,FCK final-third entry at minute 22.,Territory & Control,pitch scatter map,medium,false,false,false,false,1838,0,0
8cfdb681-32cf-4ebf-81f1-5c0839ec82d5,2442592,e8d75822-da89-52ce-bf0c-e45a6868d438,1000,FCM,569,FCK,1,1260.52,1260.52,22,20,228044,M. Bech,count,attacking_third,attacking_third,right_channel,-25.91,19.86,-32.71,0.96,25.91,19.86,32.71,0.96,pass,reception,,final-third entry,FCM final-third entry at minute 22.,Territory & Control,pitch scatter map,medium,false,false,false,false,1839,0,
8cfdb681-32cf-4ebf-81f1-5c0839ec82d5,2442592,e6141f4e-2a2c-5169-a3c8-a1f7a34e733c,1000,FCM,569,FCK,1,1260.52,1260.52,22,20,,,count,attacking_third,attacking_third,right_channel,-25.91,19.86,-18.12,27.67,25.91,19.86,18.12,27.67,recovery,turnover,free_kick,ball recovery,FCM ball recovery at minute 22.,Defensive Behaviour & Transitions,pitch scatter map,high,false,false,false,false,1840,0,0
8cfdb681-32cf-4ebf-81f1-5c0839ec82d5,2442592,63e62f0f-e28e-5d36-a680-a7ad53d9fcb1,1000,FCM,569,FCK,1,1264.68,1264.68,22,20,,,count,attacking_third,attacking_third,central_channel,-34.17,-0.15,-31.96,21.31,34.17,-0.15,31.96,21.31,completed_pass,completed_pass,,final-third entry,FCM final-third entry at minute 22.,Territory & Control,pitch scatter map,medium,false,false,false,false,1846,0,
8cfdb681-32cf-4ebf-81f1-5c0839ec82d5,2442592,436bc403-c5c7-57b5-857e-bff69234d6b6,1000,FCM,569,FCK,1,1265.08,1265.08,22,20,609108,O. Diao,count,attacking_third,attacking_third,central_channel,-35.69,3.09,-34.52,20.34,35.69,3.09,34.52,20.34,pass,reception,,final-third entry,FCM final-third entry at minute 22.,Territory & Control,pitch scatter map,medium,false,false,false,false,1848,0,
8cfdb681-32cf-4ebf-81f1-5c0839ec82d5,2442592,81162e07-fa91-5f79-8442-359f0e327a12,1000,FCM,569,FCK,1,1268.2,1268.2,22,20,228044,M. Bech,count,attacking_third,attacking_third,right_channel,-33.98,21.44,-10.1,26.57,33.98,21.44,10.1,26.57,pass,reception,,context event,FCM context event at minute 22.,Territory & Control,pitch scatter map,low,false,false,false,false,1854,0,
8cfdb681-32cf-4ebf-81f1-5c0839ec82d5,2442592,4f5dc3b0-a89e-54e9-8fb9-8da39de684f8,1000,FCM,569,FCK,1,1269.72,1269.72,22,20,551144,Franculino Dju,count,middle_third,middle_third,right_channel,-10.28,26.72,-19.03,20.21,10.28,26.72,19.03,20.21,pass,reception,,final-third entry,FCM final-third entry at minute 22.,Territory & Control,pitch scatter map,medium,false,true,false,false,1860,0.05,
8cfdb681-32cf-4ebf-81f1-5c0839ec82d5,2442592,19e2cff1-d7db-5946-a053-a6500926bfd2,1000,FCM,569,FCK,1,1269.92,1269.92,22,20,,,count,attacking_third,attacking_third,right_channel,-28.93,22.11,-15.56,21.23,28.93,22.11,15.56,21.23,defender_dribbled,defender_dribbled,,context event,FCM context event at minute 22.,Territory & Control,pitch scatter map,low,false,false,false,false,1862,0,
8cfdb681-32cf-4ebf-81f1-5c0839ec82d5,2442592,f86dd9b5-344e-50bb-ae39-2c3fa97d32dd,1000,FCM,569,FCK,1,1270.88,1270.88,22,20,,,count,middle_third,middle_third,right_channel,-13.99,27.89,-19.3,23.83,13.99,27.89,19.3,23.83,loss,lost_ball,,final-third entry,FCM final-third entry at minute 22.,Defensive Behaviour & Transitions,pitch scatter map,high,false,true,false,false,1865,0.05,
8cfdb681-32cf-4ebf-81f1-5c0839ec82d5,2442592,69ab596d-d495-5542-a791-fcbc7760bae2,1000,FCM,569,FCK,1,1271.08,1271.08,22,20,204164,J. Andersson,count,middle_third,middle_third,right_channel,-17.77,31.87,-16.78,22.83,17.77,31.87,16.78,22.83,pass,reception,,context event,FCM context event at minute 22.,Executive Match Overview,pitch scatter map,low,false,false,false,false,1868,0,
8cfdb681-32cf-4ebf-81f1-5c0839ec82d5,2442592,538c67a9-a73f-583e-9273-6e97f16f4957,1000,FCM,569,FCK,1,1271.6,1271.6,22,20,,,count,attacking_third,attacking_third,right_channel,-20.3,30.23,-18.15,27.66,20.3,30.23,18.15,27.66,defender_dribbled,defender_dribbled,,context event,FCM context event at minute 22.,Territory & Control,pitch scatter map,low,false,false,false,false,1870,0,
8cfdb681-32cf-4ebf-81f1-5c0839ec82d5,2442592,a057a809-4cc5-5430-923b-ce4d730b604f,1000,FCM,569,FCK,1,1272.24,1272.24,22,20,474838,E. Martinez,count,defensive_third,defensive_third,central_channel,20.14,-4.61,21.8,-7.26,-20.14,-4.61,-21.8,-7.26,loss,ball_lost,,turnover / loss,FCM turnover / loss at minute 22.,Defensive Behaviour & Transitions,pitch scatter map,high,false,false,false,false,1872,0,0
8cfdb681-32cf-4ebf-81f1-5c0839ec82d5,2442592,37d5e7f3-8b71-5f75-b3e5-a99e648a8d3c,569,FCK,1000,FCM,1,1272.72,1272.72,22,20,,,count,middle_third,middle_third,left_channel,17.48,-24.75,20.26,-25.47,17.48,-24.75,20.26,-25.47,completed_pass,completed_pass,,final-third entry,FCK final-third entry at minute 22.,Territory & Control,pitch scatter map,medium,false,true,false,false,1873,0.05,
8cfdb681-32cf-4ebf-81f1-5c0839ec82d5,2442592,2ba14800-b342-5821-b1f1-a78da3e8d84b,569,FCK,1000,FCM,1,1273.28,1273.28,22,20,,,count,middle_third,middle_third,left_channel,18.01,-28.13,45.34,20.21,18.01,-28.13,45.34,20.21,recovery,foul,tackle,final-third entry,FCK final-third entry at minute 22.,Defensive Behaviour & Transitions,pitch scatter map,medium,false,true,false,false,1876,0.05,0
8cfdb681-32cf-4ebf-81f1-5c0839ec82d5,2442592,6affb15f-e260-5041-8847-f4651d43eb3e,569,FCK,1000,FCM,1,1273.28,1273.28,22,20,96787,M. Elyounoussi,count,attacking_third,attacking_third,central_channel,21.43,-8.21,21.77,-7.61,21.43,-8.21,21.77,-7.61,forward,forward,,final-third entry,FCK final-third entry at minute 22.,Territory & Control,pitch scatter map,medium,false,false,false,false,1877,0,0
8cfdb681-32cf-4ebf-81f1-5c0839ec82d5,2442592,875a0882-1460-5210-81a4-96415dec0520,569,FCK,1000,FCM,1,1273.28,1273.28,22,20,,,count,attacking_third,attacking_third,central_channel,21.43,-8.21,40.4,-6.46,21.43,-8.21,40.4,-6.46,regain,,regain,box involvement,FCK box involvement at minute 22.,Chance Creation & Final Third,pitch scatter map,high,true,false,false,false,1878,0.1,
8cfdb681-32cf-4ebf-81f1-5c0839ec82d5,2442592,f03ed4bb-2236-572c-bd94-f8e19467e7fc,569,FCK,1000,FCM,1,1273.36,1273.36,22,20,,,count,attacking_third,attacking_third,left_channel,20.61,-31.36,25.17,-24.22,20.61,-31.36,25.17,-24.22,defender_dribbled,defender_dribbled,,final-third entry,FCK final-third entry at minute 22.,Territory & Control,pitch scatter map,medium,false,false,false,false,1880,0,
8cfdb681-32cf-4ebf-81f1-5c0839ec82d5,2442592,791d67a3-15a2-5cf6-ab3e-f6fe70cab822,569,FCK,1000,FCM,1,1273.68,1273.68,22,20,,,count,attacking_third,attacking_third,left_channel,19.15,-28.52,23.59,-20.26,19.15,-28.52,23.59,-20.26,defender_dribbled,defender_dribbled,,final-third entry,FCK final-third entry at minute 22.,Territory & Control,pitch scatter map,medium,false,false,false,false,1881,0,
8cfdb681-32cf-4ebf-81f1-5c0839ec82d5,2442592,bd635a0a-e159-5662-a6de-e5a0deff7c12,569,FCK,1000,FCM,1,1274.32,1274.32,22,20,96787,M. Elyounoussi,count,middle_third,middle_third,left_channel,18.33,-27.24,23.04,-23.12,18.33,-27.24,23.04,-23.12,pass,reception,,final-third entry,FCK final-third entry at minute 22.,Territory & Control,pitch scatter map,medium,false,true,false,false,1885,0.05,
8cfdb681-32cf-4ebf-81f1-5c0839ec82d5,2442592,b44946d7-7d47-5da5-8acb-75df9274a383,569,FCK,1000,FCM,1,1275.16,1275.16,22,20,166965,L. Lerager,count,attacking_third,attacking_third,central_channel,26.71,-4.81,26.31,-5,26.71,-4.81,26.31,-5,forward,forward,,final-third entry,FCK final-third entry at minute 22.,Territory & Control,pitch scatter map,medium,false,false,false,false,1886,0,0
8cfdb681-32cf-4ebf-81f1-5c0839ec82d5,2442592,a9f9304b-e167-51ba-920f-e9b90647ef9b,569,FCK,1000,FCM,1,1276.52,1276.52,22,20,,,count,attacking_third,attacking_third,left_channel,25.34,-24.46,25.28,-13.89,25.34,-24.46,25.28,-13.89,defender_dribbled,defender_dribbled,,final-third entry,FCK final-third entry at minute 22.,Territory & Control,pitch scatter map,medium,false,false,false,false,1890,0,
8cfdb681-32cf-4ebf-81f1-5c0839ec82d5,2442592,0eebe3c6-e041-5431-91d9-074875020c6f,569,FCK,1000,FCM,1,1276.8,1276.8,22,20,166965,L. Lerager,count,attacking_third,attacking_third,left_channel,22.66,-23.4,26.69,-31.31,22.66,-23.4,26.69,-31.31,pass,reception,,final-third entry,FCK final-third entry at minute 22.,Territory & Control,pitch scatter map,medium,false,false,false,false,1891,0,
8cfdb681-32cf-4ebf-81f1-5c0839ec82d5,2442592,4bf103a9-acf3-507d-bbc6-60c2bcea5640,569,FCK,1000,FCM,1,1277.16,1277.16,22,20,512627,G. Gocholeishvili,count,middle_third,middle_third,left_channel,5.83,-28.43,31.22,-31.27,5.83,-28.43,31.22,-31.27,run_start_loc,,,final-third entry,FCK final-third entry at minute 22.,Territory & Control,pitch scatter map,medium,false,true,false,false,1892,0.05,
8cfdb681-32cf-4ebf-81f1-5c0839ec82d5,2442592,d5b8217b-d838-5c87-8a85-cd2f6c59d943,569,FCK,1000,FCM,1,1277.68,1277.68,22,20,96787,M. Elyounoussi,count,attacking_third,attacking_third,central_channel,30.54,-10.37,25.78,-0.57,30.54,-10.37,25.78,-0.57,forward,forward,,final-third entry,FCK final-third entry at minute 22.,Territory & Control,pitch scatter map,medium,false,false,false,false,1895,0,0
8cfdb681-32cf-4ebf-81f1-5c0839ec82d5,2442592,5202e98c-7516-538e-8cd1-6a648e78d343,569,FCK,1000,FCM,1,1278.16,1278.16,22,20,,,count,attacking_third,attacking_third,left_channel,28.73,-28.62,23.83,-25.79,28.73,-28.62,23.83,-25.79,start_loc,,,final-third entry,FCK final-third entry at minute 22.,Territory & Control,pitch scatter map,medium,false,false,false,false,1897,0,
8cfdb681-32cf-4ebf-81f1-5c0839ec82d5,2442592,b01866f8-92cd-5062-8ff4-e803aca58c02,569,FCK,1000,FCM,1,1280.88,1280.88,22,20,,,count,attacking_third,attacking_third,left_channel,23.01,-20.42,32.18,-14.55,23.01,-20.42,32.18,-14.55,defender_dribbled,defender_dribbled,,final-third entry,FCK final-third entry at minute 22.,Territory & Control,pitch scatter map,medium,false,false,false,false,1903,0,
8cfdb681-32cf-4ebf-81f1-5c0839ec82d5,2442592,a8ab0949-2ee5-59f5-9827-2ce3f75fca7d,569,FCK,1000,FCM,1,1281.16,1281.16,22,20,96787,M. Elyounoussi,count,attacking_third,attacking_third,left_channel,22.16,-17.97,40,0.6,22.16,-17.97,40,0.6,run_start_loc,,,box involvement,FCK box involvement at minute 22.,Chance Creation & Final Third,pitch scatter map,high,true,false,false,false,1904,0.1,
8cfdb681-32cf-4ebf-81f1-5c0839ec82d5,2442592,bc539507-f0a3-5caf-9150-6cf37f1a1d94,569,FCK,1000,FCM,1,1281.2,1281.2,22,20,,,count,attacking_third,attacking_third,left_channel,24.19,-16.57,22.07,-8.65,24.19,-16.57,22.07,-8.65,completed_pass,completed_pass,,final-third entry,FCK final-third entry at minute 22.,Territory & Control,pitch scatter map,medium,false,false,false,false,1905,0,
8cfdb681-32cf-4ebf-81f1-5c0839ec82d5,2442592,15f03a7d-effc-5060-9f6b-e9b25a35f8ca,569,FCK,1000,FCM,1,1281.32,1281.32,22,20,96787,M. Elyounoussi,count,attacking_third,attacking_third,left_channel,22.15,-16.88,29.81,-13.89,22.15,-16.88,29.81,-13.89,pass,reception,,final-third entry,FCK final-third entry at minute 22.,Territory & Control,pitch scatter map,medium,false,false,false,false,1908,0,
8cfdb681-32cf-4ebf-81f1-5c0839ec82d5,2442592,c89af16e-92e2-5c0b-a6a9-e69f13fc27e2,569,FCK,1000,FCM,1,1282,1282,22,20,433957,M. Mattsson,count,attacking_third,attacking_third,central_channel,33.81,1.46,33.78,1.5,33.81,1.46,33.78,1.5,square,square,,final-third entry,FCK final-third entry at minute 22.,Territory & Control,pitch scatter map,medium,false,false,false,false,1910,0,0
8cfdb681-32cf-4ebf-81f1-5c0839ec82d5,2442592,9a7573c3-3103-5a66-9d06-451cd7f6fad0,569,FCK,1000,FCM,1,1282.04,1282.04,22,20,433957,M. Mattsson,count,attacking_third,attacking_third,left_channel,29.78,-13.83,31.81,-26.11,29.78,-13.83,31.81,-26.11,pass,reception,,final-third entry,FCK final-third entry at minute 22.,Territory & Control,pitch scatter map,medium,false,false,false,false,1911,0,
8cfdb681-32cf-4ebf-81f1-5c0839ec82d5,2442592,0daa93e1-64a4-5934-9811-1f1b0ac16136,569,FCK,1000,FCM,1,1283.32,1283.32,22,20,166965,L. Lerager,count,attacking_third,attacking_third,central_channel,35.91,-6.84,40.7,-6.44,35.91,-6.84,40.7,-6.44,square,square,,box involvement,FCK box involvement at minute 22.,Chance Creation & Final Third,pitch scatter map,high,true,false,false,false,1912,0.1,0
8cfdb681-32cf-4ebf-81f1-5c0839ec82d5,2442592,ad7fb7b1-7ab7-5dd7-aca5-df0f6be19b99,569,FCK,1000,FCM,1,1283.96,1283.96,22,20,546545,E. Achouri,count,attacking_third,attacking_third,central_channel,36.29,2.78,46.22,13.7,36.29,2.78,46.22,13.7,run_start_loc,,,box involvement,FCK box involvement at minute 22.,Chance Creation & Final Third,pitch scatter map,high,true,false,false,false,1914,0.1,
8cfdb681-32cf-4ebf-81f1-5c0839ec82d5,2442592,af6cded2-0be6-5e69-84c9-55379edb3fe3,569,FCK,1000,FCM,1,1284.4,1284.4,22,20,166965,L. Lerager,count,attacking_third,attacking_third,left_channel,36.38,-25.52,46.26,14.09,36.38,-25.52,46.26,14.09,pass,reception,,box involvement,FCK box involvement at minute 22.,Chance Creation & Final Third,pitch scatter map,high,true,false,false,false,1916,0.1,
8cfdb681-32cf-4ebf-81f1-5c0839ec82d5,2442592,647220dd-abb8-5445-8abc-8d8f2813df45,569,FCK,1000,FCM,1,1284.4,1284.4,22,20,,,count,attacking_third,attacking_third,central_channel,40.7,-6.44,40.7,-6.44,40.7,-6.44,40.7,-6.44,crossing,,crossing,box involvement,FCK box involvement at minute 22.,Chance Creation & Final Third,pitch scatter map,high,true,false,false,false,1917,0,
8cfdb681-32cf-4ebf-81f1-5c0839ec82d5,2442592,fd420c74-2d66-5b3f-9dd4-5e7b8c03fb7d,569,FCK,1000,FCM,1,1285.12,1285.12,22,20,,,count,attacking_third,attacking_third,central_channel,42.43,2.98,46.05,19.23,42.43,2.98,46.05,19.23,loss,lost_ball,,box involvement,FCK box involvement at minute 22.,Chance Creation & Final Third,pitch scatter map,high,true,false,false,false,1919,0,
8cfdb681-32cf-4ebf-81f1-5c0839ec82d5,2442592,03041fa4-26b7-5459-9cd6-8b47c57659a8,569,FCK,1000,FCM,1,1286.8,1286.8,22,20,546545,E. Achouri,count,attacking_third,attacking_third,right_channel,51.06,20.46,50.09,24.62,51.06,20.46,50.09,24.62,loss,ball_lost,,final-third entry,FCK final-third entry at minute 22.,Defensive Behaviour & Transitions,pitch scatter map,high,false,false,false,false,1921,0,0
8cfdb681-32cf-4ebf-81f1-5c0839ec82d5,2442592,ea06ff19-e607-50ac-a387-cabed60074b0,569,FCK,1000,FCM,1,1286.8,1286.8,22,20,,,count,attacking_third,attacking_third,right_channel,51.06,20.46,50.09,24.62,51.06,20.46,50.09,24.62,loss,,regain,final-third entry,FCK final-third entry at minute 22.,Defensive Behaviour & Transitions,pitch scatter map,high,false,false,false,false,1923,0,
8cfdb681-32cf-4ebf-81f1-5c0839ec82d5,2442592,d891d3e3-b21a-5ee1-9fd9-5a1f6a43fe80,569,FCK,1000,FCM,1,1293.56,1293.56,22,20,,,count,attacking_third,attacking_third,central_channel,41.38,10.66,37.73,11.56,41.38,10.66,37.73,11.56,start_loc,,,box involvement,FCK box involvement at minute 22.,Chance Creation & Final Third,pitch scatter map,high,true,false,false,false,1926,0,
8cfdb681-32cf-4ebf-81f1-5c0839ec82d5,2442592,1e1ea217-debf-57aa-a005-82b0214f479d,1000,FCM,569,FCK,1,1314.96,1314.96,22,20,609108,O. Diao,count,attacking_third,attacking_third,left_channel,-34.86,-13.39,-40.7,5.96,34.86,-13.39,40.7,5.96,pass,reception,,box involvement,FCM box involvement at minute 22.,Chance Creation & Final Third,pitch scatter map,high,true,false,false,false,1935,0.1,
8cfdb681-32cf-4ebf-81f1-5c0839ec82d5,2442592,b580a954-1719-564c-861c-9275dd3b0b02,569,FCK,1000,FCM,1,1314.96,1314.96,22,20,,,count,attacking_third,attacking_third,right_channel,39.1,19.99,-19.28,-1.07,39.1,19.99,-19.28,-1.07,start_loc,,organisation,context event,FCK context event at minute 22.,Territory & Control,pitch scatter map,low,false,false,false,false,1937,0,0
8cfdb681-32cf-4ebf-81f1-5c0839ec82d5,2442592,f5b616e9-c7bb-5726-84b5-b82ea3bdddfb,1000,FCM,569,FCK,1,1314.96,1314.96,22,20,,,count,attacking_third,attacking_third,left_channel,-34.86,-13.39,20.82,17.62,34.86,-13.39,-20.82,17.62,recovery,turnover,free_kick,ball recovery,FCM ball recovery at minute 22.,Defensive Behaviour & Transitions,pitch scatter map,high,false,false,false,false,1938,0,0
8cfdb681-32cf-4ebf-81f1-5c0839ec82d5,2442592,df3462e1-b867-56a8-9bc9-625c0ca07033,1000,FCM,569,FCK,1,1317.24,1317.24,22,20,,,count,attacking_third,attacking_third,central_channel,-24.39,-5.42,-34.37,-0.4,24.39,-5.42,34.37,-0.4,completed_pass,completed_pass,,final-third entry,FCM final-third entry at minute 22.,Territory & Control,pitch scatter map,medium,false,false,false,false,1941,0,
8cfdb681-32cf-4ebf-81f1-5c0839ec82d5,2442592,9b44d4d2-1b7f-5698-b8ef-e000bfa4986f,1000,FCM,569,FCK,1,1319.64,1319.64,22,20,228044,M. Bech,count,attacking_third,attacking_third,central_channel,-36.36,3.96,-41.75,-11.04,36.36,3.96,41.75,-11.04,pass,reception,,box involvement,FCM box involvement at minute 22.,Chance Creation & Final Third,pitch scatter map,high,true,false,false,false,1942,0.1,
8cfdb681-32cf-4ebf-81f1-5c0839ec82d5,2442592,565d40cd-a438-5afc-8c58-498a28f20ae9,1000,FCM,569,FCK,1,1320.16,1320.16,23,20,,,count,attacking_third,attacking_third,central_channel,-33.86,0.06,-33.97,-15.99,33.86,0.06,33.97,-15.99,incomplete_pass,incomplete_pass,,final-third entry,FCM final-third entry at minute 23.,Territory & Control,pitch scatter map,medium,false,false,false,false,1943,0,
8cfdb681-32cf-4ebf-81f1-5c0839ec82d5,2442592,06327a7c-2d87-5b18-9ea3-832d262e2b97,1000,FCM,569,FCK,1,1322.96,1322.96,23,20,,,count,defensive_third,defensive_third,right_channel,42.57,20.92,-19.28,-1.07,-42.57,20.92,19.28,-1.07,loss,,progression,final-third entry,FCM final-third entry at minute 23.,Defensive Behaviour & Transitions,pitch scatter map,high,false,true,false,false,1947,0.07,
8cfdb681-32cf-4ebf-81f1-5c0839ec82d5,2442592,0a7b3f77-f958-5e57-bf10-e87c297c61aa,1000,FCM,569,FCK,1,1323.32,1323.32,23,20,609108,O. Diao,count,attacking_third,attacking_third,left_channel,-36.99,-15.34,10.81,-10.05,36.99,-15.34,-10.81,-10.05,pass,interception,,context event,FCM context event at minute 23.,Territory & Control,pitch scatter map,medium,false,false,false,false,1949,0,
8cfdb681-32cf-4ebf-81f1-5c0839ec82d5,2442592,fa477bf9-e482-5ea7-b46f-ac03b3397f32,569,FCK,1000,FCM,1,1326.44,1326.44,23,20,220246,P. Hatzidiakos,count,middle_third,middle_third,central_channel,-11.88,10.06,-7.07,5.64,-11.88,10.06,-7.07,5.64,pass,interception,,context event,FCK context event at minute 23.,Executive Match Overview,pitch scatter map,medium,false,false,false,false,1963,0,
8cfdb681-32cf-4ebf-81f1-5c0839ec82d5,2442592,7425bf09-0920-5a0a-946d-062578c79635,1000,FCM,569,FCK,1,1329.28,1329.28,23,20,474838,E. Martinez,count,middle_third,middle_third,central_channel,2.11,-7.17,19.33,13.92,-2.11,-7.17,-19.33,13.92,pass,reception,,context event,FCM context event at minute 23.,Executive Match Overview,pitch scatter map,low,false,false,false,false,1969,0,
8cfdb681-32cf-4ebf-81f1-5c0839ec82d5,2442592,b4c1fd2b-da56-5ebc-b426-4c7cc68c3b9c,1000,FCM,569,FCK,1,1334.96,1334.96,23,20,204164,J. Andersson,count,middle_third,middle_third,central_channel,-15.82,-2.74,-19.28,-1.07,15.82,-2.74,19.28,-1.07,incomplete_pass,incomplete_pass,,final-third entry,FCM final-third entry at minute 23.,Territory & Control,pitch scatter map,medium,false,true,false,false,1983,0.05,0
8cfdb681-32cf-4ebf-81f1-5c0839ec82d5,2442592,50f56c0d-2760-5c42-b9e2-efac94375113,1000,FCM,569,FCK,1,1336.68,1336.68,23,20,204164,J. Andersson,count,defensive_third,defensive_third,right_channel,20.82,17.62,45.49,-11.97,-20.82,17.62,-45.49,-11.97,pass,interception,,context event,FCM context event at minute 23.,Executive Match Overview,pitch scatter map,medium,false,false,false,false,1988,0,
8cfdb681-32cf-4ebf-81f1-5c0839ec82d5,2442592,4b1743d5-c4c8-5540-876b-44701ffc6f60,1000,FCM,569,FCK,1,1339.08,1339.08,23,20,,,count,attacking_third,attacking_third,right_channel,-43.89,17.9,27.99,23.28,43.89,17.9,-27.99,23.28,start_loc,,transition,box involvement,FCM box involvement at minute 23.,Chance Creation & Final Third,pitch scatter map,high,true,false,false,false,1991,0,0
8cfdb681-32cf-4ebf-81f1-5c0839ec82d5,2442592,b44a40dd-8cb6-5a7a-8100-eabe683c8337,569,FCK,1000,FCM,1,1339.08,1339.08,23,20,,,count,defensive_third,defensive_third,central_channel,-44.28,10.32,24.26,18.24,-44.28,10.32,24.26,18.24,recovery,out,interception,final-third entry,FCK final-third entry at minute 23.,Defensive Behaviour & Transitions,pitch scatter map,medium,false,true,false,false,1992,0.07,0
8cfdb681-32cf-4ebf-81f1-5c0839ec82d5,2442592,745a791d-23c8-5408-afb9-817614f4d21e,569,FCK,1000,FCM,1,1341.16,1341.16,23,20,546545,E. Achouri,count,defensive_third,defensive_third,right_channel,-38.22,17.7,-45.5,24.69,-38.22,17.7,-45.5,24.69,pass,reception,,context event,FCK context event at minute 23.,Executive Match Overview,pitch scatter map,low,false,false,false,false,2001,0,
8cfdb681-32cf-4ebf-81f1-5c0839ec82d5,2442592,2c6c01fa-8433-58ba-afe0-9a0c7c8bd984,569,FCK,1000,FCM,1,1343.08,1343.08,23,20,,,count,defensive_third,defensive_third,right_channel,-44.72,27.38,27.99,23.28,-44.72,27.38,27.99,23.28,counter_attack,,counter_attack,final-third entry,FCK final-third entry at minute 23.,Territory & Control,pitch scatter map,medium,false,true,false,false,2003,0.07,
8cfdb681-32cf-4ebf-81f1-5c0839ec82d5,2442592,a99a7233-e613-5f9f-93cc-d2dafaef9aad,569,FCK,1000,FCM,1,1343.36,1343.36,23,20,68640,T. Delaney,count,defensive_third,defensive_third,right_channel,-45.15,25.17,2.17,13.1,-45.15,25.17,2.17,13.1,pass,reception,,progressive action,FCK progressive action at minute 23.,Territory & Control,pitch scatter map,medium,false,false,true,false,2006,0.02,
8cfdb681-32cf-4ebf-81f1-5c0839ec82d5,2442592,8046cc3d-fe40-5730-a0d1-16c141396f6b,569,FCK,1000,FCM,1,1347.8,1347.8,23,20,457214,G. Onugkha,count,middle_third,middle_third,central_channel,2.07,12.89,-2.48,11.93,2.07,12.89,-2.48,11.93,pass,reception,,context event,FCK context event at minute 23.,Executive Match Overview,pitch scatter map,low,false,false,false,false,2010,0,
8cfdb681-32cf-4ebf-81f1-5c0839ec82d5,2442592,6adbc84f-ba24-5be1-90c5-362c0b74c0b7,569,FCK,1000,FCM,1,1349.36,1349.36,23,20,457214,G. Onugkha,count,middle_third,middle_third,right_channel,3.52,14.76,31.52,6.95,3.52,14.76,31.52,6.95,run_start_loc,,,final-third entry,FCK final-third entry at minute 23.,Territory & Control,pitch scatter map,medium,false,true,false,false,2015,0.05,
8cfdb681-32cf-4ebf-81f1-5c0839ec82d5,2442592,8748ff65-6a08-5bb8-af09-79bc9f316b08,569,FCK,1000,FCM,1,1349.72,1349.72,23,20,,,count,middle_third,middle_third,right_channel,-8.25,13.4,26.8,18.18,-8.25,13.4,26.8,18.18,defender_dribbled,defender_dribbled,,final-third entry,FCK final-third entry at minute 23.,Territory & Control,pitch scatter map,medium,false,true,false,false,2017,0.05,
8cfdb681-32cf-4ebf-81f1-5c0839ec82d5,2442592,ca8fc57e-5e4d-5875-b303-c28d56a5781c,569,FCK,1000,FCM,1,1350.4,1350.4,23,20,433957,M. Mattsson,count,middle_third,middle_third,central_channel,5.01,5.17,2.42,3.98,5.01,5.17,2.42,3.98,pass,reception,,context event,FCK context event at minute 23.,Executive Match Overview,pitch scatter map,low,false,false,false,false,2020,0,
8cfdb681-32cf-4ebf-81f1-5c0839ec82d5,2442592,6c1f3f8e-ca15-51f1-8378-3c46251efe5b,569,FCK,1000,FCM,1,1350.84,1350.84,23,20,96787,M. Elyounoussi,count,middle_third,middle_third,right_channel,5.09,13.6,27.99,23.28,5.09,13.6,27.99,23.28,loss,ball_lost,,final-third entry,FCK final-third entry at minute 23.,Defensive Behaviour & Transitions,pitch scatter map,high,false,true,false,false,2022,0.05,0
8cfdb681-32cf-4ebf-81f1-5c0839ec82d5,2442592,410c66a7-d263-54fe-86db-93d71e8b924d,569,FCK,1000,FCM,1,1404.04,1404.04,24,20,,,count,attacking_third,attacking_third,right_channel,53.03,33.08,34.72,-2.19,53.03,33.08,34.72,-2.19,shot,shot,corner_kick,shot attempt,FCK shot attempt at minute 24.,Chance Creation & Final Third,pitch scatter map,high,false,false,false,false,2039,0.0357,0.0357
8cfdb681-32cf-4ebf-81f1-5c0839ec82d5,2442592,76a8a60d-ba74-505a-90be-7218efe19420,569,FCK,1000,FCM,1,1404.04,1404.04,24,20,433957,M. Mattsson,count,attacking_third,attacking_third,right_channel,58.16,33.36,58.16,33.36,58.16,33.36,58.16,33.36,incomplete_pass,incomplete_pass,,final-third entry,FCK final-third entry at minute 24.,Territory & Control,pitch scatter map,medium,false,false,false,false,2041,0,0
8cfdb681-32cf-4ebf-81f1-5c0839ec82d5,2442592,b5763a98-dbea-590f-a580-c1b4622f49f8,1000,FCM,569,FCK,1,1404.04,1404.04,24,20,,,count,defensive_third,defensive_third,right_channel,58.16,33.36,38.96,9.41,-58.16,33.36,-38.96,9.41,start_loc,,organisation,context event,FCM context event at minute 24.,Executive Match Overview,pitch scatter map,low,false,false,false,true,2042,0,0.0357
8cfdb681-32cf-4ebf-81f1-5c0839ec82d5,2442592,bfa7968e-cc45-510a-957f-795c25b6c205,569,FCK,1000,FCM,1,1404.04,1404.04,24,20,,,count,attacking_third,attacking_third,right_channel,58.16,33.36,38.96,9.41,58.16,33.36,38.96,9.41,loss,,crossing,final-third entry,FCK final-third entry at minute 24.,Defensive Behaviour & Transitions,pitch scatter map,high,false,false,false,false,2043,0,
8cfdb681-32cf-4ebf-81f1-5c0839ec82d5,2442592,aa0b3c9f-93f0-562f-86e5-255a11de0116,569,FCK,1000,FCM,1,1404.04,1404.04,24,20,433957,M. Mattsson,count,attacking_third,attacking_third,right_channel,53.03,33.08,43.2,3.61,53.03,33.08,43.2,3.61,pass,interception,,box involvement,FCK box involvement at minute 24.,Chance Creation & Final Third,pitch scatter map,high,true,false,false,false,2044,0.1,
8cfdb681-32cf-4ebf-81f1-5c0839ec82d5,2442592,a2fd7bca-4215-5eb5-9fcf-0436504a78aa,569,FCK,1000,FCM,1,1406.8,1406.8,24,20,96787,M. Elyounoussi,count,attacking_third,attacking_third,central_channel,38.83,9.36,38.96,9.41,38.83,9.36,38.96,9.41,shot,shot,,shot attempt,FCK shot attempt at minute 24.,Chance Creation & Final Third,pitch scatter map,high,false,false,false,false,2047,0,0.0357
8cfdb681-32cf-4ebf-81f1-5c0839ec82d5,2442592,9fb155eb-0277-5e63-874b-15c8e80395ad,569,FCK,1000,FCM,1,1406.84,1406.84,24,20,96787,M. Elyounoussi,count,attacking_third,attacking_third,central_channel,34.72,-2.19,40.58,1.76,34.72,-2.19,40.58,1.76,shot,off_target,,shot attempt,FCK shot attempt at minute 24.,Chance Creation & Final Third,pitch scatter map,high,true,false,false,false,2048,0.0357,0.0357
8cfdb681-32cf-4ebf-81f1-5c0839ec82d5,2442592,3ca98a15-93d6-5cfa-bd1f-e1f13a65607c,1000,FCM,569,FCK,1,1408,1408,24,20,494784,Oliver Sorensen,count,attacking_third,attacking_third,central_channel,-43.45,2.3,41.39,23.56,43.45,2.3,-41.39,23.56,run_start_loc,,,box involvement,FCM box involvement at minute 24.,Chance Creation & Final Third,pitch scatter map,high,true,false,false,false,2050,0,
8cfdb681-32cf-4ebf-81f1-5c0839ec82d5,2442592,9e9b5d5d-15f7-5e98-973b-a8f227fa51c9,1000,FCM,569,FCK,1,1408,1408,24,20,477672,A. Simsir,count,attacking_third,attacking_third,central_channel,-36.5,3.35,-11.55,23.08,36.5,3.35,11.55,23.08,run_start_loc,,,context event,FCM context event at minute 24.,Territory & Control,pitch scatter map,low,false,false,false,false,2051,0,
8cfdb681-32cf-4ebf-81f1-5c0839ec82d5,2442592,56507cc3-00f3-5170-afe1-ff613d3116ca,1000,FCM,569,FCK,1,1408.52,1408.52,24,20,,,count,attacking_third,attacking_third,central_channel,-50.17,-3.37,28.21,27.94,50.17,-3.37,-28.21,27.94,recovery,turnover,shot_recovered,box involvement,FCM box involvement at minute 24.,Chance Creation & Final Third,pitch scatter map,high,true,false,false,false,2052,0,0
8cfdb681-32cf-4ebf-81f1-5c0839ec82d5,2442592,b153e0df-c5e0-557b-998a-297bcbebf928,569,FCK,1000,FCM,1,1408.52,1408.52,24,20,,,count,attacking_third,attacking_third,central_channel,55.16,13.18,-27.03,-8.08,55.16,13.18,-27.03,-8.08,start_loc,,transition,box involvement,FCK box involvement at minute 24.,Chance Creation & Final Third,pitch scatter map,high,true,false,false,true,2054,0,0
8cfdb681-32cf-4ebf-81f1-5c0839ec82d5,2442592,df0c4f1a-4fd2-5cd1-937d-8f4b51e22903,1000,FCM,569,FCK,1,1408.52,1408.52,24,20,,,count,defensive_third,defensive_third,central_channel,55.16,13.18,-27.03,-8.08,-55.16,13.18,27.03,-8.08,loss,,counter_attack,final-third entry,FCM final-third entry at minute 24.,Defensive Behaviour & Transitions,pitch scatter map,high,false,true,false,false,2055,0.07,
8cfdb681-32cf-4ebf-81f1-5c0839ec82d5,2442592,0dbb256f-64c0-5b58-80fd-55d06f4c0dbd,1000,FCM,569,FCK,1,1410.8,1410.8,24,20,533646,D. Osorio,count,attacking_third,attacking_third,central_channel,-22.06,0.25,22.11,4.27,22.06,0.25,-22.11,4.27,run_start_loc,,,context event,FCM context event at minute 24.,Territory & Control,pitch scatter map,low,false,false,false,false,2064,0,
8cfdb681-32cf-4ebf-81f1-5c0839ec82d5,2442592,9f4a0c61-7d12-5ad4-bdda-5f6292673f22,1000,FCM,569,FCK,1,1410.88,1410.88,24,20,430901,E. Olafsson,count,attacking_third,attacking_third,central_channel,-41.21,-4.29,-10.79,23.58,41.21,-4.29,10.79,23.58,pass,reception,,box involvement,FCM box involvement at minute 24.,Chance Creation & Final Third,pitch scatter map,high,true,false,false,false,2065,0,
8cfdb681-32cf-4ebf-81f1-5c0839ec82d5,2442592,513763a2-9cec-500d-942d-1f7923716b24,1000,FCM,569,FCK,1,1413.28,1413.28,24,20,477672,A. Simsir,count,middle_third,middle_third,central_channel,13.86,-5.12,-27.03,-8.08,-13.86,-5.12,27.03,-8.08,loss,ball_lost,,final-third entry,FCM final-third entry at minute 24.,Defensive Behaviour & Transitions,pitch scatter map,high,false,true,false,false,2078,0.05,0
8cfdb681-32cf-4ebf-81f1-5c0839ec82d5,2442592,1ef50d0a-5647-55b4-bd84-59418e6dbbb8,1000,FCM,569,FCK,1,1421.44,1421.44,24,20,,,count,attacking_third,attacking_third,central_channel,-33.59,-11.13,-47.39,-10.5,33.59,-11.13,47.39,-10.5,start_loc,,transition,box involvement,FCM box involvement at minute 24.,Chance Creation & Final Third,pitch scatter map,high,true,false,false,true,2114,0.1,0
8cfdb681-32cf-4ebf-81f1-5c0839ec82d5,2442592,94642536-d201-5587-91e3-a0d4d757fefb,569,FCK,1000,FCM,1,1421.44,1421.44,24,20,,,count,defensive_third,defensive_third,central_channel,-33.59,-11.13,-47.29,-10.51,-33.59,-11.13,-47.29,-10.51,loss,,maintenance,turnover / loss,FCK turnover / loss at minute 24.,Defensive Behaviour & Transitions,pitch scatter map,high,false,false,false,false,2116,0,
8cfdb681-32cf-4ebf-81f1-5c0839ec82d5,2442592,b3cc7e11-9afe-5ec8-88b4-4e34aed65ff9,569,FCK,1000,FCM,1,1421.44,1421.44,24,20,,,count,defensive_third,defensive_third,left_channel,-34.46,-32.43,-47.62,-31.5,-34.46,-32.43,-47.62,-31.5,recovery,out,tackle,ball recovery,FCK ball recovery at minute 24.,Defensive Behaviour & Transitions,pitch scatter map,medium,false,false,false,false,2117,0,0
8cfdb681-32cf-4ebf-81f1-5c0839ec82d5,2442592,1fe1668a-8e44-5d0c-a7f2-0a16fd9a64a1,1000,FCM,569,FCK,1,1425.08,1425.08,24,20,,,count,attacking_third,attacking_third,central_channel,-47.39,-10.5,-46.35,-9.59,47.39,-10.5,46.35,-9.59,loss,,interrupt,box involvement,FCM box involvement at minute 24.,Chance Creation & Final Third,pitch scatter map,high,true,false,false,false,2119,0,
8cfdb681-32cf-4ebf-81f1-5c0839ec82d5,2442592,58152b56-dd2d-531e-afc5-fc8f0c718003,569,FCK,1000,FCM,1,1425.08,1425.08,24,20,512627,G. Gocholeishvili,count,defensive_third,defensive_third,left_channel,-47.62,-31.5,-42.52,-26.81,-47.62,-31.5,-42.52,-26.81,pass,out,,context event,FCK context event at minute 24.,Executive Match Overview,pitch scatter map,low,false,false,false,false,2120,0,
8cfdb681-32cf-4ebf-81f1-5c0839ec82d5,2442592,58152b56-dd2d-531e-afc5-fc8f0c718003,569,FCK,1000,FCM,1,1425.08,1425.08,24,20,512627,G. Gocholeishvili,count,defensive_third,defensive_third,left_channel,-47.62,-31.5,-42.52,-26.81,-47.62,-31.5,-42.52,-26.81,pass,out,,context event,FCK context event at minute 24.,Executive Match Overview,pitch scatter map,low,false,false,false,false,2121,0,
8cfdb681-32cf-4ebf-81f1-5c0839ec82d5,2442592,45e8be9d-4f6b-515b-b6cf-d1f1b2dfee1f,569,FCK,1000,FCM,1,1453.64,1453.64,25,20,,,count,defensive_third,defensive_third,central_channel,-47.36,-0.68,-15.92,25.74,-47.36,-0.68,-15.92,25.74,recovery,turnover,goal_kick,ball recovery,FCK ball recovery at minute 25.,Defensive Behaviour & Transitions,pitch scatter map,high,false,false,false,false,2125,0.02,0
8cfdb681-32cf-4ebf-81f1-5c0839ec82d5,2442592,88f61b31-38aa-5cc3-bcb4-1771ffbacb3f,569,FCK,1000,FCM,1,1453.64,1453.64,25,20,232398,N. Trott,count,defensive_third,defensive_third,central_channel,-47.36,-0.68,-47.48,-10.91,-47.36,-0.68,-47.48,-10.91,pass,reception,,context event,FCK context event at minute 25.,Executive Match Overview,pitch scatter map,low,false,false,false,false,2126,0,
8cfdb681-32cf-4ebf-81f1-5c0839ec82d5,2442592,a2881d8f-9186-553b-9160-c513ce5c4c59,1000,FCM,569,FCK,1,1453.64,1453.64,25,20,,,count,attacking_third,attacking_third,central_channel,-47.12,10.43,-14.15,28.38,47.12,10.43,14.15,28.38,start_loc,,organisation,box involvement,FCM box involvement at minute 25.,Chance Creation & Final Third,pitch scatter map,high,true,false,false,false,2129,0,0
8cfdb681-32cf-4ebf-81f1-5c0839ec82d5,2442592,ab6ebee0-9293-57e4-a9ca-063e02aa28ef,569,FCK,1000,FCM,1,1455.44,1455.44,25,20,475413,Gabriel Pereira,count,defensive_third,defensive_third,central_channel,-47.46,-10.96,-50.01,-0.64,-47.46,-10.96,-50.01,-0.64,pass,reception,,context event,FCK context event at minute 25.,Executive Match Overview,pitch scatter map,low,false,false,false,false,2134,0,
8cfdb681-32cf-4ebf-81f1-5c0839ec82d5,2442592,35689d03-d1f0-57ab-b367-472db4618409,569,FCK,1000,FCM,1,1457.32,1457.32,25,20,232398,N. Trott,count,defensive_third,defensive_third,central_channel,-49.76,1.85,-43.23,19.93,-49.76,1.85,-43.23,19.93,pass,reception,,context event,FCK context event at minute 25.,Executive Match Overview,pitch scatter map,low,false,false,false,false,2138,0,
8cfdb681-32cf-4ebf-81f1-5c0839ec82d5,2442592,a801d345-7629-54d4-8d70-f4410b0bb0d2,569,FCK,1000,FCM,1,1462.64,1462.64,25,20,,,count,defensive_third,defensive_third,right_channel,-35.07,27.86,-14.15,28.38,-35.07,27.86,-14.15,28.38,loss,,progression,turnover / loss,FCK turnover / loss at minute 25.,Defensive Behaviour & Transitions,pitch scatter map,high,false,false,false,false,2144,0.02,
8cfdb681-32cf-4ebf-81f1-5c0839ec82d5,2442592,2975a6f3-af86-50e5-af40-b5f128b191df,569,FCK,1000,FCM,1,1462.8,1462.8,25,20,220246,P. Hatzidiakos,count,defensive_third,defensive_third,right_channel,-35.46,25.27,-15.81,25.62,-35.46,25.27,-15.81,25.62,pass,reception,,progressive action,FCK progressive action at minute 25.,Territory & Control,pitch scatter map,medium,false,false,true,false,2146,0.02,
8cfdb681-32cf-4ebf-81f1-5c0839ec82d5,2442592,20807c05-fa5a-56ed-9039-d42bd2ecd125,569,FCK,1000,FCM,1,1463.92,1463.92,25,20,546545,E. Achouri,count,middle_third,middle_third,right_channel,-15.92,25.74,-10.29,13.04,-15.92,25.74,-10.29,13.04,pass,interception,,context event,FCK context event at minute 25.,Executive Match Overview,pitch scatter map,medium,false,false,false,false,2150,0,
8cfdb681-32cf-4ebf-81f1-5c0839ec82d5,2442592,5eeb37f0-dd25-51ea-9e09-dcbda2705c39,1000,FCM,569,FCK,1,1465.56,1465.56,25,20,,,count,middle_third,middle_third,left_channel,9.75,-14.42,26.52,-30.89,-9.75,-14.42,-26.52,-30.89,recovery,out,interception,ball recovery,FCM ball recovery at minute 25.,Defensive Behaviour & Transitions,pitch scatter map,medium,false,false,false,false,2156,0,0
8cfdb681-32cf-4ebf-81f1-5c0839ec82d5,2442592,ce43997d-10bc-505a-a52a-3b773a662b32,1000,FCM,569,FCK,1,1465.56,1465.56,25,20,,,count,middle_third,middle_third,right_channel,-7.68,20.69,-25.05,31.91,7.68,20.69,25.05,31.91,loss,,regain,final-third entry,FCM final-third entry at minute 25.,Defensive Behaviour & Transitions,pitch scatter map,high,false,true,false,false,2157,0.05,
8cfdb681-32cf-4ebf-81f1-5c0839ec82d5,2442592,7a1224e2-8367-58e3-ba9f-1487a41f6ba9,1000,FCM,569,FCK,1,1466.52,1466.52,25,20,474838,E. Martinez,count,middle_third,middle_third,left_channel,7.49,-18.08,19.73,-31.05,-7.49,-18.08,-19.73,-31.05,pass,reception,,context event,FCM context event at minute 25.,Executive Match Overview,pitch scatter map,low,false,false,false,false,2162,0,
8cfdb681-32cf-4ebf-81f1-5c0839ec82d5,2442592,a0a66e1e-085c-590d-9366-2ee346ec4919,1000,FCM,569,FCK,1,1468.32,1468.32,25,20,120721,K. Mbabu,count,middle_third,middle_third,right_channel,-18.14,31.98,-25.26,31.87,18.14,31.98,25.26,31.87,incomplete_pass,incomplete_pass,,final-third entry,FCM final-third entry at minute 25.,Territory & Control,pitch scatter map,medium,false,true,false,false,2166,0.05,0
8cfdb681-32cf-4ebf-81f1-5c0839ec82d5,2442592,e04f787e-270f-52b6-8b1e-88bc21c970fa,1000,FCM,569,FCK,1,1469.76,1469.76,25,20,120721,K. Mbabu,count,defensive_third,defensive_third,left_channel,26.52,-30.89,30.59,-17.52,-26.52,-30.89,-30.59,-17.52,pass,interception,,context event,FCM context event at minute 25.,Executive Match Overview,pitch scatter map,medium,false,false,false,false,2169,0,
8cfdb681-32cf-4ebf-81f1-5c0839ec82d5,2442592,536836e3-58b9-56c0-9d36-c520901a705f,569,FCK,1000,FCM,1,1469.76,1469.76,25,20,,,count,defensive_third,defensive_third,right_channel,-25.26,31.87,-50.41,23.53,-25.26,31.87,-50.41,23.53,loss,,interrupt,turnover / loss,FCK turnover / loss at minute 25.,Defensive Behaviour & Transitions,pitch scatter map,high,false,false,false,false,2170,0,
8cfdb681-32cf-4ebf-81f1-5c0839ec82d5,2442592,0730309d-058b-56bf-b2a9-86c9567d4230,1000,FCM,569,FCK,1,1478.52,1478.52,25,20,120721,K. Mbabu,count,attacking_third,attacking_third,right_channel,-32.58,34.58,-32.58,34.58,32.58,34.58,32.58,34.58,incomplete_pass,incomplete_pass,,final-third entry,FCM final-third entry at minute 25.,Territory & Control,pitch scatter map,medium,false,false,false,false,2185,0,0
8cfdb681-32cf-4ebf-81f1-5c0839ec82d5,2442592,6c0d9e2b-8af8-533b-9327-51bcd1f49932,1000,FCM,569,FCK,1,1478.52,1478.52,25,20,120721,K. Mbabu,count,defensive_third,defensive_third,left_channel,33.5,-34.88,39.02,-28.79,-33.5,-34.88,-39.02,-28.79,pass,interception,,context event,FCM context event at minute 25.,Executive Match Overview,pitch scatter map,medium,false,false,false,false,2188,0,
8cfdb681-32cf-4ebf-81f1-5c0839ec82d5,2442592,e2dd58cf-7ff2-59db-aaef-fc8979468425,1000,FCM,569,FCK,1,1478.52,1478.52,25,20,,,count,attacking_third,attacking_third,right_channel,-32.58,34.58,-32.58,34.58,32.58,34.58,32.58,34.58,loss,,attacking,final-third entry,FCM final-third entry at minute 25.,Defensive Behaviour & Transitions,pitch scatter map,high,false,false,false,false,2189,0,
8cfdb681-32cf-4ebf-81f1-5c0839ec82d5,2442592,0424cf95-931a-5450-bd6a-ec28047761ef,569,FCK,1000,FCM,1,1480.24,1480.24,25,20,,,count,defensive_third,defensive_third,right_channel,-38.08,31.25,-39.08,31.72,-38.08,31.25,-39.08,31.72,loss,,interrupt,turnover / loss,FCK turnover / loss at minute 25.,Defensive Behaviour & Transitions,pitch scatter map,high,false,false,false,false,2193,0,
8cfdb681-32cf-4ebf-81f1-5c0839ec82d5,2442592,1776826c-6e22-5d37-8ed6-28ed090ade94,1000,FCM,569,FCK,1,1504.28,1504.28,26,25,228044,M. Bech,count,attacking_third,attacking_third,right_channel,-42.91,34.17,-42.91,34.17,42.91,34.17,42.91,34.17,incomplete_pass,incomplete_pass,,final-third entry,FCM final-third entry at minute 26.,Territory & Control,pitch scatter map,medium,false,false,false,false,2201,0,0
8cfdb681-32cf-4ebf-81f1-5c0839ec82d5,2442592,252337ea-4fbd-53e0-846f-957b01c8bc72,1000,FCM,569,FCK,1,1504.28,1504.28,26,25,,,count,attacking_third,attacking_third,right_channel,-42.91,34.17,-42.91,34.17,42.91,34.17,42.91,34.17,crossing,,crossing,final-third entry,FCM final-third entry at minute 26.,Territory & Control,pitch scatter map,medium,false,false,false,false,2202,0,
8cfdb681-32cf-4ebf-81f1-5c0839ec82d5,2442592,2c23c1b8-cfca-5cfc-b1a2-065f4f3298b3,1000,FCM,569,FCK,1,1504.28,1504.28,26,25,228044,M. Bech,count,defensive_third,defensive_third,left_channel,43.35,-34.27,47.52,-6.2,-43.35,-34.27,-47.52,-6.2,pass,interception,,context event,FCM context event at minute 26.,Executive Match Overview,pitch scatter map,medium,false,false,false,false,2203,0,
8cfdb681-32cf-4ebf-81f1-5c0839ec82d5,2442592,c0374972-7d9b-567e-b918-ef8867e80024,569,FCK,1000,FCM,1,1504.28,1504.28,26,25,,,count,defensive_third,defensive_third,right_channel,-42.91,34.17,-29.62,17.94,-42.91,34.17,-29.62,17.94,start_loc,,organisation,context event,FCK context event at minute 26.,Executive Match Overview,pitch scatter map,low,false,false,false,true,2204,0,0
8cfdb681-32cf-4ebf-81f1-5c0839ec82d5,2442592,d1241f72-8afb-57f8-94bd-661a60650c24,1000,FCM,569,FCK,1,1504.28,1504.28,26,25,,,count,defensive_third,defensive_third,left_channel,43.35,-34.27,43.35,-34.27,-43.35,-34.27,-43.35,-34.27,recovery,turnover,throw_in,ball recovery,FCM ball recovery at minute 26.,Defensive Behaviour & Transitions,pitch scatter map,high,false,false,false,false,2205,0,0
8cfdb681-32cf-4ebf-81f1-5c0839ec82d5,2442592,28f8d2d3-086e-551c-88d2-7d1e7371f988,1000,FCM,569,FCK,1,1510.04,1510.04,26,25,,,count,attacking_third,attacking_third,right_channel,-33.41,22.57,-33.3,22.39,33.41,22.57,33.3,22.39,attacking,,attacking,final-third entry,FCM final-third entry at minute 26.,Territory & Control,pitch scatter map,medium,false,false,false,false,2212,0,
8cfdb681-32cf-4ebf-81f1-5c0839ec82d5,2442592,48493d1f-f4d2-5b84-aaec-7f532dda7adb,1000,FCM,569,FCK,1,1510.04,1510.04,26,25,228044,M. Bech,count,attacking_third,attacking_third,right_channel,-33.41,22.57,-33.25,22.31,33.41,22.57,33.25,22.31,incomplete_pass,incomplete_pass,,final-third entry,FCM final-third entry at minute 26.,Territory & Control,pitch scatter map,medium,false,false,false,false,2213,0,0
8cfdb681-32cf-4ebf-81f1-5c0839ec82d5,2442592,60d81378-71ab-55c0-a5ec-e7afcf1828c6,1000,FCM,569,FCK,1,1510.16,1510.16,26,25,228044,M. Bech,count,defensive_third,defensive_third,left_channel,34.14,-16.81,41.49,-5.27,-34.14,-16.81,-41.49,-5.27,pass,interception,,context event,FCM context event at minute 26.,Executive Match Overview,pitch scatter map,medium,false,false,false,false,2214,0,
8cfdb681-32cf-4ebf-81f1-5c0839ec82d5,2442592,cc786646-b3fe-5564-abce-6b9ac4949562,1000,FCM,569,FCK,1,1510.16,1510.16,26,25,,,count,attacking_third,attacking_third,right_channel,-33.25,22.31,-29.97,17.95,33.25,22.31,29.97,17.95,crossing,,crossing,final-third entry,FCM final-third entry at minute 26.,Territory & Control,pitch scatter map,medium,false,false,false,false,2215,0,
8cfdb681-32cf-4ebf-81f1-5c0839ec82d5,2442592,4795bb53-f14f-585c-b94d-e2ca25c251a3,1000,FCM,569,FCK,1,1512.92,1512.92,26,25,228044,M. Bech,count,attacking_third,attacking_third,right_channel,-29.67,18.06,-29.62,17.94,29.67,18.06,29.62,17.94,incomplete_pass,incomplete_pass,,final-third entry,FCM final-third entry at minute 26.,Territory & Control,pitch scatter map,medium,false,false,false,false,2220,0,0
8cfdb681-32cf-4ebf-81f1-5c0839ec82d5,2442592,beda3421-3116-59b3-ae12-37f9bafcd5e1,1000,FCM,569,FCK,1,1512.92,1512.92,26,25,,,count,attacking_third,attacking_third,right_channel,-29.67,18.06,-29.62,17.94,29.67,18.06,29.62,17.94,loss,,attacking,final-third entry,FCM final-third entry at minute 26.,Defensive Behaviour & Transitions,pitch scatter map,high,false,false,false,false,2221,0,
8cfdb681-32cf-4ebf-81f1-5c0839ec82d5,2442592,184331cc-f774-5408-8f41-e1df1dfcbb9e,1000,FCM,569,FCK,1,1513.08,1513.08,26,25,228044,M. Bech,count,defensive_third,defensive_third,central_channel,30.68,-10.37,39.88,-4.63,-30.68,-10.37,-39.88,-4.63,pass,other,,context event,FCM context event at minute 26.,Executive Match Overview,pitch scatter map,low,false,false,false,false,2224,0,
8cfdb681-32cf-4ebf-81f1-5c0839ec82d5,2442592,79a471d6-ff1b-59da-ba71-c859b5641ca3,569,FCK,1000,FCM,1,1537.32,1537.32,26,25,,,count,defensive_third,defensive_third,central_channel,-37.6,1.76,40.26,19.42,-37.6,1.76,40.26,19.42,out,out,free_kick,box involvement,FCK box involvement at minute 26.,Chance Creation & Final Third,pitch scatter map,high,true,true,false,false,2230,0.17,0
8cfdb681-32cf-4ebf-81f1-5c0839ec82d5,2442592,b1011306-1667-589a-b210-b221e3b609fd,569,FCK,1000,FCM,1,1537.32,1537.32,26,25,232398,N. Trott,count,defensive_third,defensive_third,central_channel,-37.6,1.76,-35.22,-14.95,-37.6,1.76,-35.22,-14.95,pass,reception,,context event,FCK context event at minute 26.,Executive Match Overview,pitch scatter map,low,false,false,false,false,2231,0,
8cfdb681-32cf-4ebf-81f1-5c0839ec82d5,2442592,a5c53d38-4949-5c29-b262-cbebc97b288b,1000,FCM,569,FCK,1,1537.32,1537.32,26,25,,,count,attacking_third,attacking_third,central_channel,-36.88,12.09,44.77,24.08,36.88,12.09,-44.77,24.08,start_loc,,organisation,context event,FCM context event at minute 26.,Territory & Control,pitch scatter map,low,false,false,false,false,2232,0,0
8cfdb681-32cf-4ebf-81f1-5c0839ec82d5,2442592,cd309db1-178d-5bd7-ab8a-7705fab3c0e6,569,FCK,1000,FCM,1,1539.72,1539.72,26,25,433957,M. Mattsson,count,middle_third,middle_third,central_channel,-10.14,-5.96,52.78,-0.63,-10.14,-5.96,52.78,-0.63,run_start_loc,,,box involvement,FCK box involvement at minute 26.,Chance Creation & Final Third,pitch scatter map,high,true,true,false,false,2238,0.15,
8cfdb681-32cf-4ebf-81f1-5c0839ec82d5,2442592,9d1c0e1d-a6b2-553a-928c-8f15f02c8698,569,FCK,1000,FCM,1,1540.32,1540.32,26,25,475413,Gabriel Pereira,count,defensive_third,defensive_third,left_channel,-34.3,-16.23,-7.4,-18,-34.3,-16.23,-7.4,-18,pass,reception,,progressive action,FCK progressive action at minute 26.,Territory & Control,pitch scatter map,medium,false,false,true,false,2241,0.02,
8cfdb681-32cf-4ebf-81f1-5c0839ec82d5,2442592,3bcbc830-9f62-5542-8658-45155d54039c,569,FCK,1000,FCM,1,1540.32,1540.32,26,25,,,count,defensive_third,defensive_third,central_channel,-33.42,-0.13,44.77,24.08,-33.42,-0.13,44.77,24.08,progression,,progression,final-third entry,FCK final-third entry at minute 26.,Territory & Control,pitch scatter map,medium,false,true,false,false,2243,0.07,
8cfdb681-32cf-4ebf-81f1-5c0839ec82d5,2442592,52e33cce-5de7-57cf-b036-59885f7e70d9,569,FCK,1000,FCM,1,1541.72,1541.72,26,25,96787,M. Elyounoussi,count,middle_third,middle_third,central_channel,-5.21,-1.33,27.04,14.02,-5.21,-1.33,27.04,14.02,diagonal,diagonal,,final-third entry,FCK final-third entry at minute 26.,Territory & Control,pitch scatter map,medium,false,true,false,false,2246,0.05,0
8cfdb681-32cf-4ebf-81f1-5c0839ec82d5,2442592,e6a6a875-a8db-51c3-92a2-95c862416426,569,FCK,1000,FCM,1,1542.52,1542.52,26,25,457214,G. Onugkha,count,middle_third,middle_third,central_channel,1.99,6.99,47.5,-2.04,1.99,6.99,47.5,-2.04,run_start_loc,,,box involvement,FCK box involvement at minute 26.,Chance Creation & Final Third,pitch scatter map,high,true,true,false,false,2249,0.15,
8cfdb681-32cf-4ebf-81f1-5c0839ec82d5,2442592,4bcaa4b1-acb8-509d-8d3f-6bf3a0d59845,569,FCK,1000,FCM,1,1542.92,1542.92,26,25,193228,K. Diks,count,middle_third,middle_third,right_channel,-9.65,26.03,37.51,21.14,-9.65,26.03,37.51,21.14,run_start_loc,,,final-third entry,FCK final-third entry at minute 26.,Territory & Control,pitch scatter map,medium,false,true,false,false,2250,0.05,
8cfdb681-32cf-4ebf-81f1-5c0839ec82d5,2442592,0abd84d4-c404-5ba6-a74c-413a0fe16635,569,FCK,1000,FCM,1,1545.32,1545.32,26,25,546545,E. Achouri,count,middle_third,middle_third,right_channel,15.95,15.57,47.9,3.18,15.95,15.57,47.9,3.18,run_start_loc,,,box involvement,FCK box involvement at minute 26.,Chance Creation & Final Third,pitch scatter map,high,true,true,false,false,2266,0.15,
8cfdb681-32cf-4ebf-81f1-5c0839ec82d5,2442592,a03ba209-2e4f-5911-8bee-42e6801617f4,569,FCK,1000,FCM,1,1546.12,1546.12,26,25,96787,M. Elyounoussi,count,middle_third,middle_third,central_channel,9.7,3.18,47.89,0.45,9.7,3.18,47.89,0.45,run_start_loc,,,box involvement,FCK box involvement at minute 26.,Chance Creation & Final Third,pitch scatter map,high,true,true,false,false,2267,0.15,
8cfdb681-32cf-4ebf-81f1-5c0839ec82d5,2442592,c13e4723-a315-50f9-9e08-21394ee5afd8,569,FCK,1000,FCM,1,1547.92,1547.92,26,25,96787,M. Elyounoussi,count,attacking_third,attacking_third,central_channel,23.36,4.6,39.82,19.7,23.36,4.6,39.82,19.7,pass,reception,,box involvement,FCK box involvement at minute 26.,Chance Creation & Final Third,pitch scatter map,high,true,false,true,false,2271,0.1,
8cfdb681-32cf-4ebf-81f1-5c0839ec82d5,2442592,b11eca40-cbc2-50e4-bf3c-52494732614b,569,FCK,1000,FCM,1,1549.96,1549.96,26,25,193228,K. Diks,count,attacking_third,attacking_third,right_channel,44.3,24.27,44.77,24.08,44.3,24.27,44.77,24.08,incomplete_pass,incomplete_pass,,final-third entry,FCK final-third entry at minute 26.,Territory & Control,pitch scatter map,medium,false,false,false,false,2278,0,0
8cfdb681-32cf-4ebf-81f1-5c0839ec82d5,2442592,15e9df7d-d1f4-5a4e-8d14-ee128d6dca9e,569,FCK,1000,FCM,1,1550.04,1550.04,26,25,193228,K. Diks,count,attacking_third,attacking_third,right_channel,40.26,19.42,46.11,-3.9,40.26,19.42,46.11,-3.9,pass,out,,box involvement,FCK box involvement at minute 26.,Chance Creation & Final Third,pitch scatter map,high,true,false,false,false,2280,0,
8cfdb681-32cf-4ebf-81f1-5c0839ec82d5,2442592,4f6535b1-7839-5125-aec8-5563f0c52d38,569,FCK,1000,FCM,1,1550.32,1550.32,26,25,,,count,attacking_third,attacking_third,right_channel,46.64,21.54,49.88,20.44,46.64,21.54,49.88,20.44,attacking,,attacking,final-third entry,FCK final-third entry at minute 26.,Territory & Control,pitch scatter map,medium,false,false,false,false,2282,0,
8cfdb681-32cf-4ebf-81f1-5c0839ec82d5,2442592,671158c4-044f-56cd-887d-c9061e80b3ae,569,FCK,1000,FCM,1,1595.16,1595.16,27,25,,,count,attacking_third,attacking_third,right_channel,57.65,33.22,52.36,14.31,57.65,33.22,52.36,14.31,loss,,crossing,box involvement,FCK box involvement at minute 27.,Chance Creation & Final Third,pitch scatter map,high,true,false,false,false,2291,0.1,
8cfdb681-32cf-4ebf-81f1-5c0839ec82d5,2442592,2989cb93-4f07-5099-bec8-26e9f669c288,569,FCK,1000,FCM,1,1595.16,1595.16,27,25,433957,M. Mattsson,count,attacking_third,attacking_third,right_channel,52.55,32.87,47.43,3.45,52.55,32.87,47.43,3.45,pass,interception,,box involvement,FCK box involvement at minute 27.,Chance Creation & Final Third,pitch scatter map,high,true,false,false,false,2292,0.1,
8cfdb681-32cf-4ebf-81f1-5c0839ec82d5,2442592,cdcb1c4d-0a79-5d5f-9e99-4a2bd64d3731,1000,FCM,569,FCK,1,1595.16,1595.16,27,25,,,count,defensive_third,defensive_third,right_channel,57.65,33.22,52.36,14.31,-57.65,33.22,-52.36,14.31,start_loc,,organisation,context event,FCM context event at minute 27.,Executive Match Overview,pitch scatter map,low,false,false,false,true,2293,0,0
8cfdb681-32cf-4ebf-81f1-5c0839ec82d5,2442592,f67f973a-a747-56e1-a7ea-c5f9aac26a3f,569,FCK,1000,FCM,1,1595.16,1595.16,27,25,433957,M. Mattsson,count,attacking_third,attacking_third,right_channel,57.65,33.22,57.65,33.22,57.65,33.22,57.65,33.22,incomplete_pass,incomplete_pass,,final-third entry,FCK final-third entry at minute 27.,Territory & Control,pitch scatter map,medium,false,false,false,false,2294,0,0
8cfdb681-32cf-4ebf-81f1-5c0839ec82d5,2442592,fcf53d44-b00d-5a35-8177-78ed55d44ee4,569,FCK,1000,FCM,1,1595.16,1595.16,27,25,,,count,attacking_third,attacking_third,right_channel,52.55,32.87,47.5,5.02,52.55,32.87,47.5,5.02,out,out,corner_kick,box involvement,FCK box involvement at minute 27.,Chance Creation & Final Third,pitch scatter map,high,true,false,false,false,2295,0.1,0
8cfdb681-32cf-4ebf-81f1-5c0839ec82d5,2442592,1f553dcb-1f7b-5400-9ff6-5df7209f7249,1000,FCM,569,FCK,1,1601.28,1601.28,27,25,551144,Franculino Dju,count,attacking_third,attacking_third,central_channel,-38.5,-4.81,29.64,-2.5,38.5,-4.81,-29.64,-2.5,run_start_loc,,,context event,FCM context event at minute 27.,Territory & Control,pitch scatter map,low,false,false,false,false,2301,0,
8cfdb681-32cf-4ebf-81f1-5c0839ec82d5,2442592,d278b003-9281-5a5d-a4e9-eb9651ff1ea1,1000,FCM,569,FCK,1,1601.28,1601.28,27,25,477672,A. Simsir,count,attacking_third,attacking_third,central_channel,-31.41,6.9,1.98,12.37,31.41,6.9,-1.98,12.37,run_start_loc,,,context event,FCM context event at minute 27.,Territory & Control,pitch scatter map,low,false,false,false,false,2302,0,
8cfdb681-32cf-4ebf-81f1-5c0839ec82d5,2442592,60bb3dcc-b98b-5e07-9f66-f8f4fc010d76,1000,FCM,569,FCK,1,1605.28,1605.28,27,25,430901,E. Olafsson,count,attacking_third,attacking_third,central_channel,-49.25,5.84,26.06,-2.25,49.25,5.84,-26.06,-2.25,pass,interception,,box involvement,FCM box involvement at minute 27.,Chance Creation & Final Third,pitch scatter map,high,true,false,false,false,2315,0,
8cfdb681-32cf-4ebf-81f1-5c0839ec82d5,2442592,9e4c946e-6b99-575a-89c6-0f9fa7bd3c00,1000,FCM,569,FCK,1,1605.28,1605.28,27,25,,,count,attacking_third,attacking_third,central_channel,-49.25,5.84,-49.25,5.84,49.25,5.84,49.25,5.84,offside,offside,goal_kick,box involvement,FCM box involvement at minute 27.,Chance Creation & Final Third,pitch scatter map,high,true,false,false,false,2316,0,0
8cfdb681-32cf-4ebf-81f1-5c0839ec82d5,2442592,e615fb38-8815-54d9-b9e3-17b2f7351f5f,569,FCK,1000,FCM,1,1605.28,1605.28,27,25,,,count,attacking_third,attacking_third,central_channel,54.19,6.93,54.19,6.93,54.19,6.93,54.19,6.93,start_loc,,transition,box involvement,FCK box involvement at minute 27.,Chance Creation & Final Third,pitch scatter map,high,true,false,false,true,2317,0,0
8cfdb681-32cf-4ebf-81f1-5c0839ec82d5,2442592,9b6df338-e1f1-5fbe-b91d-72793b8766c4,1000,FCM,569,FCK,1,1611.68,1611.68,27,25,,,count,attacking_third,attacking_third,central_channel,-24.69,10.42,-27.05,11.44,24.69,10.42,27.05,11.44,loss,,progression,final-third entry,FCM final-third entry at minute 27.,Defensive Behaviour & Transitions,pitch scatter map,high,false,false,false,false,2329,0,
8cfdb681-32cf-4ebf-81f1-5c0839ec82d5,2442592,be3717d1-f7f0-5af6-8178-4e38cde7c80d,569,FCK,1000,FCM,1,1612.36,1612.36,27,25,,,count,defensive_third,defensive_third,central_channel,-33.07,10.79,-32.99,10.81,-33.07,10.79,-32.99,10.81,loss,,interrupt,turnover / loss,FCK turnover / loss at minute 27.,Defensive Behaviour & Transitions,pitch scatter map,high,false,false,false,false,2332,0,
8cfdb681-32cf-4ebf-81f1-5c0839ec82d5,2442592,0a508e6f-f943-5e78-923c-4847004e1c10,569,FCK,1000,FCM,1,1612.44,1612.44,27,25,232398,N. Trott,count,defensive_third,defensive_third,central_channel,-33.89,-0.12,-5.13,5.7,-33.89,-0.12,-5.13,5.7,pass,offside,,context event,FCK context event at minute 27.,Executive Match Overview,pitch scatter map,low,false,false,false,false,2334,0.02,
8cfdb681-32cf-4ebf-81f1-5c0839ec82d5,2442592,97ce226e-e63e-5a5b-9ca7-c4ce6b53ba24,1000,FCM,569,FCK,1,1628.64,1628.64,28,25,609108,O. Diao,count,middle_third,middle_third,central_channel,-12.93,-7.48,-11.03,10.92,12.93,-7.48,11.03,10.92,pass,reception,,context event,FCM context event at minute 28.,Executive Match Overview,pitch scatter map,low,false,false,false,false,2338,0,
8cfdb681-32cf-4ebf-81f1-5c0839ec82d5,2442592,e57bc671-da9b-5c62-8cd5-249cc4a88057,1000,FCM,569,FCK,1,1628.64,1628.64,28,25,,,count,middle_third,middle_third,right_channel,16.11,15.97,-2.09,-11.5,-16.11,15.97,2.09,-11.5,loss,,buildup,turnover / loss,FCM turnover / loss at minute 28.,Defensive Behaviour & Transitions,pitch scatter map,high,false,false,false,false,2340,0,
8cfdb681-32cf-4ebf-81f1-5c0839ec82d5,2442592,ed8d466a-733f-5deb-9351-5bb8066ddaf3,1000,FCM,569,FCK,1,1628.64,1628.64,28,25,,,count,middle_third,middle_third,central_channel,-12.93,-7.48,4.42,32.97,12.93,-7.48,-4.42,32.97,recovery,turnover,free_kick,ball recovery,FCM ball recovery at minute 28.,Defensive Behaviour & Transitions,pitch scatter map,high,false,false,false,false,2341,0,0
8cfdb681-32cf-4ebf-81f1-5c0839ec82d5,2442592,0775df9d-f0e1-5fec-8b4a-b8e0f4bcc726,1000,FCM,569,FCK,1,1634.6,1634.6,28,25,474838,E. Martinez,count,middle_third,middle_third,right_channel,-7.61,21.62,3.44,33.3,7.61,21.62,-3.44,33.3,pass,reception,,context event,FCM context event at minute 28.,Executive Match Overview,pitch scatter map,low,false,false,false,false,2346,0,
8cfdb681-32cf-4ebf-81f1-5c0839ec82d5,2442592,b61a7b28-64e9-569d-881e-616cf71379bb,1000,FCM,569,FCK,1,1637.56,1637.56,28,25,204164,J. Andersson,count,middle_third,middle_third,right_channel,4.42,32.97,9.66,32.02,-4.42,32.97,-9.66,32.02,pass,interception,,context event,FCM context event at minute 28.,Executive Match Overview,pitch scatter map,medium,false,false,false,false,2353,0,
8cfdb681-32cf-4ebf-81f1-5c0839ec82d5,2442592,5a5b0e5d-ce1b-5a56-9f97-28f0fecba679,569,FCK,1000,FCM,1,1638.2,1638.2,28,25,,,count,middle_third,middle_third,left_channel,-9.43,-30.94,46.21,10.92,-9.43,-30.94,46.21,10.92,recovery,turnover,interception,box involvement,FCK box involvement at minute 28.,Chance Creation & Final Third,pitch scatter map,high,true,true,false,false,2357,0.15,0
8cfdb681-32cf-4ebf-81f1-5c0839ec82d5,2442592,63afacd3-e499-586b-b773-39429bcce13a,569,FCK,1000,FCM,1,1638.2,1638.2,28,25,,,count,middle_third,middle_third,central_channel,-7.34,-10.12,51.01,18.31,-7.34,-10.12,51.01,18.31,loss,,counter_attack,box involvement,FCK box involvement at minute 28.,Chance Creation & Final Third,pitch scatter map,high,true,true,false,false,2358,0.15,
8cfdb681-32cf-4ebf-81f1-5c0839ec82d5,2442592,020e9d36-1f30-5977-aa35-32e00dd7d482,569,FCK,1000,FCM,1,1640.04,1640.04,28,25,512627,G. Gocholeishvili,count,middle_third,middle_third,left_channel,-5.34,-32.36,0,-26.02,-5.34,-32.36,0,-26.02,pass,reception,,context event,FCK context event at minute 28.,Executive Match Overview,pitch scatter map,low,false,false,false,false,2365,0,
8cfdb681-32cf-4ebf-81f1-5c0839ec82d5,2442592,2cd7217c-241e-52ed-93c1-b24cdb57cade,569,FCK,1000,FCM,1,1641.04,1641.04,28,25,433957,M. Mattsson,count,middle_third,middle_third,left_channel,-0.6,-25.65,-5.97,-25.7,-0.6,-25.65,-5.97,-25.7,pass,reception,,context event,FCK context event at minute 28.,Executive Match Overview,pitch scatter map,low,false,false,false,false,2369,0,
8cfdb681-32cf-4ebf-81f1-5c0839ec82d5,2442592,8ceb502b-62e0-5f3e-9077-a3e8563d5d3b,569,FCK,1000,FCM,1,1642,1642,28,25,166965,L. Lerager,count,middle_third,middle_third,left_channel,-5.92,-25.45,-6.57,-13.55,-5.92,-25.45,-6.57,-13.55,pass,reception,,context event,FCK context event at minute 28.,Executive Match Overview,pitch scatter map,low,false,false,false,false,2376,0,
8cfdb681-32cf-4ebf-81f1-5c0839ec82d5,2442592,ccc8f25c-c2f8-5bd0-bb78-3cacc9eeb01b,569,FCK,1000,FCM,1,1643.04,1643.04,28,25,68640,T. Delaney,count,middle_third,middle_third,left_channel,-6.55,-13.62,-22.32,-18.19,-6.55,-13.62,-22.32,-18.19,pass,reception,,context event,FCK context event at minute 28.,Executive Match Overview,pitch scatter map,low,false,false,false,false,2379,0,
8cfdb681-32cf-4ebf-81f1-5c0839ec82d5,2442592,221c717f-0eee-5367-b319-d4b8b321c1c2,569,FCK,1000,FCM,1,1646.08,1646.08,28,25,475413,Gabriel Pereira,count,defensive_third,defensive_third,left_channel,-23.85,-15.4,0.54,17.52,-23.85,-15.4,0.54,17.52,pass,reception,,progressive action,FCK progressive action at minute 28.,Territory & Control,pitch scatter map,medium,false,false,true,false,2385,0.02,
8cfdb681-32cf-4ebf-81f1-5c0839ec82d5,2442592,ab652c9e-6e5a-5f25-af1b-674aa9ae1ec9,569,FCK,1000,FCM,1,1646.16,1646.16,28,25,,,count,middle_third,middle_third,central_channel,0.61,-1.36,41.16,8.09,0.61,-1.36,41.16,8.09,defender_dribbled,defender_dribbled,,box involvement,FCK box involvement at minute 28.,Chance Creation & Final Third,pitch scatter map,high,true,true,false,false,2386,0.15,
8cfdb681-32cf-4ebf-81f1-5c0839ec82d5,2442592,b6668886-166e-5bad-890a-ac1cb0098493,569,FCK,1000,FCM,1,1648.52,1648.52,28,25,,,count,middle_third,middle_third,central_channel,4.87,3.93,36.91,21.19,4.87,3.93,36.91,21.19,defender_dribbled,defender_dribbled,,final-third entry,FCK final-third entry at minute 28.,Territory & Control,pitch scatter map,medium,false,true,false,false,2388,0.05,
8cfdb681-32cf-4ebf-81f1-5c0839ec82d5,2442592,c6fd001b-57a3-5c54-903c-403161d5302f,569,FCK,1000,FCM,1,1649.28,1649.28,28,25,546545,E. Achouri,count,middle_third,middle_third,right_channel,11.68,20.37,25.19,26.5,11.68,20.37,25.19,26.5,run_start_loc,,,final-third entry,FCK final-third entry at minute 28.,Territory & Control,pitch scatter map,medium,false,true,false,false,2392,0.05,
8cfdb681-32cf-4ebf-81f1-5c0839ec82d5,2442592,06d16a93-5e39-53e1-9b50-715b0b0dbd08,569,FCK,1000,FCM,1,1650.08,1650.08,28,25,193228,K. Diks,count,middle_third,middle_third,right_channel,8.02,18.69,35.87,13.24,8.02,18.69,35.87,13.24,run_start_loc,,,final-third entry,FCK final-third entry at minute 28.,Territory & Control,pitch scatter map,medium,false,true,false,false,2396,0.05,
8cfdb681-32cf-4ebf-81f1-5c0839ec82d5,2442592,7f517f56-e874-58e5-bcbb-b6fc2b8d3c58,569,FCK,1000,FCM,1,1650.08,1650.08,28,25,433957,M. Mattsson,count,middle_third,middle_third,central_channel,8.85,-4.69,35.03,5.64,8.85,-4.69,35.03,5.64,run_start_loc,,,final-third entry,FCK final-third entry at minute 28.,Territory & Control,pitch scatter map,medium,false,true,false,false,2397,0.05,
8cfdb681-32cf-4ebf-81f1-5c0839ec82d5,2442592,c520790e-6c74-5bf2-8615-2c0fb914e5f6,569,FCK,1000,FCM,1,1651,1651,28,25,193228,K. Diks,count,middle_third,middle_third,right_channel,14.54,18.68,27.14,26.17,14.54,18.68,27.14,26.17,pass,reception,,final-third entry,FCK final-third entry at minute 28.,Territory & Control,pitch scatter map,medium,false,true,true,false,2406,0.05,
8cfdb681-32cf-4ebf-81f1-5c0839ec82d5,2442592,90e1c597-3828-54f2-9f43-17bfd631581e,569,FCK,1000,FCM,1,1652.28,1652.28,28,25,546545,E. Achouri,count,attacking_third,attacking_third,right_channel,31.01,28.67,37.35,26.71,31.01,28.67,37.35,26.71,square,square,,final-third entry,FCK final-third entry at minute 28.,Territory & Control,pitch scatter map,medium,false,false,false,false,2407,0,0
8cfdb681-32cf-4ebf-81f1-5c0839ec82d5,2442592,4ce4fa2f-295d-5a2b-bae8-6ca4d8161a25,569,FCK,1000,FCM,1,1653.48,1653.48,28,25,546545,E. Achouri,count,attacking_third,attacking_third,right_channel,33.19,23.29,36.35,13.13,33.19,23.29,36.35,13.13,pass,reception,,final-third entry,FCK final-third entry at minute 28.,Territory & Control,pitch scatter map,medium,false,false,false,false,2412,0,
8cfdb681-32cf-4ebf-81f1-5c0839ec82d5,2442592,cff58de7-3575-5703-afe3-7a295981ceb0,569,FCK,1000,FCM,1,1654.44,1654.44,28,25,193228,K. Diks,count,attacking_third,attacking_third,right_channel,40.67,19.81,51.01,18.31,40.67,19.81,51.01,18.31,loss,ball_lost,,box involvement,FCK box involvement at minute 28.,Chance Creation & Final Third,pitch scatter map,high,true,false,false,false,2414,0,0
8cfdb681-32cf-4ebf-81f1-5c0839ec82d5,2442592,7dddcae6-0327-563c-a4f4-327ff96aba30,569,FCK,1000,FCM,1,1654.48,1654.48,28,25,96787,M. Elyounoussi,count,attacking_third,attacking_third,central_channel,39,-6.04,48.66,2.61,39,-6.04,48.66,2.61,run_start_loc,,,box involvement,FCK box involvement at minute 28.,Chance Creation & Final Third,pitch scatter map,high,true,false,false,false,2415,0.1,
8cfdb681-32cf-4ebf-81f1-5c0839ec82d5,2442592,a831e980-392c-59fc-af6b-a9afa8a28ca6,1000,FCM,569,FCK,1,1655.48,1655.48,28,25,,,count,attacking_third,attacking_third,central_channel,-43,-11.22,-51.17,-11.21,43,-11.22,51.17,-11.21,start_loc,,,box involvement,FCM box involvement at minute 28.,Chance Creation & Final Third,pitch scatter map,high,true,false,false,false,2418,0,
8cfdb681-32cf-4ebf-81f1-5c0839ec82d5,2442592,efa64030-9db9-5da1-8d1a-d0c1a4e05ac0,1000,FCM,569,FCK,1,1655.48,1655.48,28,25,,,count,attacking_third,attacking_third,central_channel,-42.76,2.21,-51.59,-3.99,42.76,2.21,51.59,-3.99,completed_pass,completed_pass,,box involvement,FCM box involvement at minute 28.,Chance Creation & Final Third,pitch scatter map,high,true,false,false,false,2419,0,
8cfdb681-32cf-4ebf-81f1-5c0839ec82d5,2442592,332e46a2-ecb6-59db-8503-28ba5f28edcf,1000,FCM,569,FCK,1,1656.96,1656.96,28,25,,,count,attacking_third,attacking_third,central_channel,-51.67,-5.99,32.61,-8.16,51.67,-5.99,-32.61,-8.16,recovery,turnover,tackle,box involvement,FCM box involvement at minute 28.,Chance Creation & Final Third,pitch scatter map,high,true,false,false,false,2423,0,0
8cfdb681-32cf-4ebf-81f1-5c0839ec82d5,2442592,760ac95e-aa35-51dc-a64e-00c23ab4b128,569,FCK,1000,FCM,1,1656.96,1656.96,28,25,,,count,attacking_third,attacking_third,right_channel,56.73,14.96,21.32,-0.67,56.73,14.96,21.32,-0.67,start_loc,,transition,box involvement,FCK box involvement at minute 28.,Chance Creation & Final Third,pitch scatter map,high,true,false,false,false,2424,0,0
8cfdb681-32cf-4ebf-81f1-5c0839ec82d5,2442592,337a2b11-e396-5adb-adcc-a8343e7f5e62,1000,FCM,569,FCK,1,1660.84,1660.84,28,25,204164,J. Andersson,count,attacking_third,attacking_third,central_channel,-46.37,4.84,-27.18,22,46.37,4.84,27.18,22,run_start_loc,,,box involvement,FCM box involvement at minute 28.,Chance Creation & Final Third,pitch scatter map,high,true,false,false,false,2426,0,
8cfdb681-32cf-4ebf-81f1-5c0839ec82d5,2442592,d5afcaed-badd-5a90-bfea-a057602ce1fe,1000,FCM,569,FCK,1,1661.72,1661.72,28,25,430901,E. Olafsson,count,attacking_third,attacking_third,central_channel,-46.97,-1.97,-23.68,24.45,46.97,-1.97,23.68,24.45,pass,reception,,box involvement,FCM box involvement at minute 28.,Chance Creation & Final Third,pitch scatter map,high,true,false,false,false,2428,0,
8cfdb681-32cf-4ebf-81f1-5c0839ec82d5,2442592,c344cb78-64e8-54b5-ae90-f7603ecb7a7c,1000,FCM,569,FCK,1,1668.08,1668.08,28,25,204164,J. Andersson,count,middle_third,middle_third,right_channel,-18.56,27.06,-20.49,20.91,18.56,27.06,20.49,20.91,pass,reception,,final-third entry,FCM final-third entry at minute 28.,Territory & Control,pitch scatter map,medium,false,true,false,false,2437,0.05,
8cfdb681-32cf-4ebf-81f1-5c0839ec82d5,2442592,ff9c5fbd-06d9-5b07-af5f-0df26fcdfd8c,1000,FCM,569,FCK,1,1671.32,1671.32,28,25,494784,Oliver Sorensen,count,middle_third,middle_third,right_channel,-17.9,17.02,-12.49,-6.19,17.9,17.02,12.49,-6.19,pass,reception,,context event,FCM context event at minute 28.,Executive Match Overview,pitch scatter map,low,false,false,false,false,2440,0,
8cfdb681-32cf-4ebf-81f1-5c0839ec82d5,2442592,439d3d7b-26bb-5970-8f2a-2f58c1616f0c,569,FCK,1000,FCM,1,1671.36,1671.36,28,25,,,count,attacking_third,attacking_third,central_channel,21.18,-0.27,-31.65,16.44,21.18,-0.27,-31.65,16.44,start_loc,,organisation,context event,FCK context event at minute 28.,Territory & Control,pitch scatter map,low,false,false,false,false,2441,0,0
8cfdb681-32cf-4ebf-81f1-5c0839ec82d5,2442592,4fb4dcaa-de99-5584-8cee-68bd5c0242b2,1000,FCM,569,FCK,1,1676.64,1676.64,28,25,533646,D. Osorio,count,middle_third,middle_third,left_channel,0.5,-15.57,15.88,-33.48,-0.5,-15.57,-15.88,-33.48,pass,reception,,context event,FCM context event at minute 28.,Executive Match Overview,pitch scatter map,low,false,false,false,false,2446,0,
8cfdb681-32cf-4ebf-81f1-5c0839ec82d5,2442592,37d3cbf5-817c-501f-97b4-df29f55087d8,1000,FCM,569,FCK,1,1680.04,1680.04,29,25,120721,K. Mbabu,count,middle_third,middle_third,left_channel,15.44,-31.93,10.99,-25.68,-15.44,-31.93,-10.99,-25.68,pass,reception,,context event,FCM context event at minute 29.,Executive Match Overview,pitch scatter map,low,false,false,false,false,2450,0,
8cfdb681-32cf-4ebf-81f1-5c0839ec82d5,2442592,4f1887f5-bbaa-55aa-b377-ff217c31c3fa,1000,FCM,569,FCK,1,1681.36,1681.36,29,25,,,count,middle_third,middle_third,right_channel,-9.12,27.83,-31.65,16.44,9.12,27.83,31.65,16.44,loss,,progression,final-third entry,FCM final-third entry at minute 29.,Defensive Behaviour & Transitions,pitch scatter map,high,false,true,false,false,2454,0.05,
8cfdb681-32cf-4ebf-81f1-5c0839ec82d5,2442592,a00f7bfa-8739-5709-b68a-ccdc8a05a37d,1000,FCM,569,FCK,1,1681.6,1681.6,29,25,533646,D. Osorio,count,middle_third,middle_third,left_channel,11.14,-24.18,17.02,-13.5,-11.14,-24.18,-17.02,-13.5,pass,reception,,context event,FCM context event at minute 29.,Executive Match Overview,pitch scatter map,low,false,false,false,false,2455,0,
8cfdb681-32cf-4ebf-81f1-5c0839ec82d5,2442592,79165bf1-f2b5-5dcb-b445-84fb1f7d5087,1000,FCM,569,FCK,1,1682.6,1682.6,29,25,474838,E. Martinez,count,middle_third,middle_third,left_channel,17.29,-13.64,31.47,-10.32,-17.29,-13.64,-31.47,-10.32,pass,reception,,context event,FCM context event at minute 29.,Executive Match Overview,pitch scatter map,low,false,false,false,false,2460,0,
8cfdb681-32cf-4ebf-81f1-5c0839ec82d5,2442592,14e0a401-94d7-5067-8b02-6c630f356b83,1000,FCM,569,FCK,1,1684.08,1684.08,29,25,240529,J. Kuchta,count,attacking_third,attacking_third,right_channel,-30.45,17.9,-31.81,18.22,30.45,17.9,31.81,18.22,backward,backward,,final-third entry,FCM final-third entry at minute 29.,Territory & Control,pitch scatter map,medium,false,false,false,false,2467,0,0
8cfdb681-32cf-4ebf-81f1-5c0839ec82d5,2442592,4ecdbb24-5b9c-5ebc-bf02-b318b6eb231d,1000,FCM,569,FCK,1,1684.32,1684.32,29,25,240529,J. Kuchta,count,defensive_third,defensive_third,central_channel,32.76,-10.78,31.17,-9.45,-32.76,-10.78,-31.17,-9.45,pass,reception,,context event,FCM context event at minute 29.,Executive Match Overview,pitch scatter map,low,false,false,false,false,2472,0,
8cfdb681-32cf-4ebf-81f1-5c0839ec82d5,2442592,d426c635-4123-58fe-8dc4-aa3e4776a3fe,1000,FCM,569,FCK,1,1684.56,1684.56,29,25,551144,Franculino Dju,count,attacking_third,attacking_third,right_channel,-30.14,17.31,-31.65,16.44,30.14,17.31,31.65,16.44,loss,ball_lost,,final-third entry,FCM final-third entry at minute 29.,Defensive Behaviour & Transitions,pitch scatter map,high,false,false,false,false,2474,0,0
8cfdb681-32cf-4ebf-81f1-5c0839ec82d5,2442592,679a9903-fe5c-5fdf-8ef1-4e56232a0635,1000,FCM,569,FCK,1,1686.12,1686.12,29,25,,,count,attacking_third,attacking_third,right_channel,-38.32,14.25,48.26,19.55,38.32,14.25,-48.26,19.55,start_loc,,transition,context event,FCM context event at minute 29.,Territory & Control,pitch scatter map,low,false,false,false,false,2481,0,0
8cfdb681-32cf-4ebf-81f1-5c0839ec82d5,2442592,f701661f-26ff-550f-b799-ffb73d999cbd,569,FCK,1000,FCM,1,1686.12,1686.12,29,25,,,count,defensive_third,defensive_third,central_channel,-38.97,4.94,43.59,12.74,-38.97,4.94,43.59,12.74,recovery,out,tackle,box involvement,FCK box involvement at minute 29.,Chance Creation & Final Third,pitch scatter map,high,true,true,false,false,2482,0.17,0
8cfdb681-32cf-4ebf-81f1-5c0839ec82d5,2442592,fd3caf41-ee35-54a8-baf3-f5566556790e,569,FCK,1000,FCM,1,1686.12,1686.12,29,25,,,count,defensive_third,defensive_third,right_channel,-38.32,14.25,48.26,19.55,-38.32,14.25,48.26,19.55,loss,,counter_attack,box involvement,FCK box involvement at minute 29.,Chance Creation & Final Third,pitch scatter map,high,true,true,false,false,2483,0.17,
8cfdb681-32cf-4ebf-81f1-5c0839ec82d5,2442592,ae089754-38f3-50cf-a81b-d5886ba2277a,569,FCK,1000,FCM,1,1687.88,1687.88,29,25,475413,Gabriel Pereira,count,defensive_third,defensive_third,central_channel,-34.78,4.6,-14.84,4.41,-34.78,4.6,-14.84,4.41,pass,reception,,progressive action,FCK progressive action at minute 29.,Territory & Control,pitch scatter map,medium,false,false,true,false,2486,0.02,
8cfdb681-32cf-4ebf-81f1-5c0839ec82d5,2442592,0d3be9e0-af2f-5392-ad4b-40cea3ae6aca,569,FCK,1000,FCM,1,1690.4,1690.4,29,25,457214,G. Onugkha,count,middle_third,middle_third,right_channel,-6.54,13.5,48.2,-3.94,-6.54,13.5,48.2,-3.94,run_start_loc,,,box involvement,FCK box involvement at minute 29.,Chance Creation & Final Third,pitch scatter map,high,true,true,false,false,2496,0.15,
8cfdb681-32cf-4ebf-81f1-5c0839ec82d5,2442592,1dc448d1-4c52-5d8b-b688-0f1e272feac6,569,FCK,1000,FCM,1,1691.48,1691.48,29,25,96787,M. Elyounoussi,count,middle_third,middle_third,right_channel,-4.84,14.46,9.11,24.69,-4.84,14.46,9.11,24.69,pass,reception,,progressive action,FCK progressive action at minute 29.,Territory & Control,pitch scatter map,medium,false,false,true,false,2501,0,
8cfdb681-32cf-4ebf-81f1-5c0839ec82d5,2442592,20015add-aa89-5e9f-abb9-6ae035c1ec15,569,FCK,1000,FCM,1,1692,1692,29,25,96787,M. Elyounoussi,count,middle_third,middle_third,right_channel,-2.04,16.08,41.03,12.73,-2.04,16.08,41.03,12.73,run_start_loc,,,box involvement,FCK box involvement at minute 29.,Chance Creation & Final Third,pitch scatter map,high,true,true,false,false,2504,0.15,
8cfdb681-32cf-4ebf-81f1-5c0839ec82d5,2442592,0ce5d152-fd8a-5e85-9047-b214ca468f42,569,FCK,1000,FCM,1,1692.8,1692.8,29,25,546545,E. Achouri,count,middle_third,middle_third,right_channel,12.1,27.66,36.85,23.55,12.1,27.66,36.85,23.55,forward,forward,,final-third entry,FCK final-third entry at minute 29.,Territory & Control,pitch scatter map,medium,false,true,false,false,2507,0.05,0
8cfdb681-32cf-4ebf-81f1-5c0839ec82d5,2442592,1d443e1d-14f2-5232-ac4a-46641ae6f140,569,FCK,1000,FCM,1,1695.2,1695.2,29,25,433957,M. Mattsson,count,middle_third,middle_third,central_channel,6.41,-0.19,39.2,-5.67,6.41,-0.19,39.2,-5.67,run_start_loc,,,final-third entry,FCK final-third entry at minute 29.,Territory & Control,pitch scatter map,medium,false,true,false,false,2519,0.05,
8cfdb681-32cf-4ebf-81f1-5c0839ec82d5,2442592,9aaa33a4-a3a8-522a-a96a-7afa95e6f0a4,569,FCK,1000,FCM,1,1696.2,1696.2,29,25,,,count,attacking_third,attacking_third,central_channel,33.27,3.63,45.6,11.13,33.27,3.63,45.6,11.13,defender_dribbled,defender_dribbled,,box involvement,FCK box involvement at minute 29.,Chance Creation & Final Third,pitch scatter map,high,true,false,false,false,2521,0.1,
8cfdb681-32cf-4ebf-81f1-5c0839ec82d5,2442592,a769204f-bfe1-5916-9dab-f4f6d730550b,569,FCK,1000,FCM,1,1696.6,1696.6,29,25,546545,E. Achouri,count,attacking_third,attacking_third,right_channel,32.71,18.63,42.14,12.72,32.71,18.63,42.14,12.72,pass,reception,,box involvement,FCK box involvement at minute 29.,Chance Creation & Final Third,pitch scatter map,high,true,false,false,false,2524,0.1,
8cfdb681-32cf-4ebf-81f1-5c0839ec82d5,2442592,28c705d6-935d-58e0-9504-c94fbe4cb3e8,569,FCK,1000,FCM,1,1697.72,1697.72,29,25,96787,M. Elyounoussi,count,attacking_third,attacking_third,right_channel,46.74,19.53,48.26,19.55,46.74,19.53,48.26,19.55,incomplete_pass,incomplete_pass,,box involvement,FCK box involvement at minute 29.,Chance Creation & Final Third,pitch scatter map,high,true,false,false,false,2528,0,0
8cfdb681-32cf-4ebf-81f1-5c0839ec82d5,2442592,c1f1f5e7-7a4a-5d29-ae44-ea15c74f0d2d,569,FCK,1000,FCM,1,1697.96,1697.96,29,25,96787,M. Elyounoussi,count,attacking_third,attacking_third,central_channel,43.59,12.74,36.21,-1.19,43.59,12.74,36.21,-1.19,pass,interception,,box involvement,FCK box involvement at minute 29.,Chance Creation & Final Third,pitch scatter map,high,true,false,false,false,2531,0,
8cfdb681-32cf-4ebf-81f1-5c0839ec82d5,2442592,e7a3cfa3-95ba-5966-a48f-9fd3d8c0dae7,1000,FCM,569,FCK,1,1699.68,1699.68,29,25,,,count,defensive_third,defensive_third,central_channel,47.91,8.89,47.86,8.84,-47.91,8.89,-47.86,8.84,loss,,interrupt,turnover / loss,FCM turnover / loss at minute 29.,Defensive Behaviour & Transitions,pitch scatter map,high,false,false,false,false,2536,0,
8cfdb681-32cf-4ebf-81f1-5c0839ec82d5,2442592,e94475e5-9955-5822-8a5b-4e9bff73c640,569,FCK,1000,FCM,1,1705.96,1705.96,29,25,512627,G. Gocholeishvili,count,middle_third,middle_third,left_channel,7.37,-34.57,9.21,-29.48,7.37,-34.57,9.21,-29.48,pass,reception,,context event,FCK context event at minute 29.,Executive Match Overview,pitch scatter map,low,false,false,false,false,2546,0,
8cfdb681-32cf-4ebf-81f1-5c0839ec82d5,2442592,8d44a310-0ffa-50a6-ae97-405c764fbf89,569,FCK,1000,FCM,1,1705.96,1705.96,29,25,,,count,middle_third,middle_third,left_channel,7.37,-34.57,38.53,20.64,7.37,-34.57,38.53,20.64,recovery,turnover,throw_in,final-third entry,FCK final-third entry at minute 29.,Defensive Behaviour & Transitions,pitch scatter map,high,false,true,false,false,2547,0.05,0
8cfdb681-32cf-4ebf-81f1-5c0839ec82d5,2442592,18d2a07d-d9b0-5afd-9c0e-7b236a6d6cf0,569,FCK,1000,FCM,1,1706.8,1706.8,29,25,166965,L. Lerager,count,middle_third,middle_third,left_channel,9.23,-29.54,6.06,-32.66,9.23,-29.54,6.06,-32.66,pass,reception,,context event,FCK context event at minute 29.,Executive Match Overview,pitch scatter map,low,false,false,false,false,2551,0,
8cfdb681-32cf-4ebf-81f1-5c0839ec82d5,2442592,f7868394-4a44-5eff-9baa-dcc2a8dd1e7e,569,FCK,1000,FCM,1,1712.04,1712.04,29,25,512627,G. Gocholeishvili,count,middle_third,middle_third,left_channel,8.98,-27.03,4.99,11.23,8.98,-27.03,4.99,11.23,pass,reception,,context event,FCK context event at minute 29.,Executive Match Overview,pitch scatter map,low,false,false,false,false,2554,0,
8cfdb681-32cf-4ebf-81f1-5c0839ec82d5,2442592,41eb926a-1627-591b-8bf1-f8a3fd123329,569,FCK,1000,FCM,1,1717.04,1717.04,29,25,193228,K. Diks,count,middle_third,middle_third,central_channel,6.06,13.14,26.54,29.68,6.06,13.14,26.54,29.68,pass,reception,,final-third entry,FCK final-third entry at minute 29.,Territory & Control,pitch scatter map,medium,false,true,true,false,2557,0.05,
8cfdb681-32cf-4ebf-81f1-5c0839ec82d5,2442592,2f5629ff-004b-575b-ace1-c510423d999d,569,FCK,1000,FCM,1,1717.2,1717.2,29,25,,,count,attacking_third,attacking_third,right_channel,27.46,17.66,30.62,26.8,27.46,17.66,30.62,26.8,defender_dribbled,defender_dribbled,,final-third entry,FCK final-third entry at minute 29.,Territory & Control,pitch scatter map,medium,false,false,false,false,2558,0,
8cfdb681-32cf-4ebf-81f1-5c0839ec82d5,2442592,d0284eeb-2a0a-5786-b19e-7f7288551596,569,FCK,1000,FCM,1,1717.96,1717.96,29,25,,,count,middle_third,middle_third,right_channel,8.9,19.82,39.16,27.38,8.9,19.82,39.16,27.38,progression,,progression,final-third entry,FCK final-third entry at minute 29.,Territory & Control,pitch scatter map,medium,false,true,false,false,2559,0.05,
8cfdb681-32cf-4ebf-81f1-5c0839ec82d5,2442592,5b68a029-43b7-5a72-9435-6c842090cabc,569,FCK,1000,FCM,1,1718.56,1718.56,29,25,546545,E. Achouri,count,attacking_third,attacking_third,right_channel,30.38,31.05,42.95,24.91,30.38,31.05,42.95,24.91,incomplete_pass,incomplete_pass,,final-third entry,FCK final-third entry at minute 29.,Territory & Control,pitch scatter map,medium,false,false,false,false,2560,0,0
8cfdb681-32cf-4ebf-81f1-5c0839ec82d5,2442592,68ec33ea-f3cb-5b1d-8f9e-ef343bdf76a9,569,FCK,1000,FCM,1,1721.96,1721.96,29,25,,,count,attacking_third,attacking_third,right_channel,39.23,27.3,42.95,24.91,39.23,27.3,42.95,24.91,loss,,attacking,final-third entry,FCK final-third entry at minute 29.,Defensive Behaviour & Transitions,pitch scatter map,high,false,false,false,false,2563,0,
8cfdb681-32cf-4ebf-81f1-5c0839ec82d5,2442592,c9d0606c-dfef-5bc2-9010-7f81baccc944,1000,FCM,569,FCK,1,1723.08,1723.08,29,25,,,count,attacking_third,attacking_third,left_channel,-37.35,-21.53,-37.64,-18.6,37.35,-21.53,37.64,-18.6,start_loc,,,final-third entry,FCM final-third entry at minute 29.,Territory & Control,pitch scatter map,medium,false,false,false,false,2565,0,
8cfdb681-32cf-4ebf-81f1-5c0839ec82d5,2442592,31db2b38-3ab7-5283-a1f0-a060d3761dcb,1000,FCM,569,FCK,1,1723.16,1723.16,29,25,,,count,attacking_third,attacking_third,central_channel,-30.37,-11.57,-36.85,-10.53,30.37,-11.57,36.85,-10.53,start_loc,,,final-third entry,FCM final-third entry at minute 29.,Territory & Control,pitch scatter map,medium,false,false,false,false,2566,0,
8cfdb681-32cf-4ebf-81f1-5c0839ec82d5,2442592,5c10c40d-4fc2-53d7-ad14-13e13ac3d63e,569,FCK,1000,FCM,1,1723.6,1723.6,29,25,546545,E. Achouri,count,attacking_third,attacking_third,right_channel,38.53,20.64,38.6,15.27,38.53,20.64,38.6,15.27,pass,interception,,final-third entry,FCK final-third entry at minute 29.,Territory & Control,pitch scatter map,medium,false,false,false,false,2567,0,
8cfdb681-32cf-4ebf-81f1-5c0839ec82d5,2442592,5c10c40d-4fc2-53d7-ad14-13e13ac3d63e,569,FCK,1000,FCM,1,1723.6,1723.6,29,25,546545,E. Achouri,count,attacking_third,attacking_third,right_channel,38.53,20.64,38.6,15.27,38.53,20.64,38.6,15.27,pass,interception,,final-third entry,FCK final-third entry at minute 29.,Territory & Control,pitch scatter map,medium,false,false,false,false,2568,0,
8cfdb681-32cf-4ebf-81f1-5c0839ec82d5,2442592,a92bccee-ebcc-58e3-8236-170f0cd146c8,1000,FCM,569,FCK,1,1723.68,1723.68,29,25,,,count,attacking_third,attacking_third,left_channel,-38.58,-20.49,-28.65,-12.54,38.58,-20.49,28.65,-12.54,defender_dribbled,defender_dribbled,,final-third entry,FCM final-third entry at minute 29.,Territory & Control,pitch scatter map,medium,false,false,false,false,2571,0,
8cfdb681-32cf-4ebf-81f1-5c0839ec82d5,2442592,b43dc2ad-c1ed-508e-8900-df1bc3934b25,1000,FCM,569,FCK,1,1723.92,1723.92,29,25,,,count,attacking_third,attacking_third,left_channel,-36.9,-17.15,-39.23,-15.14,36.9,-17.15,39.23,-15.14,start_loc,,,final-third entry,FCM final-third entry at minute 29.,Territory & Control,pitch scatter map,medium,false,false,false,false,2572,0,
8cfdb681-32cf-4ebf-81f1-5c0839ec82d5,2442592,5b7e8600-8f33-59c6-9946-931992bca3c0,1000,FCM,569,FCK,1,1725.52,1725.52,29,25,,,count,defensive_third,defensive_third,right_channel,40.23,19.41,-35.13,15.43,-40.23,19.41,35.13,15.43,loss,,counter_attack,final-third entry,FCM final-third entry at minute 29.,Defensive Behaviour & Transitions,pitch scatter map,high,false,true,false,false,2577,0.07,
8cfdb681-32cf-4ebf-81f1-5c0839ec82d5,2442592,68d3c00c-9d33-529a-af19-becfe7acee36,569,FCK,1000,FCM,1,1725.52,1725.52,29,25,,,count,attacking_third,attacking_third,right_channel,40.23,19.41,-35.13,15.43,40.23,19.41,-35.13,15.43,start_loc,,transition,box involvement,FCK box involvement at minute 29.,Chance Creation & Final Third,pitch scatter map,high,true,false,false,false,2578,0,0.0549
8cfdb681-32cf-4ebf-81f1-5c0839ec82d5,2442592,d36bcc6d-faff-5b40-bfaa-ee804e5f5149,1000,FCM,569,FCK,1,1725.52,1725.52,29,25,,,count,attacking_third,attacking_third,central_channel,-35.93,-12.54,35.93,-6.68,35.93,-12.54,-35.93,-6.68,shot,shot,interception,shot attempt,FCM shot attempt at minute 29.,Chance Creation & Final Third,pitch scatter map,high,false,false,false,false,2580,0.0549,0.0549
8cfdb681-32cf-4ebf-81f1-5c0839ec82d5,2442592,1338f1e1-5e10-54a2-88d8-725ec8890c06,1000,FCM,569,FCK,1,1725.8,1725.8,29,25,240529,J. Kuchta,count,attacking_third,attacking_third,central_channel,-19.53,-1.84,5.07,-13.34,19.53,-1.84,-5.07,-13.34,run_start_loc,,,context event,FCM context event at minute 29.,Territory & Control,pitch scatter map,low,false,false,false,false,2581,0,
8cfdb681-32cf-4ebf-81f1-5c0839ec82d5,2442592,9afc15d8-46b0-553f-aa70-3ceef158cd87,1000,FCM,569,FCK,1,1728.2,1728.2,29,25,474838,E. Martinez,count,attacking_third,attacking_third,central_channel,-29.54,-12.68,-32.87,-2.63,29.54,-12.68,32.87,-2.63,pass,reception,,final-third entry,FCM final-third entry at minute 29.,Territory & Control,pitch scatter map,medium,false,false,false,false,2587,0,
8cfdb681-32cf-4ebf-81f1-5c0839ec82d5,2442592,d326f683-6b79-58ef-9d05-02ff85e89ec8,1000,FCM,569,FCK,1,1729.6,1729.6,29,25,228044,M. Bech,count,attacking_third,attacking_third,central_channel,-32.74,-2.66,5.83,-14.11,32.74,-2.66,-5.83,-14.11,pass,reception,,context event,FCM context event at minute 29.,Territory & Control,pitch scatter map,low,false,false,false,false,2591,0,
8cfdb681-32cf-4ebf-81f1-5c0839ec82d5,2442592,473debe5-2a77-5466-90be-979b78a42a40,1000,FCM,569,FCK,1,1732.76,1732.76,29,25,240529,J. Kuchta,count,middle_third,middle_third,left_channel,6.16,-14.32,19.99,-23.21,-6.16,-14.32,-19.99,-23.21,pass,shot,,context event,FCM context event at minute 29.,Executive Match Overview,pitch scatter map,low,false,false,false,false,2601,0,
8cfdb681-32cf-4ebf-81f1-5c0839ec82d5,2442592,bb2dffa5-f1b4-5008-a8df-92a1fbb195ef,1000,FCM,569,FCK,1,1735.48,1735.48,29,25,551144,Franculino Dju,count,middle_third,middle_third,right_channel,-18.41,26.66,-35.13,15.43,18.41,26.66,35.13,15.43,shot,shot,,shot attempt,FCM shot attempt at minute 29.,Chance Creation & Final Third,pitch scatter map,high,false,true,false,false,2618,0.05,0.0549
8cfdb681-32cf-4ebf-81f1-5c0839ec82d5,2442592,542e4964-79c9-5855-9067-bf6c67fcab02,1000,FCM,569,FCK,1,1739.48,1739.48,29,25,551144,Franculino Dju,count,defensive_third,defensive_third,central_channel,35.93,-6.68,51.83,-4.37,-35.93,-6.68,-51.83,-4.37,shot,off_target,,shot attempt,FCM shot attempt at minute 29.,Chance Creation & Final Third,pitch scatter map,high,false,false,false,false,2631,0.0549,0.0549
8cfdb681-32cf-4ebf-81f1-5c0839ec82d5,2442592,9c4de84b-4d17-54f0-ad1e-282fd7b1feb3,569,FCK,1000,FCM,1,1765.92,1765.92,30,25,,,count,defensive_third,defensive_third,central_channel,-47.5,0.04,36.51,9.55,-47.5,0.04,36.51,9.55,shot,foul,goal_kick,shot attempt,FCK shot attempt at minute 30.,Chance Creation & Final Third,pitch scatter map,high,false,true,false,false,2636,0.0524,0.0524
8cfdb681-32cf-4ebf-81f1-5c0839ec82d5,2442592,dd5c8bf2-4652-5d8a-8c5b-4048f52bd361,1000,FCM,569,FCK,1,1765.92,1765.92,30,25,,,count,attacking_third,attacking_third,central_channel,-47.26,10.92,40.83,17.38,47.26,10.92,-40.83,17.38,start_loc,,organisation,box involvement,FCM box involvement at minute 30.,Chance Creation & Final Third,pitch scatter map,high,true,false,false,false,2637,0,0.0524
8cfdb681-32cf-4ebf-81f1-5c0839ec82d5,2442592,7534ba77-f534-55ea-9641-01bc59fa82e2,569,FCK,1000,FCM,1,1765.92,1765.92,30,25,232398,N. Trott,count,defensive_third,defensive_third,central_channel,-47.5,0.04,-47.09,-10.69,-47.5,0.04,-47.09,-10.69,pass,reception,,context event,FCK context event at minute 30.,Executive Match Overview,pitch scatter map,low,false,false,false,false,2639,0,
8cfdb681-32cf-4ebf-81f1-5c0839ec82d5,2442592,73ad0e49-c484-5e34-be9b-194ae3df8b3e,569,FCK,1000,FCM,1,1772.8,1772.8,30,25,475413,Gabriel Pereira,count,defensive_third,defensive_third,central_channel,-43.36,-11.96,-39.57,-26.53,-43.36,-11.96,-39.57,-26.53,pass,reception,,context event,FCK context event at minute 30.,Executive Match Overview,pitch scatter map,low,false,false,false,false,2644,0,
8cfdb681-32cf-4ebf-81f1-5c0839ec82d5,2442592,5ede47d6-5146-5b8d-9f96-c09284da9c9d,569,FCK,1000,FCM,1,1775.68,1775.68,30,25,512627,G. Gocholeishvili,count,defensive_third,defensive_third,left_channel,-39.36,-26.12,-23.51,-7.09,-39.36,-26.12,-23.51,-7.09,pass,reception,,progressive action,FCK progressive action at minute 30.,Territory & Control,pitch scatter map,medium,false,false,true,false,2648,0,
8cfdb681-32cf-4ebf-81f1-5c0839ec82d5,2442592,7ef686a2-94b4-5e87-8c19-908eebfcb957,569,FCK,1000,FCM,1,1775.92,1775.92,30,25,,,count,defensive_third,defensive_third,central_channel,-38.73,-6.85,40.83,17.38,-38.73,-6.85,40.83,17.38,progression,,progression,box involvement,FCK box involvement at minute 30.,Chance Creation & Final Third,pitch scatter map,high,true,true,false,false,2649,0.17,
8cfdb681-32cf-4ebf-81f1-5c0839ec82d5,2442592,89f0ac7a-bbd8-5a8f-bf67-8badc23a8a08,569,FCK,1000,FCM,1,1778.52,1778.52,30,25,68640,T. Delaney,count,defensive_third,defensive_third,central_channel,-25.36,-7.62,-23.69,-15.6,-25.36,-7.62,-23.69,-15.6,pass,reception,,context event,FCK context event at minute 30.,Executive Match Overview,pitch scatter map,low,false,false,false,false,2656,0,
8cfdb681-32cf-4ebf-81f1-5c0839ec82d5,2442592,4ae24a85-9011-55f6-9404-076e056d94e9,569,FCK,1000,FCM,1,1779.92,1779.92,30,25,166965,L. Lerager,count,defensive_third,defensive_third,left_channel,-22.58,-16.1,-5.27,-16.08,-22.58,-16.1,-5.27,-16.08,pass,reception,,progressive action,FCK progressive action at minute 30.,Territory & Control,pitch scatter map,medium,false,false,true,false,2661,0.02,
8cfdb681-32cf-4ebf-81f1-5c0839ec82d5,2442592,86761078-0444-5a6b-8148-f54f302efe58,569,FCK,1000,FCM,1,1780.72,1780.72,30,25,546545,E. Achouri,count,middle_third,middle_third,central_channel,-3.98,2.48,19.38,3.38,-3.98,2.48,19.38,3.38,run_start_loc,,,final-third entry,FCK final-third entry at minute 30.,Territory & Control,pitch scatter map,medium,false,true,false,false,2663,0.05,
8cfdb681-32cf-4ebf-81f1-5c0839ec82d5,2442592,a9e9fc37-a92e-5870-94a6-f745ba03b05a,569,FCK,1000,FCM,1,1780.84,1780.84,30,25,433957,M. Mattsson,count,middle_third,middle_third,central_channel,-2.98,-0.03,31.07,13.47,-2.98,-0.03,31.07,13.47,forward,forward,,final-third entry,FCK final-third entry at minute 30.,Territory & Control,pitch scatter map,medium,false,true,false,false,2665,0.05,0
8cfdb681-32cf-4ebf-81f1-5c0839ec82d5,2442592,50a5ccae-8441-5861-a994-9cfe6ec7e374,569,FCK,1000,FCM,1,1781.12,1781.12,30,25,96787,M. Elyounoussi,count,middle_third,middle_third,central_channel,-8.95,-5.58,33.52,10.93,-8.95,-5.58,33.52,10.93,run_start_loc,,,final-third entry,FCK final-third entry at minute 30.,Territory & Control,pitch scatter map,medium,false,true,false,false,2666,0.05,
8cfdb681-32cf-4ebf-81f1-5c0839ec82d5,2442592,07a60459-2237-5554-bf6c-e55c49ad6808,569,FCK,1000,FCM,1,1783.12,1783.12,30,25,433957,M. Mattsson,count,middle_third,middle_third,central_channel,0.04,-3.42,40.46,1.84,0.04,-3.42,40.46,1.84,run_start_loc,,,box involvement,FCK box involvement at minute 30.,Chance Creation & Final Third,pitch scatter map,high,true,true,false,false,2681,0.15,
8cfdb681-32cf-4ebf-81f1-5c0839ec82d5,2442592,91271684-19f5-5097-a463-4f21d116dbab,569,FCK,1000,FCM,1,1786.92,1786.92,30,25,433957,M. Mattsson,count,attacking_third,attacking_third,central_channel,27.2,3.8,34.79,11.08,27.2,3.8,34.79,11.08,pass,shot,,final-third entry,FCK final-third entry at minute 30.,Territory & Control,pitch scatter map,medium,false,false,false,false,2691,0,
8cfdb681-32cf-4ebf-81f1-5c0839ec82d5,2442592,87ec32f8-effe-5004-9e7c-ddb9d807b2ba,569,FCK,1000,FCM,1,1787.72,1787.72,30,25,96787,M. Elyounoussi,count,attacking_third,attacking_third,right_channel,39.03,18.42,40.83,17.38,39.03,18.42,40.83,17.38,shot,shot,,shot attempt,FCK shot attempt at minute 30.,Chance Creation & Final Third,pitch scatter map,high,true,false,false,false,2694,0.1,0.0524
8cfdb681-32cf-4ebf-81f1-5c0839ec82d5,2442592,7835e360-7a31-5c1c-a50d-7f549fb16c86,569,FCK,1000,FCM,1,1788.84,1788.84,30,25,96787,M. Elyounoussi,count,attacking_third,attacking_third,central_channel,36.51,9.55,51.33,-12.82,36.51,9.55,51.33,-12.82,shot,off_target,,shot attempt,FCK shot attempt at minute 30.,Chance Creation & Final Third,pitch scatter map,high,true,false,false,false,2696,0.0524,0.0524
8cfdb681-32cf-4ebf-81f1-5c0839ec82d5,2442592,f4d59aec-6f40-5895-8b90-b873514b8f4d,569,FCK,1000,FCM,1,1853.2,1853.2,31,30,96787,M. Elyounoussi,count,attacking_third,attacking_third,central_channel,29.63,0.27,40.61,-2.71,29.63,0.27,40.61,-2.71,run_start_loc,,,box involvement,FCK box involvement at minute 31.,Chance Creation & Final Third,pitch scatter map,high,true,false,false,false,2703,0.1,
8cfdb681-32cf-4ebf-81f1-5c0839ec82d5,2442592,4331c6f3-ed3c-585c-8c8b-b1c601721cce,569,FCK,1000,FCM,1,1854.8,1854.8,31,30,,,count,attacking_third,attacking_third,central_channel,41.37,0.75,41.37,0.75,41.37,0.75,41.37,0.75,shot,shot,penalty,shot attempt,FCK shot attempt at minute 31.,Chance Creation & Final Third,pitch scatter map,high,true,false,false,false,2704,0.78,0.78
8cfdb681-32cf-4ebf-81f1-5c0839ec82d5,2442592,4aca6545-ffd5-5b34-9c53-995030c76b25,1000,FCM,569,FCK,1,1854.8,1854.8,31,30,,,count,defensive_third,defensive_third,central_channel,45.93,11.4,45.93,11.4,-45.93,11.4,-45.93,11.4,start_loc,,organisation,context event,FCM context event at minute 31.,Executive Match Overview,pitch scatter map,low,false,false,false,true,2705,0,0
8cfdb681-32cf-4ebf-81f1-5c0839ec82d5,2442592,5646a6d5-d0ad-5daa-9ddf-2485107edfbd,569,FCK,1000,FCM,1,1854.8,1854.8,31,30,193228,K. Diks,count,attacking_third,attacking_third,central_channel,45.93,11.4,45.93,11.4,45.93,11.4,45.93,11.4,goal,goal,,box involvement,FCK box involvement at minute 31.,Chance Creation & Final Third,pitch scatter map,high,true,false,false,false,2706,0,0.78
8cfdb681-32cf-4ebf-81f1-5c0839ec82d5,2442592,bea9f3dd-ea35-546d-908c-99ee0a28fc25,569,FCK,1000,FCM,1,1854.8,1854.8,31,30,,,count,attacking_third,attacking_third,central_channel,45.93,11.4,45.93,11.4,45.93,11.4,45.93,11.4,attacking,,attacking,box involvement,FCK box involvement at minute 31.,Chance Creation & Final Third,pitch scatter map,high,true,false,false,false,2707,0,
8cfdb681-32cf-4ebf-81f1-5c0839ec82d5,2442592,c210faeb-0921-53e1-8c96-da40b81114d1,569,FCK,1000,FCM,1,1854.8,1854.8,31,30,193228,K. Diks,count,attacking_third,attacking_third,central_channel,41.37,0.75,52.61,2.83,41.37,0.75,52.61,2.83,shot,goal,,shot attempt,FCK shot attempt at minute 31.,Chance Creation & Final Third,pitch scatter map,high,true,false,false,false,2708,0.78,0.78
8cfdb681-32cf-4ebf-81f1-5c0839ec82d5,2442592,c210faeb-0921-53e1-8c96-da40b81114d1,569,FCK,1000,FCM,1,1854.8,1854.8,31,30,193228,K. Diks,count,attacking_third,attacking_third,central_channel,41.37,0.75,52.61,2.83,41.37,0.75,52.61,2.83,shot,goal,,shot attempt,FCK shot attempt at minute 31.,Chance Creation & Final Third,pitch scatter map,high,true,false,false,false,2709,0.78,0.78
8cfdb681-32cf-4ebf-81f1-5c0839ec82d5,2442592,088fd0e2-47ff-5e5a-8a84-8ca1de97c3e5,1000,FCM,569,FCK,1,1912.6,1912.6,32,30,,,count,middle_third,middle_third,central_channel,-1.45,-3.82,-15.22,-0.39,1.45,-3.82,15.22,-0.39,recovery,turnover,kick_off,ball recovery,FCM ball recovery at minute 32.,Defensive Behaviour & Transitions,pitch scatter map,high,false,false,false,false,2711,0,0
8cfdb681-32cf-4ebf-81f1-5c0839ec82d5,2442592,eb7fea6a-7492-5bc5-bd19-8187dc026d00,1000,FCM,569,FCK,1,1912.6,1912.6,32,30,474838,E. Martinez,count,middle_third,middle_third,central_channel,-1.45,-3.82,-15.24,-0.79,1.45,-3.82,15.24,-0.79,pass,reception,,progressive action,FCM progressive action at minute 32.,Territory & Control,pitch scatter map,medium,false,false,true,false,2715,0,
8cfdb681-32cf-4ebf-81f1-5c0839ec82d5,2442592,6a59959d-3462-555f-adf7-e3d6d47563e7,1000,FCM,569,FCK,1,1914.92,1914.92,32,30,609108,O. Diao,count,middle_third,middle_third,central_channel,-15.22,-0.39,-9.92,20.77,15.22,-0.39,9.92,20.77,pass,interception,,context event,FCM context event at minute 32.,Executive Match Overview,pitch scatter map,medium,false,false,false,false,2719,0,
8cfdb681-32cf-4ebf-81f1-5c0839ec82d5,2442592,554c6370-21ca-52d3-8bcd-8f2c8c89871b,1000,FCM,569,FCK,1,1917.6,1917.6,32,30,,,count,middle_third,middle_third,right_channel,4.85,15.06,-23.77,15.74,-4.85,15.06,23.77,15.74,loss,,progression,final-third entry,FCM final-third entry at minute 32.,Defensive Behaviour & Transitions,pitch scatter map,high,false,true,false,false,2722,0.05,
8cfdb681-32cf-4ebf-81f1-5c0839ec82d5,2442592,cc9b8caa-00f9-59a6-9904-b4da8041b6a0,569,FCK,1000,FCM,1,1921.24,1921.24,33,30,68640,T. Delaney,count,middle_third,middle_third,right_channel,-15.14,13.82,6.82,-3.49,-15.14,13.82,6.82,-3.49,pass,interception,,context event,FCK context event at minute 33.,Executive Match Overview,pitch scatter map,medium,false,false,false,false,2727,0,
8cfdb681-32cf-4ebf-81f1-5c0839ec82d5,2442592,ed12b834-10e3-5265-872c-bd1eed2cc4de,1000,FCM,569,FCK,1,1922.96,1922.96,33,30,228044,M. Bech,count,middle_third,middle_third,central_channel,-9.74,1,17.46,-25.79,9.74,1,-17.46,-25.79,pass,interception,,context event,FCM context event at minute 33.,Executive Match Overview,pitch scatter map,medium,false,false,false,false,2733,0,
8cfdb681-32cf-4ebf-81f1-5c0839ec82d5,2442592,28159622-9081-5305-ad68-c7cd38286f94,569,FCK,1000,FCM,1,1926.8,1926.8,33,30,193228,K. Diks,count,defensive_third,defensive_third,right_channel,-19.11,26.7,-12.81,21.96,-19.11,26.7,-12.81,21.96,pass,interception,,context event,FCK context event at minute 33.,Executive Match Overview,pitch scatter map,medium,false,false,false,false,2739,0.02,
8cfdb681-32cf-4ebf-81f1-5c0839ec82d5,2442592,c5f16472-2995-5c44-8ab6-7bff38c018d8,1000,FCM,569,FCK,1,1927.88,1927.88,33,30,494784,Oliver Sorensen,count,middle_third,middle_third,left_channel,11.33,-22.2,17.11,-15.15,-11.33,-22.2,-17.11,-15.15,pass,interception,,context event,FCM context event at minute 33.,Executive Match Overview,pitch scatter map,medium,false,false,false,false,2742,0,
8cfdb681-32cf-4ebf-81f1-5c0839ec82d5,2442592,4a76cac5-cac0-552f-8656-79d4c6da3732,569,FCK,1000,FCM,1,1930,1930,33,30,166965,L. Lerager,count,middle_third,middle_third,right_channel,-14.84,21.05,-14.39,21.95,-14.84,21.05,-14.39,21.95,loss,ball_lost,,turnover / loss,FCK turnover / loss at minute 33.,Defensive Behaviour & Transitions,pitch scatter map,high,false,false,false,false,2746,0,0
8cfdb681-32cf-4ebf-81f1-5c0839ec82d5,2442592,1a673770-c49d-5ac9-b2bf-c1c8c8576c2e,1000,FCM,569,FCK,1,1931,1931,33,30,,,count,middle_third,middle_third,left_channel,15.95,-14.78,25.1,-7.13,-15.95,-14.78,-25.1,-7.13,shot,shot,recovery,shot attempt,FCM shot attempt at minute 33.,Chance Creation & Final Third,pitch scatter map,high,false,false,false,false,2750,0.0273,0.0273
8cfdb681-32cf-4ebf-81f1-5c0839ec82d5,2442592,5d7e1859-0801-5467-a1f5-281d2a50fb7d,1000,FCM,569,FCK,1,1931,1931,33,30,533646,D. Osorio,count,middle_third,middle_third,right_channel,-14.18,20.93,-23.77,15.74,14.18,20.93,23.77,15.74,shot,shot,,shot attempt,FCM shot attempt at minute 33.,Chance Creation & Final Third,pitch scatter map,high,false,true,false,false,2751,0.05,0.0273
8cfdb681-32cf-4ebf-81f1-5c0839ec82d5,2442592,99e183da-8e65-5f47-8296-9d24727ac6e4,1000,FCM,569,FCK,1,1933,1933,33,30,533646,D. Osorio,count,defensive_third,defensive_third,central_channel,25.1,-7.13,52.17,-7.69,-25.1,-7.13,-52.17,-7.69,shot,off_target,,shot attempt,FCM shot attempt at minute 33.,Chance Creation & Final Third,pitch scatter map,high,false,false,false,false,2761,0.0273,0.0273
8cfdb681-32cf-4ebf-81f1-5c0839ec82d5,2442592,2e9be74f-1cc2-5696-ad78-79e8379214a8,569,FCK,1000,FCM,1,1950.32,1950.32,33,30,,,count,defensive_third,defensive_third,central_channel,-47.03,0.42,1.53,13.68,-47.03,0.42,1.53,13.68,recovery,turnover,goal_kick,ball recovery,FCK ball recovery at minute 33.,Defensive Behaviour & Transitions,pitch scatter map,high,false,false,false,false,2766,0.02,0
8cfdb681-32cf-4ebf-81f1-5c0839ec82d5,2442592,ccc77aeb-c873-56fa-a5fc-629f20195c05,569,FCK,1000,FCM,1,1950.32,1950.32,33,30,232398,N. Trott,count,defensive_third,defensive_third,central_channel,-47.03,0.42,-39.95,23.75,-47.03,0.42,-39.95,23.75,pass,reception,,context event,FCK context event at minute 33.,Executive Match Overview,pitch scatter map,low,false,false,false,false,2769,0,
8cfdb681-32cf-4ebf-81f1-5c0839ec82d5,2442592,bd6a2a44-b1e4-57b2-962c-5a6be2ad622a,1000,FCM,569,FCK,1,1950.32,1950.32,33,30,,,count,attacking_third,attacking_third,central_channel,-46.77,11.18,4.16,20.19,46.77,11.18,-4.16,20.19,start_loc,,organisation,box involvement,FCM box involvement at minute 33.,Chance Creation & Final Third,pitch scatter map,high,true,false,false,false,2770,0,0
8cfdb681-32cf-4ebf-81f1-5c0839ec82d5,2442592,1318c0e5-eb89-52cd-b7fc-72448b2258e1,569,FCK,1000,FCM,1,1953.32,1953.32,33,30,,,count,defensive_third,defensive_third,right_channel,-37.47,28.83,4.16,20.19,-37.47,28.83,4.16,20.19,loss,,progression,turnover / loss,FCK turnover / loss at minute 33.,Defensive Behaviour & Transitions,pitch scatter map,high,false,false,false,false,2777,0.02,
8cfdb681-32cf-4ebf-81f1-5c0839ec82d5,2442592,69cae6e3-f1f6-541e-92f2-bb3f867cce84,569,FCK,1000,FCM,1,1953.8,1953.8,33,30,220246,P. Hatzidiakos,count,defensive_third,defensive_third,right_channel,-36.9,27.32,1.32,14.65,-36.9,27.32,1.32,14.65,pass,reception,,progressive action,FCK progressive action at minute 33.,Territory & Control,pitch scatter map,medium,false,false,true,false,2778,0.02,
8cfdb681-32cf-4ebf-81f1-5c0839ec82d5,2442592,7f382196-17fc-5cc9-acc9-5d52dbafc4b3,569,FCK,1000,FCM,1,1956.44,1956.44,33,30,457214,G. Onugkha,count,middle_third,middle_third,right_channel,1.29,14.61,1.83,12.15,1.29,14.61,1.83,12.15,pass,interception,,context event,FCK context event at minute 33.,Executive Match Overview,pitch scatter map,medium,false,false,false,false,2782,0,
8cfdb681-32cf-4ebf-81f1-5c0839ec82d5,2442592,0cbf44f3-e37f-5bd2-9786-7f50a41eb945,1000,FCM,569,FCK,1,1960.88,1960.88,33,30,,,count,middle_third,middle_third,central_channel,-2.12,-11.26,44.7,15.71,2.12,-11.26,-44.7,15.71,recovery,out,tackle,ball recovery,FCM ball recovery at minute 33.,Defensive Behaviour & Transitions,pitch scatter map,medium,false,false,false,false,2796,0,0
8cfdb681-32cf-4ebf-81f1-5c0839ec82d5,2442592,31c544fe-1a1f-5832-8391-b34440686a76,1000,FCM,569,FCK,1,1960.88,1960.88,33,30,,,count,middle_third,middle_third,right_channel,4.77,18.54,-43.94,0.05,-4.77,18.54,43.94,0.05,counter_attack,,counter_attack,box involvement,FCM box involvement at minute 33.,Chance Creation & Final Third,pitch scatter map,high,true,true,false,false,2798,0.15,
8cfdb681-32cf-4ebf-81f1-5c0839ec82d5,2442592,8b28f6a7-8598-59e0-bc56-db20f8932464,1000,FCM,569,FCK,1,1960.92,1960.92,33,30,494784,Oliver Sorensen,count,middle_third,middle_third,central_channel,-2.14,-11.13,2.06,1.84,2.14,-11.13,-2.06,1.84,pass,reception,,context event,FCM context event at minute 33.,Executive Match Overview,pitch scatter map,low,false,false,false,false,2801,0,
8cfdb681-32cf-4ebf-81f1-5c0839ec82d5,2442592,49c4cd8e-77af-5b33-9e95-a1b6d3cbac4c,1000,FCM,569,FCK,1,1962.52,1962.52,33,30,477672,A. Simsir,count,middle_third,middle_third,central_channel,1.83,2.02,-6.92,13.74,-1.83,2.02,6.92,13.74,pass,reception,,context event,FCM context event at minute 33.,Executive Match Overview,pitch scatter map,low,false,false,false,false,2810,0,
8cfdb681-32cf-4ebf-81f1-5c0839ec82d5,2442592,63f0a8c4-1d1a-5f9c-a799-d30e4ba2b542,1000,FCM,569,FCK,1,1965.76,1965.76,33,30,204164,J. Andersson,count,middle_third,middle_third,right_channel,-0.27,22.32,32.65,22.19,0.27,22.32,-32.65,22.19,pass,reception,,context event,FCM context event at minute 33.,Executive Match Overview,pitch scatter map,low,false,false,false,false,2817,0,
8cfdb681-32cf-4ebf-81f1-5c0839ec82d5,2442592,cc005373-2720-5fc9-a68b-32907beb1f5b,1000,FCM,569,FCK,1,1967.88,1967.88,33,30,240529,J. Kuchta,count,attacking_third,attacking_third,central_channel,-31.69,-4.18,-44.33,0.22,31.69,-4.18,44.33,0.22,incomplete_pass,incomplete_pass,,box involvement,FCM box involvement at minute 33.,Chance Creation & Final Third,pitch scatter map,high,true,false,false,false,2824,0.1,0
8cfdb681-32cf-4ebf-81f1-5c0839ec82d5,2442592,d3157288-0f15-5acc-901b-88a073cb1b71,1000,FCM,569,FCK,1,1969.84,1969.84,33,30,240529,J. Kuchta,count,defensive_third,defensive_third,right_channel,44.7,15.71,40.66,-2.82,-44.7,15.71,-40.66,-2.82,pass,interception,,context event,FCM context event at minute 33.,Executive Match Overview,pitch scatter map,medium,false,false,false,false,2834,0,
8cfdb681-32cf-4ebf-81f1-5c0839ec82d5,2442592,7706656c-3eef-5d38-9958-de63bb67d817,1000,FCM,569,FCK,1,1969.84,1969.84,33,30,,,count,attacking_third,attacking_third,central_channel,-44.33,0.22,-44.33,0.22,44.33,0.22,44.33,0.22,crossing,,crossing,box involvement,FCM box involvement at minute 33.,Chance Creation & Final Third,pitch scatter map,high,true,false,false,false,2835,0,
8cfdb681-32cf-4ebf-81f1-5c0839ec82d5,2442592,13a17e3a-423d-5ee3-ae46-465032da1b90,1000,FCM,569,FCK,1,1996.84,1996.84,34,30,,,count,defensive_third,defensive_third,right_channel,52.62,33.04,52.62,33.04,-52.62,33.04,-52.62,33.04,recovery,turnover,corner_kick,ball recovery,FCM ball recovery at minute 34.,Defensive Behaviour & Transitions,pitch scatter map,high,false,false,false,false,2844,0,0
8cfdb681-32cf-4ebf-81f1-5c0839ec82d5,2442592,1bb26e7c-7be0-5ced-b9c3-7a6c5c22af7e,1000,FCM,569,FCK,1,1996.84,1996.84,34,30,,,count,attacking_third,attacking_third,central_channel,-52.63,-11.55,-36.77,1.91,52.63,-11.55,36.77,1.91,crossing,,crossing,box involvement,FCM box involvement at minute 34.,Chance Creation & Final Third,pitch scatter map,high,true,false,false,false,2845,0,
8cfdb681-32cf-4ebf-81f1-5c0839ec82d5,2442592,844e5e40-5b17-5831-8b32-1913e2d14a6f,1000,FCM,569,FCK,1,1996.84,1996.84,34,30,477672,A. Simsir,count,defensive_third,defensive_third,right_channel,52.62,33.04,48.37,3.51,-52.62,33.04,-48.37,3.51,pass,interception,,context event,FCM context event at minute 34.,Executive Match Overview,pitch scatter map,medium,false,false,false,false,2846,0,
8cfdb681-32cf-4ebf-81f1-5c0839ec82d5,2442592,4bd3a3e8-7973-5bcd-91b3-259b5ec1a052,1000,FCM,569,FCK,1,1996.84,1996.84,34,30,477672,A. Simsir,count,attacking_third,attacking_third,central_channel,-52.63,-11.55,-52.63,-11.55,52.63,-11.55,52.63,-11.55,incomplete_pass,incomplete_pass,,box involvement,FCM box involvement at minute 34.,Chance Creation & Final Third,pitch scatter map,high,true,false,false,false,2847,0,0
8cfdb681-32cf-4ebf-81f1-5c0839ec82d5,2442592,4f031bdb-cc18-5a5c-87a7-d7071dcf112a,569,FCK,1000,FCM,1,1996.84,1996.84,34,30,,,count,defensive_third,defensive_third,central_channel,-52.63,-11.55,-52.18,-11.44,-52.63,-11.55,-52.18,-11.44,start_loc,,organisation,context event,FCK context event at minute 34.,Executive Match Overview,pitch scatter map,low,false,false,false,true,2848,0,0
8cfdb681-32cf-4ebf-81f1-5c0839ec82d5,2442592,0f3a7435-3b05-5045-8f68-737969f48e72,1000,FCM,569,FCK,1,2001.04,2001.04,34,30,494784,Oliver Sorensen,count,attacking_third,attacking_third,central_channel,-36.94,1.96,-36.77,1.91,36.94,1.96,36.77,1.91,incomplete_pass,incomplete_pass,,final-third entry,FCM final-third entry at minute 34.,Territory & Control,pitch scatter map,medium,false,false,false,false,2857,0,0
8cfdb681-32cf-4ebf-81f1-5c0839ec82d5,2442592,d20c08fc-1963-5a28-8ae4-e1734e5e4a8f,1000,FCM,569,FCK,1,2001.16,2001.16,34,30,494784,Oliver Sorensen,count,defensive_third,defensive_third,central_channel,37.49,13.23,39.37,3.04,-37.49,13.23,-39.37,3.04,pass,interception,,context event,FCM context event at minute 34.,Executive Match Overview,pitch scatter map,medium,false,false,false,false,2859,0,
8cfdb681-32cf-4ebf-81f1-5c0839ec82d5,2442592,d380d939-08c9-5ccd-8b6c-831925e14886,1000,FCM,569,FCK,1,2002.92,2002.92,34,30,,,count,defensive_third,defensive_third,central_channel,31.54,12.9,15.8,6.06,-31.54,12.9,-15.8,6.06,completed_pass,completed_pass,,progressive action,FCM progressive action at minute 34.,Territory & Control,pitch scatter map,medium,false,false,true,false,2862,0.02,
8cfdb681-32cf-4ebf-81f1-5c0839ec82d5,2442592,2caf04cc-f01a-57bb-a36a-869ecc2ba4b1,1000,FCM,569,FCK,1,2004.68,2004.68,34,30,,,count,middle_third,middle_third,central_channel,-11.82,6.1,-52.18,-11.44,11.82,6.1,52.18,-11.44,loss,,attacking,box involvement,FCM box involvement at minute 34.,Chance Creation & Final Third,pitch scatter map,high,true,true,false,false,2866,0.15,
8cfdb681-32cf-4ebf-81f1-5c0839ec82d5,2442592,d0bd479a-0282-525d-adef-2e017901906b,1000,FCM,569,FCK,1,2004.68,2004.68,34,30,,,count,middle_third,middle_third,central_channel,13.7,7.06,52.19,32.89,-13.7,7.06,-52.19,32.89,recovery,out,recovery,ball recovery,FCM ball recovery at minute 34.,Defensive Behaviour & Transitions,pitch scatter map,medium,false,false,false,false,2868,0,0
8cfdb681-32cf-4ebf-81f1-5c0839ec82d5,2442592,59691018-dbcf-5091-8cfd-c3e559c56a4f,1000,FCM,569,FCK,1,2004.72,2004.72,34,30,204164,J. Andersson,count,middle_third,middle_third,central_channel,13.73,7.07,37.68,22.98,-13.73,7.07,-37.68,22.98,pass,reception,,context event,FCM context event at minute 34.,Executive Match Overview,pitch scatter map,low,false,false,false,false,2869,0,
8cfdb681-32cf-4ebf-81f1-5c0839ec82d5,2442592,737abbab-42f4-5bdc-b5b5-479e4566a605,1000,FCM,569,FCK,1,2005.28,2005.28,34,30,,,count,defensive_third,defensive_third,right_channel,32.92,15.13,51.29,32.78,-32.92,15.13,-51.29,32.78,loss,lost_ball,,turnover / loss,FCM turnover / loss at minute 34.,Defensive Behaviour & Transitions,pitch scatter map,high,false,false,false,false,2870,0,
8cfdb681-32cf-4ebf-81f1-5c0839ec82d5,2442592,a2550f72-e435-5a62-9945-b09729a5f292,1000,FCM,569,FCK,1,2007.44,2007.44,34,30,477672,A. Simsir,count,attacking_third,attacking_third,central_channel,-36.96,-4.71,-52.18,-11.44,36.96,-4.71,52.18,-11.44,loss,ball_lost,,box involvement,FCM box involvement at minute 34.,Chance Creation & Final Third,pitch scatter map,high,true,false,false,false,2872,0.1,0
8cfdb681-32cf-4ebf-81f1-5c0839ec82d5,2442592,4be7b323-a246-574b-9060-ae28d69630a7,569,FCK,1000,FCM,1,2037.08,2037.08,34,30,232398,N. Trott,count,defensive_third,defensive_third,central_channel,-47.34,-0.7,-34.52,-19.54,-47.34,-0.7,-34.52,-19.54,pass,interception,,context event,FCK context event at minute 34.,Executive Match Overview,pitch scatter map,medium,false,false,false,false,2881,0,
8cfdb681-32cf-4ebf-81f1-5c0839ec82d5,2442592,3531395d-e92b-5060-bfbf-e4a07623eefd,1000,FCM,569,FCK,1,2037.08,2037.08,34,30,,,count,attacking_third,attacking_third,central_channel,-47.09,10.42,-47.09,10.42,47.09,10.42,47.09,10.42,start_loc,,organisation,box involvement,FCM box involvement at minute 34.,Chance Creation & Final Third,pitch scatter map,high,true,false,false,false,2882,0,0
8cfdb681-32cf-4ebf-81f1-5c0839ec82d5,2442592,b9ec05f5-6efb-5bbe-9b34-75f0d0113156,569,FCK,1000,FCM,1,2037.08,2037.08,34,30,,,count,defensive_third,defensive_third,central_channel,-47.34,-0.7,-47.34,-0.7,-47.34,-0.7,-47.34,-0.7,recovery,turnover,goal_kick,ball recovery,FCK ball recovery at minute 34.,Defensive Behaviour & Transitions,pitch scatter map,high,false,false,false,false,2883,0,0
8cfdb681-32cf-4ebf-81f1-5c0839ec82d5,2442592,f6571084-880e-5713-9f7c-9d054e7e438b,569,FCK,1000,FCM,1,2040.08,2040.08,35,30,,,count,defensive_third,defensive_third,central_channel,-26.57,8.35,-4.13,6.09,-26.57,8.35,-4.13,6.09,loss,,progression,turnover / loss,FCK turnover / loss at minute 35.,Defensive Behaviour & Transitions,pitch scatter map,high,false,false,false,false,2887,0.02,
8cfdb681-32cf-4ebf-81f1-5c0839ec82d5,2442592,2ed26e59-ada1-5bf3-a527-6e3c63f92340,1000,FCM,569,FCK,1,2043.4,2043.4,35,30,,,count,middle_third,middle_third,central_channel,-3.86,6.06,-39.96,-8.75,3.86,6.06,39.96,-8.75,regain,,regain,box involvement,FCM box involvement at minute 35.,Chance Creation & Final Third,pitch scatter map,high,true,true,false,false,2892,0.15,
8cfdb681-32cf-4ebf-81f1-5c0839ec82d5,2442592,eef28ff4-34f9-544c-867d-84fef0e5c549,1000,FCM,569,FCK,1,2043.4,2043.4,35,30,,,count,middle_third,middle_third,central_channel,6.11,7.11,42.31,-3.28,-6.11,7.11,-42.31,-3.28,shot,shot,interception,shot attempt,FCM shot attempt at minute 35.,Chance Creation & Final Third,pitch scatter map,high,false,false,false,false,2896,0.0781,0.0781
8cfdb681-32cf-4ebf-81f1-5c0839ec82d5,2442592,05e14798-627d-50ed-8d93-9564373145d3,1000,FCM,569,FCK,1,2043.48,2043.48,35,30,204164,J. Andersson,count,middle_third,middle_third,central_channel,5.88,6.89,15.42,-6.06,-5.88,6.89,-15.42,-6.06,pass,reception,,context event,FCM context event at minute 35.,Executive Match Overview,pitch scatter map,low,false,false,false,false,2897,0,
8cfdb681-32cf-4ebf-81f1-5c0839ec82d5,2442592,d31f3e32-e4e5-5b41-86ba-6aa1bec94edb,1000,FCM,569,FCK,1,2045.32,2045.32,35,30,533646,D. Osorio,count,middle_third,middle_third,central_channel,15.41,-6.03,12.29,1.01,-15.41,-6.03,-12.29,1.01,pass,reception,,context event,FCM context event at minute 35.,Executive Match Overview,pitch scatter map,low,false,false,false,false,2903,0,
8cfdb681-32cf-4ebf-81f1-5c0839ec82d5,2442592,0839a14c-8cde-5acd-9916-1cc2cb1d15c2,1000,FCM,569,FCK,1,2047.76,2047.76,35,30,494784,Oliver Sorensen,count,middle_third,middle_third,central_channel,15.32,-1.62,18.83,2,-15.32,-1.62,-18.83,2,pass,reception,,context event,FCM context event at minute 35.,Executive Match Overview,pitch scatter map,low,false,false,false,false,2912,0,
8cfdb681-32cf-4ebf-81f1-5c0839ec82d5,2442592,5ff201b2-f687-5310-aa6f-650369c042e9,1000,FCM,569,FCK,1,2048.24,2048.24,35,30,533646,D. Osorio,count,middle_third,middle_third,central_channel,-17.2,9.54,-20.54,-0.34,17.2,9.54,20.54,-0.34,forward,forward,,final-third entry,FCM final-third entry at minute 35.,Territory & Control,pitch scatter map,medium,false,true,false,false,2916,0.05,0
8cfdb681-32cf-4ebf-81f1-5c0839ec82d5,2442592,6b9c4b1b-aa8b-5cd8-b195-ec2974493295,1000,FCM,569,FCK,1,2052.16,2052.16,35,30,533646,D. Osorio,count,defensive_third,defensive_third,right_channel,22.02,16.54,29.54,28.08,-22.02,16.54,-29.54,28.08,pass,shot,,context event,FCM context event at minute 35.,Executive Match Overview,pitch scatter map,low,false,false,false,false,2921,0,
8cfdb681-32cf-4ebf-81f1-5c0839ec82d5,2442592,be82a3ce-9388-55ce-892c-a2363ecf6c78,1000,FCM,569,FCK,1,2053.68,2053.68,35,30,204164,J. Andersson,count,attacking_third,attacking_third,central_channel,-28.43,-8.18,-39.83,-8.71,28.43,-8.18,39.83,-8.71,square,square,,box involvement,FCM box involvement at minute 35.,Chance Creation & Final Third,pitch scatter map,high,true,false,false,false,2923,0.1,0
8cfdb681-32cf-4ebf-81f1-5c0839ec82d5,2442592,7143d56e-ad03-5c19-8b47-9d7d8d3cd815,1000,FCM,569,FCK,1,2056.84,2056.84,35,30,204164,J. Andersson,count,defensive_third,defensive_third,right_channel,40.41,28.87,42.23,-3.28,-40.41,28.87,-42.23,-3.28,pass,shot,,context event,FCM context event at minute 35.,Executive Match Overview,pitch scatter map,low,false,false,false,false,2926,0,
8cfdb681-32cf-4ebf-81f1-5c0839ec82d5,2442592,b15119dd-fef8-5c06-aa5f-0ee86c4db924,1000,FCM,569,FCK,1,2056.84,2056.84,35,30,,,count,attacking_third,attacking_third,central_channel,-39.83,-8.71,-41.82,13.12,39.83,-8.71,41.82,13.12,loss,,crossing,box involvement,FCM box involvement at minute 35.,Chance Creation & Final Third,pitch scatter map,high,true,false,false,false,2927,0,
8cfdb681-32cf-4ebf-81f1-5c0839ec82d5,2442592,7e578315-7652-5899-8f78-928bdd63e87b,1000,FCM,569,FCK,1,2058.4,2058.4,35,30,494784,Oliver Sorensen,count,attacking_third,attacking_third,central_channel,-41.74,13.12,-41.82,13.12,41.74,13.12,41.82,13.12,shot,shot,,shot attempt,FCM shot attempt at minute 35.,Chance Creation & Final Third,pitch scatter map,high,true,false,false,false,2929,0,0.0781
8cfdb681-32cf-4ebf-81f1-5c0839ec82d5,2442592,abe3d9a0-8bce-5a97-8651-546f3c1e21d6,1000,FCM,569,FCK,1,2058.44,2058.44,35,30,494784,Oliver Sorensen,count,defensive_third,defensive_third,central_channel,42.31,-3.28,51.65,-4.41,-42.31,-3.28,-51.65,-4.41,shot,off_target,,shot attempt,FCM shot attempt at minute 35.,Chance Creation & Final Third,pitch scatter map,high,false,false,false,false,2930,0.0781,0.0781
8cfdb681-32cf-4ebf-81f1-5c0839ec82d5,2442592,123638bd-03d7-51c7-b639-339d38af9c4d,569,FCK,1000,FCM,1,2073.48,2073.48,35,30,,,count,defensive_third,defensive_third,central_channel,-47.05,1.04,4.47,-30.39,-47.05,1.04,4.47,-30.39,recovery,turnover,goal_kick,ball recovery,FCK ball recovery at minute 35.,Defensive Behaviour & Transitions,pitch scatter map,high,false,false,false,false,2934,0.02,0
8cfdb681-32cf-4ebf-81f1-5c0839ec82d5,2442592,ee8f3dde-a2fd-5d4e-999f-4320c7ec60bb,569,FCK,1000,FCM,1,2073.48,2073.48,35,30,232398,N. Trott,count,defensive_third,defensive_third,central_channel,-47.05,1.04,-42.48,16.19,-47.05,1.04,-42.48,16.19,pass,reception,,context event,FCK context event at minute 35.,Executive Match Overview,pitch scatter map,low,false,false,false,false,2936,0,
8cfdb681-32cf-4ebf-81f1-5c0839ec82d5,2442592,a44ed616-5f04-5b7d-8ff5-70a6065c43e1,1000,FCM,569,FCK,1,2073.48,2073.48,35,30,,,count,attacking_third,attacking_third,central_channel,-46.79,11.6,7.24,-9.75,46.79,11.6,-7.24,-9.75,start_loc,,organisation,box involvement,FCM box involvement at minute 35.,Chance Creation & Final Third,pitch scatter map,high,true,false,false,false,2937,0,0
8cfdb681-32cf-4ebf-81f1-5c0839ec82d5,2442592,92f1e625-7e59-50ca-ad0a-5d830fe6bef8,569,FCK,1000,FCM,1,2075.52,2075.52,35,30,220246,P. Hatzidiakos,count,defensive_third,defensive_third,right_channel,-40.87,17.09,-33.13,28.06,-40.87,17.09,-33.13,28.06,pass,reception,,context event,FCK context event at minute 35.,Executive Match Overview,pitch scatter map,low,false,false,false,false,2944,0,
8cfdb681-32cf-4ebf-81f1-5c0839ec82d5,2442592,60e77278-c98a-5429-8bed-1702ac54733b,569,FCK,1000,FCM,1,2076.84,2076.84,35,30,193228,K. Diks,count,defensive_third,defensive_third,right_channel,-33.01,28.1,-8.09,20.05,-33.01,28.1,-8.09,20.05,pass,reception,,progressive action,FCK progressive action at minute 35.,Territory & Control,pitch scatter map,medium,false,false,true,false,2949,0.02,
8cfdb681-32cf-4ebf-81f1-5c0839ec82d5,2442592,b366018a-e2bd-5f0e-90b7-6af97146264e,569,FCK,1000,FCM,1,2077.48,2077.48,35,30,,,count,defensive_third,defensive_third,right_channel,-32.07,29.98,19.17,26.49,-32.07,29.98,19.17,26.49,progression,,progression,final-third entry,FCK final-third entry at minute 35.,Territory & Control,pitch scatter map,medium,false,true,false,false,2952,0.07,
8cfdb681-32cf-4ebf-81f1-5c0839ec82d5,2442592,406efca8-a21b-53e4-a432-992c2c3ef375,569,FCK,1000,FCM,1,2080.68,2080.68,35,30,96787,M. Elyounoussi,count,middle_third,middle_third,central_channel,-7.97,-3.37,34.83,6.22,-7.97,-3.37,34.83,6.22,run_start_loc,,,final-third entry,FCK final-third entry at minute 35.,Territory & Control,pitch scatter map,medium,false,true,false,false,2957,0.05,
8cfdb681-32cf-4ebf-81f1-5c0839ec82d5,2442592,efc7f07f-c728-5e4d-8d14-617ca04235c4,569,FCK,1000,FCM,1,2081.16,2081.16,35,30,457214,G. Onugkha,count,middle_third,middle_third,right_channel,-0.9,19.99,-4.81,20.25,-0.9,19.99,-4.81,20.25,pass,reception,,context event,FCK context event at minute 35.,Executive Match Overview,pitch scatter map,low,false,false,false,false,2960,0,
8cfdb681-32cf-4ebf-81f1-5c0839ec82d5,2442592,31bf8354-25ab-5644-8a9a-39f16c8f85a1,569,FCK,1000,FCM,1,2081.84,2081.84,35,30,433957,M. Mattsson,count,middle_third,middle_third,right_channel,-4.64,20.27,9.68,32.57,-4.64,20.27,9.68,32.57,pass,reception,,progressive action,FCK progressive action at minute 35.,Territory & Control,pitch scatter map,medium,false,false,true,false,2966,0,
8cfdb681-32cf-4ebf-81f1-5c0839ec82d5,2442592,ae8f6fc2-c2e7-5218-bdb4-50e409e9cab0,569,FCK,1000,FCM,1,2082.28,2082.28,35,30,433957,M. Mattsson,count,middle_third,middle_third,right_channel,-2.84,20.84,20.8,13.83,-2.84,20.84,20.8,13.83,run_start_loc,,,final-third entry,FCK final-third entry at minute 35.,Territory & Control,pitch scatter map,medium,false,true,false,false,2969,0.05,
8cfdb681-32cf-4ebf-81f1-5c0839ec82d5,2442592,1b9c8a80-8ec7-5112-a569-3770f7742914,569,FCK,1000,FCM,1,2086.76,2086.76,35,30,,,count,attacking_third,attacking_third,right_channel,20.87,22.18,14.11,22.27,20.87,22.18,14.11,22.27,completed_pass,completed_pass,,context event,FCK context event at minute 35.,Territory & Control,pitch scatter map,low,false,false,false,false,2981,0,
8cfdb681-32cf-4ebf-81f1-5c0839ec82d5,2442592,65b86149-ce26-5126-80ac-02487c92b8d2,569,FCK,1000,FCM,1,2088.48,2088.48,35,30,,,count,attacking_third,attacking_third,right_channel,19.1,26.48,-11,1.34,19.1,26.48,-11,1.34,buildup,,buildup,context event,FCK context event at minute 35.,Territory & Control,pitch scatter map,low,false,false,false,false,2983,0,
8cfdb681-32cf-4ebf-81f1-5c0839ec82d5,2442592,9d30d42c-5bcb-5f5e-8bb7-4479d252df43,569,FCK,1000,FCM,1,2089.12,2089.12,35,30,546545,E. Achouri,count,middle_third,middle_third,right_channel,14.35,22.44,-0.78,22.19,14.35,22.44,-0.78,22.19,pass,reception,,context event,FCK context event at minute 35.,Executive Match Overview,pitch scatter map,low,false,false,false,false,2985,0,
8cfdb681-32cf-4ebf-81f1-5c0839ec82d5,2442592,03f978c5-78aa-562a-a9d9-f96debc29a5f,569,FCK,1000,FCM,1,2090.44,2090.44,35,30,193228,K. Diks,count,middle_third,middle_third,right_channel,-0.94,22.26,5.35,14.36,-0.94,22.26,5.35,14.36,pass,reception,,context event,FCK context event at minute 35.,Executive Match Overview,pitch scatter map,low,false,false,false,false,2988,0,
8cfdb681-32cf-4ebf-81f1-5c0839ec82d5,2442592,8eade7fa-0e81-5505-8ddb-77a94fa1c8f7,569,FCK,1000,FCM,1,2091.08,2091.08,35,30,68640,T. Delaney,count,middle_third,middle_third,right_channel,5.3,14.33,-10.62,12.24,5.3,14.33,-10.62,12.24,pass,reception,,context event,FCK context event at minute 35.,Executive Match Overview,pitch scatter map,low,false,false,false,false,2991,0,
8cfdb681-32cf-4ebf-81f1-5c0839ec82d5,2442592,cc8c346f-a026-5fab-a1a6-fda9a788aef3,569,FCK,1000,FCM,1,2093.64,2093.64,35,30,220246,P. Hatzidiakos,count,middle_third,middle_third,central_channel,-12.88,11.91,-13.2,-9.5,-12.88,11.91,-13.2,-9.5,pass,reception,,context event,FCK context event at minute 35.,Executive Match Overview,pitch scatter map,low,false,false,false,false,2997,0,
8cfdb681-32cf-4ebf-81f1-5c0839ec82d5,2442592,776ee141-4325-5c9c-b6e6-668b6024950f,569,FCK,1000,FCM,1,2096.36,2096.36,35,30,475413,Gabriel Pereira,count,middle_third,middle_third,left_channel,-12.9,-14.22,0.99,-30.61,-12.9,-14.22,0.99,-30.61,pass,reception,,progressive action,FCK progressive action at minute 35.,Territory & Control,pitch scatter map,medium,false,false,true,false,3003,0,
8cfdb681-32cf-4ebf-81f1-5c0839ec82d5,2442592,9516e84a-27dd-59c7-a808-24f37af75b85,569,FCK,1000,FCM,1,2097.48,2097.48,35,30,,,count,middle_third,middle_third,central_channel,-10.98,1.24,7.24,-9.75,-10.98,1.24,7.24,-9.75,loss,,progression,turnover / loss,FCK turnover / loss at minute 35.,Defensive Behaviour & Transitions,pitch scatter map,high,false,false,false,false,3005,0,
8cfdb681-32cf-4ebf-81f1-5c0839ec82d5,2442592,cfac73b5-4ead-5988-91a3-7cd4c178f6ab,569,FCK,1000,FCM,1,2097.48,2097.48,35,30,96787,M. Elyounoussi,count,middle_third,middle_third,central_channel,15.7,-1.2,24.96,-8.28,15.7,-1.2,24.96,-8.28,run_start_loc,,,final-third entry,FCK final-third entry at minute 35.,Territory & Control,pitch scatter map,medium,false,true,false,false,3006,0.05,
8cfdb681-32cf-4ebf-81f1-5c0839ec82d5,2442592,a5e942d6-a652-56ea-8c7b-ac43ddf363f9,569,FCK,1000,FCM,1,2099.16,2099.16,35,30,512627,G. Gocholeishvili,count,middle_third,middle_third,left_channel,4.47,-30.39,25.57,-8.94,4.47,-30.39,25.57,-8.94,pass,interception,,final-third entry,FCK final-third entry at minute 35.,Territory & Control,pitch scatter map,medium,false,true,false,false,3012,0.05,
8cfdb681-32cf-4ebf-81f1-5c0839ec82d5,2442592,4eb2f8de-911d-5db7-a87a-a6f7ac182ad9,1000,FCM,569,FCK,1,2099.6,2099.6,35,30,,,count,attacking_third,attacking_third,central_channel,-22.56,7.25,-25.98,11.42,22.56,7.25,25.98,11.42,completed_pass,completed_pass,,final-third entry,FCM final-third entry at minute 35.,Territory & Control,pitch scatter map,medium,false,false,false,false,3014,0,
8cfdb681-32cf-4ebf-81f1-5c0839ec82d5,2442592,2520be21-8d63-58fa-8d99-19c06b578df0,1000,FCM,569,FCK,1,2100.56,2100.56,36,35,,,count,attacking_third,attacking_third,central_channel,-24.85,10.47,-17.06,23.78,24.85,10.47,17.06,23.78,recovery,out,interception,ball recovery,FCM ball recovery at minute 36.,Defensive Behaviour & Transitions,pitch scatter map,medium,false,false,false,false,3017,0,0
8cfdb681-32cf-4ebf-81f1-5c0839ec82d5,2442592,a5c88289-df2e-5d56-a132-8282f8ec33eb,569,FCK,1000,FCM,1,2100.56,2100.56,36,35,,,count,attacking_third,attacking_third,central_channel,28.61,3.78,20.44,-5.25,28.61,3.78,20.44,-5.25,start_loc,,transition,final-third entry,FCK final-third entry at minute 36.,Territory & Control,pitch scatter map,medium,false,false,false,false,3018,0,0
8cfdb681-32cf-4ebf-81f1-5c0839ec82d5,2442592,3a6d7029-38b5-5b97-b83d-143c982522d3,1000,FCM,569,FCK,1,2100.6,2100.6,36,35,228044,M. Bech,count,attacking_third,attacking_third,central_channel,-24.86,10.48,-20.75,22.78,24.86,10.48,20.75,22.78,pass,reception,,final-third entry,FCM final-third entry at minute 36.,Territory & Control,pitch scatter map,medium,false,false,false,false,3021,0,
8cfdb681-32cf-4ebf-81f1-5c0839ec82d5,2442592,558487c1-0e2a-56a3-b4b0-4ead6bc83d4a,1000,FCM,569,FCK,1,2102.84,2102.84,36,35,204164,J. Andersson,count,attacking_third,attacking_third,right_channel,-20.76,22.07,16.89,30.07,20.76,22.07,-16.89,30.07,pass,out,,context event,FCM context event at minute 36.,Territory & Control,pitch scatter map,low,false,false,false,false,3027,0,
8cfdb681-32cf-4ebf-81f1-5c0839ec82d5,2442592,0824978b-3969-57be-8341-c10d49cf98f0,1000,FCM,569,FCK,1,2110.56,2110.56,36,35,,,count,middle_third,middle_third,central_channel,17.12,-6.24,13.68,-7.27,-17.12,-6.24,-13.68,-7.27,loss,,maintenance,turnover / loss,FCM turnover / loss at minute 36.,Defensive Behaviour & Transitions,pitch scatter map,high,false,false,false,false,3038,0,
8cfdb681-32cf-4ebf-81f1-5c0839ec82d5,2442592,b51795fd-c15f-5b81-87c4-e6547a23e8fb,569,FCK,1000,FCM,1,2132.2,2132.2,36,35,512627,G. Gocholeishvili,count,middle_third,middle_third,left_channel,-5.36,-34.1,13.07,-25.6,-5.36,-34.1,13.07,-25.6,pass,interception,,context event,FCK context event at minute 36.,Executive Match Overview,pitch scatter map,medium,false,false,false,false,3040,0,
8cfdb681-32cf-4ebf-81f1-5c0839ec82d5,2442592,88b64162-948f-5de8-9c46-63b8da106174,569,FCK,1000,FCM,1,2132.2,2132.2,36,35,,,count,middle_third,middle_third,central_channel,-3.07,-12.27,11.5,-8.22,-3.07,-12.27,11.5,-8.22,loss,,progression,turnover / loss,FCK turnover / loss at minute 36.,Defensive Behaviour & Transitions,pitch scatter map,high,false,false,false,false,3042,0,
8cfdb681-32cf-4ebf-81f1-5c0839ec82d5,2442592,d5a5b5fb-b68e-5637-92d0-a201af24a5cd,569,FCK,1000,FCM,1,2132.2,2132.2,36,35,,,count,middle_third,middle_third,left_channel,-5.36,-34.1,8.53,-28.14,-5.36,-34.1,8.53,-28.14,recovery,turnover,throw_in,ball recovery,FCK ball recovery at minute 36.,Defensive Behaviour & Transitions,pitch scatter map,high,false,false,false,false,3043,0,0
8cfdb681-32cf-4ebf-81f1-5c0839ec82d5,2442592,6534a237-6791-5ead-8944-2ec20430b94a,1000,FCM,569,FCK,1,2133.92,2133.92,36,35,,,count,middle_third,middle_third,right_channel,-13.31,26.09,47.25,-11.48,13.31,26.09,-47.25,-11.48,shot,shot,interception,shot attempt,FCM shot attempt at minute 36.,Chance Creation & Final Third,pitch scatter map,high,false,false,false,false,3047,0.1874,0.1874
8cfdb681-32cf-4ebf-81f1-5c0839ec82d5,2442592,30e8acf4-9420-5863-87a7-dc511b7fa0a5,1000,FCM,569,FCK,1,2133.96,2133.96,36,35,228044,M. Bech,count,middle_third,middle_third,right_channel,-13.3,26.07,-8.18,13.91,13.3,26.07,8.18,13.91,pass,reception,,context event,FCM context event at minute 36.,Executive Match Overview,pitch scatter map,low,false,false,false,false,3051,0,
8cfdb681-32cf-4ebf-81f1-5c0839ec82d5,2442592,6f0d4978-ec93-5f06-bb6b-50c0be3264e2,1000,FCM,569,FCK,1,2137.24,2137.24,36,35,,,count,middle_third,middle_third,central_channel,-13.83,11.79,-19.67,12.47,13.83,11.79,19.67,12.47,completed_pass,completed_pass,,final-third entry,FCM final-third entry at minute 36.,Territory & Control,pitch scatter map,medium,false,true,false,false,3061,0.05,
8cfdb681-32cf-4ebf-81f1-5c0839ec82d5,2442592,b42032ea-a49e-507f-85af-3fd5b34cbf06,1000,FCM,569,FCK,1,2137.28,2137.28,36,35,533646,D. Osorio,count,middle_third,middle_third,central_channel,-12.27,11.53,-18.76,14.42,12.27,11.53,18.76,14.42,pass,reception,,final-third entry,FCM final-third entry at minute 36.,Territory & Control,pitch scatter map,medium,false,true,false,false,3063,0.05,
8cfdb681-32cf-4ebf-81f1-5c0839ec82d5,2442592,022a34ae-7f8c-5561-a22c-2cd55bc0ec98,1000,FCM,569,FCK,1,2138.44,2138.44,36,35,228044,M. Bech,count,attacking_third,attacking_third,right_channel,-18.75,14.16,12.31,-31.5,18.75,14.16,-12.31,-31.5,pass,reception,,context event,FCM context event at minute 36.,Territory & Control,pitch scatter map,low,false,false,false,false,3066,0,
8cfdb681-32cf-4ebf-81f1-5c0839ec82d5,2442592,2cc22352-6269-50ef-9b65-c4de926c95d4,1000,FCM,569,FCK,1,2138.92,2138.92,36,35,,,count,defensive_third,defensive_third,central_channel,20,3.38,-32.06,30.41,-20,3.38,32.06,30.41,counter_attack,,counter_attack,final-third entry,FCM final-third entry at minute 36.,Territory & Control,pitch scatter map,medium,false,true,false,false,3067,0.07,
8cfdb681-32cf-4ebf-81f1-5c0839ec82d5,2442592,be8d1a2f-840e-57af-a991-e4a032f610cf,1000,FCM,569,FCK,1,2145.52,2145.52,36,35,120721,K. Mbabu,count,middle_third,middle_third,right_channel,-10.36,32.29,-32.48,30.29,10.36,32.29,32.48,30.29,incomplete_pass,incomplete_pass,,final-third entry,FCM final-third entry at minute 36.,Territory & Control,pitch scatter map,medium,false,true,false,false,3078,0.05,0
8cfdb681-32cf-4ebf-81f1-5c0839ec82d5,2442592,6ead3356-8289-58ec-9c8c-f454b5346203,1000,FCM,569,FCK,1,2148.72,2148.72,36,35,120721,K. Mbabu,count,defensive_third,defensive_third,left_channel,33.4,-28.56,44.68,-2.57,-33.4,-28.56,-44.68,-2.57,pass,interception,,context event,FCM context event at minute 36.,Executive Match Overview,pitch scatter map,medium,false,false,false,false,3086,0,
8cfdb681-32cf-4ebf-81f1-5c0839ec82d5,2442592,bc185acd-dddd-517d-b5c9-e842ca3ffd0b,1000,FCM,569,FCK,1,2148.72,2148.72,36,35,,,count,attacking_third,attacking_third,right_channel,-32.48,30.29,-32.48,30.29,32.48,30.29,32.48,30.29,crossing,,crossing,final-third entry,FCM final-third entry at minute 36.,Territory & Control,pitch scatter map,medium,false,false,false,false,3087,0,
8cfdb681-32cf-4ebf-81f1-5c0839ec82d5,2442592,0ccf9a32-892f-544e-9a85-1f234a1828da,1000,FCM,569,FCK,1,2155.48,2155.48,36,35,120721,K. Mbabu,count,middle_third,middle_third,left_channel,12.65,-32.39,6.32,-22.52,-12.65,-32.39,-6.32,-22.52,pass,reception,,context event,FCM context event at minute 36.,Executive Match Overview,pitch scatter map,low,false,false,false,false,3097,0,
8cfdb681-32cf-4ebf-81f1-5c0839ec82d5,2442592,ee673b84-013d-5379-8f9a-0bf2bbe195c7,1000,FCM,569,FCK,1,2160.16,2160.16,37,35,474838,E. Martinez,count,middle_third,middle_third,central_channel,-0.61,-13.05,-1.37,13.94,0.61,-13.05,1.37,13.94,pass,reception,,context event,FCM context event at minute 37.,Executive Match Overview,pitch scatter map,low,false,false,false,false,3100,0,
8cfdb681-32cf-4ebf-81f1-5c0839ec82d5,2442592,d48743e7-4e6a-544f-a1d6-5a4c97f53b93,1000,FCM,569,FCK,1,2165.48,2165.48,37,35,228044,M. Bech,count,middle_third,middle_third,right_channel,2.9,18.37,-7.66,-5.91,-2.9,18.37,7.66,-5.91,pass,reception,,progressive action,FCM progressive action at minute 37.,Territory & Control,pitch scatter map,medium,false,false,true,false,3106,0,
8cfdb681-32cf-4ebf-81f1-5c0839ec82d5,2442592,a1eb45b6-5f99-55d5-a395-73a5f1f06b29,1000,FCM,569,FCK,1,2165.84,2165.84,37,35,,,count,middle_third,middle_third,central_channel,5.3,0.78,-15.9,-9.69,-5.3,0.78,15.9,-9.69,completed_pass,completed_pass,,progressive action,FCM progressive action at minute 37.,Territory & Control,pitch scatter map,medium,false,false,true,false,3107,0,
8cfdb681-32cf-4ebf-81f1-5c0839ec82d5,2442592,55ee09cb-af24-5914-94d5-4c34d8f64462,1000,FCM,569,FCK,1,2170.92,2170.92,37,35,609108,O. Diao,count,middle_third,middle_third,central_channel,-16.24,-12.64,-18.84,12.35,16.24,-12.64,18.84,12.35,pass,reception,,final-third entry,FCM final-third entry at minute 37.,Territory & Control,pitch scatter map,medium,false,true,false,false,3112,0.05,
8cfdb681-32cf-4ebf-81f1-5c0839ec82d5,2442592,850561d0-6602-51f9-bed9-add9658310d9,1000,FCM,569,FCK,1,2174.76,2174.76,37,35,228044,M. Bech,count,middle_third,middle_third,central_channel,-15.74,12.24,-3.8,15.83,15.74,12.24,3.8,15.83,pass,reception,,context event,FCM context event at minute 37.,Executive Match Overview,pitch scatter map,low,false,false,false,false,3115,0,
8cfdb681-32cf-4ebf-81f1-5c0839ec82d5,2442592,e962ee8a-1893-5a67-880d-8224ef0cc5ff,1000,FCM,569,FCK,1,2176.2,2176.2,37,35,204164,J. Andersson,count,middle_third,middle_third,right_channel,-4.07,15.81,-15.66,13.01,4.07,15.81,15.66,13.01,pass,reception,,progressive action,FCM progressive action at minute 37.,Territory & Control,pitch scatter map,medium,false,false,true,false,3118,0,
8cfdb681-32cf-4ebf-81f1-5c0839ec82d5,2442592,bc506cd3-8c33-5955-83b7-a054b1a90240,1000,FCM,569,FCK,1,2181.4,2181.4,37,35,228044,M. Bech,count,middle_third,middle_third,central_channel,-9.79,11.74,0.68,12.28,9.79,11.74,-0.68,12.28,pass,reception,,context event,FCM context event at minute 37.,Executive Match Overview,pitch scatter map,low,false,false,false,false,3121,0,
8cfdb681-32cf-4ebf-81f1-5c0839ec82d5,2442592,7a4ead65-f21e-59d5-94b2-9e7ffe097dcc,1000,FCM,569,FCK,1,2182.56,2182.56,37,35,204164,J. Andersson,count,middle_third,middle_third,central_channel,0.69,12.21,1.14,4.93,-0.69,12.21,-1.14,4.93,pass,reception,,context event,FCM context event at minute 37.,Executive Match Overview,pitch scatter map,low,false,false,false,false,3125,0,
8cfdb681-32cf-4ebf-81f1-5c0839ec82d5,2442592,9c20b260-3e06-552d-88e3-5d1be3f537c2,1000,FCM,569,FCK,1,2184.16,2184.16,37,35,,,count,middle_third,middle_third,central_channel,-1.63,6.49,-25.92,-0.85,1.63,6.49,25.92,-0.85,loss,,progression,final-third entry,FCM final-third entry at minute 37.,Defensive Behaviour & Transitions,pitch scatter map,high,false,true,false,false,3128,0.05,
8cfdb681-32cf-4ebf-81f1-5c0839ec82d5,2442592,fd5f1d39-72a9-5ae4-ba70-dbd42ea0176e,1000,FCM,569,FCK,1,2187.16,2187.16,37,35,474838,E. Martinez,count,middle_third,middle_third,right_channel,11.6,14.92,17.59,21.93,-11.6,14.92,-17.59,21.93,pass,reception,,context event,FCM context event at minute 37.,Executive Match Overview,pitch scatter map,low,false,false,false,false,3130,0,
8cfdb681-32cf-4ebf-81f1-5c0839ec82d5,2442592,b32a6b04-d10a-5b34-a86d-93e20f27e37b,1000,FCM,569,FCK,1,2188.04,2188.04,37,35,494784,Oliver Sorensen,count,middle_third,middle_third,central_channel,-15.9,-4,-25.92,-0.85,15.9,-4,25.92,-0.85,incomplete_pass,incomplete_pass,,final-third entry,FCM final-third entry at minute 37.,Territory & Control,pitch scatter map,medium,false,true,false,false,3135,0.05,0
8cfdb681-32cf-4ebf-81f1-5c0839ec82d5,2442592,15fa32da-317e-5f5c-adff-42f2697ed18e,1000,FCM,569,FCK,1,2189.96,2189.96,37,35,494784,Oliver Sorensen,count,defensive_third,defensive_third,right_channel,27.15,17.29,41.78,0.53,-27.15,17.29,-41.78,0.53,pass,interception,,context event,FCM context event at minute 37.,Executive Match Overview,pitch scatter map,medium,false,false,false,false,3143,0,
8cfdb681-32cf-4ebf-81f1-5c0839ec82d5,2442592,14532c37-aa9b-555a-954b-a7fbc2c6683d,569,FCK,1000,FCM,1,2191.04,2191.04,37,35,,,count,defensive_third,defensive_third,central_channel,-40.27,8.96,-33.18,6.86,-40.27,8.96,-33.18,6.86,loss,,interrupt,turnover / loss,FCK turnover / loss at minute 37.,Defensive Behaviour & Transitions,pitch scatter map,high,false,false,false,false,3144,0,
8cfdb681-32cf-4ebf-81f1-5c0839ec82d5,2442592,7d3b2886-fe4b-5701-97f5-22ce1b624f4e,1000,FCM,569,FCK,1,2191.16,2191.16,37,35,,,count,middle_third,middle_third,central_channel,-16.79,-1.4,-47,18.69,16.79,-1.4,47,18.69,loss,,attacking,box involvement,FCM box involvement at minute 37.,Chance Creation & Final Third,pitch scatter map,high,true,true,false,false,3147,0.15,
8cfdb681-32cf-4ebf-81f1-5c0839ec82d5,2442592,2ce45894-9aa8-5d22-b27a-40ba73869993,1000,FCM,569,FCK,1,2194,2194,37,35,204164,J. Andersson,count,middle_third,middle_third,central_channel,-16.79,-1.4,-21.29,-3.99,16.79,-1.4,21.29,-3.99,forward,forward,,final-third entry,FCM final-third entry at minute 37.,Territory & Control,pitch scatter map,medium,false,true,false,false,3152,0.05,0
8cfdb681-32cf-4ebf-81f1-5c0839ec82d5,2442592,4e874f22-53fd-5122-adcb-9217a06a7ff3,1000,FCM,569,FCK,1,2197.88,2197.88,37,35,204164,J. Andersson,count,defensive_third,defensive_third,right_channel,22.73,21.92,32.36,9.47,-22.73,21.92,-32.36,9.47,pass,reception,,context event,FCM context event at minute 37.,Executive Match Overview,pitch scatter map,low,false,false,false,false,3155,0,
8cfdb681-32cf-4ebf-81f1-5c0839ec82d5,2442592,ac9fa509-3f83-58c5-8ed5-49798de1b311,1000,FCM,569,FCK,1,2198.8,2198.8,37,35,551144,Franculino Dju,count,attacking_third,attacking_third,central_channel,-31.39,4.46,-31.69,2.96,31.39,4.46,31.69,2.96,incomplete_pass,incomplete_pass,,final-third entry,FCM final-third entry at minute 37.,Territory & Control,pitch scatter map,medium,false,false,false,false,3158,0,0
8cfdb681-32cf-4ebf-81f1-5c0839ec82d5,2442592,a36ba344-0680-5ca0-a671-3f16a91f07c8,1000,FCM,569,FCK,1,2200.08,2200.08,37,35,551144,Franculino Dju,count,defensive_third,defensive_third,central_channel,32.65,11.68,37.19,6.15,-32.65,11.68,-37.19,6.15,pass,interception,,context event,FCM context event at minute 37.,Executive Match Overview,pitch scatter map,medium,false,false,false,false,3162,0,
8cfdb681-32cf-4ebf-81f1-5c0839ec82d5,2442592,a36ba344-0680-5ca0-a671-3f16a91f07c8,1000,FCM,569,FCK,1,2200.08,2200.08,37,35,551144,Franculino Dju,count,defensive_third,defensive_third,central_channel,32.65,11.68,37.19,6.15,-32.65,11.68,-37.19,6.15,pass,interception,,context event,FCM context event at minute 37.,Executive Match Overview,pitch scatter map,medium,false,false,false,false,3163,0,
8cfdb681-32cf-4ebf-81f1-5c0839ec82d5,2442592,d034fb26-aa21-5b64-adaf-cd512fc0cca0,569,FCK,1000,FCM,1,2201,2201,37,35,,,count,defensive_third,defensive_third,central_channel,-36.73,6.27,-36.69,6.22,-36.73,6.27,-36.69,6.22,loss,,interrupt,turnover / loss,FCK turnover / loss at minute 37.,Defensive Behaviour & Transitions,pitch scatter map,high,false,false,false,false,3167,0,
8cfdb681-32cf-4ebf-81f1-5c0839ec82d5,2442592,416ba759-437b-575e-9aab-85d8fa2c3290,1000,FCM,569,FCK,1,2201.84,2201.84,37,35,533646,D. Osorio,count,attacking_third,attacking_third,central_channel,-28.3,2.66,-30.32,6.06,28.3,2.66,30.32,6.06,square,square,,final-third entry,FCM final-third entry at minute 37.,Territory & Control,pitch scatter map,medium,false,false,false,false,3169,0,0
8cfdb681-32cf-4ebf-81f1-5c0839ec82d5,2442592,d9e93d0e-5bf2-543c-9032-b9783ee23f56,1000,FCM,569,FCK,1,2202.88,2202.88,37,35,533646,D. Osorio,count,defensive_third,defensive_third,central_channel,31.34,7.12,25.18,-27.46,-31.34,7.12,-25.18,-27.46,pass,reception,,context event,FCM context event at minute 37.,Executive Match Overview,pitch scatter map,low,false,false,false,false,3173,0,
8cfdb681-32cf-4ebf-81f1-5c0839ec82d5,2442592,7e95db66-cb52-5ec6-b6ff-aa5738def47f,1000,FCM,569,FCK,1,2206.36,2206.36,37,35,120721,K. Mbabu,count,attacking_third,attacking_third,right_channel,-23.86,29.54,-47,18.69,23.86,29.54,47,18.69,shot,shot,,shot attempt,FCM shot attempt at minute 37.,Chance Creation & Final Third,pitch scatter map,high,true,false,false,false,3176,0.1,0.1874
8cfdb681-32cf-4ebf-81f1-5c0839ec82d5,2442592,4a08c2a8-fb66-5699-9fa8-2ab7fcdf8201,1000,FCM,569,FCK,1,2218.72,2218.72,37,35,120721,K. Mbabu,count,defensive_third,defensive_third,central_channel,47.25,-11.48,51.3,-4.2,-47.25,-11.48,-51.3,-4.2,shot,save,,shot attempt,FCM shot attempt at minute 37.,Chance Creation & Final Third,pitch scatter map,high,false,false,false,false,3187,0.1874,0.1874
8cfdb681-32cf-4ebf-81f1-5c0839ec82d5,2442592,00f5e742-2277-589b-a000-e236a4765fdb,1000,FCM,569,FCK,1,2292.16,2292.16,39,35,,,count,attacking_third,attacking_third,right_channel,-53.11,33.91,-53.01,32.93,53.11,33.91,53.01,32.93,loss,,attacking,final-third entry,FCM final-third entry at minute 39.,Defensive Behaviour & Transitions,pitch scatter map,high,false,false,false,false,3191,0,
8cfdb681-32cf-4ebf-81f1-5c0839ec82d5,2442592,ae266275-cdd3-5a4f-95b5-7e9a464b6ae6,1000,FCM,569,FCK,1,2292.16,2292.16,39,35,533646,D. Osorio,count,defensive_third,defensive_third,left_channel,53.08,-33.89,51.04,-6.01,-53.08,-33.89,-51.04,-6.01,pass,interception,,context event,FCM context event at minute 39.,Executive Match Overview,pitch scatter map,medium,false,false,false,false,3192,0,
8cfdb681-32cf-4ebf-81f1-5c0839ec82d5,2442592,135e7850-6930-53ba-b95f-f1807569fb35,1000,FCM,569,FCK,1,2292.16,2292.16,39,35,533646,D. Osorio,count,attacking_third,attacking_third,right_channel,-53.11,33.91,-53.11,33.91,53.11,33.91,53.11,33.91,incomplete_pass,incomplete_pass,,final-third entry,FCM final-third entry at minute 39.,Territory & Control,pitch scatter map,medium,false,false,false,false,3193,0,0
8cfdb681-32cf-4ebf-81f1-5c0839ec82d5,2442592,caf5f5ab-9a26-51cc-aabf-1975708d5ee1,569,FCK,1000,FCM,1,2292.16,2292.16,39,35,,,count,defensive_third,defensive_third,right_channel,-53.11,33.91,-53.01,32.93,-53.11,33.91,-53.01,32.93,start_loc,,organisation,context event,FCK context event at minute 39.,Executive Match Overview,pitch scatter map,low,false,false,false,true,3196,0,0
8cfdb681-32cf-4ebf-81f1-5c0839ec82d5,2442592,e9cdc16f-f1ec-5d84-836c-4089f8019ad3,569,FCK,1000,FCM,1,2293.76,2293.76,39,35,,,count,defensive_third,defensive_third,right_channel,-50.96,14.38,-51.06,14.41,-50.96,14.38,-51.06,14.41,loss,,interrupt,turnover / loss,FCK turnover / loss at minute 39.,Defensive Behaviour & Transitions,pitch scatter map,high,false,false,false,false,3200,0,
8cfdb681-32cf-4ebf-81f1-5c0839ec82d5,2442592,abe48c3b-85fd-5177-9c8b-de33626172c3,1000,FCM,569,FCK,1,2319.36,2319.36,39,35,477672,A. Simsir,count,defensive_third,defensive_third,right_channel,52.81,32.97,50.48,6.78,-52.81,32.97,-50.48,6.78,pass,interception,,context event,FCM context event at minute 39.,Executive Match Overview,pitch scatter map,medium,false,false,false,false,3209,0,
8cfdb681-32cf-4ebf-81f1-5c0839ec82d5,2442592,c754d02a-b83e-5321-8402-a4f65627d223,1000,FCM,569,FCK,1,2319.36,2319.36,39,35,477672,A. Simsir,count,attacking_third,attacking_third,central_channel,-52.83,-11.5,-52.83,-11.5,52.83,-11.5,52.83,-11.5,incomplete_pass,incomplete_pass,,box involvement,FCM box involvement at minute 39.,Chance Creation & Final Third,pitch scatter map,high,true,false,false,false,3210,0,0
8cfdb681-32cf-4ebf-81f1-5c0839ec82d5,2442592,e1b7da51-8ba3-5517-9321-3b2b7f995dea,569,FCK,1000,FCM,1,2319.36,2319.36,39,35,,,count,defensive_third,defensive_third,central_channel,-52.83,-11.5,-52.83,-11.5,-52.83,-11.5,-52.83,-11.5,start_loc,,organisation,context event,FCK context event at minute 39.,Executive Match Overview,pitch scatter map,low,false,false,false,true,3211,0,0
8cfdb681-32cf-4ebf-81f1-5c0839ec82d5,2442592,ea4f0226-fcdf-50d9-ad72-495eff857be3,1000,FCM,569,FCK,1,2319.36,2319.36,39,35,,,count,attacking_third,attacking_third,central_channel,-52.83,-11.5,-52.83,-11.5,52.83,-11.5,52.83,-11.5,crossing,,crossing,box involvement,FCM box involvement at minute 39.,Chance Creation & Final Third,pitch scatter map,high,true,false,false,false,3212,0,
8cfdb681-32cf-4ebf-81f1-5c0839ec82d5,2442592,7d898308-d3c2-5d84-a21f-d1a8377a97c1,1000,FCM,569,FCK,1,2337.04,2337.04,39,35,477672,A. Simsir,count,attacking_third,attacking_third,central_channel,-52.83,-11.52,-52.83,-11.52,52.83,-11.52,52.83,-11.52,incomplete_pass,incomplete_pass,,box involvement,FCM box involvement at minute 39.,Chance Creation & Final Third,pitch scatter map,high,true,false,false,false,3220,0,0
8cfdb681-32cf-4ebf-81f1-5c0839ec82d5,2442592,cd599355-ec90-5dc1-b160-c330d7ec5897,1000,FCM,569,FCK,1,2337.04,2337.04,39,35,477672,A. Simsir,count,defensive_third,defensive_third,right_channel,52.81,33,51.03,3.75,-52.81,33,-51.03,3.75,pass,interception,,context event,FCM context event at minute 39.,Executive Match Overview,pitch scatter map,medium,false,false,false,false,3221,0,
8cfdb681-32cf-4ebf-81f1-5c0839ec82d5,2442592,e3348cb5-cfb4-5b8b-bea2-4371948c7b67,1000,FCM,569,FCK,1,2337.04,2337.04,39,35,,,count,attacking_third,attacking_third,central_channel,-52.83,-11.52,-51.43,5.24,52.83,-11.52,51.43,5.24,crossing,,crossing,box involvement,FCM box involvement at minute 39.,Chance Creation & Final Third,pitch scatter map,high,true,false,false,false,3222,0,
8cfdb681-32cf-4ebf-81f1-5c0839ec82d5,2442592,f270fb6c-9c7e-56eb-ab75-d625b313f656,569,FCK,1000,FCM,1,2337.04,2337.04,39,35,,,count,defensive_third,defensive_third,central_channel,-52.83,-11.52,-51.43,5.24,-52.83,-11.52,-51.43,5.24,start_loc,,organisation,context event,FCK context event at minute 39.,Executive Match Overview,pitch scatter map,low,false,false,false,true,3223,0,0
8cfdb681-32cf-4ebf-81f1-5c0839ec82d5,2442592,f04ea678-09f1-5372-bf7b-8a8aaf3dd0fc,1000,FCM,569,FCK,1,2357.44,2357.44,40,35,477672,A. Simsir,count,defensive_third,defensive_third,right_channel,53.09,33.15,48.6,5.59,-53.09,33.15,-48.6,5.59,pass,interception,,context event,FCM context event at minute 40.,Executive Match Overview,pitch scatter map,medium,false,false,false,false,3232,0,
8cfdb681-32cf-4ebf-81f1-5c0839ec82d5,2442592,476d203e-1e9b-57eb-8416-df539c43760d,1000,FCM,569,FCK,1,2357.44,2357.44,40,35,477672,A. Simsir,count,attacking_third,attacking_third,central_channel,-53.12,-11.62,-53.12,-11.62,53.12,-11.62,53.12,-11.62,incomplete_pass,incomplete_pass,,box involvement,FCM box involvement at minute 40.,Chance Creation & Final Third,pitch scatter map,high,true,false,false,false,3234,0,0
8cfdb681-32cf-4ebf-81f1-5c0839ec82d5,2442592,6a989a6f-89e6-5ac3-b7ac-73967d62688d,1000,FCM,569,FCK,1,2357.44,2357.44,40,35,,,count,defensive_third,defensive_third,right_channel,53.09,33.15,53.09,33.15,-53.09,33.15,-53.09,33.15,recovery,turnover,corner_kick,ball recovery,FCM ball recovery at minute 40.,Defensive Behaviour & Transitions,pitch scatter map,high,false,false,false,false,3235,0,0
8cfdb681-32cf-4ebf-81f1-5c0839ec82d5,2442592,b005fc69-ccea-542b-b581-22815ac7f6e4,569,FCK,1000,FCM,1,2357.44,2357.44,40,35,,,count,defensive_third,defensive_third,central_channel,-53.12,-11.62,-25.3,9.66,-53.12,-11.62,-25.3,9.66,start_loc,,organisation,context event,FCK context event at minute 40.,Executive Match Overview,pitch scatter map,low,false,false,false,true,3236,0,0.0195
8cfdb681-32cf-4ebf-81f1-5c0839ec82d5,2442592,c6bb602a-5b35-50a7-8a28-5f3361336622,1000,FCM,569,FCK,1,2357.44,2357.44,40,35,,,count,attacking_third,attacking_third,central_channel,-53.12,-11.62,-53.12,-11.62,53.12,-11.62,53.12,-11.62,crossing,,crossing,box involvement,FCM box involvement at minute 40.,Chance Creation & Final Third,pitch scatter map,high,true,false,false,false,3237,0,
8cfdb681-32cf-4ebf-81f1-5c0839ec82d5,2442592,33b8b6ea-9208-5e2a-82c1-606ee4ac6dda,1000,FCM,569,FCK,1,2361.84,2361.84,40,35,,,count,middle_third,middle_third,central_channel,-18.26,8.65,-25.3,9.66,18.26,8.65,25.3,9.66,loss,,attacking,final-third entry,FCM final-third entry at minute 40.,Defensive Behaviour & Transitions,pitch scatter map,high,false,true,false,false,3243,0.05,
8cfdb681-32cf-4ebf-81f1-5c0839ec82d5,2442592,4bf1c2f9-7e6e-5442-8e17-d7bf3b3fc1c4,1000,FCM,569,FCK,1,2361.88,2361.88,40,35,204164,J. Andersson,count,defensive_third,defensive_third,central_channel,19.89,3.29,33.58,7.08,-19.89,3.29,-33.58,7.08,pass,interception,,context event,FCM context event at minute 40.,Executive Match Overview,pitch scatter map,medium,false,false,false,false,3246,0,
8cfdb681-32cf-4ebf-81f1-5c0839ec82d5,2442592,a6bf0555-d0fb-5cfc-993a-14afa0eeb7e6,1000,FCM,569,FCK,1,2365.32,2365.32,40,35,,,count,defensive_third,defensive_third,central_channel,26.43,1.83,26.56,1.81,-26.43,1.83,-26.56,1.81,shot,shot,recovery,shot attempt,FCM shot attempt at minute 40.,Chance Creation & Final Third,pitch scatter map,high,false,false,false,false,3253,0.0195,0.0195
8cfdb681-32cf-4ebf-81f1-5c0839ec82d5,2442592,e2452c73-5324-57ac-abdf-7bb61510ad98,1000,FCM,569,FCK,1,2365.32,2365.32,40,35,474838,E. Martinez,count,attacking_third,attacking_third,central_channel,-25.17,9.65,-25.3,9.66,25.17,9.65,25.3,9.66,shot,shot,,shot attempt,FCM shot attempt at minute 40.,Chance Creation & Final Third,pitch scatter map,high,false,false,false,false,3254,0,0.0195
8cfdb681-32cf-4ebf-81f1-5c0839ec82d5,2442592,b2169d36-f27a-5524-a6d4-cdc9dfb1a4e9,1000,FCM,569,FCK,1,2365.36,2365.36,40,35,474838,E. Martinez,count,defensive_third,defensive_third,central_channel,26.56,1.81,47.87,2.91,-26.56,1.81,-47.87,2.91,shot,save,,shot attempt,FCM shot attempt at minute 40.,Chance Creation & Final Third,pitch scatter map,high,false,false,false,false,3255,0.0195,0.0195
8cfdb681-32cf-4ebf-81f1-5c0839ec82d5,2442592,5679fb73-e88a-5228-8670-460e9ea22d61,569,FCK,1000,FCM,1,2366.36,2366.36,40,35,,,count,defensive_third,defensive_third,central_channel,-48.51,-2.33,36.54,13.35,-48.51,-2.33,36.54,13.35,shot,shot,shot_recovered,shot attempt,FCK shot attempt at minute 40.,Chance Creation & Final Third,pitch scatter map,high,false,true,false,false,3257,0.0534,0.0534
8cfdb681-32cf-4ebf-81f1-5c0839ec82d5,2442592,87682078-91f9-5573-be60-f0f56874edc6,1000,FCM,569,FCK,1,2366.36,2366.36,40,35,,,count,attacking_third,attacking_third,central_channel,-48.32,9.31,40.87,19.96,48.32,9.31,-40.87,19.96,start_loc,,transition,box involvement,FCM box involvement at minute 40.,Chance Creation & Final Third,pitch scatter map,high,true,false,false,true,3258,0,0.0534
8cfdb681-32cf-4ebf-81f1-5c0839ec82d5,2442592,7c53774b-d177-5d86-9e0e-8387edd049b1,569,FCK,1000,FCM,1,2372.76,2372.76,40,35,232398,N. Trott,count,defensive_third,defensive_third,central_channel,-48.42,-3.9,-41.21,-14.04,-48.42,-3.9,-41.21,-14.04,pass,reception,,context event,FCK context event at minute 40.,Executive Match Overview,pitch scatter map,low,false,false,false,false,3263,0,
8cfdb681-32cf-4ebf-81f1-5c0839ec82d5,2442592,3d9eba89-8ecf-5d89-832a-5ef21047f9c0,569,FCK,1000,FCM,1,2378.64,2378.64,40,35,433957,M. Mattsson,count,middle_third,middle_third,central_channel,-13.46,9.57,22.51,26.41,-13.46,9.57,22.51,26.41,run_start_loc,,,final-third entry,FCK final-third entry at minute 40.,Territory & Control,pitch scatter map,medium,false,true,false,false,3270,0.05,
8cfdb681-32cf-4ebf-81f1-5c0839ec82d5,2442592,1e5c34dd-62dd-5b26-9a6d-96ea116a5c1f,569,FCK,1000,FCM,1,2380.4,2380.4,40,35,,,count,middle_third,middle_third,central_channel,-7.23,12.16,34.13,24.14,-7.23,12.16,34.13,24.14,defender_dribbled,defender_dribbled,,final-third entry,FCK final-third entry at minute 40.,Territory & Control,pitch scatter map,medium,false,true,false,false,3271,0.05,
8cfdb681-32cf-4ebf-81f1-5c0839ec82d5,2442592,c694b6fd-e074-5b4a-a3e5-15dcbf392476,569,FCK,1000,FCM,1,2382.36,2382.36,40,35,,,count,middle_third,middle_third,right_channel,-18.11,31.03,40.87,19.96,-18.11,31.03,40.87,19.96,loss,,counter_attack,box involvement,FCK box involvement at minute 40.,Chance Creation & Final Third,pitch scatter map,high,true,true,false,false,3275,0.15,
8cfdb681-32cf-4ebf-81f1-5c0839ec82d5,2442592,c6d6f659-193d-5150-8a57-29827ae8057c,569,FCK,1000,FCM,1,2382.84,2382.84,40,35,220246,P. Hatzidiakos,count,middle_third,middle_third,right_channel,-17.57,30.13,23.73,26.44,-17.57,30.13,23.73,26.44,pass,reception,,final-third entry,FCK final-third entry at minute 40.,Territory & Control,pitch scatter map,medium,false,true,true,false,3276,0.05,
8cfdb681-32cf-4ebf-81f1-5c0839ec82d5,2442592,a8fd63a5-ffb0-5777-9dd7-53ebcc36869b,569,FCK,1000,FCM,1,2383.04,2383.04,40,35,457214,G. Onugkha,count,middle_third,middle_third,central_channel,7.19,10.58,35.87,2.08,7.19,10.58,35.87,2.08,run_start_loc,,,final-third entry,FCK final-third entry at minute 40.,Territory & Control,pitch scatter map,medium,false,true,false,false,3279,0.05,
8cfdb681-32cf-4ebf-81f1-5c0839ec82d5,2442592,3ec46205-ce3c-59df-9a62-2baa535d4bf4,569,FCK,1000,FCM,1,2385.32,2385.32,40,35,433957,M. Mattsson,count,attacking_third,attacking_third,right_channel,27.43,28.85,40.87,19.96,27.43,28.85,40.87,19.96,shot,shot,,shot attempt,FCK shot attempt at minute 40.,Chance Creation & Final Third,pitch scatter map,high,true,false,false,false,3286,0.1,0.0534
8cfdb681-32cf-4ebf-81f1-5c0839ec82d5,2442592,f5c6ce0f-0bfd-5f47-8dd5-05a897223240,569,FCK,1000,FCM,1,2387.84,2387.84,40,35,546545,E. Achouri,count,middle_third,middle_third,right_channel,16.53,27.5,42.31,13.7,16.53,27.5,42.31,13.7,run_start_loc,,,box involvement,FCK box involvement at minute 40.,Chance Creation & Final Third,pitch scatter map,high,true,true,false,false,3295,0.15,
8cfdb681-32cf-4ebf-81f1-5c0839ec82d5,2442592,70d8dfa0-ebbb-59dc-afb5-2fcf3f6ad9c5,569,FCK,1000,FCM,1,2390.76,2390.76,40,35,433957,M. Mattsson,count,attacking_third,attacking_third,right_channel,36.54,13.35,52.71,-8.83,36.54,13.35,52.71,-8.83,shot,off_target,,shot attempt,FCK shot attempt at minute 40.,Chance Creation & Final Third,pitch scatter map,high,true,false,false,false,3302,0.0534,0.0534
8cfdb681-32cf-4ebf-81f1-5c0839ec82d5,2442592,15818989-bb60-5830-a81f-b560bdba9267,1000,FCM,569,FCK,1,2407.2,2407.2,41,40,,,count,attacking_third,attacking_third,central_channel,-35.01,7.96,-44.66,2.72,35.01,7.96,44.66,2.72,completed_pass,completed_pass,,box involvement,FCM box involvement at minute 41.,Chance Creation & Final Third,pitch scatter map,high,true,false,false,false,3306,0.1,
8cfdb681-32cf-4ebf-81f1-5c0839ec82d5,2442592,8a14aafa-5ff5-538d-bf7b-e4cf2688b7b4,1000,FCM,569,FCK,1,2407.2,2407.2,41,40,,,count,attacking_third,attacking_third,central_channel,-48.12,0.27,-48.56,-6.82,48.12,0.27,48.56,-6.82,recovery,turnover,goal_kick,box involvement,FCM box involvement at minute 41.,Chance Creation & Final Third,pitch scatter map,high,true,false,false,false,3308,0,0
8cfdb681-32cf-4ebf-81f1-5c0839ec82d5,2442592,a6e7075e-46b7-595a-9043-b4f496ca8150,569,FCK,1000,FCM,1,2407.2,2407.2,41,40,,,count,attacking_third,attacking_third,central_channel,53.01,10.71,53.47,15.53,53.01,10.71,53.47,15.53,start_loc,,organisation,box involvement,FCK box involvement at minute 41.,Chance Creation & Final Third,pitch scatter map,high,true,false,false,false,3309,0,0
8cfdb681-32cf-4ebf-81f1-5c0839ec82d5,2442592,b5f9d9f7-8c7e-5b9e-b565-dfeb88a73c52,1000,FCM,569,FCK,1,2407.2,2407.2,41,40,430901,E. Olafsson,count,attacking_third,attacking_third,central_channel,-48.12,0.27,-46.86,7.24,48.12,0.27,46.86,7.24,pass,reception,,box involvement,FCM box involvement at minute 41.,Chance Creation & Final Third,pitch scatter map,high,true,false,false,false,3311,0,
8cfdb681-32cf-4ebf-81f1-5c0839ec82d5,2442592,2f347d11-6cc7-5497-afbe-d21f292311fc,1000,FCM,569,FCK,1,2409.24,2409.24,41,40,228044,M. Bech,count,attacking_third,attacking_third,central_channel,-46.44,4.76,-48.27,-8.13,46.44,4.76,48.27,-8.13,pass,reception,,box involvement,FCM box involvement at minute 41.,Chance Creation & Final Third,pitch scatter map,high,true,false,false,false,3315,0,
8cfdb681-32cf-4ebf-81f1-5c0839ec82d5,2442592,9de446eb-d4ab-58c2-b5f8-9d31e77bdd19,1000,FCM,569,FCK,1,2409.4,2409.4,41,40,,,count,attacking_third,attacking_third,central_channel,-36.84,-8.55,-46.62,-5.35,36.84,-8.55,46.62,-5.35,incomplete_pass,incomplete_pass,,box involvement,FCM box involvement at minute 41.,Chance Creation & Final Third,pitch scatter map,high,true,false,false,false,3316,0.1,
8cfdb681-32cf-4ebf-81f1-5c0839ec82d5,2442592,c5390186-9e95-565b-b444-5a98faea5f40,1000,FCM,569,FCK,1,2411.2,2411.2,41,40,,,count,defensive_third,defensive_third,right_channel,53.26,16.11,53.47,15.53,-53.26,16.11,-53.47,15.53,loss,,progression,turnover / loss,FCM turnover / loss at minute 41.,Defensive Behaviour & Transitions,pitch scatter map,high,false,false,false,false,3320,0,
8cfdb681-32cf-4ebf-81f1-5c0839ec82d5,2442592,f66c2e81-6826-544d-a451-91ba0c01b886,1000,FCM,569,FCK,1,2411.76,2411.76,41,40,609108,O. Diao,count,attacking_third,attacking_third,central_channel,-48.56,-6.82,-11.34,-1.94,48.56,-6.82,11.34,-1.94,pass,interception,,box involvement,FCM box involvement at minute 41.,Chance Creation & Final Third,pitch scatter map,high,true,false,false,false,3322,0,
8cfdb681-32cf-4ebf-81f1-5c0839ec82d5,2442592,4d0f6650-c0c4-5a21-8dc4-90b10a05ba4b,569,FCK,1000,FCM,1,2414.24,2414.24,41,40,546545,E. Achouri,count,attacking_third,attacking_third,central_channel,40.46,3.82,23.95,9.94,40.46,3.82,23.95,9.94,run_start_loc,,,box involvement,FCK box involvement at minute 41.,Chance Creation & Final Third,pitch scatter map,high,true,false,false,false,3323,0,
8cfdb681-32cf-4ebf-81f1-5c0839ec82d5,2442592,73d47aad-ab98-55dd-854e-98fe50344227,569,FCK,1000,FCM,1,2414.76,2414.76,41,40,,,count,middle_third,middle_third,central_channel,3.25,2.22,23.13,10.24,3.25,2.22,23.13,10.24,recovery,offside,interception,final-third entry,FCK final-third entry at minute 41.,Defensive Behaviour & Transitions,pitch scatter map,medium,false,true,false,false,3325,0.05,0
8cfdb681-32cf-4ebf-81f1-5c0839ec82d5,2442592,96fe4a59-5684-562f-86bc-3b22227d453d,569,FCK,1000,FCM,1,2414.76,2414.76,41,40,,,count,middle_third,middle_third,central_channel,5.96,12.4,26.8,17.85,5.96,12.4,26.8,17.85,loss,,regain,final-third entry,FCK final-third entry at minute 41.,Defensive Behaviour & Transitions,pitch scatter map,high,false,true,false,false,3327,0.05,
8cfdb681-32cf-4ebf-81f1-5c0839ec82d5,2442592,2750ac5c-7244-54ea-9b64-b41e238e9cbd,569,FCK,1000,FCM,1,2414.92,2414.92,41,40,166965,L. Lerager,count,middle_third,middle_third,central_channel,2.78,2.32,-0.56,12.77,2.78,2.32,-0.56,12.77,pass,reception,,context event,FCK context event at minute 41.,Executive Match Overview,pitch scatter map,low,false,false,false,false,3329,0,
8cfdb681-32cf-4ebf-81f1-5c0839ec82d5,2442592,be8165c6-bd1c-5ec9-8c3b-849a20b52410,569,FCK,1000,FCM,1,2416.08,2416.08,41,40,193228,K. Diks,count,middle_third,middle_third,central_channel,-0.39,13,23.25,10.19,-0.39,13,23.25,10.19,pass,reception,,final-third entry,FCK final-third entry at minute 41.,Territory & Control,pitch scatter map,medium,false,true,true,false,3333,0.05,
8cfdb681-32cf-4ebf-81f1-5c0839ec82d5,2442592,81302980-5e0c-5273-b494-e925c030e3f2,569,FCK,1000,FCM,1,2416.32,2416.32,41,40,,,count,attacking_third,attacking_third,central_channel,31.55,7.42,23.45,10.08,31.55,7.42,23.45,10.08,incomplete_pass,incomplete_pass,,final-third entry,FCK final-third entry at minute 41.,Territory & Control,pitch scatter map,medium,false,false,false,false,3334,0,
8cfdb681-32cf-4ebf-81f1-5c0839ec82d5,2442592,e9c016c0-2eff-5129-8ca7-b00283325bdb,569,FCK,1000,FCM,1,2418,2418,41,40,546545,E. Achouri,count,attacking_third,attacking_third,right_channel,26.93,17.81,26.8,17.85,26.93,17.81,26.8,17.85,incomplete_pass,incomplete_pass,,final-third entry,FCK final-third entry at minute 41.,Territory & Control,pitch scatter map,medium,false,false,false,false,3336,0,0
8cfdb681-32cf-4ebf-81f1-5c0839ec82d5,2442592,48dc5e10-1bee-5fdc-be2b-45016fe0e93e,569,FCK,1000,FCM,1,2418.04,2418.04,41,40,546545,E. Achouri,count,attacking_third,attacking_third,central_channel,23.13,10.24,14.39,-1.26,23.13,10.24,14.39,-1.26,pass,interception,,context event,FCK context event at minute 41.,Territory & Control,pitch scatter map,medium,false,false,false,false,3338,0,
8cfdb681-32cf-4ebf-81f1-5c0839ec82d5,2442592,31d6a359-c39f-5cce-a018-f744800bbccc,1000,FCM,569,FCK,1,2419.08,2419.08,41,40,,,count,defensive_third,defensive_third,central_channel,22.89,12.73,22.76,12.82,-22.89,12.73,-22.76,12.82,loss,,interrupt,turnover / loss,FCM turnover / loss at minute 41.,Defensive Behaviour & Transitions,pitch scatter map,high,false,false,false,false,3339,0,
8cfdb681-32cf-4ebf-81f1-5c0839ec82d5,2442592,e11aa201-8b39-5d2d-88b3-a41013267b2c,1000,FCM,569,FCK,1,2419.16,2419.16,41,40,474838,E. Martinez,count,attacking_third,attacking_third,central_channel,-19.27,-2.84,-0.63,-1.3,19.27,-2.84,0.63,-1.3,pass,offside,,context event,FCM context event at minute 41.,Territory & Control,pitch scatter map,low,false,false,false,false,3342,0,
8cfdb681-32cf-4ebf-81f1-5c0839ec82d5,2442592,60d001d7-7008-58d7-864e-1a1278435685,569,FCK,1000,FCM,1,2444.28,2444.28,41,40,,,count,middle_third,middle_third,central_channel,-6.12,5.13,2.53,-20.61,-6.12,5.13,2.53,-20.61,recovery,turnover,free_kick,ball recovery,FCK ball recovery at minute 41.,Defensive Behaviour & Transitions,pitch scatter map,high,false,false,false,false,3346,0,0
8cfdb681-32cf-4ebf-81f1-5c0839ec82d5,2442592,7458f6eb-0fa3-5803-8a46-06106109e99d,569,FCK,1000,FCM,1,2444.28,2444.28,41,40,220246,P. Hatzidiakos,count,middle_third,middle_third,central_channel,-6.12,5.13,-2.83,-30.08,-6.12,5.13,-2.83,-30.08,pass,reception,,context event,FCK context event at minute 41.,Executive Match Overview,pitch scatter map,low,false,false,false,false,3347,0,
8cfdb681-32cf-4ebf-81f1-5c0839ec82d5,2442592,bf38cf8a-b0fb-51aa-9c53-fde6bf712488,569,FCK,1000,FCM,1,2444.28,2444.28,41,40,,,count,middle_third,middle_third,right_channel,-3.87,14.38,5.2,-3.1,-3.87,14.38,5.2,-3.1,loss,,buildup,turnover / loss,FCK turnover / loss at minute 41.,Defensive Behaviour & Transitions,pitch scatter map,high,false,false,false,false,3348,0,
8cfdb681-32cf-4ebf-81f1-5c0839ec82d5,2442592,6b399073-96eb-5a1a-9db2-8ef87948582c,569,FCK,1000,FCM,1,2448.12,2448.12,41,40,512627,G. Gocholeishvili,count,middle_third,middle_third,left_channel,-3.91,-30.6,-17.03,-17.26,-3.91,-30.6,-17.03,-17.26,pass,reception,,context event,FCK context event at minute 41.,Executive Match Overview,pitch scatter map,low,false,false,false,false,3356,0,
8cfdb681-32cf-4ebf-81f1-5c0839ec82d5,2442592,b167a3c2-fd47-5b49-a0a3-3bc03dbc7a45,569,FCK,1000,FCM,1,2451.2,2451.2,41,40,,,count,middle_third,middle_third,left_channel,8.53,-18.66,3.57,-20.76,8.53,-18.66,3.57,-20.76,loss,lost_ball,,turnover / loss,FCK turnover / loss at minute 41.,Defensive Behaviour & Transitions,pitch scatter map,high,false,false,false,false,3362,0,
8cfdb681-32cf-4ebf-81f1-5c0839ec82d5,2442592,8bcbddc1-d80b-5f94-88c8-52af68b1cf79,569,FCK,1000,FCM,1,2451.44,2451.44,41,40,475413,Gabriel Pereira,count,middle_third,middle_third,left_channel,-16.46,-18.93,2.96,-20.33,-16.46,-18.93,2.96,-20.33,pass,reception,,progressive action,FCK progressive action at minute 41.,Territory & Control,pitch scatter map,medium,false,false,true,false,3364,0,
8cfdb681-32cf-4ebf-81f1-5c0839ec82d5,2442592,63ae053e-a930-5327-8e1f-ea8ad3d6dc0d,569,FCK,1000,FCM,1,2452.44,2452.44,41,40,96787,M. Elyounoussi,count,middle_third,middle_third,central_channel,5.65,-2.91,5.2,-3.1,5.65,-2.91,5.2,-3.1,loss,ball_lost,,turnover / loss,FCK turnover / loss at minute 41.,Defensive Behaviour & Transitions,pitch scatter map,high,false,false,false,false,3365,0,0
8cfdb681-32cf-4ebf-81f1-5c0839ec82d5,2442592,38128781-a0fc-5b6b-8e48-8599bd50630c,1000,FCM,569,FCK,1,2454.08,2454.08,41,40,,,count,middle_third,middle_third,right_channel,5.34,24.95,15.24,25.32,-5.34,24.95,-15.24,25.32,recovery,turnover,tackle,ball recovery,FCM ball recovery at minute 41.,Defensive Behaviour & Transitions,pitch scatter map,high,false,false,false,false,3376,0,0
8cfdb681-32cf-4ebf-81f1-5c0839ec82d5,2442592,fe6805c8-a2ad-5a25-9489-da1727440490,1000,FCM,569,FCK,1,2454.08,2454.08,41,40,,,count,middle_third,middle_third,central_channel,-3.05,-6.05,-13.43,-6.3,3.05,-6.05,13.43,-6.3,loss,,regain,turnover / loss,FCM turnover / loss at minute 41.,Defensive Behaviour & Transitions,pitch scatter map,high,false,false,false,false,3379,0,
8cfdb681-32cf-4ebf-81f1-5c0839ec82d5,2442592,d4962039-b108-5eff-bfd4-c59a510698b6,1000,FCM,569,FCK,1,2454.6,2454.6,41,40,477672,A. Simsir,count,middle_third,middle_third,right_channel,7.32,25.02,14.27,25.33,-7.32,25.02,-14.27,25.33,pass,reception,,context event,FCM context event at minute 41.,Executive Match Overview,pitch scatter map,low,false,false,false,false,3382,0,
8cfdb681-32cf-4ebf-81f1-5c0839ec82d5,2442592,8eab939c-3647-56ba-84f2-f6217a65d972,1000,FCM,569,FCK,1,2456.16,2456.16,41,40,240529,J. Kuchta,count,middle_third,middle_third,right_channel,15.24,25.32,32.57,15.12,-15.24,25.32,-32.57,15.12,pass,interception,,context event,FCM context event at minute 41.,Executive Match Overview,pitch scatter map,medium,false,false,false,false,3396,0,
8cfdb681-32cf-4ebf-81f1-5c0839ec82d5,2442592,1707db9f-dd9f-5c57-bf9a-071863326c7b,1000,FCM,569,FCK,1,2458.12,2458.12,41,40,,,count,attacking_third,attacking_third,central_channel,-31.96,-1.72,-33.24,-2.62,31.96,-1.72,33.24,-2.62,start_loc,,transition,final-third entry,FCM final-third entry at minute 41.,Territory & Control,pitch scatter map,medium,false,false,false,false,3405,0,0
8cfdb681-32cf-4ebf-81f1-5c0839ec82d5,2442592,cbbf4022-7762-511e-9830-944b8ad9f832,569,FCK,1000,FCM,1,2458.12,2458.12,41,40,,,count,defensive_third,defensive_third,left_channel,-32.91,-18.57,-1.18,22.03,-32.91,-18.57,-1.18,22.03,recovery,turnover,interception,ball recovery,FCK ball recovery at minute 41.,Defensive Behaviour & Transitions,pitch scatter map,high,false,false,false,false,3409,0.02,0
8cfdb681-32cf-4ebf-81f1-5c0839ec82d5,2442592,5c8f78e6-a1e3-54c0-ab7e-4eb052e87840,569,FCK,1000,FCM,1,2458.28,2458.28,41,40,475413,Gabriel Pereira,count,defensive_third,defensive_third,left_channel,-33.68,-17.85,-48.34,-4.78,-33.68,-17.85,-48.34,-4.78,pass,reception,,context event,FCK context event at minute 41.,Executive Match Overview,pitch scatter map,low,false,false,false,false,3410,0,
8cfdb681-32cf-4ebf-81f1-5c0839ec82d5,2442592,79a84aaf-3163-5f5b-90ed-3c4ca4c01f9f,569,FCK,1000,FCM,1,2460.08,2460.08,42,40,232398,N. Trott,count,defensive_third,defensive_third,central_channel,-48.29,-4.84,-20.05,2.24,-48.29,-4.84,-20.05,2.24,pass,interception,,context event,FCK context event at minute 42.,Executive Match Overview,pitch scatter map,medium,false,false,false,false,3415,0,
8cfdb681-32cf-4ebf-81f1-5c0839ec82d5,2442592,b1480fb3-a3a7-5774-a2c7-e8fef09f3bc0,569,FCK,1000,FCM,1,2460.12,2460.12,42,40,,,count,defensive_third,defensive_third,central_channel,-47.65,7.69,-9.8,-7.27,-47.65,7.69,-9.8,-7.27,loss,,counter_attack,turnover / loss,FCK turnover / loss at minute 42.,Defensive Behaviour & Transitions,pitch scatter map,high,false,false,false,false,3417,0.02,
8cfdb681-32cf-4ebf-81f1-5c0839ec82d5,2442592,f42a712f-f00e-535b-aa00-fa623a74fe72,1000,FCM,569,FCK,1,2462.84,2462.84,42,40,,,count,middle_third,middle_third,central_channel,-17.93,13.1,-17.61,13.11,17.93,13.1,17.61,13.11,loss,,interrupt,turnover / loss,FCM turnover / loss at minute 42.,Defensive Behaviour & Transitions,pitch scatter map,high,false,false,false,false,3421,0,
8cfdb681-32cf-4ebf-81f1-5c0839ec82d5,2442592,49c687a6-f518-5a6a-ab8b-77cd91c0c2b3,1000,FCM,569,FCK,1,2463.04,2463.04,42,40,533646,D. Osorio,count,defensive_third,defensive_third,central_channel,19.22,-3.27,15.45,7.86,-19.22,-3.27,-15.45,7.86,pass,interception,,context event,FCM context event at minute 42.,Executive Match Overview,pitch scatter map,medium,false,false,false,false,3424,0.02,
8cfdb681-32cf-4ebf-81f1-5c0839ec82d5,2442592,fd60b6d6-5cbf-50a0-a298-e92bc75b5aa9,569,FCK,1000,FCM,1,2466.2,2466.2,42,40,96787,M. Elyounoussi,count,middle_third,middle_third,left_channel,-15.63,-16.07,-12.46,-28.98,-15.63,-16.07,-12.46,-28.98,pass,reception,,context event,FCK context event at minute 42.,Executive Match Overview,pitch scatter map,low,false,false,false,false,3431,0,
8cfdb681-32cf-4ebf-81f1-5c0839ec82d5,2442592,3e5d5cc9-424b-599f-a29a-cbc0f984ee36,569,FCK,1000,FCM,1,2471.72,2471.72,42,40,512627,G. Gocholeishvili,count,middle_third,middle_third,left_channel,-13.15,-22.98,-33.28,-24.06,-13.15,-22.98,-33.28,-24.06,pass,reception,,context event,FCK context event at minute 42.,Executive Match Overview,pitch scatter map,low,false,false,false,false,3446,0,
8cfdb681-32cf-4ebf-81f1-5c0839ec82d5,2442592,828305ff-91db-56e1-8c35-20f415b463af,569,FCK,1000,FCM,1,2475.32,2475.32,42,40,475413,Gabriel Pereira,count,defensive_third,defensive_third,left_channel,-34.13,-19.9,-33.2,11.07,-34.13,-19.9,-33.2,11.07,pass,reception,,context event,FCK context event at minute 42.,Executive Match Overview,pitch scatter map,low,false,false,false,false,3449,0,
8cfdb681-32cf-4ebf-81f1-5c0839ec82d5,2442592,eedb9694-dcb0-564f-b800-0c923feb9415,1000,FCM,569,FCK,1,2476.52,2476.52,42,40,,,count,attacking_third,attacking_third,central_channel,-32.76,7.72,1.32,25.86,32.76,7.72,-1.32,25.86,start_loc,,organisation,context event,FCM context event at minute 42.,Territory & Control,pitch scatter map,low,false,false,false,false,3452,0,0
8cfdb681-32cf-4ebf-81f1-5c0839ec82d5,2442592,97c567ac-bbdc-5d82-94c0-e040ea6800e9,569,FCK,1000,FCM,1,2478.96,2478.96,42,40,220246,P. Hatzidiakos,count,defensive_third,defensive_third,central_channel,-31.48,11.9,-36.05,2.23,-31.48,11.9,-36.05,2.23,pass,reception,,context event,FCK context event at minute 42.,Executive Match Overview,pitch scatter map,low,false,false,false,false,3455,0,
8cfdb681-32cf-4ebf-81f1-5c0839ec82d5,2442592,ba26548f-a63e-545a-b03b-0ae25120b367,569,FCK,1000,FCM,1,2492.16,2492.16,42,40,433957,M. Mattsson,count,middle_third,middle_third,right_channel,7.04,33.2,-1.66,28.37,7.04,33.2,-1.66,28.37,pass,reception,,context event,FCK context event at minute 42.,Executive Match Overview,pitch scatter map,low,false,false,false,false,3464,0,
8cfdb681-32cf-4ebf-81f1-5c0839ec82d5,2442592,92b54802-1592-55ba-b6c0-0f9ccc6b19ff,569,FCK,1000,FCM,1,2495.4,2495.4,42,40,193228,K. Diks,count,middle_third,middle_third,right_channel,-3.73,25.25,-13.61,12.7,-3.73,25.25,-13.61,12.7,pass,reception,,context event,FCK context event at minute 42.,Executive Match Overview,pitch scatter map,low,false,false,false,false,3470,0,
8cfdb681-32cf-4ebf-81f1-5c0839ec82d5,2442592,1a8b6f5b-40e2-5bc4-af7a-b204daa5f9a2,569,FCK,1000,FCM,1,2497.8,2497.8,42,40,220246,P. Hatzidiakos,count,middle_third,middle_third,central_channel,-14.11,10.11,-13.72,-14.44,-14.11,10.11,-13.72,-14.44,pass,reception,,context event,FCK context event at minute 42.,Executive Match Overview,pitch scatter map,low,false,false,false,false,3473,0,
8cfdb681-32cf-4ebf-81f1-5c0839ec82d5,2442592,d3e2fb43-b6a7-55c1-bbcb-d21c0fff57ea,569,FCK,1000,FCM,1,2502.56,2502.56,42,40,475413,Gabriel Pereira,count,middle_third,middle_third,left_channel,-1.4,-25.69,11.21,-23.78,-1.4,-25.69,11.21,-23.78,pass,reception,,progressive action,FCK progressive action at minute 42.,Territory & Control,pitch scatter map,medium,false,false,true,false,3481,0,
8cfdb681-32cf-4ebf-81f1-5c0839ec82d5,2442592,8d251cc5-89ab-5d15-ae77-bfbf1a58f5c8,569,FCK,1000,FCM,1,2503.32,2503.32,42,40,96787,M. Elyounoussi,count,middle_third,middle_third,left_channel,11.12,-23.85,-4.5,-23.73,11.12,-23.85,-4.5,-23.73,pass,reception,,context event,FCK context event at minute 42.,Executive Match Overview,pitch scatter map,low,false,false,false,false,3484,0,
8cfdb681-32cf-4ebf-81f1-5c0839ec82d5,2442592,94bc6e3b-1ab3-502d-9da3-5a44596b4e72,569,FCK,1000,FCM,1,2505.68,2505.68,42,40,475413,Gabriel Pereira,count,middle_third,middle_third,left_channel,-7.4,-21.92,-32.94,-9.32,-7.4,-21.92,-32.94,-9.32,pass,reception,,context event,FCK context event at minute 42.,Executive Match Overview,pitch scatter map,low,false,false,false,false,3491,0,
8cfdb681-32cf-4ebf-81f1-5c0839ec82d5,2442592,e07e4c98-d6cf-5519-a794-d24a76c830a5,569,FCK,1000,FCM,1,2510.32,2510.32,42,40,232398,N. Trott,count,defensive_third,defensive_third,central_channel,-33.68,-3.6,-0.68,23.22,-33.68,-3.6,-0.68,23.22,pass,interception,,context event,FCK context event at minute 42.,Executive Match Overview,pitch scatter map,medium,false,false,false,false,3495,0.02,
8cfdb681-32cf-4ebf-81f1-5c0839ec82d5,2442592,b4f7030a-7256-5bb7-b9d6-468c05a412ad,569,FCK,1000,FCM,1,2510.52,2510.52,42,40,,,count,defensive_third,defensive_third,central_channel,-32.77,8.45,1.32,25.86,-32.77,8.45,1.32,25.86,loss,,progression,turnover / loss,FCK turnover / loss at minute 42.,Defensive Behaviour & Transitions,pitch scatter map,high,false,false,false,false,3497,0.02,
8cfdb681-32cf-4ebf-81f1-5c0839ec82d5,2442592,6d79b77f-df32-53fe-a0e8-79f3797228c0,1000,FCM,569,FCK,1,2513.28,2513.28,42,40,,,count,middle_third,middle_third,right_channel,2.76,26.6,-0.63,13.58,-2.76,26.6,0.63,13.58,loss,,regain,turnover / loss,FCM turnover / loss at minute 42.,Defensive Behaviour & Transitions,pitch scatter map,high,false,false,false,false,3504,0,
8cfdb681-32cf-4ebf-81f1-5c0839ec82d5,2442592,c09f09c9-f4b0-5aca-aeb2-dbdd354b3228,1000,FCM,569,FCK,1,2513.28,2513.28,42,40,,,count,middle_third,middle_third,left_channel,-0.2,-23.12,3.03,-3.95,0.2,-23.12,-3.03,-3.95,recovery,out,interception,ball recovery,FCM ball recovery at minute 42.,Defensive Behaviour & Transitions,pitch scatter map,medium,false,false,false,false,3506,0,0
8cfdb681-32cf-4ebf-81f1-5c0839ec82d5,2442592,a143919e-6ab8-547a-b69e-988047c246e8,1000,FCM,569,FCK,1,2513.44,2513.44,42,40,120721,K. Mbabu,count,middle_third,middle_third,left_channel,-0.35,-23.17,6.39,-14.37,0.35,-23.17,-6.39,-14.37,pass,reception,,context event,FCM context event at minute 42.,Executive Match Overview,pitch scatter map,low,false,false,false,false,3507,0,
8cfdb681-32cf-4ebf-81f1-5c0839ec82d5,2442592,555e3df6-9937-5c44-88d8-64b4884682e3,1000,FCM,569,FCK,1,2514.8,2514.8,42,40,,,count,middle_third,middle_third,central_channel,12.05,-3.32,9.31,-7.96,-12.05,-3.32,-9.31,-7.96,loss,lost_ball,,turnover / loss,FCM turnover / loss at minute 42.,Defensive Behaviour & Transitions,pitch scatter map,high,false,false,false,false,3508,0,
8cfdb681-32cf-4ebf-81f1-5c0839ec82d5,2442592,46774966-0ee2-5051-8171-2cbd0c9cf9c3,1000,FCM,569,FCK,1,2515.32,2515.32,42,40,494784,Oliver Sorensen,count,middle_third,middle_third,right_channel,-4.15,20.65,-8.04,17.22,4.15,20.65,8.04,17.22,loss,ball_lost,,turnover / loss,FCM turnover / loss at minute 42.,Defensive Behaviour & Transitions,pitch scatter map,high,false,false,false,false,3510,0,0
8cfdb681-32cf-4ebf-81f1-5c0839ec82d5,2442592,b102f256-03c2-5ed9-b0cc-5864ef9569e1,1000,FCM,569,FCK,1,2518.76,2518.76,42,40,474838,E. Martinez,count,middle_third,middle_third,central_channel,3.03,-3.95,23.87,-28.28,-3.03,-3.95,-23.87,-28.28,pass,out,,context event,FCM context event at minute 42.,Executive Match Overview,pitch scatter map,low,false,false,false,false,3519,0,
8cfdb681-32cf-4ebf-81f1-5c0839ec82d5,2442592,16abf3f4-7101-5810-9494-d689b8ce55ce,569,FCK,1000,FCM,1,2568.92,2568.92,43,40,,,count,defensive_third,defensive_third,central_channel,-47,2.26,3.72,18.74,-47,2.26,3.72,18.74,recovery,turnover,goal_kick,ball recovery,FCK ball recovery at minute 43.,Defensive Behaviour & Transitions,pitch scatter map,high,false,false,false,false,3524,0.02,0
8cfdb681-32cf-4ebf-81f1-5c0839ec82d5,2442592,220bbb0b-e88e-57c9-9c7f-67ebe6c0b2d8,1000,FCM,569,FCK,1,2568.92,2568.92,43,40,,,count,attacking_third,attacking_third,central_channel,-46.74,12.43,6.45,23.62,46.74,12.43,-6.45,23.62,start_loc,,organisation,box involvement,FCM box involvement at minute 43.,Chance Creation & Final Third,pitch scatter map,high,true,false,false,false,3525,0,0
8cfdb681-32cf-4ebf-81f1-5c0839ec82d5,2442592,bfc82cb0-8be7-5003-a204-62a8b636bf10,569,FCK,1000,FCM,1,2568.92,2568.92,43,40,232398,N. Trott,count,defensive_third,defensive_third,central_channel,-47,2.26,8.75,20.94,-47,2.26,8.75,20.94,pass,interception,,context event,FCK context event at minute 43.,Executive Match Overview,pitch scatter map,medium,false,false,false,false,3526,0.02,
8cfdb681-32cf-4ebf-81f1-5c0839ec82d5,2442592,4c3369cf-dd94-58c1-9d1c-f14128632c74,569,FCK,1000,FCM,1,2568.92,2568.92,43,40,,,count,defensive_third,defensive_third,central_channel,-46.74,12.43,6.45,23.62,-46.74,12.43,6.45,23.62,loss,,progression,turnover / loss,FCK turnover / loss at minute 43.,Defensive Behaviour & Transitions,pitch scatter map,high,false,false,false,false,3528,0.02,
8cfdb681-32cf-4ebf-81f1-5c0839ec82d5,2442592,3c87ed39-ea32-549e-881a-0b4b48ddbf1d,1000,FCM,569,FCK,1,2572.64,2572.64,43,40,,,count,middle_third,middle_third,left_channel,-9.83,-20.73,23.59,28.57,9.83,-20.73,-23.59,28.57,recovery,out,interception,ball recovery,FCM ball recovery at minute 43.,Defensive Behaviour & Transitions,pitch scatter map,medium,false,false,false,false,3532,0,0
8cfdb681-32cf-4ebf-81f1-5c0839ec82d5,2442592,09cabbc6-3dad-53c9-bab0-3822675b080f,1000,FCM,569,FCK,1,2572.68,2572.68,43,40,609108,O. Diao,count,middle_third,middle_third,left_channel,-9.79,-20.75,-0.46,-29.65,9.79,-20.75,0.46,-29.65,pass,reception,,context event,FCM context event at minute 43.,Executive Match Overview,pitch scatter map,low,false,false,false,false,3536,0,
8cfdb681-32cf-4ebf-81f1-5c0839ec82d5,2442592,1c8b709d-98cd-53c0-b6d4-c282554de7e6,1000,FCM,569,FCK,1,2576.96,2576.96,43,40,,,count,middle_third,middle_third,left_channel,-9.8,-19.85,-24.79,-15.03,9.8,-19.85,24.79,-15.03,completed_pass,completed_pass,,final-third entry,FCM final-third entry at minute 43.,Territory & Control,pitch scatter map,medium,false,true,true,false,3548,0.05,
8cfdb681-32cf-4ebf-81f1-5c0839ec82d5,2442592,7f389d71-d6c3-5b4f-8434-0cc46a9831c3,1000,FCM,569,FCK,1,2577.28,2577.28,43,40,533646,D. Osorio,count,middle_third,middle_third,left_channel,-9.68,-29.04,-23.39,-19.37,9.68,-29.04,23.39,-19.37,pass,reception,,final-third entry,FCM final-third entry at minute 43.,Territory & Control,pitch scatter map,medium,false,true,true,false,3549,0.05,
8cfdb681-32cf-4ebf-81f1-5c0839ec82d5,2442592,80b4bdc6-6bc1-5a08-8977-9fecf74541a5,1000,FCM,569,FCK,1,2577.32,2577.32,43,40,228044,M. Bech,count,attacking_third,attacking_third,central_channel,-19.8,-9.4,-30.43,2.01,19.8,-9.4,30.43,2.01,run_start_loc,,,final-third entry,FCM final-third entry at minute 43.,Territory & Control,pitch scatter map,medium,false,false,false,false,3550,0,
8cfdb681-32cf-4ebf-81f1-5c0839ec82d5,2442592,7d08489a-0ec4-5045-b6c7-38503d246b5e,1000,FCM,569,FCK,1,2581.44,2581.44,44,40,609108,O. Diao,count,attacking_third,attacking_third,left_channel,-26.52,-14.94,-17.98,-15.39,26.52,-14.94,17.98,-15.39,pass,reception,,context event,FCM context event at minute 44.,Territory & Control,pitch scatter map,low,false,false,false,false,3554,0,
8cfdb681-32cf-4ebf-81f1-5c0839ec82d5,2442592,d6fd5df2-3af5-5d90-ad34-e269081d38df,1000,FCM,569,FCK,1,2581.64,2581.64,44,40,,,count,defensive_third,defensive_third,right_channel,27.87,21.13,-22.19,-8.51,-27.87,21.13,22.19,-8.51,counter_attack,,counter_attack,final-third entry,FCM final-third entry at minute 44.,Territory & Control,pitch scatter map,medium,false,true,false,false,3555,0.07,
8cfdb681-32cf-4ebf-81f1-5c0839ec82d5,2442592,fb88648f-336a-5351-b64f-6f788a14bb0b,1000,FCM,569,FCK,1,2581.96,2581.96,44,40,,,count,attacking_third,attacking_third,left_channel,-25.06,-14.84,-21.44,-12.63,25.06,-14.84,21.44,-12.63,defender_dribbled,defender_dribbled,,final-third entry,FCM final-third entry at minute 44.,Territory & Control,pitch scatter map,medium,false,false,false,false,3556,0,
8cfdb681-32cf-4ebf-81f1-5c0839ec82d5,2442592,4c908e91-6548-5b2f-9023-032629118aa0,1000,FCM,569,FCK,1,2583.32,2583.32,44,40,494784,Oliver Sorensen,count,attacking_third,attacking_third,left_channel,-19.55,-13.93,-2.74,27.27,19.55,-13.93,2.74,27.27,pass,reception,,context event,FCM context event at minute 44.,Territory & Control,pitch scatter map,low,false,false,false,false,3559,0,
8cfdb681-32cf-4ebf-81f1-5c0839ec82d5,2442592,3f13212d-972e-58e2-aed7-5af078336bd6,1000,FCM,569,FCK,1,2587.84,2587.84,44,40,,,count,defensive_third,defensive_third,right_channel,19.32,16.78,23.13,30.8,-19.32,16.78,-23.13,30.8,loss,lost_ball,,turnover / loss,FCM turnover / loss at minute 44.,Defensive Behaviour & Transitions,pitch scatter map,high,false,false,false,false,3576,0,
8cfdb681-32cf-4ebf-81f1-5c0839ec82d5,2442592,97d752a4-1c61-54e1-81db-93d265833dae,1000,FCM,569,FCK,1,2588.04,2588.04,44,40,204164,J. Andersson,count,middle_third,middle_third,right_channel,6.08,28.34,22.5,26.09,-6.08,28.34,-22.5,26.09,pass,reception,,context event,FCM context event at minute 44.,Executive Match Overview,pitch scatter map,low,false,false,false,false,3577,0,
8cfdb681-32cf-4ebf-81f1-5c0839ec82d5,2442592,711a7319-6400-5fba-9cd0-e2306dfe416d,1000,FCM,569,FCK,1,2589.12,2589.12,44,40,477672,A. Simsir,count,attacking_third,attacking_third,central_channel,-21.05,-6.83,-22.19,-8.51,21.05,-6.83,22.19,-8.51,loss,ball_lost,,final-third entry,FCM final-third entry at minute 44.,Defensive Behaviour & Transitions,pitch scatter map,high,false,false,false,false,3579,0,0
8cfdb681-32cf-4ebf-81f1-5c0839ec82d5,2442592,082b0d91-4774-5b1d-8600-eb2e6496a05a,1000,FCM,569,FCK,1,2596.68,2596.68,44,40,474838,E. Martinez,count,middle_third,middle_third,right_channel,16.21,34.23,24.5,32.05,-16.21,34.23,-24.5,32.05,pass,reception,,context event,FCM context event at minute 44.,Executive Match Overview,pitch scatter map,low,false,false,false,false,3594,0,
8cfdb681-32cf-4ebf-81f1-5c0839ec82d5,2442592,c113c0f6-a20b-5ba0-9b7e-85d6881ae3b0,1000,FCM,569,FCK,1,2597.48,2597.48,44,40,204164,J. Andersson,count,attacking_third,attacking_third,central_channel,-23.14,-10.87,-23.04,-10.89,23.14,-10.87,23.04,-10.89,backward,backward,,final-third entry,FCM final-third entry at minute 44.,Territory & Control,pitch scatter map,medium,false,false,false,false,3601,0,0
8cfdb681-32cf-4ebf-81f1-5c0839ec82d5,2442592,176a7202-f5ac-5c4b-9461-8f1788b3ca36,1000,FCM,569,FCK,1,2597.52,2597.52,44,40,204164,J. Andersson,count,defensive_third,defensive_third,right_channel,24.4,32.07,16.43,32.16,-24.4,32.07,-16.43,32.16,pass,reception,,context event,FCM context event at minute 44.,Executive Match Overview,pitch scatter map,low,false,false,false,false,3602,0.02,
8cfdb681-32cf-4ebf-81f1-5c0839ec82d5,2442592,a5f5c2d5-0b91-5ac2-9b85-0c5e3cf594ac,1000,FCM,569,FCK,1,2600.6,2600.6,44,40,474838,E. Martinez,count,middle_third,middle_third,right_channel,12.41,22.18,0.19,3.3,-12.41,22.18,-0.19,3.3,pass,reception,,progressive action,FCM progressive action at minute 44.,Territory & Control,pitch scatter map,medium,false,false,true,false,3605,0,
8cfdb681-32cf-4ebf-81f1-5c0839ec82d5,2442592,de65871a-772e-505b-bafb-d6779972800c,1000,FCM,569,FCK,1,2604.56,2604.56,44,40,609108,O. Diao,count,middle_third,middle_third,central_channel,2.99,-0.83,8.19,3.42,-2.99,-0.83,-8.19,3.42,pass,reception,,context event,FCM context event at minute 44.,Executive Match Overview,pitch scatter map,low,false,false,false,false,3609,0,
8cfdb681-32cf-4ebf-81f1-5c0839ec82d5,2442592,3a46230f-e6ed-5f9d-a76e-988185d9f823,1000,FCM,569,FCK,1,2605.24,2605.24,44,40,494784,Oliver Sorensen,count,middle_third,middle_third,central_channel,8.19,3.36,2.27,-2.36,-8.19,3.36,-2.27,-2.36,pass,reception,,context event,FCM context event at minute 44.,Executive Match Overview,pitch scatter map,low,false,false,false,false,3612,0,
8cfdb681-32cf-4ebf-81f1-5c0839ec82d5,2442592,c90e43a6-5dd1-573d-b691-d5210e62f85f,1000,FCM,569,FCK,1,2608.08,2608.08,44,40,609108,O. Diao,count,middle_third,middle_third,central_channel,6.64,-7.59,7.93,-14.13,-6.64,-7.59,-7.93,-14.13,pass,reception,,context event,FCM context event at minute 44.,Executive Match Overview,pitch scatter map,low,false,false,false,false,3615,0,
8cfdb681-32cf-4ebf-81f1-5c0839ec82d5,2442592,ba24886d-76b5-5fcd-beda-ac1bd727d6ba,1000,FCM,569,FCK,1,2608.68,2608.68,44,40,533646,D. Osorio,count,middle_third,middle_third,right_channel,-5.77,20.49,-24.65,9.23,5.77,20.49,24.65,9.23,incomplete_pass,incomplete_pass,,final-third entry,FCM final-third entry at minute 44.,Territory & Control,pitch scatter map,medium,false,true,false,false,3617,0.05,0
8cfdb681-32cf-4ebf-81f1-5c0839ec82d5,2442592,a69ac717-6bbc-54dc-9787-4c792de982c7,1000,FCM,569,FCK,1,2611.68,2611.68,44,40,,,count,middle_third,middle_third,right_channel,-14.42,18.99,-24.65,9.23,14.42,18.99,24.65,9.23,progression,,progression,final-third entry,FCM final-third entry at minute 44.,Territory & Control,pitch scatter map,medium,false,true,false,false,3619,0.05,
8cfdb681-32cf-4ebf-81f1-5c0839ec82d5,2442592,74ec0977-54c5-5aa6-a17d-750b9d3372a8,1000,FCM,569,FCK,1,2615.36,2615.36,44,40,533646,D. Osorio,count,defensive_third,defensive_third,central_channel,25.94,2.45,51.16,12.04,-25.94,2.45,-51.16,12.04,pass,interception,,context event,FCM context event at minute 44.,Executive Match Overview,pitch scatter map,medium,false,false,false,false,3624,0,
8cfdb681-32cf-4ebf-81f1-5c0839ec82d5,2442592,25231cbe-efc3-5339-87fa-2f97da286063,1000,FCM,569,FCK,1,2616.68,2616.68,44,40,,,count,attacking_third,attacking_third,central_channel,-31.91,6.48,-20.7,-8.57,31.91,6.48,20.7,-8.57,loss,,attacking,final-third entry,FCM final-third entry at minute 44.,Defensive Behaviour & Transitions,pitch scatter map,high,false,false,false,false,3632,0,
8cfdb681-32cf-4ebf-81f1-5c0839ec82d5,2442592,071f18a3-8c26-5568-9af6-42a5ae061bc3,569,FCK,1000,FCM,1,2620.72,2620.72,44,40,,,count,defensive_third,defensive_third,central_channel,-44.34,0.63,-43.54,-1.41,-44.34,0.63,-43.54,-1.41,loss,,interrupt,turnover / loss,FCK turnover / loss at minute 44.,Defensive Behaviour & Transitions,pitch scatter map,high,false,false,false,false,3639,0,
8cfdb681-32cf-4ebf-81f1-5c0839ec82d5,2442592,f49fc11f-8ad4-5ae1-b820-05710f0d6666,569,FCK,1000,FCM,1,2622.32,2622.32,44,40,512627,G. Gocholeishvili,count,defensive_third,defensive_third,left_channel,-43.95,-18.11,-19.38,-14.36,-43.95,-18.11,-19.38,-14.36,pass,interception,,context event,FCK context event at minute 44.,Executive Match Overview,pitch scatter map,medium,false,false,false,false,3643,0,
8cfdb681-32cf-4ebf-81f1-5c0839ec82d5,2442592,27220027-b78d-5ec7-aacb-f3ffc4a37c20,1000,FCM,569,FCK,1,2624,2624,44,40,204164,J. Andersson,count,middle_third,middle_third,right_channel,15.03,18.19,22.4,28.57,-15.03,18.19,-22.4,28.57,pass,reception,,context event,FCM context event at minute 44.,Executive Match Overview,pitch scatter map,low,false,false,false,false,3649,0,
8cfdb681-32cf-4ebf-81f1-5c0839ec82d5,2442592,059c3600-e84d-52cd-9c97-052ea2336f9a,1000,FCM,569,FCK,1,2625.6,2625.6,44,40,533646,D. Osorio,count,attacking_third,attacking_third,central_channel,-20.94,-8.51,-4.26,-9.71,20.94,-8.51,4.26,-9.71,forward,forward,,context event,FCM context event at minute 44.,Territory & Control,pitch scatter map,low,false,false,false,false,3653,0,0
8cfdb681-32cf-4ebf-81f1-5c0839ec82d5,2442592,1a13fbf6-04f0-5315-a228-f551c52653ec,1000,FCM,569,FCK,1,2625.68,2625.68,44,40,,,count,attacking_third,attacking_third,central_channel,-20.46,-8.64,-2.79,-10.01,20.46,-8.64,2.79,-10.01,maintenance,,maintenance,context event,FCM context event at minute 44.,Territory & Control,pitch scatter map,low,false,false,false,false,3654,0,
8cfdb681-32cf-4ebf-81f1-5c0839ec82d5,2442592,5f7b4347-02c3-5d39-ab70-29f981499923,1000,FCM,569,FCK,1,2629.68,2629.68,44,40,,,count,middle_third,middle_third,central_channel,-2.85,-10,-46.94,22.32,2.85,-10,46.94,22.32,progression,,progression,final-third entry,FCM final-third entry at minute 44.,Territory & Control,pitch scatter map,medium,false,true,false,false,3656,0.05,
8cfdb681-32cf-4ebf-81f1-5c0839ec82d5,2442592,2fe58a7e-d09e-540a-ad07-9f23813b8761,1000,FCM,569,FCK,1,2630.28,2630.28,44,40,533646,D. Osorio,count,middle_third,middle_third,right_channel,6.49,30.33,20.79,20.99,-6.49,30.33,-20.79,20.99,pass,reception,,context event,FCM context event at minute 44.,Executive Match Overview,pitch scatter map,low,false,false,false,false,3658,0,
8cfdb681-32cf-4ebf-81f1-5c0839ec82d5,2442592,9fc26d0b-d4c8-5316-b1a5-0c4eb3792124,1000,FCM,569,FCK,1,2631.12,2631.12,44,40,551144,Franculino Dju,count,attacking_third,attacking_third,central_channel,-19.25,-3.36,-19.28,-3.38,19.25,-3.36,19.28,-3.38,backward,backward,,final-third entry,FCM final-third entry at minute 44.,Territory & Control,pitch scatter map,medium,false,false,false,false,3660,0,0
8cfdb681-32cf-4ebf-81f1-5c0839ec82d5,2442592,e7ae50d8-645c-531a-8a34-33f5e14f94c0,1000,FCM,569,FCK,1,2631.16,2631.16,44,40,551144,Franculino Dju,count,defensive_third,defensive_third,right_channel,20.82,21.01,14.27,21.25,-20.82,21.01,-14.27,21.25,pass,reception,,context event,FCM context event at minute 44.,Executive Match Overview,pitch scatter map,low,false,false,false,false,3661,0.02,
8cfdb681-32cf-4ebf-81f1-5c0839ec82d5,2442592,a07989b9-3bc7-54dc-a7ab-98adc99e24a8,1000,FCM,569,FCK,1,2633.68,2633.68,44,40,494784,Oliver Sorensen,count,defensive_third,defensive_third,right_channel,19.01,17.53,27.77,12.55,-19.01,17.53,-27.77,12.55,pass,reception,,context event,FCM context event at minute 44.,Executive Match Overview,pitch scatter map,low,false,false,false,false,3667,0,
8cfdb681-32cf-4ebf-81f1-5c0839ec82d5,2442592,3938c4f4-a3a8-5ee5-9549-cc1672819d25,1000,FCM,569,FCK,1,2634.44,2634.44,44,40,477672,A. Simsir,count,attacking_third,attacking_third,central_channel,-26.57,2.37,-26.51,2.69,26.57,2.37,26.51,2.69,forward,forward,,final-third entry,FCM final-third entry at minute 44.,Territory & Control,pitch scatter map,medium,false,false,false,false,3670,0,0
8cfdb681-32cf-4ebf-81f1-5c0839ec82d5,2442592,73b48c7a-18bd-5717-8c36-53895858b4d8,1000,FCM,569,FCK,1,2634.56,2634.56,44,40,477672,A. Simsir,count,defensive_third,defensive_third,central_channel,27.71,12.08,32.49,13.55,-27.71,12.08,-32.49,13.55,pass,reception,,context event,FCM context event at minute 44.,Executive Match Overview,pitch scatter map,low,false,false,false,false,3672,0,
8cfdb681-32cf-4ebf-81f1-5c0839ec82d5,2442592,11f6bcbb-b72d-5100-be98-916815191383,1000,FCM,569,FCK,1,2635.36,2635.36,44,40,551144,Franculino Dju,count,attacking_third,attacking_third,central_channel,-31.52,1.69,-31.67,1.84,31.52,1.69,31.67,1.84,square,square,,final-third entry,FCM final-third entry at minute 44.,Territory & Control,pitch scatter map,medium,false,false,false,false,3674,0,0
8cfdb681-32cf-4ebf-81f1-5c0839ec82d5,2442592,eb530887-9c29-535e-bafc-3b758a122a66,1000,FCM,569,FCK,1,2635.44,2635.44,44,40,551144,Franculino Dju,count,defensive_third,defensive_third,central_channel,32.63,13.33,32.29,5.49,-32.63,13.33,-32.29,5.49,pass,reception,,context event,FCM context event at minute 44.,Executive Match Overview,pitch scatter map,low,false,false,false,false,3676,0,
8cfdb681-32cf-4ebf-81f1-5c0839ec82d5,2442592,1993b7a6-21e6-55d6-a5ee-460d9f918f63,1000,FCM,569,FCK,1,2636.24,2636.24,44,40,477672,A. Simsir,count,attacking_third,attacking_third,central_channel,-31.31,7.17,-33.12,11.82,31.31,7.17,33.12,11.82,diagonal,diagonal,,final-third entry,FCM final-third entry at minute 44.,Territory & Control,pitch scatter map,medium,false,false,false,false,3682,0,0
8cfdb681-32cf-4ebf-81f1-5c0839ec82d5,2442592,dbf8854b-75ea-5730-b250-a27de50e565f,1000,FCM,569,FCK,1,2637.56,2637.56,44,40,477672,A. Simsir,count,defensive_third,defensive_third,central_channel,34.01,-1.37,46.74,-16.91,-34.01,-1.37,-46.74,-16.91,pass,reception,,context event,FCM context event at minute 44.,Executive Match Overview,pitch scatter map,low,false,false,false,false,3685,0,
8cfdb681-32cf-4ebf-81f1-5c0839ec82d5,2442592,746a6631-d17e-59ae-8d1e-665f9bf48f96,1000,FCM,569,FCK,1,2639.8,2639.8,44,40,120721,K. Mbabu,count,attacking_third,attacking_third,right_channel,-46.47,22.38,-47.17,22.3,46.47,22.38,47.17,22.3,incomplete_pass,incomplete_pass,,final-third entry,FCM final-third entry at minute 44.,Territory & Control,pitch scatter map,medium,false,false,false,false,3690,0,0
8cfdb681-32cf-4ebf-81f1-5c0839ec82d5,2442592,daabef29-3c5e-5bbe-9ad3-097c674746de,1000,FCM,569,FCK,1,2639.92,2639.92,44,40,120721,K. Mbabu,count,defensive_third,defensive_third,left_channel,47.41,-16.8,46.88,5.11,-47.41,-16.8,-46.88,5.11,pass,interception,,context event,FCM context event at minute 44.,Executive Match Overview,pitch scatter map,medium,false,false,false,false,3692,0,
8cfdb681-32cf-4ebf-81f1-5c0839ec82d5,2442592,7887e784-e7cc-51f0-8a61-7cc24e24c340,1000,FCM,569,FCK,1,2639.92,2639.92,44,40,,,count,attacking_third,attacking_third,right_channel,-47.17,22.3,-47.17,22.3,47.17,22.3,47.17,22.3,crossing,,crossing,final-third entry,FCM final-third entry at minute 44.,Territory & Control,pitch scatter map,medium,false,false,false,false,3693,0,
8cfdb681-32cf-4ebf-81f1-5c0839ec82d5,2442592,68f38e6e-e0ae-53e3-9b50-5548da0918fb,569,FCK,1000,FCM,1,2672.48,2672.48,45,40,,,count,defensive_third,defensive_third,central_channel,-52.85,-11.79,-32.32,7.36,-52.85,-11.79,-32.32,7.36,start_loc,,organisation,context event,FCK context event at minute 45.,Executive Match Overview,pitch scatter map,low,false,false,false,true,3700,0,0.0573
8cfdb681-32cf-4ebf-81f1-5c0839ec82d5,2442592,74815eaa-2de6-57c5-9375-ee2acb111220,1000,FCM,569,FCK,1,2672.48,2672.48,45,40,,,count,attacking_third,attacking_third,central_channel,-52.85,-11.79,-32.32,7.36,52.85,-11.79,32.32,7.36,loss,,crossing,box involvement,FCM box involvement at minute 45.,Chance Creation & Final Third,pitch scatter map,high,true,false,false,false,3701,0,
8cfdb681-32cf-4ebf-81f1-5c0839ec82d5,2442592,190a2fd8-2a6d-568f-876d-2f953b74a057,1000,FCM,569,FCK,1,2672.48,2672.48,45,40,477672,A. Simsir,count,defensive_third,defensive_third,right_channel,52.83,33.4,48.13,3.66,-52.83,33.4,-48.13,3.66,pass,interception,,context event,FCM context event at minute 45.,Executive Match Overview,pitch scatter map,medium,false,false,false,false,3702,0,
8cfdb681-32cf-4ebf-81f1-5c0839ec82d5,2442592,b1d52064-48f7-5309-8db6-8acbc0f4cc4e,1000,FCM,569,FCK,1,2672.48,2672.48,45,40,477672,A. Simsir,count,attacking_third,attacking_third,central_channel,-52.85,-11.79,-52.85,-11.79,52.85,-11.79,52.85,-11.79,incomplete_pass,incomplete_pass,,box involvement,FCM box involvement at minute 45.,Chance Creation & Final Third,pitch scatter map,high,true,false,false,false,3703,0,0
8cfdb681-32cf-4ebf-81f1-5c0839ec82d5,2442592,ec6cc689-4736-5fd8-88fc-91a121f3ffcb,1000,FCM,569,FCK,1,2672.48,2672.48,45,40,,,count,defensive_third,defensive_third,right_channel,52.83,33.4,33.25,5.21,-52.83,33.4,-33.25,5.21,shot,shot,corner_kick,shot attempt,FCM shot attempt at minute 45.,Chance Creation & Final Third,pitch scatter map,high,false,false,false,false,3704,0.0573,0.0573
8cfdb681-32cf-4ebf-81f1-5c0839ec82d5,2442592,270ef722-2c3a-5c36-be3d-42183feb439f,1000,FCM,569,FCK,1,2676.12,2676.12,45,40,533646,D. Osorio,count,attacking_third,attacking_third,right_channel,-32.95,16.48,-33.04,16.46,32.95,16.48,33.04,16.46,shot,shot,,shot attempt,FCM shot attempt at minute 45.,Chance Creation & Final Third,pitch scatter map,high,false,false,false,false,3713,0,0.0317
8cfdb681-32cf-4ebf-81f1-5c0839ec82d5,2442592,61a7d65a-fac6-5ecd-9609-eb54ec1f3ce7,1000,FCM,569,FCK,1,2676.16,2676.16,45,40,533646,D. Osorio,count,defensive_third,defensive_third,central_channel,33.94,-8.2,44.72,-7.88,-33.94,-8.2,-44.72,-7.88,shot,off_target,,shot attempt,FCM shot attempt at minute 45.,Chance Creation & Final Third,pitch scatter map,high,false,false,false,false,3714,0.0317,0.0317
8cfdb681-32cf-4ebf-81f1-5c0839ec82d5,2442592,10ffb228-8142-5e7b-9d6b-5f48b129ad64,1000,FCM,569,FCK,1,2677.36,2677.36,45,40,,,count,defensive_third,defensive_third,central_channel,42.54,2.61,34.43,7.38,-42.54,2.61,-34.43,7.38,shot,shot,,shot attempt,FCM shot attempt at minute 45.,Chance Creation & Final Third,pitch scatter map,high,false,false,false,false,3717,0,
8cfdb681-32cf-4ebf-81f1-5c0839ec82d5,2442592,617edf1a-d1fc-5482-8227-8a9b24fa88ed,1000,FCM,569,FCK,1,2678.4,2678.4,45,40,474838,E. Martinez,count,attacking_third,attacking_third,central_channel,-31.6,7.82,-32.32,7.36,31.6,7.82,32.32,7.36,shot,shot,,shot attempt,FCM shot attempt at minute 45.,Chance Creation & Final Third,pitch scatter map,high,false,false,false,false,3718,0,0.0264
8cfdb681-32cf-4ebf-81f1-5c0839ec82d5,2442592,c6a1fb24-5706-53c5-bac4-50e105c3de6e,1000,FCM,569,FCK,1,2679.16,2679.16,45,40,474838,E. Martinez,count,defensive_third,defensive_third,central_channel,33.25,5.21,52.68,5.79,-33.25,5.21,-52.68,5.79,shot,off_target,,shot attempt,FCM shot attempt at minute 45.,Chance Creation & Final Third,pitch scatter map,high,false,false,false,false,3719,0.0264,0.0264
8cfdb681-32cf-4ebf-81f1-5c0839ec82d5,2442592,02257a27-9d84-5096-8f45-a97429ba266b,1000,FCM,569,FCK,1,2713.04,2713.04,46,45,,,count,attacking_third,attacking_third,right_channel,-46.8,13.84,8.61,28.02,46.8,13.84,-8.61,28.02,start_loc,,organisation,box involvement,FCM box involvement at minute 46.,Chance Creation & Final Third,pitch scatter map,high,true,false,false,false,3723,0,0
8cfdb681-32cf-4ebf-81f1-5c0839ec82d5,2442592,d8cad0a4-6a9d-554e-931c-59fff838ab17,569,FCK,1000,FCM,1,2713.04,2713.04,46,45,232398,N. Trott,count,defensive_third,defensive_third,central_channel,-47.06,4.34,13.35,27.66,-47.06,4.34,13.35,27.66,pass,reception,,progressive action,FCK progressive action at minute 46.,Territory & Control,pitch scatter map,medium,false,false,true,false,3724,0.02,
8cfdb681-32cf-4ebf-81f1-5c0839ec82d5,2442592,aee99496-ef40-51ea-b9cc-ce412d208e56,569,FCK,1000,FCM,1,2713.04,2713.04,46,45,,,count,defensive_third,defensive_third,right_channel,-46.8,13.84,8.61,28.02,-46.8,13.84,8.61,28.02,loss,,progression,turnover / loss,FCK turnover / loss at minute 46.,Defensive Behaviour & Transitions,pitch scatter map,high,false,false,false,false,3728,0.02,
8cfdb681-32cf-4ebf-81f1-5c0839ec82d5,2442592,dc5c57c2-93a3-555c-a35a-53ba0bb5cf19,569,FCK,1000,FCM,1,2719.8,2719.8,46,45,68640,T. Delaney,count,middle_third,middle_third,right_channel,5.78,25.21,25.14,32.37,5.78,25.21,25.14,32.37,pass,out,,final-third entry,FCK final-third entry at minute 46.,Territory & Control,pitch scatter map,medium,false,true,false,false,3735,0.05,
8cfdb681-32cf-4ebf-81f1-5c0839ec82d5,2442592,11a43fc7-e461-5c3f-9c8d-bb9bfffd1841,1000,FCM,569,FCK,1,2736.56,2736.56,46,45,,,count,middle_third,middle_third,left_channel,-8.84,-34.24,3.69,-16.71,8.84,-34.24,-3.69,-16.71,recovery,turnover,throw_in,ball recovery,FCM ball recovery at minute 46.,Defensive Behaviour & Transitions,pitch scatter map,high,false,false,false,false,3738,0,0
8cfdb681-32cf-4ebf-81f1-5c0839ec82d5,2442592,5d0b03a2-412e-5a54-a067-c0561484d7fe,1000,FCM,569,FCK,1,2736.56,2736.56,46,45,,,count,middle_third,middle_third,right_channel,11.82,34.15,-1.32,22.24,-11.82,34.15,1.32,22.24,loss,,progression,turnover / loss,FCM turnover / loss at minute 46.,Defensive Behaviour & Transitions,pitch scatter map,high,false,false,false,false,3740,0,
8cfdb681-32cf-4ebf-81f1-5c0839ec82d5,2442592,03f214fd-f841-5b6d-afeb-c0102730984e,1000,FCM,569,FCK,1,2736.56,2736.56,46,45,120721,K. Mbabu,count,middle_third,middle_third,left_channel,-8.84,-34.24,13.58,-28.04,8.84,-34.24,-13.58,-28.04,pass,reception,,context event,FCM context event at minute 46.,Executive Match Overview,pitch scatter map,low,false,false,false,false,3741,0,
8cfdb681-32cf-4ebf-81f1-5c0839ec82d5,2442592,ab586768-55b6-5c56-b350-07f6ed36ef5d,1000,FCM,569,FCK,1,2738.4,2738.4,46,45,240529,J. Kuchta,count,middle_third,middle_third,left_channel,13.48,-28.28,11.81,-23.58,-13.48,-28.28,-11.81,-23.58,pass,reception,,context event,FCM context event at minute 46.,Executive Match Overview,pitch scatter map,low,false,false,false,false,3746,0,
8cfdb681-32cf-4ebf-81f1-5c0839ec82d5,2442592,a9eb41ef-f3ab-5284-bee5-fa715cdea550,1000,FCM,569,FCK,1,2739.36,2739.36,46,45,551144,Franculino Dju,count,middle_third,middle_third,right_channel,-9.84,26.91,-10.96,26.63,9.84,26.91,10.96,26.63,loss,ball_lost,,turnover / loss,FCM turnover / loss at minute 46.,Defensive Behaviour & Transitions,pitch scatter map,high,false,false,false,false,3748,0,0
8cfdb681-32cf-4ebf-81f1-5c0839ec82d5,2442592,0e1ab62e-b817-5b8e-8f17-0dd4a896a6c7,1000,FCM,569,FCK,1,2743.76,2743.76,46,45,,,count,middle_third,middle_third,left_channel,9.19,-21.21,-2.08,-18.07,-9.19,-21.21,2.08,-18.07,completed_pass,completed_pass,,progressive action,FCM progressive action at minute 46.,Territory & Control,pitch scatter map,medium,false,false,true,false,3753,0,
8cfdb681-32cf-4ebf-81f1-5c0839ec82d5,2442592,e12a6d51-e440-5795-8a68-0732c1e222ca,1000,FCM,569,FCK,1,2743.8,2743.8,46,45,228044,M. Bech,count,middle_third,middle_third,left_channel,-10.47,-14.81,-0.29,-18.35,10.47,-14.81,0.29,-18.35,pass,reception,,context event,FCM context event at minute 46.,Executive Match Overview,pitch scatter map,low,false,false,false,false,3754,0,
8cfdb681-32cf-4ebf-81f1-5c0839ec82d5,2442592,3c3f4104-517e-5ed7-9414-73a013859ba7,1000,FCM,569,FCK,1,2745.8,2745.8,46,45,533646,D. Osorio,count,middle_third,middle_third,left_channel,-0.49,-18.53,6.9,-19.15,0.49,-18.53,-6.9,-19.15,pass,reception,,context event,FCM context event at minute 46.,Executive Match Overview,pitch scatter map,low,false,false,false,false,3759,0,
8cfdb681-32cf-4ebf-81f1-5c0839ec82d5,2442592,56340476-99ce-517c-ac05-21f68d17a95f,1000,FCM,569,FCK,1,2748.08,2748.08,46,45,551144,Franculino Dju,count,middle_third,middle_third,left_channel,3.69,-16.71,-0.7,-8.81,-3.69,-16.71,0.7,-8.81,pass,interception,,context event,FCM context event at minute 46.,Executive Match Overview,pitch scatter map,medium,false,false,false,false,3768,0,
8cfdb681-32cf-4ebf-81f1-5c0839ec82d5,2442592,d8a547e8-7454-57c3-b91d-419183f42b3f,569,FCK,1000,FCM,1,2748.36,2748.36,46,45,546545,E. Achouri,count,middle_third,middle_third,right_channel,0.72,24.03,22.39,24.61,0.72,24.03,22.39,24.61,run_start_loc,,,final-third entry,FCK final-third entry at minute 46.,Territory & Control,pitch scatter map,medium,false,true,false,false,3769,0.05,
8cfdb681-32cf-4ebf-81f1-5c0839ec82d5,2442592,455f10a8-e62a-543e-a045-1fc22b18ed3e,569,FCK,1000,FCM,1,2748.88,2748.88,46,45,,,count,middle_third,middle_third,central_channel,-1.8,9.33,35.82,21.8,-1.8,9.33,35.82,21.8,recovery,foul,interception,final-third entry,FCK final-third entry at minute 46.,Defensive Behaviour & Transitions,pitch scatter map,medium,false,true,false,false,3771,0.05,0
8cfdb681-32cf-4ebf-81f1-5c0839ec82d5,2442592,f3cf01b0-0c48-560c-8309-9e76f108dee4,569,FCK,1000,FCM,1,2748.88,2748.88,46,45,,,count,middle_third,middle_third,right_channel,0.66,17.23,38.04,27.25,0.66,17.23,38.04,27.25,loss,,counter_attack,final-third entry,FCK final-third entry at minute 46.,Defensive Behaviour & Transitions,pitch scatter map,high,false,true,false,false,3773,0.05,
8cfdb681-32cf-4ebf-81f1-5c0839ec82d5,2442592,afea9a95-72ad-5038-99e9-7dfee7e45508,569,FCK,1000,FCM,1,2748.92,2748.92,46,45,96787,M. Elyounoussi,count,middle_third,middle_third,central_channel,-1.81,9.41,-5.1,11.85,-1.81,9.41,-5.1,11.85,pass,reception,,context event,FCK context event at minute 46.,Executive Match Overview,pitch scatter map,low,false,false,false,false,3775,0,
8cfdb681-32cf-4ebf-81f1-5c0839ec82d5,2442592,90681dad-d734-50cf-b9cc-be00ffac1259,569,FCK,1000,FCM,1,2751.56,2751.56,46,45,457214,G. Onugkha,count,middle_third,middle_third,central_channel,10.65,5.2,37.82,-3.86,10.65,5.2,37.82,-3.86,run_start_loc,,,final-third entry,FCK final-third entry at minute 46.,Territory & Control,pitch scatter map,medium,false,true,false,false,3781,0.05,
8cfdb681-32cf-4ebf-81f1-5c0839ec82d5,2442592,4a501d39-e56c-55d8-adb9-75f450ef6b7c,569,FCK,1000,FCM,1,2751.92,2751.92,46,45,166965,L. Lerager,count,middle_third,middle_third,right_channel,-1.52,16.53,22.89,24.69,-1.52,16.53,22.89,24.69,pass,reception,,final-third entry,FCK final-third entry at minute 46.,Territory & Control,pitch scatter map,medium,false,true,true,false,3782,0.05,
8cfdb681-32cf-4ebf-81f1-5c0839ec82d5,2442592,ab19182f-8cd4-5a86-be6f-087a23b6767c,569,FCK,1000,FCM,1,2751.96,2751.96,46,45,96787,M. Elyounoussi,count,middle_third,middle_third,right_channel,3.79,15.37,39.4,14.87,3.79,15.37,39.4,14.87,run_start_loc,,,final-third entry,FCK final-third entry at minute 46.,Territory & Control,pitch scatter map,medium,false,true,false,false,3783,0.05,
8cfdb681-32cf-4ebf-81f1-5c0839ec82d5,2442592,637beae9-824f-5872-9727-faadf745671c,569,FCK,1000,FCM,1,2752.16,2752.16,46,45,,,count,middle_third,middle_third,right_channel,14.93,15.83,31.54,22.66,14.93,15.83,31.54,22.66,defender_dribbled,defender_dribbled,,final-third entry,FCK final-third entry at minute 46.,Territory & Control,pitch scatter map,medium,false,true,false,false,3785,0.05,
8cfdb681-32cf-4ebf-81f1-5c0839ec82d5,2442592,f42d5178-689f-5b5a-8c70-e2c0ac384d83,569,FCK,1000,FCM,1,2753.64,2753.64,46,45,546545,E. Achouri,count,attacking_third,attacking_third,right_channel,26.55,27.66,38.16,27.21,26.55,27.66,38.16,27.21,incomplete_pass,incomplete_pass,,final-third entry,FCK final-third entry at minute 46.,Territory & Control,pitch scatter map,medium,false,false,false,false,3794,0,0
8cfdb681-32cf-4ebf-81f1-5c0839ec82d5,2442592,527b00b9-0089-5ddb-b8bc-ff78d99fe4f2,569,FCK,1000,FCM,1,2754.36,2754.36,46,45,433957,M. Mattsson,count,middle_third,middle_third,central_channel,14.98,9.98,32.47,6.12,14.98,9.98,32.47,6.12,run_start_loc,,,final-third entry,FCK final-third entry at minute 46.,Territory & Control,pitch scatter map,medium,false,true,false,false,3797,0.05,
8cfdb681-32cf-4ebf-81f1-5c0839ec82d5,2442592,35b71f17-4a65-5b56-a71d-1ebd19ee6be3,569,FCK,1000,FCM,1,2755.84,2755.84,46,45,546545,E. Achouri,count,attacking_third,attacking_third,right_channel,33.96,24.02,39.88,15.02,33.96,24.02,39.88,15.02,pass,other,,box involvement,FCK box involvement at minute 46.,Chance Creation & Final Third,pitch scatter map,high,true,false,false,false,3802,0.1,
8cfdb681-32cf-4ebf-81f1-5c0839ec82d5,2442592,35b71f17-4a65-5b56-a71d-1ebd19ee6be3,569,FCK,1000,FCM,1,2755.84,2755.84,46,45,546545,E. Achouri,count,attacking_third,attacking_third,right_channel,33.96,24.02,39.88,15.02,33.96,24.02,39.88,15.02,pass,other,,box involvement,FCK box involvement at minute 46.,Chance Creation & Final Third,pitch scatter map,high,true,false,false,false,3803,0.1,
8cfdb681-32cf-4ebf-81f1-5c0839ec82d5,2442592,84047c44-0197-558b-8bc6-98627953c151,1000,FCM,569,FCK,2,0,2762.2,47,45,120721,K. Mbabu,count,middle_third,middle_third,left_channel,0.78,-23.05,21.4,-27.93,0.78,-23.05,21.4,-27.93,run_start_loc,,,final-third entry,FCM final-third entry at minute 47.,Territory & Control,pitch scatter map,medium,false,true,false,false,3818,0.05,
8cfdb681-32cf-4ebf-81f1-5c0839ec82d5,2442592,889ab18a-00de-5a10-ac6e-95662eac52dd,1000,FCM,569,FCK,2,0,2762.2,47,45,551144,Franculino Dju,count,middle_third,middle_third,central_channel,-0.01,-10.63,32.34,-13.05,-0.01,-10.63,32.34,-13.05,run_start_loc,,,final-third entry,FCM final-third entry at minute 47.,Territory & Control,pitch scatter map,medium,false,true,false,false,3819,0.05,
8cfdb681-32cf-4ebf-81f1-5c0839ec82d5,2442592,67cc4a13-2339-5246-b305-337f291abf74,1000,FCM,569,FCK,2,0.04,2762.24,47,45,494784,Oliver Sorensen,count,middle_third,middle_third,central_channel,0.39,0.12,-15.68,-3.63,0.39,0.12,-15.68,-3.63,pass,reception,,context event,FCM context event at minute 47.,Executive Match Overview,pitch scatter map,low,false,false,false,false,3823,0,
8cfdb681-32cf-4ebf-81f1-5c0839ec82d5,2442592,ceceb668-6fef-5988-87d1-3c8453d63673,1000,FCM,569,FCK,2,0.04,2762.24,47,45,,,count,middle_third,middle_third,central_channel,0.39,0.12,23.54,-29.13,0.39,0.12,23.54,-29.13,recovery,turnover,kick_off,final-third entry,FCM final-third entry at minute 47.,Defensive Behaviour & Transitions,pitch scatter map,high,false,true,false,false,3824,0.05,0
8cfdb681-32cf-4ebf-81f1-5c0839ec82d5,2442592,baa6eb94-ccf1-5842-bcbe-62ca45b01cc4,1000,FCM,569,FCK,2,2,2764.2,47,45,477672,A. Simsir,count,middle_third,middle_third,central_channel,4.92,-9.04,18.75,-17.15,4.92,-9.04,18.75,-17.15,run_start_loc,,,final-third entry,FCM final-third entry at minute 47.,Territory & Control,pitch scatter map,medium,false,true,false,false,3830,0.05,
8cfdb681-32cf-4ebf-81f1-5c0839ec82d5,2442592,86baedcf-4145-595b-ac5a-64c7966f15a1,1000,FCM,569,FCK,2,3.04,2765.24,47,45,,,count,middle_third,middle_third,central_channel,-12.26,6.39,27.23,-8.89,-12.26,6.39,27.23,-8.89,loss,,progression,final-third entry,FCM final-third entry at minute 47.,Defensive Behaviour & Transitions,pitch scatter map,high,false,true,false,false,3831,0.05,
8cfdb681-32cf-4ebf-81f1-5c0839ec82d5,2442592,ee85a498-a980-5f66-9bd6-34c622a4affc,1000,FCM,569,FCK,2,3.44,2765.64,47,45,609108,O. Diao,count,middle_third,middle_third,central_channel,-13.2,-7.53,23.56,-29.07,-13.2,-7.53,23.56,-29.07,pass,reception,,final-third entry,FCM final-third entry at minute 47.,Territory & Control,pitch scatter map,medium,false,true,true,false,3832,0.05,
8cfdb681-32cf-4ebf-81f1-5c0839ec82d5,2442592,9de56697-fd41-5273-ab73-e1cd209e9103,1000,FCM,569,FCK,2,5.88,2768.08,47,45,120721,K. Mbabu,count,attacking_third,attacking_third,central_channel,27.25,-8.85,27.23,-8.89,27.25,-8.85,27.23,-8.89,incomplete_pass,incomplete_pass,,final-third entry,FCM final-third entry at minute 47.,Territory & Control,pitch scatter map,medium,false,false,false,false,3836,0,0
8cfdb681-32cf-4ebf-81f1-5c0839ec82d5,2442592,4a8bd389-2b88-5a51-8f39-5e981f9ac273,1000,FCM,569,FCK,2,5.92,2768.12,47,45,120721,K. Mbabu,count,attacking_third,attacking_third,left_channel,23.54,-29.13,27.15,-24.69,23.54,-29.13,27.15,-24.69,pass,interception,,final-third entry,FCM final-third entry at minute 47.,Territory & Control,pitch scatter map,medium,false,false,false,false,3839,0,
8cfdb681-32cf-4ebf-81f1-5c0839ec82d5,2442592,3d3798b8-a532-55cc-b1e3-43f8e279f50f,1000,FCM,569,FCK,2,7,2769.2,47,45,,,count,attacking_third,attacking_third,central_channel,33.49,-5.37,0.85,-8.54,33.49,-5.37,0.85,-8.54,start_loc,,transition,context event,FCM context event at minute 47.,Territory & Control,pitch scatter map,low,false,false,false,false,3840,0,0
8cfdb681-32cf-4ebf-81f1-5c0839ec82d5,2442592,7ebfb98f-473e-5136-9155-95970a57bbab,569,FCK,1000,FCM,2,7,2769.2,47,45,,,count,attacking_third,attacking_third,right_channel,-29.51,23.95,1.62,28.62,29.51,23.95,-1.62,28.62,recovery,turnover,interception,ball recovery,FCK ball recovery at minute 47.,Defensive Behaviour & Transitions,pitch scatter map,high,false,false,false,false,3842,0,0
8cfdb681-32cf-4ebf-81f1-5c0839ec82d5,2442592,833890c1-655e-522a-8351-74318710aaa8,569,FCK,1000,FCM,2,7,2769.2,47,45,,,count,defensive_third,defensive_third,central_channel,33.49,-5.37,0.85,-8.54,-33.49,-5.37,-0.85,-8.54,loss,,counter_attack,turnover / loss,FCK turnover / loss at minute 47.,Defensive Behaviour & Transitions,pitch scatter map,high,false,false,false,false,3843,0.02,
8cfdb681-32cf-4ebf-81f1-5c0839ec82d5,2442592,01a86b09-5081-55ce-8f90-0d7064bf5a37,569,FCK,1000,FCM,2,7.04,2769.24,47,45,68640,T. Delaney,count,attacking_third,attacking_third,right_channel,-29.6,24.05,-0.05,22.46,29.6,24.05,0.05,22.46,pass,reception,,context event,FCK context event at minute 47.,Territory & Control,pitch scatter map,low,false,false,false,false,3845,0,
8cfdb681-32cf-4ebf-81f1-5c0839ec82d5,2442592,62a6be2e-7815-56a4-84df-e96a7bee68a7,1000,FCM,569,FCK,2,12,2774.2,47,45,,,count,middle_third,middle_third,left_channel,15.84,-25.86,10.14,-29.98,15.84,-25.86,10.14,-29.98,loss,lost_ball,,turnover / loss,FCM turnover / loss at minute 47.,Defensive Behaviour & Transitions,pitch scatter map,high,false,false,false,false,3858,0,
8cfdb681-32cf-4ebf-81f1-5c0839ec82d5,2442592,7a4c3f2b-e2c3-571f-80cc-4470818a02e1,569,FCK,1000,FCM,2,12,2774.2,47,45,457214,G. Onugkha,count,middle_third,middle_third,right_channel,1.62,28.62,-10.36,27.76,-1.62,28.62,10.36,27.76,pass,interception,,context event,FCK context event at minute 47.,Executive Match Overview,pitch scatter map,medium,false,false,false,false,3860,0,
8cfdb681-32cf-4ebf-81f1-5c0839ec82d5,2442592,40906103-7346-5150-ba72-14889511f78f,1000,FCM,569,FCK,2,13.56,2775.76,47,45,,,count,middle_third,middle_third,left_channel,8.44,-29.57,9.28,-30.16,8.44,-29.57,9.28,-30.16,recovery,out,interception,ball recovery,FCM ball recovery at minute 47.,Defensive Behaviour & Transitions,pitch scatter map,medium,false,false,false,false,3862,0,0
8cfdb681-32cf-4ebf-81f1-5c0839ec82d5,2442592,4783a33c-093c-5fe0-b7cb-81e049d1919e,1000,FCM,569,FCK,2,13.56,2775.76,47,45,120721,K. Mbabu,count,middle_third,middle_third,central_channel,11.4,-9.19,12.28,-9.59,11.4,-9.19,12.28,-9.59,loss,ball_lost,,turnover / loss,FCM turnover / loss at minute 47.,Defensive Behaviour & Transitions,pitch scatter map,high,false,false,false,false,3863,0,0
8cfdb681-32cf-4ebf-81f1-5c0839ec82d5,2442592,613c0869-25de-5ad5-acdb-2294571bb003,1000,FCM,569,FCK,2,26.48,2788.68,47,45,120721,K. Mbabu,count,middle_third,middle_third,left_channel,13.88,-34.27,33.55,-30.89,13.88,-34.27,33.55,-30.89,pass,interception,,final-third entry,FCM final-third entry at minute 47.,Territory & Control,pitch scatter map,medium,false,true,false,false,3875,0.05,
8cfdb681-32cf-4ebf-81f1-5c0839ec82d5,2442592,c5ac7cb7-7fa8-505b-ac1d-e047109f29af,1000,FCM,569,FCK,2,26.48,2788.68,47,45,,,count,middle_third,middle_third,left_channel,13.88,-34.27,37.78,-16.31,13.88,-34.27,37.78,-16.31,recovery,turnover,throw_in,final-third entry,FCM final-third entry at minute 47.,Defensive Behaviour & Transitions,pitch scatter map,high,false,true,false,false,3877,0.05,0
8cfdb681-32cf-4ebf-81f1-5c0839ec82d5,2442592,e31764c4-2ed2-52d5-b037-af4c2663fb07,1000,FCM,569,FCK,2,26.48,2788.68,47,45,,,count,middle_third,middle_third,central_channel,17.1,-12.38,41.2,-3.49,17.1,-12.38,41.2,-3.49,loss,,progression,box involvement,FCM box involvement at minute 47.,Chance Creation & Final Third,pitch scatter map,high,true,true,false,false,3878,0.15,
8cfdb681-32cf-4ebf-81f1-5c0839ec82d5,2442592,99d30eb9-e16f-5866-8dac-0d7eca027c35,569,FCK,1000,FCM,2,28.44,2790.64,47,45,,,count,defensive_third,defensive_third,central_channel,35.86,-10,36.09,-9.64,-35.86,-10,-36.09,-9.64,loss,,interrupt,turnover / loss,FCK turnover / loss at minute 47.,Defensive Behaviour & Transitions,pitch scatter map,high,false,false,false,false,3882,0,
8cfdb681-32cf-4ebf-81f1-5c0839ec82d5,2442592,07a06d3d-d759-53a6-a50e-b7c16184b2c2,569,FCK,1000,FCM,2,28.8,2791,47,45,193228,K. Diks,count,attacking_third,attacking_third,right_channel,-31.99,30.24,-32.69,26.88,31.99,30.24,32.69,26.88,pass,interception,,final-third entry,FCK final-third entry at minute 47.,Territory & Control,pitch scatter map,medium,false,false,false,false,3884,0,
8cfdb681-32cf-4ebf-81f1-5c0839ec82d5,2442592,c1fb2679-a37e-5601-af47-1f7ce694e9c1,1000,FCM,569,FCK,2,30.28,2792.48,47,45,,,count,attacking_third,attacking_third,left_channel,37.59,-28.1,38.93,-14.78,37.59,-28.1,38.93,-14.78,defender_dribbled,defender_dribbled,,final-third entry,FCM final-third entry at minute 47.,Territory & Control,pitch scatter map,medium,false,false,false,false,3886,0,
8cfdb681-32cf-4ebf-81f1-5c0839ec82d5,2442592,d9a85880-5f8d-5158-a56c-5e19d7acd127,1000,FCM,569,FCK,2,30.68,2792.88,47,45,494784,Oliver Sorensen,count,attacking_third,attacking_third,central_channel,38.55,-5.64,42.17,-0.18,38.55,-5.64,42.17,-0.18,incomplete_pass,incomplete_pass,,box involvement,FCM box involvement at minute 47.,Chance Creation & Final Third,pitch scatter map,high,true,false,false,false,3888,0.1,0
8cfdb681-32cf-4ebf-81f1-5c0839ec82d5,2442592,6ef5629c-7635-59f8-8075-6c69fa6ee1dc,1000,FCM,569,FCK,2,31.28,2793.48,47,45,533646,D. Osorio,count,attacking_third,attacking_third,central_channel,27.22,-3.07,36.88,3.72,27.22,-3.07,36.88,3.72,run_start_loc,,,final-third entry,FCM final-third entry at minute 47.,Territory & Control,pitch scatter map,medium,false,false,false,false,3892,0,
8cfdb681-32cf-4ebf-81f1-5c0839ec82d5,2442592,9c87c264-7960-502a-8b64-a225430f465e,1000,FCM,569,FCK,2,31.48,2793.68,47,45,,,count,attacking_third,attacking_third,central_channel,41.27,-3.36,42.17,-0.18,41.27,-3.36,42.17,-0.18,loss,,attacking,box involvement,FCM box involvement at minute 47.,Chance Creation & Final Third,pitch scatter map,high,true,false,false,false,3893,0,
8cfdb681-32cf-4ebf-81f1-5c0839ec82d5,2442592,11a80675-fb58-508a-9b32-70225fb2e486,569,FCK,1000,FCM,2,31.88,2794.08,47,45,,,count,attacking_third,attacking_third,right_channel,-37.49,18.84,-37.98,13.55,37.49,18.84,37.98,13.55,start_loc,,,final-third entry,FCK final-third entry at minute 47.,Territory & Control,pitch scatter map,medium,false,false,false,false,3896,0,
8cfdb681-32cf-4ebf-81f1-5c0839ec82d5,2442592,87882008-efa1-5ae1-8665-61623ed61de5,1000,FCM,569,FCK,2,32.4,2794.6,47,45,494784,Oliver Sorensen,count,attacking_third,attacking_third,left_channel,37.78,-16.31,40.2,-17.27,37.78,-16.31,40.2,-17.27,pass,interception,,box involvement,FCM box involvement at minute 47.,Chance Creation & Final Third,pitch scatter map,high,true,false,false,false,3898,0.1,
8cfdb681-32cf-4ebf-81f1-5c0839ec82d5,2442592,6ed8722c-08cd-58c8-a8b0-164302bc3b6c,569,FCK,1000,FCM,2,33.36,2795.56,47,45,,,count,attacking_third,attacking_third,right_channel,-33.92,15.43,-35.68,30.5,33.92,15.43,35.68,30.5,incomplete_pass,incomplete_pass,,final-third entry,FCK final-third entry at minute 47.,Territory & Control,pitch scatter map,medium,false,false,false,false,3899,0,
8cfdb681-32cf-4ebf-81f1-5c0839ec82d5,2442592,0ae0583f-1f80-5bd8-9d32-61401842b8d0,569,FCK,1000,FCM,2,33.56,2795.76,47,45,,,count,defensive_third,defensive_third,central_channel,42.76,-1.49,40.41,-8.19,-42.76,-1.49,-40.41,-8.19,loss,,counter_attack,turnover / loss,FCK turnover / loss at minute 47.,Defensive Behaviour & Transitions,pitch scatter map,high,false,false,false,false,3900,0,
8cfdb681-32cf-4ebf-81f1-5c0839ec82d5,2442592,0bae6687-b1aa-50ba-9332-3eaecc00cc18,569,FCK,1000,FCM,2,33.56,2795.76,47,45,,,count,attacking_third,attacking_third,right_channel,-38.35,18.23,-36.11,28.1,38.35,18.23,36.11,28.1,recovery,out,interception,final-third entry,FCK final-third entry at minute 47.,Defensive Behaviour & Transitions,pitch scatter map,medium,false,false,false,false,3901,0,0
8cfdb681-32cf-4ebf-81f1-5c0839ec82d5,2442592,c1de06d8-141b-5afc-9f7a-7d2bf19515a8,1000,FCM,569,FCK,2,33.56,2795.76,47,45,,,count,attacking_third,attacking_third,central_channel,42.76,-1.49,40.41,-8.19,42.76,-1.49,40.41,-8.19,start_loc,,transition,box involvement,FCM box involvement at minute 47.,Chance Creation & Final Third,pitch scatter map,high,true,false,false,false,3904,0,0
8cfdb681-32cf-4ebf-81f1-5c0839ec82d5,2442592,ea749dac-e1c2-5854-b927-54750be89568,569,FCK,1000,FCM,2,34,2796.2,47,45,193228,K. Diks,count,attacking_third,attacking_third,right_channel,-37.39,18.13,-31.07,27.93,37.39,18.13,31.07,27.93,pass,reception,,final-third entry,FCK final-third entry at minute 47.,Territory & Control,pitch scatter map,medium,false,false,false,false,3906,0,
8cfdb681-32cf-4ebf-81f1-5c0839ec82d5,2442592,a70d141d-11c7-53c4-b426-0f8a1179fb67,569,FCK,1000,FCM,2,34.96,2797.16,47,45,546545,E. Achouri,count,attacking_third,attacking_third,right_channel,-31.06,28.06,-36.12,25.88,31.06,28.06,36.12,25.88,pass,reception,,final-third entry,FCK final-third entry at minute 47.,Territory & Control,pitch scatter map,medium,false,false,false,false,3909,0,
8cfdb681-32cf-4ebf-81f1-5c0839ec82d5,2442592,2cdf6dd7-e4c7-56cd-8d11-96c87680695d,569,FCK,1000,FCM,2,36.6,2798.8,47,45,68640,T. Delaney,count,attacking_third,attacking_third,right_channel,-36.11,28.1,-6.51,29.09,36.11,28.1,6.51,29.09,pass,interception,,context event,FCK context event at minute 47.,Territory & Control,pitch scatter map,medium,false,false,false,false,3913,0,
8cfdb681-32cf-4ebf-81f1-5c0839ec82d5,2442592,5eb6ffda-0e2c-53a7-9dc9-9a80264fa333,1000,FCM,569,FCK,2,38.6,2800.8,47,45,609108,O. Diao,count,middle_third,middle_third,left_channel,5.27,-30.28,9.5,-27.05,5.27,-30.28,9.5,-27.05,pass,out,,context event,FCM context event at minute 47.,Executive Match Overview,pitch scatter map,low,false,false,false,false,3918,0,
8cfdb681-32cf-4ebf-81f1-5c0839ec82d5,2442592,4e3e2f6f-9d09-5382-b8dd-5fa0f8364a68,1000,FCM,569,FCK,2,45.04,2807.24,47,45,240529,J. Kuchta,count,attacking_third,attacking_third,central_channel,27.42,-12.65,39.5,-32.73,27.42,-12.65,39.5,-32.73,run_start_loc,,,final-third entry,FCM final-third entry at minute 47.,Territory & Control,pitch scatter map,medium,false,false,false,false,3922,0,
8cfdb681-32cf-4ebf-81f1-5c0839ec82d5,2442592,b6c414a6-09a0-5353-8f41-b88c4d915005,1000,FCM,569,FCK,2,46.24,2808.44,47,45,,,count,middle_third,middle_third,central_channel,15.21,-12.43,15.21,-12.43,15.21,-12.43,15.21,-12.43,loss,,progression,turnover / loss,FCM turnover / loss at minute 47.,Defensive Behaviour & Transitions,pitch scatter map,high,false,false,false,false,3925,0,
8cfdb681-32cf-4ebf-81f1-5c0839ec82d5,2442592,4fbf004d-375c-5ac8-a495-ca15ddfa6c6f,1000,FCM,569,FCK,2,46.24,2808.44,47,45,120721,K. Mbabu,count,middle_third,middle_third,left_channel,12.07,-34.34,38.67,-25.03,12.07,-34.34,38.67,-25.03,pass,interception,,final-third entry,FCM final-third entry at minute 47.,Territory & Control,pitch scatter map,medium,false,true,false,false,3928,0.05,
8cfdb681-32cf-4ebf-81f1-5c0839ec82d5,2442592,ef38a8a7-1f07-56a5-ad3b-0ec372f7d618,569,FCK,1000,FCM,2,48.2,2810.4,47,45,,,count,defensive_third,defensive_third,central_channel,41.25,-8.25,42.47,-8.92,-41.25,-8.25,-42.47,-8.92,loss,,interrupt,turnover / loss,FCK turnover / loss at minute 47.,Defensive Behaviour & Transitions,pitch scatter map,high,false,false,false,false,3934,0,
8cfdb681-32cf-4ebf-81f1-5c0839ec82d5,2442592,428b7ab5-f34f-5537-9895-afdaa8ff6fd3,1000,FCM,569,FCK,2,72.72,2834.92,48,45,,,count,attacking_third,attacking_third,central_channel,44.42,-12.22,50.54,6.11,44.42,-12.22,50.54,6.11,crossing,,crossing,box involvement,FCM box involvement at minute 48.,Chance Creation & Final Third,pitch scatter map,high,true,false,false,false,3938,0,
8cfdb681-32cf-4ebf-81f1-5c0839ec82d5,2442592,b24939d9-1a6f-5bc4-90e4-ef71584eb1ba,1000,FCM,569,FCK,2,72.72,2834.92,48,45,228044,M. Bech,count,attacking_third,attacking_third,left_channel,39.93,-34.03,46.27,-7.01,39.93,-34.03,46.27,-7.01,pass,reception,,box involvement,FCM box involvement at minute 48.,Chance Creation & Final Third,pitch scatter map,high,true,false,false,false,3939,0.1,
8cfdb681-32cf-4ebf-81f1-5c0839ec82d5,2442592,99064304-2762-5239-a6af-f002de808821,569,FCK,1000,FCM,2,72.72,2834.92,48,45,,,count,defensive_third,defensive_third,central_channel,44.42,-12.22,49.61,-9.1,-44.42,-12.22,-49.61,-9.1,start_loc,,organisation,context event,FCK context event at minute 48.,Executive Match Overview,pitch scatter map,low,false,false,false,true,3940,0,0
8cfdb681-32cf-4ebf-81f1-5c0839ec82d5,2442592,cf56b393-ffb9-579a-8629-3bc539dafe56,1000,FCM,569,FCK,2,72.72,2834.92,48,45,228044,M. Bech,count,attacking_third,attacking_third,central_channel,44.42,-12.22,44.42,-12.22,44.42,-12.22,44.42,-12.22,square,square,,box involvement,FCM box involvement at minute 48.,Chance Creation & Final Third,pitch scatter map,high,true,false,false,false,3941,0,0
8cfdb681-32cf-4ebf-81f1-5c0839ec82d5,2442592,f7c4b1f9-73e8-58d9-a556-130ac7057b70,1000,FCM,569,FCK,2,72.72,2834.92,48,45,,,count,attacking_third,attacking_third,left_channel,39.93,-34.03,44.88,-29.44,39.93,-34.03,44.88,-29.44,out,out,throw_in,final-third entry,FCM final-third entry at minute 48.,Territory & Control,pitch scatter map,medium,false,false,false,false,3942,0,0
8cfdb681-32cf-4ebf-81f1-5c0839ec82d5,2442592,32c76d01-1a9f-5e83-8f4f-065664dc0050,1000,FCM,569,FCK,2,74.24,2836.44,48,45,609108,O. Diao,count,attacking_third,attacking_third,central_channel,51.07,6.13,50.54,6.11,51.07,6.13,50.54,6.11,incomplete_pass,incomplete_pass,,box involvement,FCM box involvement at minute 48.,Chance Creation & Final Third,pitch scatter map,high,true,false,false,false,3945,0,0
8cfdb681-32cf-4ebf-81f1-5c0839ec82d5,2442592,372766d9-b7e7-5ffc-afc7-ef8b0831cd7a,1000,FCM,569,FCK,2,74.48,2836.68,48,45,609108,O. Diao,count,attacking_third,attacking_third,central_channel,45.77,-7.05,45.68,-7.29,45.77,-7.05,45.68,-7.29,pass,interception,,box involvement,FCM box involvement at minute 48.,Chance Creation & Final Third,pitch scatter map,high,true,false,false,false,3948,0,
8cfdb681-32cf-4ebf-81f1-5c0839ec82d5,2442592,85f73e47-3b87-59da-bd88-bba4d73eef28,1000,FCM,569,FCK,2,80.52,2842.72,48,45,,,count,middle_third,middle_third,central_channel,5.34,-3.32,49.61,-9.1,5.34,-3.32,49.61,-9.1,progression,,progression,box involvement,FCM box involvement at minute 48.,Chance Creation & Final Third,pitch scatter map,high,true,true,false,false,3955,0.15,
8cfdb681-32cf-4ebf-81f1-5c0839ec82d5,2442592,3f6c52bc-09b4-5c84-b4ed-ff0e248e48d9,1000,FCM,569,FCK,2,80.64,2842.84,48,45,204164,J. Andersson,count,middle_third,middle_third,left_channel,2.57,-21.19,24.81,-26.35,2.57,-21.19,24.81,-26.35,pass,reception,,final-third entry,FCM final-third entry at minute 48.,Territory & Control,pitch scatter map,medium,false,true,true,false,3957,0.05,
8cfdb681-32cf-4ebf-81f1-5c0839ec82d5,2442592,d1a6f71b-2ff6-5dbc-b062-38a36a1f7d3e,1000,FCM,569,FCK,2,82.28,2844.48,48,45,228044,M. Bech,count,attacking_third,attacking_third,central_channel,28.56,-7,28.43,-6.92,28.56,-7,28.43,-6.92,forward,forward,,final-third entry,FCM final-third entry at minute 48.,Territory & Control,pitch scatter map,medium,false,false,false,false,3958,0,0
8cfdb681-32cf-4ebf-81f1-5c0839ec82d5,2442592,dbd81dc3-65bf-5808-943e-e6222759df75,1000,FCM,569,FCK,2,82.36,2844.56,48,45,228044,M. Bech,count,attacking_third,attacking_third,left_channel,24.68,-26.23,26.82,-32.09,24.68,-26.23,26.82,-32.09,pass,reception,,final-third entry,FCM final-third entry at minute 48.,Territory & Control,pitch scatter map,medium,false,false,false,false,3960,0,
8cfdb681-32cf-4ebf-81f1-5c0839ec82d5,2442592,a74e20b1-0a2c-53b6-9b49-18addf5f7243,1000,FCM,569,FCK,2,83.24,2845.44,48,45,,,count,attacking_third,attacking_third,left_channel,31.05,-26.57,42.63,-26.5,31.05,-26.57,42.63,-26.5,defender_dribbled,defender_dribbled,,final-third entry,FCM final-third entry at minute 48.,Territory & Control,pitch scatter map,medium,false,false,false,false,3961,0,
8cfdb681-32cf-4ebf-81f1-5c0839ec82d5,2442592,bdfd7edc-3ccc-51f2-a08c-a72d49162158,1000,FCM,569,FCK,2,83.32,2845.52,48,45,477672,A. Simsir,count,attacking_third,attacking_third,central_channel,30.67,-10.9,49.61,-9.1,30.67,-10.9,49.61,-9.1,loss,ball_lost,,box involvement,FCM box involvement at minute 48.,Chance Creation & Final Third,pitch scatter map,high,true,false,false,false,3962,0.1,0
8cfdb681-32cf-4ebf-81f1-5c0839ec82d5,2442592,21c65777-73d4-543d-a636-17673a781ecf,1000,FCM,569,FCK,2,112.36,2874.56,48,45,533646,D. Osorio,count,attacking_third,attacking_third,left_channel,52.61,-33.03,51.2,-8.26,52.61,-33.03,51.2,-8.26,pass,interception,,box involvement,FCM box involvement at minute 48.,Chance Creation & Final Third,pitch scatter map,high,true,false,false,false,3973,0.1,
8cfdb681-32cf-4ebf-81f1-5c0839ec82d5,2442592,51b41d29-5cc6-539f-b350-67c138a561c7,1000,FCM,569,FCK,2,112.36,2874.56,48,45,,,count,attacking_third,attacking_third,central_channel,57.72,-11.54,57.72,-11.54,57.72,-11.54,57.72,-11.54,crossing,,crossing,box involvement,FCM box involvement at minute 48.,Chance Creation & Final Third,pitch scatter map,high,true,false,false,false,3974,0,
8cfdb681-32cf-4ebf-81f1-5c0839ec82d5,2442592,9b950e81-3b6a-5901-9b0e-8801f38ad76e,569,FCK,1000,FCM,2,112.36,2874.56,48,45,,,count,defensive_third,defensive_third,central_channel,57.72,-11.54,53,-2.97,-57.72,-11.54,-53,-2.97,start_loc,,organisation,context event,FCK context event at minute 48.,Executive Match Overview,pitch scatter map,low,false,false,false,true,3975,0,0
8cfdb681-32cf-4ebf-81f1-5c0839ec82d5,2442592,b3de9355-7c8a-5500-85d5-24e3120e0781,1000,FCM,569,FCK,2,112.36,2874.56,48,45,,,count,attacking_third,attacking_third,left_channel,52.61,-33.03,48.11,-20.41,52.61,-33.03,48.11,-20.41,recovery,turnover,corner_kick,final-third entry,FCM final-third entry at minute 48.,Defensive Behaviour & Transitions,pitch scatter map,high,false,false,false,false,3976,0,0
8cfdb681-32cf-4ebf-81f1-5c0839ec82d5,2442592,c5b1a9f4-f195-5758-a0c0-4b7f63c3b940,1000,FCM,569,FCK,2,112.36,2874.56,48,45,533646,D. Osorio,count,attacking_third,attacking_third,central_channel,57.72,-11.54,57.72,-11.54,57.72,-11.54,57.72,-11.54,incomplete_pass,incomplete_pass,,box involvement,FCM box involvement at minute 48.,Chance Creation & Final Third,pitch scatter map,high,true,false,false,false,3977,0,0
8cfdb681-32cf-4ebf-81f1-5c0839ec82d5,2442592,81eb75db-e3f4-530e-891a-c15ba209c1eb,1000,FCM,569,FCK,2,113.16,2875.36,48,45,533646,D. Osorio,count,attacking_third,attacking_third,left_channel,51.27,-31.11,33.62,-25.79,51.27,-31.11,33.62,-25.79,run_start_loc,,,final-third entry,FCM final-third entry at minute 48.,Territory & Control,pitch scatter map,medium,false,false,false,false,3979,0,
8cfdb681-32cf-4ebf-81f1-5c0839ec82d5,2442592,6534e899-2009-53fe-995c-7f3d8c3f5b41,1000,FCM,569,FCK,2,118.4,2880.6,49,45,,,count,attacking_third,attacking_third,central_channel,22.76,1.32,53,-2.97,22.76,1.32,53,-2.97,loss,,attacking,box involvement,FCM box involvement at minute 49.,Chance Creation & Final Third,pitch scatter map,high,true,false,false,false,3987,0.1,
8cfdb681-32cf-4ebf-81f1-5c0839ec82d5,2442592,f8bc7097-1635-5ed0-8924-6f5e3022ba31,1000,FCM,569,FCK,2,118.4,2880.6,49,45,204164,J. Andersson,count,attacking_third,attacking_third,central_channel,22.76,1.32,22.86,1.16,22.76,1.32,22.86,1.16,forward,forward,,final-third entry,FCM final-third entry at minute 49.,Territory & Control,pitch scatter map,medium,false,false,false,false,3988,0,0
8cfdb681-32cf-4ebf-81f1-5c0839ec82d5,2442592,9f023a22-392e-54c3-b7df-6ebb33edc7cb,1000,FCM,569,FCK,2,118.48,2880.68,49,45,204164,J. Andersson,count,attacking_third,attacking_third,left_channel,19.37,-14.33,29.68,-27.33,19.37,-14.33,29.68,-27.33,pass,reception,,final-third entry,FCM final-third entry at minute 49.,Territory & Control,pitch scatter map,medium,false,false,true,false,3989,0,
8cfdb681-32cf-4ebf-81f1-5c0839ec82d5,2442592,54b0b275-a61a-58a4-aca8-dc8229745201,1000,FCM,569,FCK,2,118.88,2881.08,49,45,,,count,attacking_third,attacking_third,left_channel,24.52,-17.92,42.5,-24.46,24.52,-17.92,42.5,-24.46,defender_dribbled,defender_dribbled,,final-third entry,FCM final-third entry at minute 49.,Territory & Control,pitch scatter map,medium,false,false,false,false,3990,0,
8cfdb681-32cf-4ebf-81f1-5c0839ec82d5,2442592,652c9d5c-b5cb-5d75-9ace-1a96fa1dc32b,1000,FCM,569,FCK,2,119.96,2882.16,49,45,,,count,attacking_third,attacking_third,central_channel,34.84,-11.43,47.44,-22.38,34.84,-11.43,47.44,-22.38,defender_dribbled,defender_dribbled,,final-third entry,FCM final-third entry at minute 49.,Territory & Control,pitch scatter map,medium,false,false,false,false,3991,0,
8cfdb681-32cf-4ebf-81f1-5c0839ec82d5,2442592,6769f0f7-ee96-5493-a497-290cdb9cecf3,1000,FCM,569,FCK,2,120.68,2882.88,49,45,533646,D. Osorio,count,attacking_third,attacking_third,central_channel,33.67,-7.67,53,-2.97,33.67,-7.67,53,-2.97,loss,ball_lost,,box involvement,FCM box involvement at minute 49.,Chance Creation & Final Third,pitch scatter map,high,true,false,false,false,3992,0.1,0
8cfdb681-32cf-4ebf-81f1-5c0839ec82d5,2442592,35b53d6a-f707-5a44-9e65-1cb7618ccca5,1000,FCM,569,FCK,2,123.08,2885.28,49,45,,,count,attacking_third,attacking_third,left_channel,42.23,-18.89,50.22,-19.96,42.23,-18.89,50.22,-19.96,loss,lost_ball,,box involvement,FCM box involvement at minute 49.,Chance Creation & Final Third,pitch scatter map,high,true,false,false,false,3995,0,
8cfdb681-32cf-4ebf-81f1-5c0839ec82d5,2442592,24d5e53e-ae79-5e95-bdc2-77cc5f1d86f7,569,FCK,1000,FCM,2,124.44,2886.64,49,45,,,count,defensive_third,defensive_third,central_channel,51.62,-4.14,22.9,-11.4,-51.62,-4.14,-22.9,-11.4,loss,,counter_attack,turnover / loss,FCK turnover / loss at minute 49.,Defensive Behaviour & Transitions,pitch scatter map,high,false,false,false,false,3999,0,
8cfdb681-32cf-4ebf-81f1-5c0839ec82d5,2442592,3020ca31-e24d-5c0f-858c-808c965cb15a,569,FCK,1000,FCM,2,124.44,2886.64,49,45,,,count,attacking_third,attacking_third,right_channel,-46.8,22.13,-19.41,32.82,46.8,22.13,19.41,32.82,recovery,turnover,tackle,final-third entry,FCK final-third entry at minute 49.,Defensive Behaviour & Transitions,pitch scatter map,high,false,false,false,false,4000,0,0
8cfdb681-32cf-4ebf-81f1-5c0839ec82d5,2442592,3dfcf9b6-8c97-5c4b-944c-fd0b89840ef3,1000,FCM,569,FCK,2,124.44,2886.64,49,45,,,count,attacking_third,attacking_third,central_channel,51.62,-4.14,22.9,-11.4,51.62,-4.14,22.9,-11.4,start_loc,,transition,box involvement,FCM box involvement at minute 49.,Chance Creation & Final Third,pitch scatter map,high,true,false,false,true,4001,0,0
8cfdb681-32cf-4ebf-81f1-5c0839ec82d5,2442592,4918cd75-9741-5cc0-ad50-647f17c08490,569,FCK,1000,FCM,2,124.6,2886.8,49,45,,,count,attacking_third,attacking_third,right_channel,-50.53,19.81,-50.4,19.58,50.53,19.81,50.4,19.58,start_loc,,,box involvement,FCK box involvement at minute 49.,Chance Creation & Final Third,pitch scatter map,high,true,false,false,false,4003,0,
8cfdb681-32cf-4ebf-81f1-5c0839ec82d5,2442592,09383cb8-e6f5-50c4-b61f-a02876228af2,569,FCK,1000,FCM,2,124.88,2887.08,49,45,,,count,attacking_third,attacking_third,right_channel,-50.92,19.68,-44.27,22.57,50.92,19.68,44.27,22.57,defender_dribbled,defender_dribbled,,box involvement,FCK box involvement at minute 49.,Chance Creation & Final Third,pitch scatter map,high,true,false,false,false,4004,0,
8cfdb681-32cf-4ebf-81f1-5c0839ec82d5,2442592,1e8fbbb2-966f-5a77-a5a3-3dc3d4cc8d36,569,FCK,1000,FCM,2,125.12,2887.32,49,45,433957,M. Mattsson,count,attacking_third,attacking_third,right_channel,-38.42,14.4,-24.5,24.77,38.42,14.4,24.5,24.77,run_start_loc,,,final-third entry,FCK final-third entry at minute 49.,Territory & Control,pitch scatter map,medium,false,false,false,false,4005,0,
8cfdb681-32cf-4ebf-81f1-5c0839ec82d5,2442592,f0a4beb3-68c5-55fb-988a-40e831d94859,569,FCK,1000,FCM,2,126.72,2888.92,49,45,457214,G. Onugkha,count,attacking_third,attacking_third,central_channel,-40.8,-0.23,-9.5,1.48,40.8,-0.23,9.5,1.48,run_start_loc,,,box involvement,FCK box involvement at minute 49.,Chance Creation & Final Third,pitch scatter map,high,true,false,false,false,4008,0,
8cfdb681-32cf-4ebf-81f1-5c0839ec82d5,2442592,945b0a52-1e65-507e-97a7-8bd09356954f,569,FCK,1000,FCM,2,127.28,2889.48,49,45,68640,T. Delaney,count,attacking_third,attacking_third,right_channel,-46.92,27.13,-25.16,30.85,46.92,27.13,25.16,30.85,pass,reception,,final-third entry,FCK final-third entry at minute 49.,Territory & Control,pitch scatter map,medium,false,false,false,false,4009,0,
8cfdb681-32cf-4ebf-81f1-5c0839ec82d5,2442592,6c6a0777-6cea-5d3f-9cf0-42ba33e20730,569,FCK,1000,FCM,2,129.4,2891.6,49,45,433957,M. Mattsson,count,attacking_third,attacking_third,right_channel,-24.43,29.2,-24.57,31.03,24.43,29.2,24.57,31.03,pass,reception,,final-third entry,FCK final-third entry at minute 49.,Territory & Control,pitch scatter map,medium,false,false,false,false,4016,0,
8cfdb681-32cf-4ebf-81f1-5c0839ec82d5,2442592,293cfefc-0e17-5c74-86f9-b41eaee8ec21,569,FCK,1000,FCM,2,129.48,2891.68,49,45,546545,E. Achouri,count,defensive_third,defensive_third,central_channel,28.31,-10.18,23.17,-10.97,-28.31,-10.18,-23.17,-10.97,loss,ball_lost,,turnover / loss,FCK turnover / loss at minute 49.,Defensive Behaviour & Transitions,pitch scatter map,high,false,false,false,false,4017,0,0
8cfdb681-32cf-4ebf-81f1-5c0839ec82d5,2442592,09c5a2fe-4d5f-5174-b455-068d692b91a3,1000,FCM,569,FCK,2,131,2893.2,49,45,,,count,attacking_third,attacking_third,left_channel,22.15,-31.94,18.45,-32.37,22.15,-31.94,18.45,-32.37,completed_pass,completed_pass,,context event,FCM context event at minute 49.,Territory & Control,pitch scatter map,low,false,false,false,false,4022,0,
8cfdb681-32cf-4ebf-81f1-5c0839ec82d5,2442592,366378e4-c416-5d7e-8bdc-92a43079e7a9,1000,FCM,569,FCK,2,131.64,2893.84,49,45,494784,Oliver Sorensen,count,attacking_third,attacking_third,central_channel,22.87,-11.44,22.81,-11.53,22.87,-11.44,22.81,-11.53,forward,forward,,final-third entry,FCM final-third entry at minute 49.,Territory & Control,pitch scatter map,medium,false,false,false,false,4027,0,0
8cfdb681-32cf-4ebf-81f1-5c0839ec82d5,2442592,580cc8d1-026b-588a-b962-7fadf886468b,1000,FCM,569,FCK,2,131.64,2893.84,49,45,,,count,attacking_third,attacking_third,central_channel,22.87,-11.44,40.76,-2.42,22.87,-11.44,40.76,-2.42,regain,,regain,box involvement,FCM box involvement at minute 49.,Chance Creation & Final Third,pitch scatter map,high,true,false,false,false,4028,0.1,
8cfdb681-32cf-4ebf-81f1-5c0839ec82d5,2442592,a4edb9f3-5ed3-5353-93e5-1b355bf18f01,569,FCK,1000,FCM,2,131.64,2893.84,49,45,,,count,defensive_third,defensive_third,central_channel,22.87,-11.44,41.06,-2.34,-22.87,-11.44,-41.06,-2.34,start_loc,,transition,context event,FCK context event at minute 49.,Executive Match Overview,pitch scatter map,low,false,false,false,true,4029,0,0
8cfdb681-32cf-4ebf-81f1-5c0839ec82d5,2442592,da10a49d-4801-5ce2-a2ca-ce689a6a4703,1000,FCM,569,FCK,2,131.64,2893.84,49,45,,,count,attacking_third,attacking_third,left_channel,19.38,-32.89,36.73,-19.48,19.38,-32.89,36.73,-19.48,recovery,out,tackle,final-third entry,FCM final-third entry at minute 49.,Defensive Behaviour & Transitions,pitch scatter map,medium,false,false,false,false,4030,0,0
8cfdb681-32cf-4ebf-81f1-5c0839ec82d5,2442592,58f54d57-c382-5ad5-9d92-91193c51bfa5,1000,FCM,569,FCK,2,131.8,2894,49,45,494784,Oliver Sorensen,count,attacking_third,attacking_third,left_channel,19.32,-33.01,21.02,-30.33,19.32,-33.01,21.02,-30.33,pass,reception,,final-third entry,FCM final-third entry at minute 49.,Territory & Control,pitch scatter map,medium,false,false,false,false,4031,0,
8cfdb681-32cf-4ebf-81f1-5c0839ec82d5,2442592,ff22b448-5b5d-541b-9a7b-e744d2f46efd,1000,FCM,569,FCK,2,132.2,2894.4,49,45,,,count,middle_third,middle_third,left_channel,18.65,-32.47,36.71,-16.52,18.65,-32.47,36.71,-16.52,defender_dribbled,defender_dribbled,,final-third entry,FCM final-third entry at minute 49.,Territory & Control,pitch scatter map,medium,false,true,false,false,4035,0.05,
8cfdb681-32cf-4ebf-81f1-5c0839ec82d5,2442592,dce3d15d-d19d-57b0-a481-b9991922b499,1000,FCM,569,FCK,2,132.68,2894.88,49,45,120721,K. Mbabu,count,attacking_third,attacking_third,central_channel,24.59,-9.71,41.06,-2.34,24.59,-9.71,41.06,-2.34,incomplete_pass,incomplete_pass,,box involvement,FCM box involvement at minute 49.,Chance Creation & Final Third,pitch scatter map,high,true,false,false,false,4036,0.1,0
8cfdb681-32cf-4ebf-81f1-5c0839ec82d5,2442592,1f75e430-5f0c-5d15-9930-970b60bcd035,1000,FCM,569,FCK,2,135.92,2898.12,49,45,240529,J. Kuchta,count,attacking_third,attacking_third,central_channel,36.45,-3.6,47.77,0.18,36.45,-3.6,47.77,0.18,run_start_loc,,,box involvement,FCM box involvement at minute 49.,Chance Creation & Final Third,pitch scatter map,high,true,false,false,false,4041,0.1,
8cfdb681-32cf-4ebf-81f1-5c0839ec82d5,2442592,9850d7bd-6859-506a-a971-9b8758a38652,1000,FCM,569,FCK,2,136.04,2898.24,49,45,,,count,attacking_third,attacking_third,left_channel,36.29,-14.59,38.76,-14.87,36.29,-14.59,38.76,-14.87,start_loc,,,final-third entry,FCM final-third entry at minute 49.,Territory & Control,pitch scatter map,medium,false,false,false,false,4042,0,
8cfdb681-32cf-4ebf-81f1-5c0839ec82d5,2442592,a59c761b-77c7-5b58-b8ba-8fbf1300cba2,1000,FCM,569,FCK,2,137.08,2899.28,49,45,120721,K. Mbabu,count,attacking_third,attacking_third,left_channel,36.73,-19.48,43.85,-0.58,36.73,-19.48,43.85,-0.58,pass,interception,,box involvement,FCM box involvement at minute 49.,Chance Creation & Final Third,pitch scatter map,high,true,false,false,false,4043,0.1,
8cfdb681-32cf-4ebf-81f1-5c0839ec82d5,2442592,d2111b60-6abc-5ec6-b08c-fdbb85e7f924,1000,FCM,569,FCK,2,137.08,2899.28,49,45,,,count,attacking_third,attacking_third,central_channel,41.06,-2.34,41.06,-2.34,41.06,-2.34,41.06,-2.34,loss,,crossing,box involvement,FCM box involvement at minute 49.,Chance Creation & Final Third,pitch scatter map,high,true,false,false,false,4044,0,
8cfdb681-32cf-4ebf-81f1-5c0839ec82d5,2442592,1b1f08d0-0b6f-5334-9f71-627d51697bf3,1000,FCM,569,FCK,2,178.04,2940.24,50,45,,,count,attacking_third,attacking_third,central_channel,36.99,-12.23,-10.76,-11.41,36.99,-12.23,-10.76,-11.41,start_loc,,organisation,context event,FCM context event at minute 50.,Territory & Control,pitch scatter map,low,false,false,false,false,4054,0,0
8cfdb681-32cf-4ebf-81f1-5c0839ec82d5,2442592,7511b104-46b1-5b9e-bb41-b32ada083639,569,FCK,1000,FCM,2,178.04,2940.24,50,45,,,count,attacking_third,attacking_third,right_channel,-32.84,34.05,12.69,32.84,32.84,34.05,-12.69,32.84,out,out,throw_in,context event,FCK context event at minute 50.,Territory & Control,pitch scatter map,low,false,false,false,false,4056,0,0
8cfdb681-32cf-4ebf-81f1-5c0839ec82d5,2442592,fbd58b4e-b137-5424-ae69-813648af054b,569,FCK,1000,FCM,2,178.04,2940.24,50,45,193228,K. Diks,count,attacking_third,attacking_third,right_channel,-32.84,34.05,-10.24,28.5,32.84,34.05,10.24,28.5,pass,reception,,context event,FCK context event at minute 50.,Territory & Control,pitch scatter map,low,false,false,false,false,4058,0,
8cfdb681-32cf-4ebf-81f1-5c0839ec82d5,2442592,1d439c7e-2e87-5ef1-ab4c-ca297dcc1f0b,569,FCK,1000,FCM,2,180.2,2942.4,50,45,546545,E. Achouri,count,middle_third,middle_third,right_channel,-10.58,28.39,-12.01,22.31,10.58,28.39,12.01,22.31,pass,reception,,context event,FCK context event at minute 50.,Executive Match Overview,pitch scatter map,low,false,false,false,false,4065,0,
8cfdb681-32cf-4ebf-81f1-5c0839ec82d5,2442592,8b3376e6-1bd7-51b3-85ac-1ed08472b655,569,FCK,1000,FCM,2,180.92,2943.12,50,45,433957,M. Mattsson,count,middle_third,middle_third,right_channel,-11.91,22.32,1.92,31.24,11.91,22.32,-1.92,31.24,pass,reception,,context event,FCK context event at minute 50.,Executive Match Overview,pitch scatter map,low,false,false,false,false,4069,0,
8cfdb681-32cf-4ebf-81f1-5c0839ec82d5,2442592,08baef0b-7661-53a0-96ca-fb6ee1ea1e62,569,FCK,1000,FCM,2,182.64,2944.84,50,45,457214,G. Onugkha,count,middle_third,middle_third,central_channel,0.53,-10.32,-10.76,-11.41,-0.53,-10.32,10.76,-11.41,loss,ball_lost,,turnover / loss,FCK turnover / loss at minute 50.,Defensive Behaviour & Transitions,pitch scatter map,high,false,false,false,false,4077,0,0
8cfdb681-32cf-4ebf-81f1-5c0839ec82d5,2442592,e35042b4-e6fd-50f3-9e31-9bdc378d0e02,569,FCK,1000,FCM,2,203.12,2965.32,50,45,193228,K. Diks,count,defensive_third,defensive_third,right_channel,20.05,34.02,35.93,19.45,-20.05,34.02,-35.93,19.45,pass,interception,,context event,FCK context event at minute 50.,Executive Match Overview,pitch scatter map,medium,false,false,false,false,4091,0,
8cfdb681-32cf-4ebf-81f1-5c0839ec82d5,2442592,4ed02eef-a354-5c4c-b779-8d32cec6f584,569,FCK,1000,FCM,2,203.12,2965.32,50,45,,,count,middle_third,middle_third,central_channel,-18.48,-12.21,-18.48,-12.21,18.48,-12.21,18.48,-12.21,loss,,progression,turnover / loss,FCK turnover / loss at minute 50.,Defensive Behaviour & Transitions,pitch scatter map,high,false,false,false,false,4092,0,
8cfdb681-32cf-4ebf-81f1-5c0839ec82d5,2442592,567bf547-6c04-5e3b-bb5c-f8bb333f9794,569,FCK,1000,FCM,2,203.12,2965.32,50,45,,,count,defensive_third,defensive_third,right_channel,20.05,34.02,20.05,34.02,-20.05,34.02,-20.05,34.02,recovery,turnover,throw_in,ball recovery,FCK ball recovery at minute 50.,Defensive Behaviour & Transitions,pitch scatter map,high,false,false,false,false,4093,0,0
8cfdb681-32cf-4ebf-81f1-5c0839ec82d5,2442592,45bc5dad-312c-513f-9231-57461153ccec,569,FCK,1000,FCM,2,205.36,2967.56,50,45,,,count,attacking_third,attacking_third,central_channel,-33.86,-1.86,-37.74,23.19,33.86,-1.86,37.74,23.19,start_loc,,transition,final-third entry,FCK final-third entry at minute 50.,Territory & Control,pitch scatter map,medium,false,false,false,false,4101,0,0
8cfdb681-32cf-4ebf-81f1-5c0839ec82d5,2442592,67ea27aa-de5b-5e10-ab77-07524477e265,1000,FCM,569,FCK,2,205.36,2967.56,50,45,,,count,defensive_third,defensive_third,left_channel,-34.72,-18.78,-38.42,18.1,-34.72,-18.78,-38.42,18.1,recovery,turnover,interception,ball recovery,FCM ball recovery at minute 50.,Defensive Behaviour & Transitions,pitch scatter map,high,false,false,false,false,4102,0,0
8cfdb681-32cf-4ebf-81f1-5c0839ec82d5,2442592,756792c6-b60e-5736-a730-5ba38c9f1fbb,1000,FCM,569,FCK,2,205.96,2968.16,50,45,474838,E. Martinez,count,defensive_third,defensive_third,left_channel,-33.78,-16.79,-41.71,-6.66,-33.78,-16.79,-41.71,-6.66,pass,reception,,context event,FCM context event at minute 50.,Executive Match Overview,pitch scatter map,low,false,false,false,false,4104,0,
8cfdb681-32cf-4ebf-81f1-5c0839ec82d5,2442592,2e0c0a63-7a7d-57d8-be50-dcca84006f93,1000,FCM,569,FCK,2,209.36,2971.56,50,45,,,count,defensive_third,defensive_third,central_channel,-44.14,10.47,-44.06,10.81,-44.14,10.47,-44.06,10.81,loss,,counter_attack,turnover / loss,FCM turnover / loss at minute 50.,Defensive Behaviour & Transitions,pitch scatter map,high,false,false,false,false,4113,0,
8cfdb681-32cf-4ebf-81f1-5c0839ec82d5,2442592,b7dc3b01-5301-53a1-88d2-606a6cfb9160,1000,FCM,569,FCK,2,209.52,2971.72,50,45,228044,M. Bech,count,defensive_third,defensive_third,central_channel,-44.45,-0.12,6.56,-11.8,-44.45,-0.12,6.56,-11.8,pass,interception,,context event,FCM context event at minute 50.,Executive Match Overview,pitch scatter map,medium,false,false,false,false,4114,0.02,
8cfdb681-32cf-4ebf-81f1-5c0839ec82d5,2442592,66a7f0e4-f742-59ff-abb0-312519e33595,569,FCK,1000,FCM,2,214.08,2976.28,50,45,,,count,middle_third,middle_third,central_channel,12.11,2.51,12.26,1.73,-12.11,2.51,-12.26,1.73,loss,,interrupt,turnover / loss,FCK turnover / loss at minute 50.,Defensive Behaviour & Transitions,pitch scatter map,high,false,false,false,false,4121,0,
8cfdb681-32cf-4ebf-81f1-5c0839ec82d5,2442592,cc8f4f48-bc75-5cab-b3b9-601c262eda97,569,FCK,1000,FCM,2,214.36,2976.56,50,45,220246,P. Hatzidiakos,count,middle_third,middle_third,right_channel,-9.26,13.49,16.49,13.78,9.26,13.49,-16.49,13.78,pass,interception,,context event,FCK context event at minute 50.,Executive Match Overview,pitch scatter map,medium,false,false,false,false,4124,0,
8cfdb681-32cf-4ebf-81f1-5c0839ec82d5,2442592,8f4b64af-0110-5338-8098-d431278df50f,1000,FCM,569,FCK,2,218.6,2980.8,50,45,609108,O. Diao,count,defensive_third,defensive_third,central_channel,-32.56,-0.97,-35.61,12.8,-32.56,-0.97,-35.61,12.8,pass,reception,,context event,FCM context event at minute 50.,Executive Match Overview,pitch scatter map,low,false,false,false,false,4129,0,
8cfdb681-32cf-4ebf-81f1-5c0839ec82d5,2442592,67b1e65d-b3fa-5b72-8c4e-96f7e4c3d9f3,1000,FCM,569,FCK,2,221.52,2983.72,50,45,204164,J. Andersson,count,defensive_third,defensive_third,right_channel,-38.42,18.1,-14.71,25.31,-38.42,18.1,-14.71,25.31,pass,interception,,context event,FCM context event at minute 50.,Executive Match Overview,pitch scatter map,medium,false,false,false,false,4134,0.02,
8cfdb681-32cf-4ebf-81f1-5c0839ec82d5,2442592,5f92f8f2-76ea-5f91-b15e-37ba5f5dce85,1000,FCM,569,FCK,2,222.36,2984.56,50,45,,,count,defensive_third,defensive_third,right_channel,-30.97,24.5,-5.8,29.38,-30.97,24.5,-5.8,29.38,loss,,counter_attack,turnover / loss,FCM turnover / loss at minute 50.,Defensive Behaviour & Transitions,pitch scatter map,high,false,false,false,false,4135,0.02,
8cfdb681-32cf-4ebf-81f1-5c0839ec82d5,2442592,9a99649d-99cd-50f8-8807-1d0c9da3342c,569,FCK,1000,FCM,2,225.56,2987.76,50,45,,,count,middle_third,middle_third,left_channel,7.35,-27.4,9.15,-26.86,-7.35,-27.4,-9.15,-26.86,recovery,turnover,interception,ball recovery,FCK ball recovery at minute 50.,Defensive Behaviour & Transitions,pitch scatter map,high,false,false,false,false,4140,0,0
8cfdb681-32cf-4ebf-81f1-5c0839ec82d5,2442592,febf0183-11d6-5bc8-96cf-3e3d58b45406,569,FCK,1000,FCM,2,226.56,2988.76,50,45,512627,G. Gocholeishvili,count,middle_third,middle_third,left_channel,7.13,-27.3,13.41,-22.09,-7.13,-27.3,-13.41,-22.09,pass,reception,,context event,FCK context event at minute 50.,Executive Match Overview,pitch scatter map,low,false,false,false,false,4144,0,
8cfdb681-32cf-4ebf-81f1-5c0839ec82d5,2442592,df9aadc8-1c90-51be-9a0f-83de4d17722e,569,FCK,1000,FCM,2,228.32,2990.52,50,45,433957,M. Mattsson,count,middle_third,middle_third,left_channel,16.74,-23.92,22.43,-29.99,-16.74,-23.92,-22.43,-29.99,pass,reception,,context event,FCK context event at minute 50.,Executive Match Overview,pitch scatter map,low,false,false,false,false,4151,0,
8cfdb681-32cf-4ebf-81f1-5c0839ec82d5,2442592,7f296304-2b96-5c30-b8b9-a8a75fa50929,569,FCK,1000,FCM,2,229.04,2991.24,50,45,96787,M. Elyounoussi,count,attacking_third,attacking_third,right_channel,-20.97,31.26,-19.64,32.76,20.97,31.26,19.64,32.76,backward,backward,,final-third entry,FCK final-third entry at minute 50.,Territory & Control,pitch scatter map,medium,false,false,false,false,4152,0,0
8cfdb681-32cf-4ebf-81f1-5c0839ec82d5,2442592,7f05b401-3054-5cfb-a423-d459ba88cf1c,569,FCK,1000,FCM,2,230.88,2993.08,50,45,96787,M. Elyounoussi,count,defensive_third,defensive_third,left_channel,21.16,-32.2,11.55,-29.09,-21.16,-32.2,-11.55,-29.09,pass,reception,,context event,FCK context event at minute 50.,Executive Match Overview,pitch scatter map,low,false,false,false,false,4156,0.02,
8cfdb681-32cf-4ebf-81f1-5c0839ec82d5,2442592,a295a8cd-7fbd-5b29-84b2-a5626e09b188,569,FCK,1000,FCM,2,233.24,2995.44,50,45,96787,M. Elyounoussi,count,middle_third,middle_third,right_channel,-10.1,30.2,-7.05,29.14,10.1,30.2,7.05,29.14,loss,ball_lost,,turnover / loss,FCK turnover / loss at minute 50.,Defensive Behaviour & Transitions,pitch scatter map,high,false,false,false,false,4161,0,0
8cfdb681-32cf-4ebf-81f1-5c0839ec82d5,2442592,7e67506d-7f39-5f65-adba-f169bbaa6acd,569,FCK,1000,FCM,2,233.56,2995.76,50,45,,,count,middle_third,middle_third,right_channel,-8.84,29.78,-7.05,29.14,8.84,29.78,7.05,29.14,loss,,maintenance,turnover / loss,FCK turnover / loss at minute 50.,Defensive Behaviour & Transitions,pitch scatter map,high,false,false,false,false,4162,0,
8cfdb681-32cf-4ebf-81f1-5c0839ec82d5,2442592,0836adce-44ee-5aa1-94ca-82a8b0e38c63,1000,FCM,569,FCK,2,233.72,2995.92,50,45,,,count,middle_third,middle_third,right_channel,-11.71,15.22,49.03,17.08,-11.71,15.22,49.03,17.08,defender_dribbled,defender_dribbled,,box involvement,FCM box involvement at minute 50.,Chance Creation & Final Third,pitch scatter map,high,true,true,false,false,4163,0.15,
8cfdb681-32cf-4ebf-81f1-5c0839ec82d5,2442592,310e9bb0-c64c-5097-a4dd-13ab6b316e07,1000,FCM,569,FCK,2,234.76,2996.96,50,45,240529,J. Kuchta,count,middle_third,middle_third,right_channel,-8.91,17.1,32.98,3.99,-8.91,17.1,32.98,3.99,run_start_loc,,,final-third entry,FCM final-third entry at minute 50.,Territory & Control,pitch scatter map,medium,false,true,false,false,4168,0.05,
8cfdb681-32cf-4ebf-81f1-5c0839ec82d5,2442592,b72a519a-90ee-51ce-93bd-bbc3a56fa207,1000,FCM,569,FCK,2,234.76,2996.96,50,45,477672,A. Simsir,count,middle_third,middle_third,central_channel,-10.04,-4.23,35.15,-8.02,-10.04,-4.23,35.15,-8.02,run_start_loc,,,final-third entry,FCM final-third entry at minute 50.,Territory & Control,pitch scatter map,medium,false,true,false,false,4169,0.05,
8cfdb681-32cf-4ebf-81f1-5c0839ec82d5,2442592,72e063b4-b8ce-54a4-95c3-32c3bfede444,1000,FCM,569,FCK,2,235.28,2997.48,50,45,,,count,middle_third,middle_third,right_channel,-0.08,20,48.3,18.71,-0.08,20,48.3,18.71,recovery,out,tackle,box involvement,FCM box involvement at minute 50.,Chance Creation & Final Third,pitch scatter map,high,true,true,false,false,4176,0.15,0
8cfdb681-32cf-4ebf-81f1-5c0839ec82d5,2442592,a833603d-ae37-57ad-bf87-fc5a5b4337c9,1000,FCM,569,FCK,2,235.28,2997.48,50,45,,,count,middle_third,middle_third,right_channel,2.46,24.48,53.08,23.58,2.46,24.48,53.08,23.58,loss,,counter_attack,final-third entry,FCM final-third entry at minute 50.,Defensive Behaviour & Transitions,pitch scatter map,high,false,true,false,false,4178,0.05,
8cfdb681-32cf-4ebf-81f1-5c0839ec82d5,2442592,eb952064-f971-5ab0-82c8-0f6738ac51e3,1000,FCM,569,FCK,2,237.32,2999.52,50,45,551144,Franculino Dju,count,middle_third,middle_third,right_channel,10.85,21.42,17.56,12.45,10.85,21.42,17.56,12.45,pass,reception,,context event,FCM context event at minute 50.,Executive Match Overview,pitch scatter map,low,false,false,false,false,4192,0,
8cfdb681-32cf-4ebf-81f1-5c0839ec82d5,2442592,8b1d2446-1b49-5b1b-941b-796b002b139c,1000,FCM,569,FCK,2,237.56,2999.76,50,45,551144,Franculino Dju,count,middle_third,middle_third,right_channel,12.55,21.01,39.03,16.56,12.55,21.01,39.03,16.56,run_start_loc,,,final-third entry,FCM final-third entry at minute 50.,Territory & Control,pitch scatter map,medium,false,true,false,false,4193,0.05,
8cfdb681-32cf-4ebf-81f1-5c0839ec82d5,2442592,151002ad-9b04-5f88-8787-8c9c4a388c6d,1000,FCM,569,FCK,2,238.4,3000.6,51,50,533646,D. Osorio,count,attacking_third,attacking_third,right_channel,20.96,19.35,25.4,18.68,20.96,19.35,25.4,18.68,forward,forward,,final-third entry,FCM final-third entry at minute 51.,Territory & Control,pitch scatter map,medium,false,false,false,false,4197,0,0
8cfdb681-32cf-4ebf-81f1-5c0839ec82d5,2442592,298e526c-3e69-5e42-b320-4971811cbd34,1000,FCM,569,FCK,2,239.04,3001.24,51,50,533646,D. Osorio,count,attacking_third,attacking_third,central_channel,21.79,11.47,40.58,16.9,21.79,11.47,40.58,16.9,pass,reception,,box involvement,FCM box involvement at minute 51.,Chance Creation & Final Third,pitch scatter map,high,true,false,true,false,4201,0.1,
8cfdb681-32cf-4ebf-81f1-5c0839ec82d5,2442592,e782c954-beff-596e-9114-084e0a60599e,1000,FCM,569,FCK,2,239.2,3001.4,51,50,533646,D. Osorio,count,attacking_third,attacking_third,central_channel,22.87,11.2,46.12,7.84,22.87,11.2,46.12,7.84,run_start_loc,,,box involvement,FCM box involvement at minute 51.,Chance Creation & Final Third,pitch scatter map,high,true,false,false,false,4202,0.1,
8cfdb681-32cf-4ebf-81f1-5c0839ec82d5,2442592,7b8b368d-4958-5e0b-bb3c-18ec0d0b325a,1000,FCM,569,FCK,2,240.96,3003.16,51,50,551144,Franculino Dju,count,attacking_third,attacking_third,right_channel,45.1,22.37,53.2,23.6,45.1,22.37,53.2,23.6,incomplete_pass,incomplete_pass,,final-third entry,FCM final-third entry at minute 51.,Territory & Control,pitch scatter map,medium,false,false,false,false,4209,0,0
8cfdb681-32cf-4ebf-81f1-5c0839ec82d5,2442592,be09243c-4df0-5ea9-99fa-9b87feeed11b,569,FCK,1000,FCM,2,242.52,3004.72,51,50,,,count,defensive_third,defensive_third,right_channel,53.2,23.6,53.1,23.1,-53.2,23.6,-53.1,23.1,loss,,interrupt,turnover / loss,FCK turnover / loss at minute 51.,Defensive Behaviour & Transitions,pitch scatter map,high,false,false,false,false,4216,0,
8cfdb681-32cf-4ebf-81f1-5c0839ec82d5,2442592,795fadff-915b-5526-8ad6-ce02b0104acf,1000,FCM,569,FCK,2,242.52,3004.72,51,50,551144,Franculino Dju,count,attacking_third,attacking_third,right_channel,48.3,18.71,40.38,11.42,48.3,18.71,40.38,11.42,pass,out,,box involvement,FCM box involvement at minute 51.,Chance Creation & Final Third,pitch scatter map,high,true,false,false,false,4217,0,
8cfdb681-32cf-4ebf-81f1-5c0839ec82d5,2442592,795fadff-915b-5526-8ad6-ce02b0104acf,1000,FCM,569,FCK,2,242.52,3004.72,51,50,551144,Franculino Dju,count,attacking_third,attacking_third,right_channel,48.3,18.71,40.38,11.42,48.3,18.71,40.38,11.42,pass,out,,box involvement,FCM box involvement at minute 51.,Chance Creation & Final Third,pitch scatter map,high,true,false,false,false,4218,0,
8cfdb681-32cf-4ebf-81f1-5c0839ec82d5,2442592,f84d5ea6-e4b2-5e53-99f7-bb5b50b8a8a8,1000,FCM,569,FCK,2,263,3025.2,51,50,477672,A. Simsir,count,attacking_third,attacking_third,central_channel,51.41,3.61,48.18,16.39,51.41,3.61,48.18,16.39,run_start_loc,,,box involvement,FCM box involvement at minute 51.,Chance Creation & Final Third,pitch scatter map,high,true,false,false,false,4221,0,
8cfdb681-32cf-4ebf-81f1-5c0839ec82d5,2442592,5dfd326d-bfd2-5b5b-800c-c46d22f6a670,1000,FCM,569,FCK,2,265,3027.2,51,50,,,count,attacking_third,attacking_third,right_channel,56.07,33.64,51.13,22.74,56.07,33.64,51.13,22.74,loss,,attacking,final-third entry,FCM final-third entry at minute 51.,Defensive Behaviour & Transitions,pitch scatter map,high,false,false,false,false,4222,0,
8cfdb681-32cf-4ebf-81f1-5c0839ec82d5,2442592,93b456f8-44d5-59e3-8c26-e1d140696489,1000,FCM,569,FCK,2,265,3027.2,51,50,,,count,attacking_third,attacking_third,right_channel,51.04,33.49,46.33,17.44,51.04,33.49,46.33,17.44,out,out,corner_kick,box involvement,FCM box involvement at minute 51.,Chance Creation & Final Third,pitch scatter map,high,true,false,false,false,4223,0.1,0
8cfdb681-32cf-4ebf-81f1-5c0839ec82d5,2442592,b9361231-7c48-55d8-b501-958c05b9db2a,1000,FCM,569,FCK,2,265,3027.2,51,50,,,count,attacking_third,attacking_third,central_channel,49.83,7.44,47.87,16.59,49.83,7.44,47.87,16.59,incomplete_pass,incomplete_pass,,box involvement,FCM box involvement at minute 51.,Chance Creation & Final Third,pitch scatter map,high,true,false,false,false,4224,0,
8cfdb681-32cf-4ebf-81f1-5c0839ec82d5,2442592,d9f66170-f3ff-5d50-9bdd-17ebd1399dea,569,FCK,1000,FCM,2,265,3027.2,51,50,,,count,defensive_third,defensive_third,right_channel,56.07,33.64,51.13,22.74,-56.07,33.64,-51.13,22.74,start_loc,,organisation,context event,FCK context event at minute 51.,Executive Match Overview,pitch scatter map,low,false,false,false,true,4226,0,0
8cfdb681-32cf-4ebf-81f1-5c0839ec82d5,2442592,e8b6d8ec-3a67-5f72-9750-e873cf7939ea,1000,FCM,569,FCK,2,265,3027.2,51,50,494784,Oliver Sorensen,count,attacking_third,attacking_third,right_channel,56.07,33.64,56.07,33.64,56.07,33.64,56.07,33.64,square,square,,final-third entry,FCM final-third entry at minute 51.,Territory & Control,pitch scatter map,medium,false,false,false,false,4227,0,0
8cfdb681-32cf-4ebf-81f1-5c0839ec82d5,2442592,269ac7a3-4a5a-5d12-a37d-f1c3c0fadf4b,1000,FCM,569,FCK,2,265,3027.2,51,50,494784,Oliver Sorensen,count,attacking_third,attacking_third,right_channel,51.04,33.49,47.51,16.86,51.04,33.49,47.51,16.86,pass,reception,,box involvement,FCM box involvement at minute 51.,Chance Creation & Final Third,pitch scatter map,high,true,false,false,false,4228,0.1,
8cfdb681-32cf-4ebf-81f1-5c0839ec82d5,2442592,3bf0f96e-424f-5509-a321-6c39b653f152,1000,FCM,569,FCK,2,266.4,3028.6,51,50,477672,A. Simsir,count,attacking_third,attacking_third,right_channel,52.37,22.34,51.13,22.74,52.37,22.34,51.13,22.74,incomplete_pass,incomplete_pass,,final-third entry,FCM final-third entry at minute 51.,Territory & Control,pitch scatter map,medium,false,false,false,false,4230,0,0
8cfdb681-32cf-4ebf-81f1-5c0839ec82d5,2442592,c4557164-26bf-5a24-b14f-2d8dd79f7b9f,1000,FCM,569,FCK,2,266.84,3029.04,51,50,477672,A. Simsir,count,attacking_third,attacking_third,right_channel,46.33,17.44,48.18,23.85,46.33,17.44,48.18,23.85,pass,interception,,box involvement,FCM box involvement at minute 51.,Chance Creation & Final Third,pitch scatter map,high,true,false,false,false,4232,0,
8cfdb681-32cf-4ebf-81f1-5c0839ec82d5,2442592,67859fd9-1728-5cea-a24e-2d9942f036ac,1000,FCM,569,FCK,2,267.48,3029.68,51,50,,,count,attacking_third,attacking_third,right_channel,47.47,16.54,52.17,16.54,47.47,16.54,52.17,16.54,start_loc,,,box involvement,FCM box involvement at minute 51.,Chance Creation & Final Third,pitch scatter map,high,true,false,false,false,4237,0,
8cfdb681-32cf-4ebf-81f1-5c0839ec82d5,2442592,1a53bcb8-88ed-5422-8f88-39821af20495,569,FCK,1000,FCM,2,280.88,3043.08,51,50,,,count,attacking_third,attacking_third,central_channel,-50.29,-4.13,-15.49,23.35,50.29,-4.13,15.49,23.35,out,out,goal_kick,box involvement,FCK box involvement at minute 51.,Chance Creation & Final Third,pitch scatter map,high,true,false,false,false,4243,0,0
8cfdb681-32cf-4ebf-81f1-5c0839ec82d5,2442592,9ad489de-8822-5cd6-8974-51f5d5339bee,569,FCK,1000,FCM,2,280.88,3043.08,51,50,232398,N. Trott,count,attacking_third,attacking_third,central_channel,-50.29,-4.13,-47.5,-9.91,50.29,-4.13,47.5,-9.91,pass,reception,,box involvement,FCK box involvement at minute 51.,Chance Creation & Final Third,pitch scatter map,high,true,false,false,false,4244,0,
8cfdb681-32cf-4ebf-81f1-5c0839ec82d5,2442592,34102db1-7836-5ad3-b92d-4afbf887b546,1000,FCM,569,FCK,2,280.88,3043.08,51,50,,,count,attacking_third,attacking_third,right_channel,55.28,13.7,18.79,-4.96,55.28,13.7,18.79,-4.96,start_loc,,organisation,box involvement,FCM box involvement at minute 51.,Chance Creation & Final Third,pitch scatter map,high,true,false,false,false,4245,0,0
8cfdb681-32cf-4ebf-81f1-5c0839ec82d5,2442592,17b50df1-ac31-5518-b3b1-0c71cb7e8e4c,569,FCK,1000,FCM,2,283.12,3045.32,51,50,475413,Gabriel Pereira,count,attacking_third,attacking_third,central_channel,-46.04,-11.47,-38.08,-27.85,46.04,-11.47,38.08,-27.85,pass,reception,,box involvement,FCK box involvement at minute 51.,Chance Creation & Final Third,pitch scatter map,high,true,false,false,false,4250,0,
8cfdb681-32cf-4ebf-81f1-5c0839ec82d5,2442592,b2373336-463b-50d0-b41a-c79379de643a,569,FCK,1000,FCM,2,287.68,3049.88,51,50,,,count,attacking_third,attacking_third,left_channel,-24.51,-16.62,-28.37,-18.52,24.51,-16.62,28.37,-18.52,completed_pass,completed_pass,,final-third entry,FCK final-third entry at minute 51.,Territory & Control,pitch scatter map,medium,false,false,false,false,4254,0,
8cfdb681-32cf-4ebf-81f1-5c0839ec82d5,2442592,2c93a14e-9f72-5787-bcb8-6b5e615c86aa,569,FCK,1000,FCM,2,288.72,3050.92,51,50,512627,G. Gocholeishvili,count,attacking_third,attacking_third,left_channel,-29.87,-28.67,-46.65,-6.09,29.87,-28.67,46.65,-6.09,pass,reception,,box involvement,FCK box involvement at minute 51.,Chance Creation & Final Third,pitch scatter map,high,true,false,true,false,4256,0.1,
8cfdb681-32cf-4ebf-81f1-5c0839ec82d5,2442592,1185dd0a-f82b-52ba-9e90-173f623c1f8e,569,FCK,1000,FCM,2,289.72,3051.92,51,50,,,count,attacking_third,attacking_third,central_channel,-28.11,-4.9,-44.29,1.7,28.11,-4.9,44.29,1.7,incomplete_pass,incomplete_pass,,box involvement,FCK box involvement at minute 51.,Chance Creation & Final Third,pitch scatter map,high,true,false,false,false,4257,0.1,
8cfdb681-32cf-4ebf-81f1-5c0839ec82d5,2442592,fa3facf5-54b5-5a02-846f-e274698fcd44,569,FCK,1000,FCM,2,292.52,3054.72,51,50,232398,N. Trott,count,attacking_third,attacking_third,central_channel,-47.43,-1.44,-14.1,24.87,47.43,-1.44,14.1,24.87,pass,interception,,box involvement,FCK box involvement at minute 51.,Chance Creation & Final Third,pitch scatter map,high,true,false,false,false,4261,0,
8cfdb681-32cf-4ebf-81f1-5c0839ec82d5,2442592,3eefdf8b-b66a-53b5-af0c-eced7769b731,569,FCK,1000,FCM,2,292.88,3055.08,51,50,,,count,defensive_third,defensive_third,central_channel,52.29,11.87,18.79,-4.96,-52.29,11.87,-18.79,-4.96,loss,,progression,turnover / loss,FCK turnover / loss at minute 51.,Defensive Behaviour & Transitions,pitch scatter map,high,false,false,false,false,4264,0,
8cfdb681-32cf-4ebf-81f1-5c0839ec82d5,2442592,475af9ca-9dec-5909-9438-55292c35a294,1000,FCM,569,FCK,2,295.36,3057.56,51,50,,,count,middle_third,middle_third,central_channel,16.79,-5.97,16.87,-6,16.79,-5.97,16.87,-6,loss,,interrupt,turnover / loss,FCM turnover / loss at minute 51.,Defensive Behaviour & Transitions,pitch scatter map,high,false,false,false,false,4268,0,
8cfdb681-32cf-4ebf-81f1-5c0839ec82d5,2442592,c1237e69-3beb-52f2-9b18-51dd8a1dd329,1000,FCM,569,FCK,2,295.4,3057.6,51,50,120721,K. Mbabu,count,middle_third,middle_third,left_channel,13.66,-24.88,22.13,-26.13,13.66,-24.88,22.13,-26.13,pass,out,,final-third entry,FCM final-third entry at minute 51.,Territory & Control,pitch scatter map,medium,false,true,false,false,4271,0.05,
8cfdb681-32cf-4ebf-81f1-5c0839ec82d5,2442592,b8615932-0653-5010-91ba-e929e0455b6a,569,FCK,1000,FCM,2,311.08,3073.28,52,50,193228,K. Diks,count,middle_third,middle_third,right_channel,-14.01,34.03,9.89,30.49,14.01,34.03,-9.89,30.49,pass,reception,,context event,FCK context event at minute 52.,Executive Match Overview,pitch scatter map,low,false,false,false,false,4277,0,
8cfdb681-32cf-4ebf-81f1-5c0839ec82d5,2442592,a97a9529-97f7-59ca-8911-ff0ec4a78efc,569,FCK,1000,FCM,2,311.08,3073.28,52,50,,,count,middle_third,middle_third,central_channel,17.24,-12.22,-8.25,-10.11,-17.24,-12.22,8.25,-10.11,loss,,progression,turnover / loss,FCK turnover / loss at minute 52.,Defensive Behaviour & Transitions,pitch scatter map,high,false,false,false,false,4278,0,
8cfdb681-32cf-4ebf-81f1-5c0839ec82d5,2442592,b9b20bff-e0f6-5024-bd1e-5790544e8496,569,FCK,1000,FCM,2,311.08,3073.28,52,50,,,count,middle_third,middle_third,right_channel,-14.01,34.03,10.3,30.92,14.01,34.03,-10.3,30.92,recovery,turnover,throw_in,ball recovery,FCK ball recovery at minute 52.,Defensive Behaviour & Transitions,pitch scatter map,high,false,false,false,false,4279,0,0
8cfdb681-32cf-4ebf-81f1-5c0839ec82d5,2442592,03263b12-633a-51a8-b14c-5d05858437b9,1000,FCM,569,FCK,2,312.6,3074.8,52,50,,,count,middle_third,middle_third,left_channel,1.01,-21.65,-23.37,-9.33,1.01,-21.65,-23.37,-9.33,loss,lost_ball,,turnover / loss,FCM turnover / loss at minute 52.,Defensive Behaviour & Transitions,pitch scatter map,high,false,false,false,false,4281,0,
8cfdb681-32cf-4ebf-81f1-5c0839ec82d5,2442592,70747e26-eeda-51e5-9050-6c40745e9381,569,FCK,1000,FCM,2,312.96,3075.16,52,50,457214,G. Onugkha,count,middle_third,middle_third,central_channel,-7.82,-9.81,-8.25,-10.11,7.82,-9.81,8.25,-10.11,loss,ball_lost,,turnover / loss,FCK turnover / loss at minute 52.,Defensive Behaviour & Transitions,pitch scatter map,high,false,false,false,false,4282,0,0
8cfdb681-32cf-4ebf-81f1-5c0839ec82d5,2442592,19a06f05-7aab-5d43-8acc-ee80c1ad967d,1000,FCM,569,FCK,2,315.24,3077.44,52,50,,,count,defensive_third,defensive_third,left_channel,-23.13,-29.74,-44.86,-7.78,-23.13,-29.74,-44.86,-7.78,recovery,turnover,tackle,ball recovery,FCM ball recovery at minute 52.,Defensive Behaviour & Transitions,pitch scatter map,high,false,false,false,false,4293,0,0
8cfdb681-32cf-4ebf-81f1-5c0839ec82d5,2442592,83fa8fce-ad0c-5494-b3f2-61084ef65881,569,FCK,1000,FCM,2,315.24,3077.44,52,50,,,count,attacking_third,attacking_third,central_channel,-21.71,-9.3,-44.49,5.61,21.71,-9.3,44.49,5.61,start_loc,,transition,box involvement,FCK box involvement at minute 52.,Chance Creation & Final Third,pitch scatter map,high,true,false,false,false,4294,0.1,0
8cfdb681-32cf-4ebf-81f1-5c0839ec82d5,2442592,ee984d4c-04b6-5e87-b913-cfe5d8ee9096,1000,FCM,569,FCK,2,315.8,3078,52,50,228044,M. Bech,count,defensive_third,defensive_third,left_channel,-25.88,-30.18,-44.99,-7.73,-25.88,-30.18,-44.99,-7.73,pass,reception,,context event,FCM context event at minute 52.,Executive Match Overview,pitch scatter map,low,false,false,false,false,4298,0,
8cfdb681-32cf-4ebf-81f1-5c0839ec82d5,2442592,5845b558-08e7-5385-a6f7-216a22a8d59c,1000,FCM,569,FCK,2,318.24,3080.44,52,50,,,count,defensive_third,defensive_third,central_channel,-44.63,5.64,-44.49,5.61,-44.63,5.64,-44.49,5.61,loss,,counter_attack,turnover / loss,FCM turnover / loss at minute 52.,Defensive Behaviour & Transitions,pitch scatter map,high,false,false,false,false,4302,0,
8cfdb681-32cf-4ebf-81f1-5c0839ec82d5,2442592,957afc05-5e33-5864-993f-0104759e5147,1000,FCM,569,FCK,2,318.28,3080.48,52,50,430901,E. Olafsson,count,defensive_third,defensive_third,central_channel,-44.86,-7.78,4.36,-19.4,-44.86,-7.78,4.36,-19.4,pass,interception,,context event,FCM context event at minute 52.,Executive Match Overview,pitch scatter map,medium,false,false,false,false,4305,0.02,
8cfdb681-32cf-4ebf-81f1-5c0839ec82d5,2442592,2e463a19-d602-5f72-a3ac-dcc1457407ca,569,FCK,1000,FCM,2,322,3084.2,52,50,,,count,middle_third,middle_third,right_channel,-4.75,19.26,-10.81,-8.05,4.75,19.26,10.81,-8.05,recovery,out,interception,ball recovery,FCK ball recovery at minute 52.,Defensive Behaviour & Transitions,pitch scatter map,medium,false,false,false,false,4307,0,0
8cfdb681-32cf-4ebf-81f1-5c0839ec82d5,2442592,ef02adef-b1e9-55a2-8688-6fbc6a8a5ad9,569,FCK,1000,FCM,2,322.12,3084.32,52,50,166965,L. Lerager,count,middle_third,middle_third,right_channel,-4.96,19.22,0.74,6.41,4.96,19.22,-0.74,6.41,pass,reception,,context event,FCK context event at minute 52.,Executive Match Overview,pitch scatter map,low,false,false,false,false,4312,0,
8cfdb681-32cf-4ebf-81f1-5c0839ec82d5,2442592,34a6f92b-16c1-529f-906a-669c207ba6e9,569,FCK,1000,FCM,2,322.44,3084.64,52,50,,,count,middle_third,middle_third,central_channel,15.9,10.04,3.54,-2.43,-15.9,10.04,-3.54,-2.43,completed_pass,completed_pass,,progressive action,FCK progressive action at minute 52.,Territory & Control,pitch scatter map,medium,false,false,true,false,4313,0,
8cfdb681-32cf-4ebf-81f1-5c0839ec82d5,2442592,9bf99302-7a9b-51d9-858f-67367d9fc5d0,569,FCK,1000,FCM,2,328.64,3090.84,52,50,96787,M. Elyounoussi,count,middle_third,middle_third,central_channel,5.81,-6.02,4.88,-22.74,-5.81,-6.02,-4.88,-22.74,pass,reception,,context event,FCK context event at minute 52.,Executive Match Overview,pitch scatter map,low,false,false,false,false,4323,0,
8cfdb681-32cf-4ebf-81f1-5c0839ec82d5,2442592,d816ac31-af72-58a2-84e1-c4457586e511,569,FCK,1000,FCM,2,331.28,3093.48,52,50,512627,G. Gocholeishvili,count,middle_third,middle_third,left_channel,5.03,-22.74,3.12,-12.7,-5.03,-22.74,-3.12,-12.7,pass,reception,,context event,FCK context event at minute 52.,Executive Match Overview,pitch scatter map,low,false,false,false,false,4329,0,
8cfdb681-32cf-4ebf-81f1-5c0839ec82d5,2442592,560afd4c-d322-564a-a654-ef0a3fc72143,569,FCK,1000,FCM,2,332.2,3094.4,52,50,166965,L. Lerager,count,middle_third,middle_third,central_channel,3.22,-12.83,3.32,-23.7,-3.22,-12.83,-3.32,-23.7,pass,reception,,context event,FCK context event at minute 52.,Executive Match Overview,pitch scatter map,low,false,false,false,false,4333,0,
8cfdb681-32cf-4ebf-81f1-5c0839ec82d5,2442592,45ed66a7-d484-5015-94a0-81e974dccd9d,569,FCK,1000,FCM,2,333.2,3095.4,52,50,512627,G. Gocholeishvili,count,middle_third,middle_third,left_channel,3.32,-23.68,-13.53,-15.59,-3.32,-23.68,13.53,-15.59,pass,reception,,progressive action,FCK progressive action at minute 52.,Territory & Control,pitch scatter map,medium,false,false,true,false,4338,0,
8cfdb681-32cf-4ebf-81f1-5c0839ec82d5,2442592,27da0fcb-297c-52b4-990c-c91734b1591e,569,FCK,1000,FCM,2,338.24,3100.44,52,50,475413,Gabriel Pereira,count,middle_third,middle_third,central_channel,-10.81,-8.05,22.37,30.99,10.81,-8.05,-22.37,30.99,pass,out,,context event,FCK context event at minute 52.,Executive Match Overview,pitch scatter map,low,false,false,false,false,4345,0,
8cfdb681-32cf-4ebf-81f1-5c0839ec82d5,2442592,8d49f607-44ef-5a19-9ff0-d21a2a200dd1,569,FCK,1000,FCM,2,338.8,3101,52,50,,,count,middle_third,middle_third,right_channel,13.88,16.36,13.88,16.36,-13.88,16.36,-13.88,16.36,loss,,progression,turnover / loss,FCK turnover / loss at minute 52.,Defensive Behaviour & Transitions,pitch scatter map,high,false,false,false,false,4346,0,
8cfdb681-32cf-4ebf-81f1-5c0839ec82d5,2442592,3d3387f3-81d3-59fb-8ba0-28ba445d27da,1000,FCM,569,FCK,2,360.72,3122.92,53,50,,,count,middle_third,middle_third,left_channel,-17.42,-34.39,-1.1,-30.94,-17.42,-34.39,-1.1,-30.94,recovery,turnover,throw_in,ball recovery,FCM ball recovery at minute 53.,Defensive Behaviour & Transitions,pitch scatter map,high,false,false,false,false,4349,0,0
8cfdb681-32cf-4ebf-81f1-5c0839ec82d5,2442592,9a447fd1-0b03-5edd-a9b4-c1e22553042c,1000,FCM,569,FCK,2,360.72,3122.92,53,50,,,count,middle_third,middle_third,central_channel,-15.72,-12.46,1.39,-10.12,-15.72,-12.46,1.39,-10.12,loss,,progression,turnover / loss,FCM turnover / loss at minute 53.,Defensive Behaviour & Transitions,pitch scatter map,high,false,false,false,false,4350,0,
8cfdb681-32cf-4ebf-81f1-5c0839ec82d5,2442592,b62e6c66-b9c0-5c97-b7e8-91408aadcdf1,1000,FCM,569,FCK,2,360.72,3122.92,53,50,,,count,middle_third,middle_third,left_channel,2.09,-28.08,-2.13,-30.19,2.09,-28.08,-2.13,-30.19,loss,lost_ball,,turnover / loss,FCM turnover / loss at minute 53.,Defensive Behaviour & Transitions,pitch scatter map,high,false,false,false,false,4351,0,
8cfdb681-32cf-4ebf-81f1-5c0839ec82d5,2442592,3b9724fe-5dc3-55b5-b11c-903aaf3f8a41,1000,FCM,569,FCK,2,360.72,3122.92,53,50,120721,K. Mbabu,count,middle_third,middle_third,left_channel,-17.42,-34.39,-0.47,-30.53,-17.42,-34.39,-0.47,-30.53,pass,reception,,progressive action,FCM progressive action at minute 53.,Territory & Control,pitch scatter map,medium,false,false,true,false,4354,0,
8cfdb681-32cf-4ebf-81f1-5c0839ec82d5,2442592,e0d2180d-cf10-5094-bdf9-22e80263b7dd,569,FCK,1000,FCM,2,361.68,3123.88,53,50,,,count,middle_third,middle_third,right_channel,5.19,25.09,5.62,32.98,-5.19,25.09,-5.62,32.98,loss,lost_ball,,turnover / loss,FCK turnover / loss at minute 53.,Defensive Behaviour & Transitions,pitch scatter map,high,false,false,false,false,4355,0,
8cfdb681-32cf-4ebf-81f1-5c0839ec82d5,2442592,b4631053-6a4e-5c32-b3bd-7d19bf15922c,1000,FCM,569,FCK,2,361.88,3124.08,53,50,240529,J. Kuchta,count,middle_third,middle_third,central_channel,2.06,-9.84,1.39,-10.12,2.06,-9.84,1.39,-10.12,loss,ball_lost,,turnover / loss,FCM turnover / loss at minute 53.,Defensive Behaviour & Transitions,pitch scatter map,high,false,false,false,false,4357,0,0
8cfdb681-32cf-4ebf-81f1-5c0839ec82d5,2442592,d10b4918-4e03-55da-a961-eb8de3225cae,569,FCK,1000,FCM,2,361.92,3124.12,53,50,,,count,middle_third,middle_third,right_channel,16.85,15.88,11.11,24.55,-16.85,15.88,-11.11,24.55,loss,lost_ball,,turnover / loss,FCK turnover / loss at minute 53.,Defensive Behaviour & Transitions,pitch scatter map,high,false,false,false,false,4358,0,
8cfdb681-32cf-4ebf-81f1-5c0839ec82d5,2442592,26a2f3c8-6b21-53da-b69e-b30bef5544e6,569,FCK,1000,FCM,2,362.84,3125.04,53,50,546545,E. Achouri,count,middle_third,middle_third,central_channel,-2.15,-8.41,-3.81,-12.86,2.15,-8.41,3.81,-12.86,loss,ball_lost,,turnover / loss,FCK turnover / loss at minute 53.,Defensive Behaviour & Transitions,pitch scatter map,high,false,false,false,false,4362,0,0
8cfdb681-32cf-4ebf-81f1-5c0839ec82d5,2442592,2fc8f028-663b-54ed-8ac4-c4266286ff22,569,FCK,1000,FCM,2,362.84,3125.04,53,50,,,count,middle_third,middle_third,central_channel,-2.15,-8.41,-3.81,-12.86,2.15,-8.41,3.81,-12.86,loss,,regain,turnover / loss,FCK turnover / loss at minute 53.,Defensive Behaviour & Transitions,pitch scatter map,high,false,false,false,false,4363,0,
8cfdb681-32cf-4ebf-81f1-5c0839ec82d5,2442592,d79bd878-d232-5575-a0a7-a995ed253cd5,569,FCK,1000,FCM,2,362.84,3125.04,53,50,,,count,middle_third,middle_third,right_channel,4.48,28.42,6.06,34.98,-4.48,28.42,-6.06,34.98,recovery,out,tackle,ball recovery,FCK ball recovery at minute 53.,Defensive Behaviour & Transitions,pitch scatter map,medium,false,false,false,false,4365,0,0
8cfdb681-32cf-4ebf-81f1-5c0839ec82d5,2442592,52b91079-77e6-50e7-8ca2-117e7dde53ed,1000,FCM,569,FCK,2,391.6,3153.8,53,50,120721,K. Mbabu,count,middle_third,middle_third,left_channel,1.38,-34.08,34.65,-24.71,1.38,-34.08,34.65,-24.71,pass,out,,final-third entry,FCM final-third entry at minute 53.,Territory & Control,pitch scatter map,medium,false,true,false,false,4371,0.05,
8cfdb681-32cf-4ebf-81f1-5c0839ec82d5,2442592,2afd9180-6ce3-521e-99bb-c1453b3e7359,1000,FCM,569,FCK,2,419,3181.2,54,50,,,count,attacking_third,attacking_third,left_channel,37.86,-34.26,49.29,-1.74,37.86,-34.26,49.29,-1.74,shot,shot,throw_in,shot attempt,FCM shot attempt at minute 54.,Chance Creation & Final Third,pitch scatter map,high,true,false,false,false,4378,0.0982,0.0982
8cfdb681-32cf-4ebf-81f1-5c0839ec82d5,2442592,8a6cd38c-890d-5c22-b52f-6d53fe8d6df9,1000,FCM,569,FCK,2,419,3181.2,54,50,228044,M. Bech,count,attacking_third,attacking_third,left_channel,37.86,-34.26,45.13,-4.86,37.86,-34.26,45.13,-4.86,pass,interception,,box involvement,FCM box involvement at minute 54.,Chance Creation & Final Third,pitch scatter map,high,true,false,false,false,4379,0.1,
8cfdb681-32cf-4ebf-81f1-5c0839ec82d5,2442592,645f0dcc-07f0-5370-b22c-ded7d33e6dd1,1000,FCM,569,FCK,2,419,3181.2,54,50,228044,M. Bech,count,attacking_third,attacking_third,central_channel,42.25,-12.37,42.25,-12.37,42.25,-12.37,42.25,-12.37,incomplete_pass,incomplete_pass,,box involvement,FCM box involvement at minute 54.,Chance Creation & Final Third,pitch scatter map,high,true,false,false,false,4380,0,0
8cfdb681-32cf-4ebf-81f1-5c0839ec82d5,2442592,ad8750f1-ecb1-5e83-9745-25ecb3786213,569,FCK,1000,FCM,2,419,3181.2,54,50,,,count,defensive_third,defensive_third,central_channel,42.25,-12.37,54.24,9.71,-42.25,-12.37,-54.24,9.71,start_loc,,organisation,context event,FCK context event at minute 54.,Executive Match Overview,pitch scatter map,low,false,false,false,true,4381,0,0.0982
8cfdb681-32cf-4ebf-81f1-5c0839ec82d5,2442592,c3626121-2527-5f34-95b1-e7cea7ce1768,1000,FCM,569,FCK,2,419,3181.2,54,50,,,count,attacking_third,attacking_third,central_channel,42.25,-12.37,40.15,21.79,42.25,-12.37,40.15,21.79,crossing,,crossing,box involvement,FCM box involvement at minute 54.,Chance Creation & Final Third,pitch scatter map,high,true,false,false,false,4382,0,
8cfdb681-32cf-4ebf-81f1-5c0839ec82d5,2442592,a56b86be-765f-5d5d-9b6a-a98117b6a5b3,1000,FCM,569,FCK,2,421.36,3183.56,54,50,,,count,attacking_third,attacking_third,left_channel,38.64,-26.18,37.31,-15.01,38.64,-26.18,37.31,-15.01,defender_dribbled,defender_dribbled,,final-third entry,FCM final-third entry at minute 54.,Territory & Control,pitch scatter map,medium,false,false,false,false,4386,0,
8cfdb681-32cf-4ebf-81f1-5c0839ec82d5,2442592,9b5e4848-6760-5b50-83d5-186ba40ac50d,1000,FCM,569,FCK,2,422.76,3184.96,54,50,228044,M. Bech,count,attacking_third,attacking_third,central_channel,41.98,-1.62,42.06,-1.47,41.98,-1.62,42.06,-1.47,shot,shot,,shot attempt,FCM shot attempt at minute 54.,Chance Creation & Final Third,pitch scatter map,high,true,false,false,false,4388,0,0.0091
8cfdb681-32cf-4ebf-81f1-5c0839ec82d5,2442592,31538c2f-7b29-5e66-b19d-097801106b04,1000,FCM,569,FCK,2,422.8,3185,54,50,228044,M. Bech,count,attacking_third,attacking_third,left_channel,37.68,-18.2,44.83,8.8,37.68,-18.2,44.83,8.8,shot,off_target,,shot attempt,FCM shot attempt at minute 54.,Chance Creation & Final Third,pitch scatter map,high,true,false,false,false,4389,0.0091,0.0091
8cfdb681-32cf-4ebf-81f1-5c0839ec82d5,2442592,b25e1d67-272a-59e7-907c-18acb21755a7,1000,FCM,569,FCK,2,424.28,3186.48,54,50,,,count,attacking_third,attacking_third,central_channel,37.97,-4.34,33.75,15.14,37.97,-4.34,33.75,15.14,completed_pass,completed_pass,,final-third entry,FCM final-third entry at minute 54.,Territory & Control,pitch scatter map,medium,false,false,false,false,4390,0,
8cfdb681-32cf-4ebf-81f1-5c0839ec82d5,2442592,0f96f578-b54e-59ba-91c2-3bb894783a67,1000,FCM,569,FCK,2,426.36,3188.56,54,50,240529,J. Kuchta,count,attacking_third,attacking_third,right_channel,43.22,18.48,40.11,21.84,43.22,18.48,40.11,21.84,forward,forward,,box involvement,FCM box involvement at minute 54.,Chance Creation & Final Third,pitch scatter map,high,true,false,false,false,4392,0,0
8cfdb681-32cf-4ebf-81f1-5c0839ec82d5,2442592,5b00ab3d-8114-5f8a-a0db-41ecd0547ffb,1000,FCM,569,FCK,2,428.2,3190.4,54,50,,,count,attacking_third,attacking_third,right_channel,40.11,21.84,54.24,9.71,40.11,21.84,54.24,9.71,loss,,crossing,box involvement,FCM box involvement at minute 54.,Chance Creation & Final Third,pitch scatter map,high,true,false,false,false,4395,0.1,
8cfdb681-32cf-4ebf-81f1-5c0839ec82d5,2442592,eed04efd-c9e3-5666-9980-ad02092bf86d,1000,FCM,569,FCK,2,428.2,3190.4,54,50,240529,J. Kuchta,count,attacking_third,attacking_third,right_channel,35.82,16.12,43.58,-0.47,35.82,16.12,43.58,-0.47,pass,shot,,box involvement,FCM box involvement at minute 54.,Chance Creation & Final Third,pitch scatter map,high,true,false,false,false,4396,0.1,
8cfdb681-32cf-4ebf-81f1-5c0839ec82d5,2442592,2f79e457-dcca-59e1-aa42-9c8b17c7bed2,1000,FCM,569,FCK,2,429.28,3191.48,54,50,551144,Franculino Dju,count,attacking_third,attacking_third,central_channel,48.25,10.57,48.3,10.59,48.25,10.57,48.3,10.59,shot,shot,,shot attempt,FCM shot attempt at minute 54.,Chance Creation & Final Third,pitch scatter map,high,true,false,false,false,4397,0,0.09
8cfdb681-32cf-4ebf-81f1-5c0839ec82d5,2442592,47baea03-ecd8-5d59-bc39-fe2504db86e2,1000,FCM,569,FCK,2,429.32,3191.52,54,50,551144,Franculino Dju,count,attacking_third,attacking_third,central_channel,43.63,-0.45,48.8,-1.62,43.63,-0.45,48.8,-1.62,shot,off_target,,shot attempt,FCM shot attempt at minute 54.,Chance Creation & Final Third,pitch scatter map,high,true,false,false,false,4399,0.09,0.09
8cfdb681-32cf-4ebf-81f1-5c0839ec82d5,2442592,0ff88033-e946-5ae9-9dcb-45eaa67db804,569,FCK,1000,FCM,2,430.76,3192.96,54,50,96787,M. Elyounoussi,count,attacking_third,attacking_third,central_channel,-26.85,-6.92,-2.4,15.56,26.85,-6.92,2.4,15.56,run_start_loc,,,context event,FCK context event at minute 54.,Territory & Control,pitch scatter map,low,false,false,false,false,4400,0,
8cfdb681-32cf-4ebf-81f1-5c0839ec82d5,2442592,581368a5-50d8-5b85-9f91-b95fe7f9b281,1000,FCM,569,FCK,2,431.28,3193.48,54,50,,,count,attacking_third,attacking_third,central_channel,54.62,9.66,47.52,11.53,54.62,9.66,47.52,11.53,start_loc,,transition,box involvement,FCM box involvement at minute 54.,Chance Creation & Final Third,pitch scatter map,high,true,false,false,true,4403,0,0
8cfdb681-32cf-4ebf-81f1-5c0839ec82d5,2442592,5843e4a5-10ef-5fa8-aaad-f2b2deda8880,569,FCK,1000,FCM,2,431.28,3193.48,54,50,,,count,attacking_third,attacking_third,central_channel,-49.66,1.82,-33.96,25.51,49.66,1.82,33.96,25.51,recovery,turnover,shot_recovered,box involvement,FCK box involvement at minute 54.,Chance Creation & Final Third,pitch scatter map,high,true,false,false,false,4404,0,0
8cfdb681-32cf-4ebf-81f1-5c0839ec82d5,2442592,81a13a47-7c45-53c6-a6e8-e19896bdbb22,569,FCK,1000,FCM,2,441.96,3204.16,54,50,232398,N. Trott,count,attacking_third,attacking_third,central_channel,-42.89,-0.94,-22.71,-31.61,42.89,-0.94,22.71,-31.61,pass,reception,,box involvement,FCK box involvement at minute 54.,Chance Creation & Final Third,pitch scatter map,high,true,false,false,false,4411,0,
8cfdb681-32cf-4ebf-81f1-5c0839ec82d5,2442592,e48337c3-6e68-5b99-baeb-cc58de27160d,1000,FCM,569,FCK,2,446.48,3208.68,54,50,,,count,attacking_third,attacking_third,right_channel,42.94,21.49,38.16,-6.43,42.94,21.49,38.16,-6.43,start_loc,,organisation,final-third entry,FCM final-third entry at minute 54.,Territory & Control,pitch scatter map,medium,false,false,false,false,4413,0,0
8cfdb681-32cf-4ebf-81f1-5c0839ec82d5,2442592,e248a108-fa15-5177-a95b-7cebba82e328,569,FCK,1000,FCM,2,446.84,3209.04,54,50,,,count,attacking_third,attacking_third,left_channel,-21.57,-26.91,-33.67,-18.35,21.57,-26.91,33.67,-18.35,completed_pass,completed_pass,,final-third entry,FCK final-third entry at minute 54.,Territory & Control,pitch scatter map,medium,false,false,true,false,4415,0,
8cfdb681-32cf-4ebf-81f1-5c0839ec82d5,2442592,04157728-20e1-5823-8007-c4b554981881,569,FCK,1000,FCM,2,446.92,3209.12,54,50,,,count,middle_third,middle_third,central_channel,-12.35,-11.52,-26.58,-10.15,12.35,-11.52,26.58,-10.15,completed_pass,completed_pass,,final-third entry,FCK final-third entry at minute 54.,Territory & Control,pitch scatter map,medium,false,true,true,false,4416,0.05,
8cfdb681-32cf-4ebf-81f1-5c0839ec82d5,2442592,66e75d65-983f-54f4-a090-dce31cec332b,569,FCK,1000,FCM,2,448.88,3211.08,54,50,475413,Gabriel Pereira,count,attacking_third,attacking_third,left_channel,-37.02,-20.81,-47.32,1.12,37.02,-20.81,47.32,1.12,pass,reception,,box involvement,FCK box involvement at minute 54.,Chance Creation & Final Third,pitch scatter map,high,true,false,true,false,4420,0.1,
8cfdb681-32cf-4ebf-81f1-5c0839ec82d5,2442592,5921f024-1b33-59ba-85b3-15201864a6ea,569,FCK,1000,FCM,2,451.72,3213.92,54,50,,,count,attacking_third,attacking_third,central_channel,-40.42,1.6,-30.88,25.02,40.42,1.6,30.88,25.02,defender_dribbled,defender_dribbled,,box involvement,FCK box involvement at minute 54.,Chance Creation & Final Third,pitch scatter map,high,true,false,false,false,4424,0,
8cfdb681-32cf-4ebf-81f1-5c0839ec82d5,2442592,00bbf2d3-0492-54e0-b8e5-b1de7a097ebc,569,FCK,1000,FCM,2,451.72,3213.92,54,50,232398,N. Trott,count,attacking_third,attacking_third,central_channel,-47.01,3.19,-42.12,20.49,47.01,3.19,42.12,20.49,pass,reception,,box involvement,FCK box involvement at minute 54.,Chance Creation & Final Third,pitch scatter map,high,true,false,false,false,4425,0,
8cfdb681-32cf-4ebf-81f1-5c0839ec82d5,2442592,bd2c8c68-3386-59b7-b15a-509d638772c0,569,FCK,1000,FCM,2,455.48,3217.68,54,50,,,count,defensive_third,defensive_third,central_channel,39.84,-6.15,38.16,-6.43,-39.84,-6.15,-38.16,-6.43,loss,,progression,turnover / loss,FCK turnover / loss at minute 54.,Defensive Behaviour & Transitions,pitch scatter map,high,false,false,false,false,4429,0,
8cfdb681-32cf-4ebf-81f1-5c0839ec82d5,2442592,e15a02a0-f30a-5366-b652-396faf666c04,569,FCK,1000,FCM,2,456,3218.2,54,50,220246,P. Hatzidiakos,count,attacking_third,attacking_third,right_channel,-33.96,25.51,1.88,16.26,33.96,25.51,-1.88,16.26,pass,interception,,context event,FCK context event at minute 54.,Territory & Control,pitch scatter map,medium,false,false,false,false,4432,0,
8cfdb681-32cf-4ebf-81f1-5c0839ec82d5,2442592,3cf4eb36-71da-552a-bbe8-2e0540a8638d,1000,FCM,569,FCK,2,458.36,3220.56,54,50,,,count,middle_third,middle_third,left_channel,1.88,-15.61,24.48,10.52,1.88,-15.61,24.48,10.52,recovery,foul,interception,final-third entry,FCM final-third entry at minute 54.,Defensive Behaviour & Transitions,pitch scatter map,medium,false,true,false,false,4435,0.05,0
8cfdb681-32cf-4ebf-81f1-5c0839ec82d5,2442592,fd233a5e-99fb-5ce6-9cee-a119f936eaf8,569,FCK,1000,FCM,2,458.36,3220.56,54,50,,,count,middle_third,middle_third,central_channel,4.52,0.29,-39.86,9.68,-4.52,0.29,39.86,9.68,start_loc,,transition,box involvement,FCK box involvement at minute 54.,Chance Creation & Final Third,pitch scatter map,high,true,true,false,false,4439,0.15,0
8cfdb681-32cf-4ebf-81f1-5c0839ec82d5,2442592,3f469c0d-e74d-5acf-bec7-1b503e57a7ed,1000,FCM,569,FCK,2,458.4,3220.6,54,50,474838,E. Martinez,count,middle_third,middle_third,left_channel,1.82,-15.77,-0.12,-26.37,1.82,-15.77,-0.12,-26.37,pass,reception,,context event,FCM context event at minute 54.,Executive Match Overview,pitch scatter map,low,false,false,false,false,4440,0,
8cfdb681-32cf-4ebf-81f1-5c0839ec82d5,2442592,76115adf-4d14-556d-83da-67b6244f943a,1000,FCM,569,FCK,2,460.36,3222.56,54,50,120721,K. Mbabu,count,middle_third,middle_third,left_channel,-2.49,-26.13,-40.26,-1.7,-2.49,-26.13,-40.26,-1.7,pass,reception,,context event,FCM context event at minute 54.,Executive Match Overview,pitch scatter map,low,false,false,false,false,4444,0,
8cfdb681-32cf-4ebf-81f1-5c0839ec82d5,2442592,e3a0a47c-8a85-569b-9812-142ffcd86033,569,FCK,1000,FCM,2,464.76,3226.96,54,50,,,count,attacking_third,attacking_third,central_channel,-39.86,9.67,28.23,18.04,39.86,9.67,-28.23,18.04,start_loc,,organisation,box involvement,FCK box involvement at minute 54.,Chance Creation & Final Third,pitch scatter map,high,true,false,false,false,4450,0,0
8cfdb681-32cf-4ebf-81f1-5c0839ec82d5,2442592,b8b4b564-ad93-55f3-81a7-3d432f9ede37,1000,FCM,569,FCK,2,465.72,3227.92,54,50,430901,E. Olafsson,count,defensive_third,defensive_third,central_channel,-40.39,-1.87,-35.39,3.32,-40.39,-1.87,-35.39,3.32,pass,reception,,context event,FCM context event at minute 54.,Executive Match Overview,pitch scatter map,low,false,false,false,false,4451,0,
8cfdb681-32cf-4ebf-81f1-5c0839ec82d5,2442592,d7247cba-6664-55c7-b738-8f91cb26815a,1000,FCM,569,FCK,2,468.76,3230.96,54,50,,,count,defensive_third,defensive_third,central_channel,-31.16,12.71,-2.94,2.73,-31.16,12.71,-2.94,2.73,loss,,buildup,turnover / loss,FCM turnover / loss at minute 54.,Defensive Behaviour & Transitions,pitch scatter map,high,false,false,false,false,4454,0.02,
8cfdb681-32cf-4ebf-81f1-5c0839ec82d5,2442592,a9d99176-bd80-5353-bc6a-4d5bb82ca7c4,1000,FCM,569,FCK,2,471,3233.2,54,50,228044,M. Bech,count,defensive_third,defensive_third,central_channel,-27.49,1.85,-25.2,-15.17,-27.49,1.85,-25.2,-15.17,pass,reception,,context event,FCM context event at minute 54.,Executive Match Overview,pitch scatter map,low,false,false,false,false,4455,0,
8cfdb681-32cf-4ebf-81f1-5c0839ec82d5,2442592,7a5336da-78f8-5071-8e07-b05dd4e2535a,1000,FCM,569,FCK,2,477.76,3239.96,54,50,609108,O. Diao,count,middle_third,middle_third,left_channel,-12.21,-20.4,-15.79,-12.02,-12.21,-20.4,-15.79,-12.02,pass,reception,,context event,FCM context event at minute 54.,Executive Match Overview,pitch scatter map,low,false,false,false,false,4458,0,
8cfdb681-32cf-4ebf-81f1-5c0839ec82d5,2442592,e1adfbf0-2a55-5c50-be1f-4ed794920903,1000,FCM,569,FCK,2,481.08,3243.28,55,50,474838,E. Martinez,count,middle_third,middle_third,left_channel,-10.25,-14.66,-9.56,11.05,-10.25,-14.66,-9.56,11.05,pass,reception,,context event,FCM context event at minute 55.,Executive Match Overview,pitch scatter map,low,false,false,false,false,4461,0,
8cfdb681-32cf-4ebf-81f1-5c0839ec82d5,2442592,0765b267-e2d1-5e3f-ae0c-e323c6929ef5,1000,FCM,569,FCK,2,486.68,3248.88,55,50,,,count,middle_third,middle_third,right_channel,18.16,25.91,19.69,32.24,18.16,25.91,19.69,32.24,incomplete_pass,incomplete_pass,,final-third entry,FCM final-third entry at minute 55.,Territory & Control,pitch scatter map,medium,false,true,false,false,4471,0.05,
8cfdb681-32cf-4ebf-81f1-5c0839ec82d5,2442592,6db0a485-2eb5-5829-9616-43c60ffa901a,1000,FCM,569,FCK,2,487.28,3249.48,55,50,228044,M. Bech,count,middle_third,middle_third,right_channel,10.63,25.47,17.68,33.62,10.63,25.47,17.68,33.62,pass,reception,,context event,FCM context event at minute 55.,Executive Match Overview,pitch scatter map,low,false,false,false,false,4473,0,
8cfdb681-32cf-4ebf-81f1-5c0839ec82d5,2442592,9b70e517-f90f-5e10-a4e5-0d0339f05e6e,1000,FCM,569,FCK,2,487.44,3249.64,55,50,533646,D. Osorio,count,middle_third,middle_third,right_channel,9.94,15.67,20.78,11.47,9.94,15.67,20.78,11.47,run_start_loc,,,final-third entry,FCM final-third entry at minute 55.,Territory & Control,pitch scatter map,medium,false,true,false,false,4474,0.05,
8cfdb681-32cf-4ebf-81f1-5c0839ec82d5,2442592,8553150b-e768-51ec-9ff1-3218d59b2175,1000,FCM,569,FCK,2,487.84,3250.04,55,50,204164,J. Andersson,count,attacking_third,attacking_third,right_channel,21.09,33.73,20.99,33.73,21.09,33.73,20.99,33.73,incomplete_pass,incomplete_pass,,final-third entry,FCM final-third entry at minute 55.,Territory & Control,pitch scatter map,medium,false,false,false,false,4476,0,0
8cfdb681-32cf-4ebf-81f1-5c0839ec82d5,2442592,73a18aa9-73c1-5b47-b62a-da01bc0e95cf,1000,FCM,569,FCK,2,487.88,3250.08,55,50,204164,J. Andersson,count,middle_third,middle_third,right_channel,17.59,33.62,22.64,17.08,17.59,33.62,22.64,17.08,pass,interception,,final-third entry,FCM final-third entry at minute 55.,Territory & Control,pitch scatter map,medium,false,true,false,false,4477,0.05,
8cfdb681-32cf-4ebf-81f1-5c0839ec82d5,2442592,2c687064-1e9f-55bb-83ca-c4400b78be20,569,FCK,1000,FCM,2,489.48,3251.68,55,50,,,count,defensive_third,defensive_third,right_channel,24.94,21.48,24.49,21.17,-24.94,21.48,-24.49,21.17,loss,,interrupt,turnover / loss,FCK turnover / loss at minute 55.,Defensive Behaviour & Transitions,pitch scatter map,high,false,false,false,false,4480,0,
8cfdb681-32cf-4ebf-81f1-5c0839ec82d5,2442592,8e4eb919-d69f-525c-9ee2-ad41dd9ce8b2,569,FCK,1000,FCM,2,489.64,3251.84,55,50,475413,Gabriel Pereira,count,attacking_third,attacking_third,left_channel,-20.92,-15.13,-6.96,-13.15,20.92,-15.13,6.96,-13.15,pass,interception,,context event,FCK context event at minute 55.,Territory & Control,pitch scatter map,medium,false,false,false,false,4483,0,
8cfdb681-32cf-4ebf-81f1-5c0839ec82d5,2442592,0bc8af7d-82b8-56a7-b617-d3cd5b6f7759,1000,FCM,569,FCK,2,493.16,3255.36,55,50,474838,E. Martinez,count,middle_third,middle_third,right_channel,9.21,24.11,-1.8,27.53,9.21,24.11,-1.8,27.53,pass,reception,,context event,FCM context event at minute 55.,Executive Match Overview,pitch scatter map,low,false,false,false,false,4491,0,
8cfdb681-32cf-4ebf-81f1-5c0839ec82d5,2442592,ba18e65e-8092-59f9-a6f3-fac15cbad148,1000,FCM,569,FCK,2,495.8,3258,55,50,228044,M. Bech,count,middle_third,middle_third,right_channel,-1.62,27.46,-6.42,19.54,-1.62,27.46,-6.42,19.54,pass,reception,,context event,FCM context event at minute 55.,Executive Match Overview,pitch scatter map,low,false,false,false,false,4497,0,
8cfdb681-32cf-4ebf-81f1-5c0839ec82d5,2442592,a7338bf9-6cef-5c12-a1ac-597ec1bd35c0,1000,FCM,569,FCK,2,498.6,3260.8,55,50,204164,J. Andersson,count,middle_third,middle_third,right_channel,-8.17,18.14,-16.31,-2.74,-8.17,18.14,-16.31,-2.74,pass,reception,,context event,FCM context event at minute 55.,Executive Match Overview,pitch scatter map,low,false,false,false,false,4502,0,
8cfdb681-32cf-4ebf-81f1-5c0839ec82d5,2442592,923ca86f-aeb3-5627-963d-99ee5c5dfaa2,1000,FCM,569,FCK,2,503.76,3265.96,55,50,,,count,middle_third,middle_third,central_channel,-2.82,2.67,28.23,18.04,-2.82,2.67,28.23,18.04,progression,,progression,final-third entry,FCM final-third entry at minute 55.,Territory & Control,pitch scatter map,medium,false,true,false,false,4505,0.05,
8cfdb681-32cf-4ebf-81f1-5c0839ec82d5,2442592,e1083857-b0bf-587a-bdd2-d757e51bdecf,1000,FCM,569,FCK,2,504.44,3266.64,55,50,,,count,attacking_third,attacking_third,left_channel,19.59,-18.36,16.45,-20.42,19.59,-18.36,16.45,-20.42,completed_pass,completed_pass,,context event,FCM context event at minute 55.,Territory & Control,pitch scatter map,low,false,false,false,false,4506,0,
8cfdb681-32cf-4ebf-81f1-5c0839ec82d5,2442592,23e85ffa-bf21-5c15-a5b0-276e20bb995d,1000,FCM,569,FCK,2,504.64,3266.84,55,50,609108,O. Diao,count,middle_third,middle_third,left_channel,-2.6,-14.2,14.63,-17.48,-2.6,-14.2,14.63,-17.48,pass,reception,,progressive action,FCM progressive action at minute 55.,Territory & Control,pitch scatter map,medium,false,false,true,false,4507,0,
8cfdb681-32cf-4ebf-81f1-5c0839ec82d5,2442592,ac14f9c1-e38f-5c5b-85fb-2f69588b05ae,1000,FCM,569,FCK,2,508.36,3270.56,55,50,477672,A. Simsir,count,middle_third,middle_third,central_channel,10.15,-11.34,7.76,7.69,10.15,-11.34,7.76,7.69,pass,reception,,context event,FCM context event at minute 55.,Executive Match Overview,pitch scatter map,low,false,false,false,false,4511,0,
8cfdb681-32cf-4ebf-81f1-5c0839ec82d5,2442592,4847d477-09d7-5e49-9175-95ecd098b0c1,1000,FCM,569,FCK,2,510.72,3272.92,55,50,,,count,middle_third,middle_third,central_channel,18.64,1,27.17,12.26,18.64,1,27.17,12.26,defender_dribbled,defender_dribbled,,final-third entry,FCM final-third entry at minute 55.,Territory & Control,pitch scatter map,medium,false,true,false,false,4515,0.05,
8cfdb681-32cf-4ebf-81f1-5c0839ec82d5,2442592,4e17a3f9-43bc-5134-80e9-c2c1a7049697,1000,FCM,569,FCK,2,510.84,3273.04,55,50,204164,J. Andersson,count,middle_third,middle_third,central_channel,11.26,7.02,24.04,4.13,11.26,7.02,24.04,4.13,pass,reception,,final-third entry,FCM final-third entry at minute 55.,Territory & Control,pitch scatter map,medium,false,true,true,false,4517,0.05,
8cfdb681-32cf-4ebf-81f1-5c0839ec82d5,2442592,bc4229ed-f2ef-54fa-bab8-55f788816a24,1000,FCM,569,FCK,2,511.44,3273.64,55,50,204164,J. Andersson,count,middle_third,middle_third,central_channel,13.96,7.77,28.06,14.71,13.96,7.77,28.06,14.71,run_start_loc,,,final-third entry,FCM final-third entry at minute 55.,Territory & Control,pitch scatter map,medium,false,true,false,false,4518,0.05,
8cfdb681-32cf-4ebf-81f1-5c0839ec82d5,2442592,623b3f6e-0217-5398-81f5-54b0ca4f6604,1000,FCM,569,FCK,2,511.56,3273.76,55,50,533646,D. Osorio,count,attacking_third,attacking_third,right_channel,27.76,13.7,28.16,18.05,27.76,13.7,28.16,18.05,incomplete_pass,incomplete_pass,,final-third entry,FCM final-third entry at minute 55.,Territory & Control,pitch scatter map,medium,false,false,false,false,4519,0,0
8cfdb681-32cf-4ebf-81f1-5c0839ec82d5,2442592,21da4a08-019e-5a63-ab4b-a908a1d99886,1000,FCM,569,FCK,2,512.6,3274.8,55,50,,,count,middle_third,middle_third,central_channel,18.41,10.34,24.55,10.45,18.41,10.34,24.55,10.45,start_loc,,,final-third entry,FCM final-third entry at minute 55.,Territory & Control,pitch scatter map,medium,false,true,false,false,4522,0.05,
8cfdb681-32cf-4ebf-81f1-5c0839ec82d5,2442592,63c16d4d-3a66-5b38-ab7d-6fe3640a5619,1000,FCM,569,FCK,2,512.88,3275.08,55,50,533646,D. Osorio,count,attacking_third,attacking_third,central_channel,24.42,10.54,25.16,9.66,24.42,10.54,25.16,9.66,pass,other,,final-third entry,FCM final-third entry at minute 55.,Territory & Control,pitch scatter map,medium,false,false,false,false,4524,0,
8cfdb681-32cf-4ebf-81f1-5c0839ec82d5,2442592,2233038d-e639-5246-80fe-b1cdf85f3fc7,569,FCK,1000,FCM,2,579.48,3341.68,56,55,,,count,defensive_third,defensive_third,right_channel,33.2,17.01,33.2,17.01,-33.2,17.01,-33.2,17.01,start_loc,,organisation,context event,FCK context event at minute 56.,Executive Match Overview,pitch scatter map,low,false,false,false,true,4533,0,0.0862
8cfdb681-32cf-4ebf-81f1-5c0839ec82d5,2442592,56c82f8a-4487-5d63-92ea-292b292f951f,1000,FCM,569,FCK,2,579.48,3341.68,56,55,,,count,attacking_third,attacking_third,right_channel,33.2,17.01,33.2,17.01,33.2,17.01,33.2,17.01,loss,,attacking,final-third entry,FCM final-third entry at minute 56.,Defensive Behaviour & Transitions,pitch scatter map,high,false,false,false,false,4534,0,
8cfdb681-32cf-4ebf-81f1-5c0839ec82d5,2442592,f551411d-5e76-5b1e-ab4f-4aabeb548740,1000,FCM,569,FCK,2,579.48,3341.68,56,55,477672,A. Simsir,count,attacking_third,attacking_third,central_channel,29.23,9,52.81,2.24,29.23,9,52.81,2.24,shot,off_target,,shot attempt,FCM shot attempt at minute 56.,Chance Creation & Final Third,pitch scatter map,high,true,false,false,false,4535,0.0862,0.0862
8cfdb681-32cf-4ebf-81f1-5c0839ec82d5,2442592,c9a7d48a-4b82-5fca-a70b-129fd3c169b6,1000,FCM,569,FCK,2,579.48,3341.68,56,55,,,count,attacking_third,attacking_third,central_channel,29.23,9,29.23,9,29.23,9,29.23,9,shot,shot,free_kick,shot attempt,FCM shot attempt at minute 56.,Chance Creation & Final Third,pitch scatter map,high,false,false,false,false,4536,0.0862,0.0862
8cfdb681-32cf-4ebf-81f1-5c0839ec82d5,2442592,d2e4888e-e64f-5c0d-bdcf-7f84302e168f,1000,FCM,569,FCK,2,579.48,3341.68,56,55,477672,A. Simsir,count,attacking_third,attacking_third,right_channel,33.2,17.01,33.2,17.01,33.2,17.01,33.2,17.01,shot,shot,,shot attempt,FCM shot attempt at minute 56.,Chance Creation & Final Third,pitch scatter map,high,false,false,false,false,4537,0,0.0862
8cfdb681-32cf-4ebf-81f1-5c0839ec82d5,2442592,caad0123-c233-509c-929c-21b4273722aa,569,FCK,1000,FCM,2,610.72,3372.92,57,55,232398,N. Trott,count,attacking_third,attacking_third,central_channel,-47.18,5.69,15.02,15.4,47.18,5.69,-15.02,15.4,pass,reception,,box involvement,FCK box involvement at minute 57.,Chance Creation & Final Third,pitch scatter map,high,true,false,false,false,4542,0,
8cfdb681-32cf-4ebf-81f1-5c0839ec82d5,2442592,ab759825-b2aa-5ed4-b5c9-02e25cebabdb,1000,FCM,569,FCK,2,610.72,3372.92,57,55,,,count,attacking_third,attacking_third,central_channel,52.02,7.03,-13.47,0.73,52.02,7.03,-13.47,0.73,start_loc,,organisation,box involvement,FCM box involvement at minute 57.,Chance Creation & Final Third,pitch scatter map,high,true,false,false,false,4543,0,0
8cfdb681-32cf-4ebf-81f1-5c0839ec82d5,2442592,c55d7fb0-75e6-5db9-a6e4-9808c44f69fe,569,FCK,1000,FCM,2,610.72,3372.92,57,55,,,count,attacking_third,attacking_third,central_channel,-47.18,5.69,15.28,14.97,47.18,5.69,-15.28,14.97,recovery,turnover,goal_kick,box involvement,FCK box involvement at minute 57.,Chance Creation & Final Third,pitch scatter map,high,true,false,false,false,4545,0,0
8cfdb681-32cf-4ebf-81f1-5c0839ec82d5,2442592,cc5d889a-668b-5c0f-b32a-ec52f3b436ab,569,FCK,1000,FCM,2,610.72,3372.92,57,55,,,count,defensive_third,defensive_third,central_channel,52.02,7.03,-13.47,0.73,-52.02,7.03,13.47,0.73,loss,,progression,turnover / loss,FCK turnover / loss at minute 57.,Defensive Behaviour & Transitions,pitch scatter map,high,false,false,false,false,4546,0.02,
8cfdb681-32cf-4ebf-81f1-5c0839ec82d5,2442592,00a8a1b8-8f05-5cf4-a5ee-00c0da13b0a4,569,FCK,1000,FCM,2,614.52,3376.72,57,55,457214,G. Onugkha,count,middle_third,middle_third,right_channel,15.28,14.97,18.25,9.98,-15.28,14.97,-18.25,9.98,pass,interception,,context event,FCK context event at minute 57.,Executive Match Overview,pitch scatter map,medium,false,false,false,false,4550,0,
8cfdb681-32cf-4ebf-81f1-5c0839ec82d5,2442592,888b510f-2fc7-5d86-af4b-0ba5ce251d3e,1000,FCM,569,FCK,2,616.08,3378.28,57,55,,,count,defensive_third,defensive_third,central_channel,-28.63,-7.79,26.92,-21.83,-28.63,-7.79,26.92,-21.83,recovery,out,interception,final-third entry,FCM final-third entry at minute 57.,Defensive Behaviour & Transitions,pitch scatter map,medium,false,true,false,false,4557,0.07,0
8cfdb681-32cf-4ebf-81f1-5c0839ec82d5,2442592,b902a15f-2242-5b7d-944c-f88fec9e05de,569,FCK,1000,FCM,2,616.08,3378.28,57,55,,,count,attacking_third,attacking_third,central_channel,-27.47,5.6,-32.38,-1.23,27.47,5.6,32.38,-1.23,start_loc,,transition,final-third entry,FCK final-third entry at minute 57.,Territory & Control,pitch scatter map,medium,false,false,false,false,4558,0,0
8cfdb681-32cf-4ebf-81f1-5c0839ec82d5,2442592,93db4437-a829-5bb7-a8fd-f06c42206532,1000,FCM,569,FCK,2,616.84,3379.04,57,55,228044,M. Bech,count,defensive_third,defensive_third,central_channel,-32.72,-7.83,-43.38,-4.32,-32.72,-7.83,-43.38,-4.32,pass,reception,,context event,FCM context event at minute 57.,Executive Match Overview,pitch scatter map,low,false,false,false,false,4561,0,
8cfdb681-32cf-4ebf-81f1-5c0839ec82d5,2442592,057fafcc-ae35-556b-8006-7ed2082f1fb4,1000,FCM,569,FCK,2,619.8,3382,57,55,430901,E. Olafsson,count,defensive_third,defensive_third,central_channel,-43.08,-4.97,-34.39,-17.56,-43.08,-4.97,-34.39,-17.56,pass,reception,,context event,FCM context event at minute 57.,Executive Match Overview,pitch scatter map,low,false,false,false,false,4564,0,
8cfdb681-32cf-4ebf-81f1-5c0839ec82d5,2442592,757f43a2-b9ae-5603-900c-f46ad5f8dfad,569,FCK,1000,FCM,2,621.68,3383.88,57,55,,,count,attacking_third,attacking_third,central_channel,-32.24,-1.26,30.78,-3.93,32.24,-1.26,-30.78,-3.93,start_loc,,organisation,context event,FCK context event at minute 57.,Territory & Control,pitch scatter map,low,false,false,false,false,4568,0,0
8cfdb681-32cf-4ebf-81f1-5c0839ec82d5,2442592,bce49a0c-22e9-5cbe-80d4-e53e6f0268ea,1000,FCM,569,FCK,2,625.84,3388.04,57,55,609108,O. Diao,count,defensive_third,defensive_third,left_channel,-19.39,-22.02,-19.96,-8.53,-19.39,-22.02,-19.96,-8.53,pass,reception,,context event,FCM context event at minute 57.,Executive Match Overview,pitch scatter map,low,false,false,false,false,4570,0,
8cfdb681-32cf-4ebf-81f1-5c0839ec82d5,2442592,c2db54ec-a5cc-50e3-8074-30e38d85f32c,1000,FCM,569,FCK,2,632.2,3394.4,57,55,474838,E. Martinez,count,middle_third,middle_third,central_channel,-9.41,-1.54,-5.62,-22.33,-9.41,-1.54,-5.62,-22.33,pass,reception,,context event,FCM context event at minute 57.,Executive Match Overview,pitch scatter map,low,false,false,false,false,4574,0,
8cfdb681-32cf-4ebf-81f1-5c0839ec82d5,2442592,b17d3b92-9089-5330-ae5f-41baa40c3443,1000,FCM,569,FCK,2,633.96,3396.16,57,55,120721,K. Mbabu,count,middle_third,middle_third,left_channel,8.75,-20.5,51.8,-25.52,8.75,-20.5,51.8,-25.52,run_start_loc,,,final-third entry,FCM final-third entry at minute 57.,Territory & Control,pitch scatter map,medium,false,true,false,false,4577,0.05,
8cfdb681-32cf-4ebf-81f1-5c0839ec82d5,2442592,daafe009-8b15-55e7-bde7-4ec6eeb85932,1000,FCM,569,FCK,2,635.68,3397.88,57,55,,,count,middle_third,middle_third,central_channel,-0.26,-9.03,30.78,-3.93,-0.26,-9.03,30.78,-3.93,loss,,progression,final-third entry,FCM final-third entry at minute 57.,Defensive Behaviour & Transitions,pitch scatter map,high,false,true,false,false,4583,0.05,
8cfdb681-32cf-4ebf-81f1-5c0839ec82d5,2442592,6927ea06-f4ff-5f41-a2a5-045d140aac9d,1000,FCM,569,FCK,2,635.76,3397.96,57,55,609108,O. Diao,count,middle_third,middle_third,left_channel,-2.45,-29.58,26.81,-21.77,-2.45,-29.58,26.81,-21.77,pass,reception,,final-third entry,FCM final-third entry at minute 57.,Territory & Control,pitch scatter map,medium,false,true,true,false,4584,0.05,
8cfdb681-32cf-4ebf-81f1-5c0839ec82d5,2442592,00696e25-2668-5f31-9bd8-27b262b439ec,1000,FCM,569,FCK,2,637.6,3399.8,57,55,551144,Franculino Dju,count,attacking_third,attacking_third,central_channel,30.66,-3.89,30.78,-3.93,30.66,-3.89,30.78,-3.93,incomplete_pass,incomplete_pass,,final-third entry,FCM final-third entry at minute 57.,Territory & Control,pitch scatter map,medium,false,false,false,false,4586,0,0
8cfdb681-32cf-4ebf-81f1-5c0839ec82d5,2442592,05fec3e0-691b-5a6f-bbd5-3776fdfeb59f,1000,FCM,569,FCK,2,637.64,3399.84,57,55,551144,Franculino Dju,count,attacking_third,attacking_third,left_channel,26.92,-21.83,45.82,-26.47,26.92,-21.83,45.82,-26.47,pass,interception,,final-third entry,FCM final-third entry at minute 57.,Territory & Control,pitch scatter map,medium,false,false,false,false,4588,0,
8cfdb681-32cf-4ebf-81f1-5c0839ec82d5,2442592,21d57fdd-8d0e-593e-95f8-67d914531323,1000,FCM,569,FCK,2,638.48,3400.68,57,55,,,count,attacking_third,attacking_third,left_channel,34.55,-22.11,45.98,-25.96,34.55,-22.11,45.98,-25.96,start_loc,,,final-third entry,FCM final-third entry at minute 57.,Territory & Control,pitch scatter map,medium,false,false,false,false,4591,0,
8cfdb681-32cf-4ebf-81f1-5c0839ec82d5,2442592,a7660a13-9972-5a78-8617-e81be2049621,569,FCK,1000,FCM,2,640.08,3402.28,57,55,,,count,defensive_third,defensive_third,central_channel,50.76,-6.74,51.81,-6.81,-50.76,-6.74,-51.81,-6.81,loss,,interrupt,turnover / loss,FCK turnover / loss at minute 57.,Defensive Behaviour & Transitions,pitch scatter map,high,false,false,false,false,4598,0,
8cfdb681-32cf-4ebf-81f1-5c0839ec82d5,2442592,897031cf-f87c-5001-a31e-5975ab27dda4,1000,FCM,569,FCK,2,665.16,3427.36,58,55,533646,D. Osorio,count,attacking_third,attacking_third,central_channel,58.35,-11.5,58.35,-11.5,58.35,-11.5,58.35,-11.5,incomplete_pass,incomplete_pass,,box involvement,FCM box involvement at minute 58.,Chance Creation & Final Third,pitch scatter map,high,true,false,false,false,4604,0,0
8cfdb681-32cf-4ebf-81f1-5c0839ec82d5,2442592,ab3cd098-a30b-57c8-9361-565ef50c4339,1000,FCM,569,FCK,2,665.16,3427.36,58,55,,,count,attacking_third,attacking_third,central_channel,58.35,-11.5,56.82,-0.75,58.35,-11.5,56.82,-0.75,loss,,attacking,box involvement,FCM box involvement at minute 58.,Chance Creation & Final Third,pitch scatter map,high,true,false,false,false,4606,0,
8cfdb681-32cf-4ebf-81f1-5c0839ec82d5,2442592,de3e7fe6-0abf-5a03-b2ff-e1c571d9c4ac,1000,FCM,569,FCK,2,665.16,3427.36,58,55,533646,D. Osorio,count,attacking_third,attacking_third,left_channel,53.21,-32.98,50.74,-8.25,53.21,-32.98,50.74,-8.25,pass,interception,,box involvement,FCM box involvement at minute 58.,Chance Creation & Final Third,pitch scatter map,high,true,false,false,false,4607,0.1,
8cfdb681-32cf-4ebf-81f1-5c0839ec82d5,2442592,ddffe170-0645-57e7-bb15-3a418874b95e,569,FCK,1000,FCM,2,665.16,3427.36,58,55,,,count,defensive_third,defensive_third,central_channel,58.35,-11.5,56.82,-0.75,-58.35,-11.5,-56.82,-0.75,start_loc,,organisation,context event,FCK context event at minute 58.,Executive Match Overview,pitch scatter map,low,false,false,false,true,4608,0,0
8cfdb681-32cf-4ebf-81f1-5c0839ec82d5,2442592,fec01dce-8ebd-5e75-bb54-9fdd20cb45d6,1000,FCM,569,FCK,2,665.16,3427.36,58,55,,,count,attacking_third,attacking_third,left_channel,53.21,-32.98,51.76,-17.15,53.21,-32.98,51.76,-17.15,out,out,corner_kick,box involvement,FCM box involvement at minute 58.,Chance Creation & Final Third,pitch scatter map,high,true,false,false,false,4609,0.1,0
8cfdb681-32cf-4ebf-81f1-5c0839ec82d5,2442592,36bfd05a-95ee-5456-a3c5-7dbea6cbed06,569,FCK,1000,FCM,2,666.52,3428.72,58,55,,,count,defensive_third,defensive_third,central_channel,55.88,5.91,55.94,5.9,-55.88,5.91,-55.94,5.9,loss,,interrupt,turnover / loss,FCK turnover / loss at minute 58.,Defensive Behaviour & Transitions,pitch scatter map,high,false,false,false,false,4614,0,
8cfdb681-32cf-4ebf-81f1-5c0839ec82d5,2442592,3e7e90bb-357b-5538-befb-d7298eebd9cb,1000,FCM,569,FCK,2,682.56,3444.76,58,55,,,count,attacking_third,attacking_third,central_channel,59.43,-12.7,57.09,2.1,59.43,-12.7,57.09,2.1,loss,,crossing,box involvement,FCM box involvement at minute 58.,Chance Creation & Final Third,pitch scatter map,high,true,false,false,false,4620,0,
8cfdb681-32cf-4ebf-81f1-5c0839ec82d5,2442592,a08156da-07f1-5f7e-94bb-a42a2df812a4,569,FCK,1000,FCM,2,682.56,3444.76,58,55,,,count,defensive_third,defensive_third,central_channel,59.43,-12.7,57.09,2.1,-59.43,-12.7,-57.09,2.1,start_loc,,organisation,context event,FCK context event at minute 58.,Executive Match Overview,pitch scatter map,low,false,false,false,true,4621,0,0
8cfdb681-32cf-4ebf-81f1-5c0839ec82d5,2442592,a5232558-9124-56bd-87f5-6a4f9df7b300,1000,FCM,569,FCK,2,682.56,3444.76,58,55,,,count,attacking_third,attacking_third,left_channel,54.24,-34.74,52.01,-12.95,54.24,-34.74,52.01,-12.95,out,out,corner_kick,box involvement,FCM box involvement at minute 58.,Chance Creation & Final Third,pitch scatter map,high,true,false,false,false,4622,0.1,0
8cfdb681-32cf-4ebf-81f1-5c0839ec82d5,2442592,c71e745b-7ccf-52a3-9ef5-69f56e70e682,1000,FCM,569,FCK,2,682.56,3444.76,58,55,533646,D. Osorio,count,attacking_third,attacking_third,central_channel,59.43,-12.7,59.43,-12.7,59.43,-12.7,59.43,-12.7,incomplete_pass,incomplete_pass,,box involvement,FCM box involvement at minute 58.,Chance Creation & Final Third,pitch scatter map,high,true,false,false,false,4624,0,0
8cfdb681-32cf-4ebf-81f1-5c0839ec82d5,2442592,322e15dd-0deb-5762-91c0-35499490d356,1000,FCM,569,FCK,2,682.56,3444.76,58,55,533646,D. Osorio,count,attacking_third,attacking_third,left_channel,54.24,-34.74,51.37,-6.73,54.24,-34.74,51.37,-6.73,pass,interception,,box involvement,FCM box involvement at minute 58.,Chance Creation & Final Third,pitch scatter map,high,true,false,false,false,4625,0.1,
8cfdb681-32cf-4ebf-81f1-5c0839ec82d5,2442592,2d9a682f-2310-5a36-9771-c5eaa523dcf1,569,FCK,1000,FCM,2,700.88,3463.08,58,55,,,count,attacking_third,attacking_third,central_channel,-46.93,-0.68,4.23,-31.4,46.93,-0.68,-4.23,-31.4,out,out,goal_kick,box involvement,FCK box involvement at minute 58.,Chance Creation & Final Third,pitch scatter map,high,true,false,false,false,4638,0,0
8cfdb681-32cf-4ebf-81f1-5c0839ec82d5,2442592,333e2699-4c99-5f01-b4f5-f1873d7ba262,1000,FCM,569,FCK,2,700.88,3463.08,58,55,,,count,attacking_third,attacking_third,central_channel,51.76,11.36,-1.89,32.22,51.76,11.36,-1.89,32.22,start_loc,,organisation,box involvement,FCM box involvement at minute 58.,Chance Creation & Final Third,pitch scatter map,high,true,false,false,false,4639,0,0
8cfdb681-32cf-4ebf-81f1-5c0839ec82d5,2442592,72f35478-8b87-581e-ab59-7683dcebd09c,569,FCK,1000,FCM,2,700.88,3463.08,58,55,232398,N. Trott,count,attacking_third,attacking_third,central_channel,-46.93,-0.68,-40.99,20.41,46.93,-0.68,40.99,20.41,pass,reception,,box involvement,FCK box involvement at minute 58.,Chance Creation & Final Third,pitch scatter map,high,true,false,false,false,4641,0,
8cfdb681-32cf-4ebf-81f1-5c0839ec82d5,2442592,9d5378e0-0e25-51b6-8438-db555af2bc51,569,FCK,1000,FCM,2,700.88,3463.08,58,55,,,count,attacking_third,attacking_third,central_channel,-27.6,-1.42,-29.33,21.96,27.6,-1.42,29.33,21.96,completed_pass,completed_pass,,final-third entry,FCK final-third entry at minute 58.,Territory & Control,pitch scatter map,medium,false,false,false,false,4642,0,
8cfdb681-32cf-4ebf-81f1-5c0839ec82d5,2442592,d2afaa00-cf96-513f-848d-cb079fdd415d,569,FCK,1000,FCM,2,701.84,3464.04,58,55,,,count,attacking_third,attacking_third,central_channel,-33.87,6.54,-37.78,23.08,33.87,6.54,37.78,23.08,completed_pass,completed_pass,,final-third entry,FCK final-third entry at minute 58.,Territory & Control,pitch scatter map,medium,false,false,false,false,4644,0,
8cfdb681-32cf-4ebf-81f1-5c0839ec82d5,2442592,90986c5a-23ef-5b6c-8524-a5a80ea22c07,569,FCK,1000,FCM,2,705.16,3467.36,58,55,,,count,attacking_third,attacking_third,right_channel,-26.95,22.93,-27.92,29.41,26.95,22.93,27.92,29.41,completed_pass,completed_pass,,final-third entry,FCK final-third entry at minute 58.,Territory & Control,pitch scatter map,medium,false,false,false,false,4648,0,
8cfdb681-32cf-4ebf-81f1-5c0839ec82d5,2442592,2e1bac74-b0be-5fdb-842f-1140b4428780,569,FCK,1000,FCM,2,705.56,3467.76,58,55,220246,P. Hatzidiakos,count,attacking_third,attacking_third,right_channel,-39.97,21.39,-30.85,31.97,39.97,21.39,30.85,31.97,pass,reception,,final-third entry,FCK final-third entry at minute 58.,Territory & Control,pitch scatter map,medium,false,false,false,false,4649,0,
8cfdb681-32cf-4ebf-81f1-5c0839ec82d5,2442592,a50f034a-683d-560a-877f-c7021b581506,569,FCK,1000,FCM,2,705.88,3468.08,58,55,,,count,defensive_third,defensive_third,central_channel,41.14,-6.13,-1.89,32.22,-41.14,-6.13,1.89,32.22,loss,,progression,turnover / loss,FCK turnover / loss at minute 58.,Defensive Behaviour & Transitions,pitch scatter map,high,false,false,false,false,4650,0.02,
8cfdb681-32cf-4ebf-81f1-5c0839ec82d5,2442592,c1002b70-3355-5f80-9108-57fa82e04e53,569,FCK,1000,FCM,2,706.52,3468.72,58,55,193228,K. Diks,count,attacking_third,attacking_third,right_channel,-30.81,31.93,-0.9,20.36,30.81,31.93,0.9,20.36,pass,reception,,context event,FCK context event at minute 58.,Territory & Control,pitch scatter map,low,false,false,false,false,4653,0,
8cfdb681-32cf-4ebf-81f1-5c0839ec82d5,2442592,853c0144-57a6-56e4-a6b4-8b1c298b1322,569,FCK,1000,FCM,2,709,3471.2,58,55,457214,G. Onugkha,count,middle_third,middle_third,central_channel,3.49,-2.93,3.57,-3.02,-3.49,-2.93,-3.57,-3.02,loss,ball_lost,,turnover / loss,FCK turnover / loss at minute 58.,Defensive Behaviour & Transitions,pitch scatter map,high,false,false,false,false,4657,0,0
8cfdb681-32cf-4ebf-81f1-5c0839ec82d5,2442592,8be0d98f-edd5-56b3-b2c1-c7efc494cc28,1000,FCM,569,FCK,2,710.52,3472.72,58,55,,,count,middle_third,middle_third,central_channel,-3.11,-0.47,-3.02,-0.62,-3.11,-0.47,-3.02,-0.62,loss,,interrupt,turnover / loss,FCM turnover / loss at minute 58.,Defensive Behaviour & Transitions,pitch scatter map,high,false,false,false,false,4660,0,
8cfdb681-32cf-4ebf-81f1-5c0839ec82d5,2442592,1f06518d-c38a-5bd7-9769-f694e9392755,1000,FCM,569,FCK,2,710.6,3472.8,58,55,228044,M. Bech,count,middle_third,middle_third,left_channel,-5.31,-16.96,21.95,-19.01,-5.31,-16.96,21.95,-19.01,pass,interception,,final-third entry,FCM final-third entry at minute 58.,Territory & Control,pitch scatter map,medium,false,true,false,false,4662,0.05,
8cfdb681-32cf-4ebf-81f1-5c0839ec82d5,2442592,145c2895-e66b-5d22-83fb-3144a0ea2da5,569,FCK,1000,FCM,2,712.92,3475.12,58,55,220246,P. Hatzidiakos,count,attacking_third,attacking_third,right_channel,-24.74,16.74,-2.92,29.33,24.74,16.74,2.92,29.33,pass,reception,,context event,FCK context event at minute 58.,Territory & Control,pitch scatter map,low,false,false,false,false,4666,0,
8cfdb681-32cf-4ebf-81f1-5c0839ec82d5,2442592,2a6f701f-2b9f-5ff6-b5a9-7f31c0979cb1,569,FCK,1000,FCM,2,717.36,3479.56,58,55,546545,E. Achouri,count,middle_third,middle_third,right_channel,-7.17,29.25,-18.41,31.47,7.17,29.25,18.41,31.47,pass,reception,,progressive action,FCK progressive action at minute 58.,Territory & Control,pitch scatter map,medium,false,false,true,false,4674,0,
8cfdb681-32cf-4ebf-81f1-5c0839ec82d5,2442592,c7687c32-dc82-52db-b4b7-c948aa7f9795,569,FCK,1000,FCM,2,717.68,3479.88,58,55,,,count,middle_third,middle_third,right_channel,-8.36,29.37,-21.25,29.38,8.36,29.37,21.25,29.38,completed_pass,completed_pass,,final-third entry,FCK final-third entry at minute 58.,Territory & Control,pitch scatter map,medium,false,true,true,false,4675,0.05,
8cfdb681-32cf-4ebf-81f1-5c0839ec82d5,2442592,aacef226-e210-588f-a172-d47a57496e82,569,FCK,1000,FCM,2,719.92,3482.12,59,55,193228,K. Diks,count,attacking_third,attacking_third,right_channel,-20.86,31.7,-1.36,-27.45,20.86,31.7,1.36,-27.45,pass,reception,,context event,FCK context event at minute 59.,Territory & Control,pitch scatter map,low,false,false,false,false,4679,0,
8cfdb681-32cf-4ebf-81f1-5c0839ec82d5,2442592,4106bde4-7b7a-5c13-b83b-b8d0c9f975cc,569,FCK,1000,FCM,2,724.24,3486.44,59,55,512627,G. Gocholeishvili,count,middle_third,middle_third,right_channel,3.97,29.54,-1.89,32.22,-3.97,29.54,1.89,32.22,loss,ball_lost,,turnover / loss,FCK turnover / loss at minute 59.,Defensive Behaviour & Transitions,pitch scatter map,high,false,false,false,false,4687,0,0
8cfdb681-32cf-4ebf-81f1-5c0839ec82d5,2442592,363bb9de-60e1-5686-b87a-3cbb9978a1c0,569,FCK,1000,FCM,2,745.96,3508.16,59,55,,,count,defensive_third,defensive_third,left_channel,22.71,-34.18,41.75,-6.88,-22.71,-34.18,-41.75,-6.88,shot,offside,throw_in,shot attempt,FCK shot attempt at minute 59.,Chance Creation & Final Third,pitch scatter map,high,false,false,false,false,4696,0.0986,0.0986
8cfdb681-32cf-4ebf-81f1-5c0839ec82d5,2442592,4f659700-6024-5370-bb06-57db03775f4b,569,FCK,1000,FCM,2,745.96,3508.16,59,55,512627,G. Gocholeishvili,count,defensive_third,defensive_third,left_channel,22.71,-34.18,23.57,-12.75,-22.71,-34.18,-23.57,-12.75,pass,shot,,context event,FCK context event at minute 59.,Executive Match Overview,pitch scatter map,low,false,false,false,false,4697,0,
8cfdb681-32cf-4ebf-81f1-5c0839ec82d5,2442592,d111795f-b837-5c8a-9528-e7e928ccbe23,569,FCK,1000,FCM,2,745.96,3508.16,59,55,512627,G. Gocholeishvili,count,attacking_third,attacking_third,right_channel,-21.27,34.11,-21.27,34.11,21.27,34.11,21.27,34.11,square,square,,final-third entry,FCK final-third entry at minute 59.,Territory & Control,pitch scatter map,medium,false,false,false,false,4699,0,0
8cfdb681-32cf-4ebf-81f1-5c0839ec82d5,2442592,d282fe4a-cd3c-55a2-9e14-94a1c775d93d,569,FCK,1000,FCM,2,745.96,3508.16,59,55,,,count,attacking_third,attacking_third,right_channel,-21.27,34.11,-34.37,13.65,21.27,34.11,34.37,13.65,progression,,progression,final-third entry,FCK final-third entry at minute 59.,Territory & Control,pitch scatter map,medium,false,false,false,false,4700,0,
8cfdb681-32cf-4ebf-81f1-5c0839ec82d5,2442592,95729058-d542-57b0-800d-5589a7aa1a05,569,FCK,1000,FCM,2,749.96,3512.16,59,55,96787,M. Elyounoussi,count,attacking_third,attacking_third,right_channel,-27.02,25.97,-26.94,25.87,27.02,25.97,26.94,25.87,forward,forward,,final-third entry,FCK final-third entry at minute 59.,Territory & Control,pitch scatter map,medium,false,false,false,false,4705,0,0
8cfdb681-32cf-4ebf-81f1-5c0839ec82d5,2442592,78bbf4f2-0219-5a87-ac15-f1245a033255,569,FCK,1000,FCM,2,750,3512.2,59,55,96787,M. Elyounoussi,count,defensive_third,defensive_third,left_channel,28.12,-22.05,36.68,-7.02,-28.12,-22.05,-36.68,-7.02,pass,shot,,context event,FCK context event at minute 59.,Executive Match Overview,pitch scatter map,low,false,false,false,false,4706,0,
8cfdb681-32cf-4ebf-81f1-5c0839ec82d5,2442592,8b1a88e2-b739-5f02-9c10-75587c645d57,569,FCK,1000,FCM,2,752.64,3514.84,59,55,546545,E. Achouri,count,attacking_third,attacking_third,central_channel,-33.24,13.3,-34.37,13.65,33.24,13.3,34.37,13.65,forward,forward,,final-third entry,FCK final-third entry at minute 59.,Territory & Control,pitch scatter map,medium,false,false,false,false,4714,0,0
8cfdb681-32cf-4ebf-81f1-5c0839ec82d5,2442592,2c142187-d5ba-5a24-a57f-eb725f6fc49f,569,FCK,1000,FCM,2,753.52,3515.72,59,55,546545,E. Achouri,count,defensive_third,defensive_third,central_channel,35.21,-4.06,41.19,-6.78,-35.21,-4.06,-41.19,-6.78,pass,shot,,context event,FCK context event at minute 59.,Executive Match Overview,pitch scatter map,low,false,false,false,false,4716,0,
8cfdb681-32cf-4ebf-81f1-5c0839ec82d5,2442592,358fffb9-5b81-5a41-970e-12bc04d8e367,569,FCK,1000,FCM,2,753.96,3516.16,59,55,,,count,attacking_third,attacking_third,right_channel,-37.03,14.43,-41.23,15.57,37.03,14.43,41.23,15.57,loss,,attacking,box involvement,FCK box involvement at minute 59.,Chance Creation & Final Third,pitch scatter map,high,true,false,false,false,4717,0.1,
8cfdb681-32cf-4ebf-81f1-5c0839ec82d5,2442592,7a377c94-de0c-5013-a879-3bac9a1d3dec,569,FCK,1000,FCM,2,754.56,3516.76,59,55,457214,G. Onugkha,count,attacking_third,attacking_third,right_channel,-40.65,15.5,-41.23,15.57,40.65,15.5,41.23,15.57,shot,shot,,shot attempt,FCK shot attempt at minute 59.,Chance Creation & Final Third,pitch scatter map,high,true,false,false,false,4718,0,0.0986
8cfdb681-32cf-4ebf-81f1-5c0839ec82d5,2442592,837bfde1-8a9d-5b68-88c8-ae22dba1fd08,569,FCK,1000,FCM,2,754.72,3516.92,59,55,457214,G. Onugkha,count,defensive_third,defensive_third,central_channel,41.75,-6.88,44.29,-6.24,-41.75,-6.88,-44.29,-6.24,shot,off_target,,shot attempt,FCK shot attempt at minute 59.,Chance Creation & Final Third,pitch scatter map,high,false,false,false,false,4720,0.0986,0.0986
8cfdb681-32cf-4ebf-81f1-5c0839ec82d5,2442592,836fe5c2-1962-56ba-9ec0-2546139cb100,569,FCK,1000,FCM,2,887.4,3649.6,61,60,,,count,attacking_third,attacking_third,central_channel,-41.28,12.28,-3.11,-0.33,41.28,12.28,3.11,-0.33,start_loc,,organisation,box involvement,FCK box involvement at minute 61.,Chance Creation & Final Third,pitch scatter map,high,true,false,false,false,4731,0,0
8cfdb681-32cf-4ebf-81f1-5c0839ec82d5,2442592,b74d6a6d-cf6d-568a-8f33-1b92dc88ce07,1000,FCM,569,FCK,2,887.4,3649.6,61,60,,,count,defensive_third,defensive_third,central_channel,-41.8,2.04,5.27,-18.55,-41.8,2.04,5.27,-18.55,recovery,turnover,free_kick,ball recovery,FCM ball recovery at minute 61.,Defensive Behaviour & Transitions,pitch scatter map,high,false,false,false,false,4732,0.02,0
8cfdb681-32cf-4ebf-81f1-5c0839ec82d5,2442592,afaabfb4-048d-5aea-8b1d-5fe940457e4e,1000,FCM,569,FCK,2,887.4,3649.6,61,60,430901,E. Olafsson,count,defensive_third,defensive_third,central_channel,-41.8,2.04,7.94,-20,-41.8,2.04,7.94,-20,pass,interception,,context event,FCM context event at minute 61.,Executive Match Overview,pitch scatter map,medium,false,false,false,false,4734,0.02,
8cfdb681-32cf-4ebf-81f1-5c0839ec82d5,2442592,eaa5b1b9-2849-57b4-9c98-d12eb93c977a,569,FCK,1000,FCM,2,891.24,3653.44,61,60,68640,T. Delaney,count,middle_third,middle_third,right_channel,-7.77,19.64,-0.68,11.28,7.77,19.64,0.68,11.28,pass,interception,,context event,FCK context event at minute 61.,Executive Match Overview,pitch scatter map,medium,false,false,false,false,4742,0,
8cfdb681-32cf-4ebf-81f1-5c0839ec82d5,2442592,21d07b84-a666-510d-a071-b24fef28ae2d,1000,FCM,569,FCK,2,893.48,3655.68,61,60,228044,M. Bech,count,middle_third,middle_third,central_channel,-3.27,-7.99,5.33,-11.08,-3.27,-7.99,5.33,-11.08,pass,interception,,context event,FCM context event at minute 61.,Executive Match Overview,pitch scatter map,medium,false,false,false,false,4746,0,
8cfdb681-32cf-4ebf-81f1-5c0839ec82d5,2442592,28505616-1bc4-5372-a18a-2deab18a8c96,569,FCK,1000,FCM,2,895.16,3657.36,61,60,68640,T. Delaney,count,middle_third,middle_third,right_channel,-9.85,13.67,5.98,17.69,9.85,13.67,-5.98,17.69,pass,interception,,context event,FCK context event at minute 61.,Executive Match Overview,pitch scatter map,medium,false,false,false,false,4749,0,
8cfdb681-32cf-4ebf-81f1-5c0839ec82d5,2442592,f95ae938-a92b-50f1-b901-bb5e77fcdbff,1000,FCM,569,FCK,2,896.96,3659.16,61,60,609108,O. Diao,count,middle_third,middle_third,left_channel,-5.4,-16.53,51.02,12.7,-5.4,-16.53,51.02,12.7,pass,out,,box involvement,FCM box involvement at minute 61.,Chance Creation & Final Third,pitch scatter map,high,true,true,false,false,4753,0.15,
8cfdb681-32cf-4ebf-81f1-5c0839ec82d5,2442592,f0e4ad66-d851-5afe-b3a8-a754d99d3ea2,1000,FCM,569,FCK,2,905.4,3667.6,62,60,,,count,attacking_third,attacking_third,right_channel,42.31,19.91,44.52,21.81,42.31,19.91,44.52,21.81,attacking,,attacking,box involvement,FCM box involvement at minute 62.,Chance Creation & Final Third,pitch scatter map,high,true,false,false,false,4768,0,
8cfdb681-32cf-4ebf-81f1-5c0839ec82d5,2442592,295e9aad-9df7-553e-9c08-0cafef689d69,569,FCK,1000,FCM,2,931.32,3693.52,62,60,,,count,defensive_third,defensive_third,right_channel,57.85,33.29,57.85,33.29,-57.85,33.29,-57.85,33.29,start_loc,,organisation,context event,FCK context event at minute 62.,Executive Match Overview,pitch scatter map,low,false,false,false,true,4770,0,0
8cfdb681-32cf-4ebf-81f1-5c0839ec82d5,2442592,7dcb79d3-c93d-5758-b334-22981dd8acbb,1000,FCM,569,FCK,2,931.32,3693.52,62,60,,,count,attacking_third,attacking_third,right_channel,52.74,32.98,52.74,32.98,52.74,32.98,52.74,32.98,foul,foul,corner_kick,final-third entry,FCM final-third entry at minute 62.,Territory & Control,pitch scatter map,medium,false,false,false,false,4771,0,0
8cfdb681-32cf-4ebf-81f1-5c0839ec82d5,2442592,9ec951d4-c2bb-587d-834f-1c43b22a6aeb,1000,FCM,569,FCK,2,931.32,3693.52,62,60,477672,A. Simsir,count,attacking_third,attacking_third,right_channel,57.85,33.29,57.85,33.29,57.85,33.29,57.85,33.29,incomplete_pass,incomplete_pass,,final-third entry,FCM final-third entry at minute 62.,Territory & Control,pitch scatter map,medium,false,false,false,false,4772,0,0
8cfdb681-32cf-4ebf-81f1-5c0839ec82d5,2442592,0f827c79-a24e-51a5-a2ef-e986b2fc90dc,1000,FCM,569,FCK,2,931.32,3693.52,62,60,477672,A. Simsir,count,attacking_third,attacking_third,right_channel,52.74,32.98,46.93,1.87,52.74,32.98,46.93,1.87,pass,other,,box involvement,FCM box involvement at minute 62.,Chance Creation & Final Third,pitch scatter map,high,true,false,false,false,4773,0.1,
8cfdb681-32cf-4ebf-81f1-5c0839ec82d5,2442592,fba95793-3e2c-56a6-889f-61ef101c0bc2,1000,FCM,569,FCK,2,931.32,3693.52,62,60,,,count,attacking_third,attacking_third,right_channel,57.85,33.29,57.85,33.29,57.85,33.29,57.85,33.29,loss,,crossing,final-third entry,FCM final-third entry at minute 62.,Defensive Behaviour & Transitions,pitch scatter map,high,false,false,false,false,4774,0,
8cfdb681-32cf-4ebf-81f1-5c0839ec82d5,2442592,df1c03d9-a9bb-53ab-a279-e231e110b801,569,FCK,1000,FCM,2,979.08,3741.28,63,60,232398,N. Trott,count,attacking_third,attacking_third,central_channel,-46.54,4.65,-43.92,-10.08,46.54,4.65,43.92,-10.08,pass,reception,,box involvement,FCK box involvement at minute 63.,Chance Creation & Final Third,pitch scatter map,high,true,false,false,false,4783,0,
8cfdb681-32cf-4ebf-81f1-5c0839ec82d5,2442592,24cbf896-0ed5-59f9-bdf9-a293e21d5d9d,569,FCK,1000,FCM,2,979.08,3741.28,63,60,,,count,attacking_third,attacking_third,central_channel,-46.54,4.65,-30.58,-31.73,46.54,4.65,30.58,-31.73,out,out,free_kick,box involvement,FCK box involvement at minute 63.,Chance Creation & Final Third,pitch scatter map,high,true,false,false,false,4784,0,0
8cfdb681-32cf-4ebf-81f1-5c0839ec82d5,2442592,db5b2828-7513-5593-baee-4e02e646bf66,569,FCK,1000,FCM,2,979.08,3741.28,63,60,,,count,defensive_third,defensive_third,central_channel,51.35,7.74,34.62,32.44,-51.35,7.74,-34.62,32.44,loss,,maintenance,turnover / loss,FCK turnover / loss at minute 63.,Defensive Behaviour & Transitions,pitch scatter map,high,false,false,false,false,4786,0,
8cfdb681-32cf-4ebf-81f1-5c0839ec82d5,2442592,ea097b0a-6e86-55a6-921e-4c0046124718,1000,FCM,569,FCK,2,979.08,3741.28,63,60,,,count,attacking_third,attacking_third,central_channel,51.35,7.74,34.62,32.44,51.35,7.74,34.62,32.44,start_loc,,organisation,box involvement,FCM box involvement at minute 63.,Chance Creation & Final Third,pitch scatter map,high,true,false,false,false,4787,0,0
8cfdb681-32cf-4ebf-81f1-5c0839ec82d5,2442592,ef81757f-be87-56e5-a64b-8fea0992c945,569,FCK,1000,FCM,2,979.76,3741.96,63,60,,,count,attacking_third,attacking_third,central_channel,-33.69,-3.15,-36.65,-18.17,33.69,-3.15,36.65,-18.17,completed_pass,completed_pass,,final-third entry,FCK final-third entry at minute 63.,Territory & Control,pitch scatter map,medium,false,false,false,false,4788,0,
8cfdb681-32cf-4ebf-81f1-5c0839ec82d5,2442592,ea83e6c1-f9a4-5ed2-807c-d1c07ad95756,569,FCK,1000,FCM,2,982.68,3744.88,63,60,,,count,attacking_third,attacking_third,left_channel,-25.53,-20.13,-29.45,-32.56,25.53,-20.13,29.45,-32.56,incomplete_pass,incomplete_pass,,final-third entry,FCK final-third entry at minute 63.,Territory & Control,pitch scatter map,medium,false,false,false,false,4793,0,
8cfdb681-32cf-4ebf-81f1-5c0839ec82d5,2442592,1758cb57-c5e3-5fb9-bdd0-07e7244f8e68,569,FCK,1000,FCM,2,982.88,3745.08,63,60,475413,Gabriel Pereira,count,attacking_third,attacking_third,left_channel,-39.31,-16.67,-34.77,-30,39.31,-16.67,34.77,-30,pass,reception,,final-third entry,FCK final-third entry at minute 63.,Territory & Control,pitch scatter map,medium,false,false,false,false,4794,0,
8cfdb681-32cf-4ebf-81f1-5c0839ec82d5,2442592,96a3e2f6-f24b-59be-ae60-3a495e0e816e,1000,FCM,569,FCK,2,985.92,3748.12,63,60,,,count,attacking_third,attacking_third,right_channel,34.62,32.44,33.27,32.98,34.62,32.44,33.27,32.98,loss,,interrupt,final-third entry,FCM final-third entry at minute 63.,Defensive Behaviour & Transitions,pitch scatter map,high,false,false,false,false,4800,0,
8cfdb681-32cf-4ebf-81f1-5c0839ec82d5,2442592,ab956f0c-ae8e-57dd-b773-4b098da7d59a,569,FCK,1000,FCM,2,985.92,3748.12,63,60,512627,G. Gocholeishvili,count,attacking_third,attacking_third,left_channel,-30.58,-31.73,-28.51,-21.5,30.58,-31.73,28.51,-21.5,pass,out,,final-third entry,FCK final-third entry at minute 63.,Territory & Control,pitch scatter map,medium,false,false,false,false,4802,0,
8cfdb681-32cf-4ebf-81f1-5c0839ec82d5,2442592,ab956f0c-ae8e-57dd-b773-4b098da7d59a,569,FCK,1000,FCM,2,985.92,3748.12,63,60,512627,G. Gocholeishvili,count,attacking_third,attacking_third,left_channel,-30.58,-31.73,-28.51,-21.5,30.58,-31.73,28.51,-21.5,pass,out,,final-third entry,FCK final-third entry at minute 63.,Territory & Control,pitch scatter map,medium,false,false,false,false,4803,0,
8cfdb681-32cf-4ebf-81f1-5c0839ec82d5,2442592,347b39c6-b953-5812-a094-8eacb4d75563,569,FCK,1000,FCM,2,993,3755.2,63,60,,,count,defensive_third,defensive_third,right_channel,22.86,34.35,-37.1,7.1,-22.86,34.35,37.1,7.1,loss,,progression,final-third entry,FCK final-third entry at minute 63.,Defensive Behaviour & Transitions,pitch scatter map,high,false,true,false,false,4806,0.07,
8cfdb681-32cf-4ebf-81f1-5c0839ec82d5,2442592,067af0a3-65b6-530e-92c1-74b4183c7ef0,569,FCK,1000,FCM,2,993,3755.2,63,60,512627,G. Gocholeishvili,count,attacking_third,attacking_third,left_channel,-19.37,-34.54,-18.48,-14.94,19.37,-34.54,18.48,-14.94,pass,reception,,context event,FCK context event at minute 63.,Territory & Control,pitch scatter map,low,false,false,false,false,4807,0,
8cfdb681-32cf-4ebf-81f1-5c0839ec82d5,2442592,6512eef1-c610-5fc9-83ed-05b51dd1279f,1000,FCM,569,FCK,2,993,3755.2,63,60,,,count,attacking_third,attacking_third,right_channel,22.86,34.35,-37.1,7.1,22.86,34.35,-37.1,7.1,start_loc,,organisation,context event,FCM context event at minute 63.,Territory & Control,pitch scatter map,low,false,false,false,false,4808,0,0
8cfdb681-32cf-4ebf-81f1-5c0839ec82d5,2442592,ce017ae2-f76f-5d68-b7d7-baab7e0362f4,569,FCK,1000,FCM,2,993,3755.2,63,60,,,count,attacking_third,attacking_third,left_channel,-19.37,-34.54,37.81,5.59,19.37,-34.54,-37.81,5.59,recovery,turnover,throw_in,ball recovery,FCK ball recovery at minute 63.,Defensive Behaviour & Transitions,pitch scatter map,high,false,false,false,false,4810,0,0
8cfdb681-32cf-4ebf-81f1-5c0839ec82d5,2442592,88c18462-d539-5ed7-a969-af5e6da87cd3,569,FCK,1000,FCM,2,995.64,3757.84,63,60,68640,T. Delaney,count,middle_third,middle_third,central_channel,-18.12,-11.61,-4.44,19.15,18.12,-11.61,4.44,19.15,pass,reception,,context event,FCK context event at minute 63.,Executive Match Overview,pitch scatter map,low,false,false,false,false,4816,0,
8cfdb681-32cf-4ebf-81f1-5c0839ec82d5,2442592,6273ef6a-05a7-5d37-81cf-304e725579b3,569,FCK,1000,FCM,2,1000.36,3762.56,63,60,193228,K. Diks,count,middle_third,middle_third,right_channel,10.74,16.06,28.4,4,-10.74,16.06,-28.4,4,pass,reception,,context event,FCK context event at minute 63.,Executive Match Overview,pitch scatter map,low,false,false,false,false,4842,0,
8cfdb681-32cf-4ebf-81f1-5c0839ec82d5,2442592,ff942545-199c-5151-8914-b537546a19c0,569,FCK,1000,FCM,2,1001.72,3763.92,63,60,433957,M. Mattsson,count,attacking_third,attacking_third,central_channel,-27.23,8.18,-37.1,7.1,27.23,8.18,37.1,7.1,incomplete_pass,incomplete_pass,,final-third entry,FCK final-third entry at minute 63.,Territory & Control,pitch scatter map,medium,false,false,false,false,4849,0,0
8cfdb681-32cf-4ebf-81f1-5c0839ec82d5,2442592,51c390dd-613c-5160-b097-5624c56f74e8,569,FCK,1000,FCM,2,1004.56,3766.76,63,60,433957,M. Mattsson,count,defensive_third,defensive_third,central_channel,37.81,5.59,35.39,-0.92,-37.81,5.59,-35.39,-0.92,pass,interception,,context event,FCK context event at minute 63.,Executive Match Overview,pitch scatter map,medium,false,false,false,false,4865,0,
8cfdb681-32cf-4ebf-81f1-5c0839ec82d5,2442592,62be38b1-a637-59b3-a27f-4754cb18c4e4,1000,FCM,569,FCK,2,1005.72,3767.92,63,60,,,count,defensive_third,defensive_third,central_channel,-36.84,10.75,-22.31,16.19,-36.84,10.75,-22.31,16.19,loss,,counter_attack,turnover / loss,FCM turnover / loss at minute 63.,Defensive Behaviour & Transitions,pitch scatter map,high,false,false,false,false,4867,0,
8cfdb681-32cf-4ebf-81f1-5c0839ec82d5,2442592,b472677e-419c-598d-b8cb-08235ae84783,1000,FCM,569,FCK,2,1005.72,3767.92,63,60,,,count,defensive_third,defensive_third,central_channel,-37.56,-0.21,-23.71,7.8,-37.56,-0.21,-23.71,7.8,recovery,turnover,interception,ball recovery,FCM ball recovery at minute 63.,Defensive Behaviour & Transitions,pitch scatter map,high,false,false,false,false,4868,0,0
8cfdb681-32cf-4ebf-81f1-5c0839ec82d5,2442592,f8542dd8-0814-5232-950d-12d8cf6381fb,569,FCK,1000,FCM,2,1005.72,3767.92,63,60,,,count,attacking_third,attacking_third,central_channel,-36.84,10.75,-22.31,16.19,36.84,10.75,22.31,16.19,start_loc,,transition,final-third entry,FCK final-third entry at minute 63.,Territory & Control,pitch scatter map,medium,false,false,false,false,4870,0,0
8cfdb681-32cf-4ebf-81f1-5c0839ec82d5,2442592,c04f7c71-1068-5d84-ab59-318b4a12b330,1000,FCM,569,FCK,2,1008.16,3770.36,63,60,494784,Oliver Sorensen,count,defensive_third,defensive_third,central_channel,-23.71,7.8,11.13,25.85,-23.71,7.8,11.13,25.85,pass,interception,,context event,FCM context event at minute 63.,Executive Match Overview,pitch scatter map,medium,false,false,false,false,4876,0.02,
8cfdb681-32cf-4ebf-81f1-5c0839ec82d5,2442592,26d6cb28-dcc7-5756-ada3-da2a0275a245,569,FCK,1000,FCM,2,1010.64,3772.84,63,60,193228,K. Diks,count,middle_third,middle_third,central_channel,-2.71,5.39,-18.7,3.02,2.71,5.39,18.7,3.02,run_start_loc,,,final-third entry,FCK final-third entry at minute 63.,Territory & Control,pitch scatter map,medium,false,true,false,false,4890,0.05,
8cfdb681-32cf-4ebf-81f1-5c0839ec82d5,2442592,01de989e-94cf-5701-9bff-b54f6b0db71e,569,FCK,1000,FCM,2,1011.16,3773.36,63,60,,,count,middle_third,middle_third,left_channel,-10.11,-24.72,-4.81,-23.29,10.11,-24.72,4.81,-23.29,recovery,foul,interception,ball recovery,FCK ball recovery at minute 63.,Defensive Behaviour & Transitions,pitch scatter map,medium,false,false,false,false,4893,0,0
8cfdb681-32cf-4ebf-81f1-5c0839ec82d5,2442592,b96c8fcd-58e1-5f13-873e-605e5d246981,569,FCK,1000,FCM,2,1011.16,3773.36,63,60,,,count,middle_third,middle_third,right_channel,13.15,27.68,7.59,26.71,-13.15,27.68,-7.59,26.71,loss,,counter_attack,turnover / loss,FCK turnover / loss at minute 63.,Defensive Behaviour & Transitions,pitch scatter map,high,false,false,false,false,4897,0,
8cfdb681-32cf-4ebf-81f1-5c0839ec82d5,2442592,b0c8646b-b9ec-563c-8dd3-a53ae523228b,569,FCK,1000,FCM,2,1013.16,3775.36,63,60,475413,Gabriel Pereira,count,middle_third,middle_third,left_channel,-5.76,-29.73,17.68,-11.01,5.76,-29.73,-17.68,-11.01,pass,interception,,context event,FCK context event at minute 63.,Executive Match Overview,pitch scatter map,medium,false,false,false,false,4903,0,
8cfdb681-32cf-4ebf-81f1-5c0839ec82d5,2442592,1911e9b5-462f-52c8-94fb-8bb6cf1c482e,1000,FCM,569,FCK,2,1014.32,3776.52,63,60,228044,M. Bech,count,middle_third,middle_third,right_channel,-18.09,13.67,12.19,15.7,-18.09,13.67,12.19,15.7,pass,interception,,context event,FCM context event at minute 63.,Executive Match Overview,pitch scatter map,medium,false,false,false,false,4909,0,
8cfdb681-32cf-4ebf-81f1-5c0839ec82d5,2442592,6ad72856-08c9-53bc-894a-56ca39b50c1b,569,FCK,1000,FCM,2,1016.16,3778.36,63,60,166965,L. Lerager,count,middle_third,middle_third,left_channel,-13.47,-18.24,-9.67,-29.02,13.47,-18.24,9.67,-29.02,pass,reception,,context event,FCK context event at minute 63.,Executive Match Overview,pitch scatter map,low,false,false,false,false,4913,0,
8cfdb681-32cf-4ebf-81f1-5c0839ec82d5,2442592,51fcc42b-e65b-579e-8354-b58750daddf2,569,FCK,1000,FCM,2,1019.24,3781.44,64,60,475413,Gabriel Pereira,count,middle_third,middle_third,left_channel,-9.24,-31.23,-7.09,-25.41,9.24,-31.23,7.09,-25.41,pass,reception,,context event,FCK context event at minute 64.,Executive Match Overview,pitch scatter map,low,false,false,false,false,4916,0,
8cfdb681-32cf-4ebf-81f1-5c0839ec82d5,2442592,51fcc42b-e65b-579e-8354-b58750daddf2,569,FCK,1000,FCM,2,1019.24,3781.44,64,60,475413,Gabriel Pereira,count,middle_third,middle_third,left_channel,-9.24,-31.23,-7.09,-25.41,9.24,-31.23,7.09,-25.41,pass,reception,,context event,FCK context event at minute 64.,Executive Match Overview,pitch scatter map,low,false,false,false,false,4917,0,
8cfdb681-32cf-4ebf-81f1-5c0839ec82d5,2442592,83fae289-befc-55dd-a873-9a2b3b06d1c4,569,FCK,1000,FCM,2,1021,3783.2,64,60,96787,M. Elyounoussi,count,middle_third,middle_third,left_channel,0.17,-26.01,-6.01,-24.67,-0.17,-26.01,6.01,-24.67,pass,reception,,context event,FCK context event at minute 64.,Executive Match Overview,pitch scatter map,low,false,false,false,false,4921,0,
8cfdb681-32cf-4ebf-81f1-5c0839ec82d5,2442592,a8d0746c-f26a-5c41-ae99-3535746b051f,569,FCK,1000,FCM,2,1023.36,3785.56,64,60,68640,T. Delaney,count,middle_third,middle_third,left_channel,-4.81,-23.29,-1.99,-26.09,4.81,-23.29,1.99,-26.09,pass,other,,context event,FCK context event at minute 64.,Executive Match Overview,pitch scatter map,low,false,false,false,false,4924,0,
8cfdb681-32cf-4ebf-81f1-5c0839ec82d5,2442592,c121acda-c3a0-53da-968f-342697d2ddb2,1000,FCM,569,FCK,2,1037.48,3799.68,64,60,494784,Oliver Sorensen,count,middle_third,middle_third,right_channel,3.13,19.72,-7.91,23.6,3.13,19.72,-7.91,23.6,pass,reception,,context event,FCM context event at minute 64.,Executive Match Overview,pitch scatter map,low,false,false,false,false,4931,0,
8cfdb681-32cf-4ebf-81f1-5c0839ec82d5,2442592,c5b64e04-c201-59ff-8fe4-f45253a00bc7,1000,FCM,569,FCK,2,1037.48,3799.68,64,60,,,count,middle_third,middle_third,right_channel,3.13,19.72,35.49,10.87,3.13,19.72,35.49,10.87,shot,shot,free_kick,shot attempt,FCM shot attempt at minute 64.,Chance Creation & Final Third,pitch scatter map,high,false,true,false,false,4932,0.0328,0.0328
8cfdb681-32cf-4ebf-81f1-5c0839ec82d5,2442592,b91233f4-cfef-5e66-9bc3-e8c5d2a94be9,1000,FCM,569,FCK,2,1040.84,3803.04,64,60,228044,M. Bech,count,middle_third,middle_third,right_channel,-7.12,18.7,-11.11,-2.93,-7.12,18.7,-11.11,-2.93,pass,reception,,context event,FCM context event at minute 64.,Executive Match Overview,pitch scatter map,low,false,false,false,false,4936,0,
8cfdb681-32cf-4ebf-81f1-5c0839ec82d5,2442592,27c922f1-e2ea-5a76-860e-f4cb72b870be,1000,FCM,569,FCK,2,1045.76,3807.96,64,60,609108,O. Diao,count,middle_third,middle_third,central_channel,-9.01,-3.05,-8.46,14.78,-9.01,-3.05,-8.46,14.78,pass,reception,,context event,FCM context event at minute 64.,Executive Match Overview,pitch scatter map,low,false,false,false,false,4939,0,
8cfdb681-32cf-4ebf-81f1-5c0839ec82d5,2442592,07f4cb96-5bf6-55c2-8f49-83901d811f0b,1000,FCM,569,FCK,2,1050,3812.2,64,60,228044,M. Bech,count,middle_third,middle_third,right_channel,1.29,19.66,18.54,33.4,1.29,19.66,18.54,33.4,pass,reception,,progressive action,FCM progressive action at minute 64.,Territory & Control,pitch scatter map,medium,false,false,true,false,4943,0,
8cfdb681-32cf-4ebf-81f1-5c0839ec82d5,2442592,4eb6aff8-86c6-5f19-9237-9cc40e81cf5e,1000,FCM,569,FCK,2,1050.12,3812.32,64,60,,,count,middle_third,middle_third,right_channel,14.06,23.27,23.04,31.32,14.06,23.27,23.04,31.32,completed_pass,completed_pass,,final-third entry,FCM final-third entry at minute 64.,Territory & Control,pitch scatter map,medium,false,true,false,false,4944,0.05,
8cfdb681-32cf-4ebf-81f1-5c0839ec82d5,2442592,257a6262-5e7d-5050-803d-68db3cf02757,1000,FCM,569,FCK,2,1050.28,3812.48,64,60,533646,D. Osorio,count,middle_third,middle_third,right_channel,16.42,20.03,28.36,27.91,16.42,20.03,28.36,27.91,run_start_loc,,,final-third entry,FCM final-third entry at minute 64.,Territory & Control,pitch scatter map,medium,false,true,false,false,4945,0.05,
8cfdb681-32cf-4ebf-81f1-5c0839ec82d5,2442592,345c9ad4-0aa0-5271-96db-5bf378882c1b,1000,FCM,569,FCK,2,1050.48,3812.68,64,60,,,count,middle_third,middle_third,right_channel,3.9,24.25,48.52,32.59,3.9,24.25,48.52,32.59,progression,,progression,final-third entry,FCM final-third entry at minute 64.,Territory & Control,pitch scatter map,medium,false,true,false,false,4946,0.05,
8cfdb681-32cf-4ebf-81f1-5c0839ec82d5,2442592,c9dcdfb5-bc00-51ec-a702-4d253e4bedcd,1000,FCM,569,FCK,2,1051.44,3813.64,64,60,204164,J. Andersson,count,attacking_third,attacking_third,right_channel,21.99,33.58,24.34,33.46,21.99,33.58,24.34,33.46,forward,forward,,final-third entry,FCM final-third entry at minute 64.,Territory & Control,pitch scatter map,medium,false,false,false,false,4948,0,0
8cfdb681-32cf-4ebf-81f1-5c0839ec82d5,2442592,c002a38f-2973-5e1d-a75b-8ec623807566,1000,FCM,569,FCK,2,1052.36,3814.56,64,60,204164,J. Andersson,count,attacking_third,attacking_third,right_channel,20.78,33.22,28.59,28.18,20.78,33.22,28.59,28.18,pass,reception,,final-third entry,FCM final-third entry at minute 64.,Territory & Control,pitch scatter map,medium,false,false,false,false,4949,0,
8cfdb681-32cf-4ebf-81f1-5c0839ec82d5,2442592,fc18b037-b4c0-5922-87e9-9b2dadff8dbd,1000,FCM,569,FCK,2,1052.48,3814.68,64,60,,,count,attacking_third,attacking_third,right_channel,29.36,23.71,46.48,29.31,29.36,23.71,46.48,29.31,defender_dribbled,defender_dribbled,,final-third entry,FCM final-third entry at minute 64.,Territory & Control,pitch scatter map,medium,false,false,false,false,4951,0,
8cfdb681-32cf-4ebf-81f1-5c0839ec82d5,2442592,5bc2010b-81a8-5e68-93d9-f97ec01eff93,1000,FCM,569,FCK,2,1053.48,3815.68,64,60,204164,J. Andersson,count,attacking_third,attacking_third,right_channel,23.77,32.84,30.84,12.32,23.77,32.84,30.84,12.32,run_start_loc,,,final-third entry,FCM final-third entry at minute 64.,Territory & Control,pitch scatter map,medium,false,false,false,false,4952,0,
8cfdb681-32cf-4ebf-81f1-5c0839ec82d5,2442592,66fa1586-49be-596d-9046-f596e926d594,1000,FCM,569,FCK,2,1053.52,3815.72,64,60,533646,D. Osorio,count,attacking_third,attacking_third,right_channel,32.53,30.03,48.75,32.54,32.53,30.03,48.75,32.54,incomplete_pass,incomplete_pass,,final-third entry,FCM final-third entry at minute 64.,Territory & Control,pitch scatter map,medium,false,false,false,false,4954,0,0
8cfdb681-32cf-4ebf-81f1-5c0839ec82d5,2442592,8338639d-0812-5e75-a8f1-c16030c746a2,1000,FCM,569,FCK,2,1056.12,3818.32,64,60,,,count,attacking_third,attacking_third,right_channel,48.75,32.54,39.76,18.28,48.75,32.54,39.76,18.28,loss,,crossing,box involvement,FCM box involvement at minute 64.,Chance Creation & Final Third,pitch scatter map,high,true,false,false,false,4963,0.1,
8cfdb681-32cf-4ebf-81f1-5c0839ec82d5,2442592,e9b43e85-d5d2-51bb-af98-a87e9a1ea6cb,1000,FCM,569,FCK,2,1056.12,3818.32,64,60,533646,D. Osorio,count,attacking_third,attacking_third,right_channel,44.06,31.87,43.76,7.89,44.06,31.87,43.76,7.89,pass,interception,,box involvement,FCM box involvement at minute 64.,Chance Creation & Final Third,pitch scatter map,high,true,false,false,false,4964,0.1,
8cfdb681-32cf-4ebf-81f1-5c0839ec82d5,2442592,b03f8957-cb99-55f2-b190-07785a66f34d,1000,FCM,569,FCK,2,1059.32,3821.52,64,60,494784,Oliver Sorensen,count,attacking_third,attacking_third,right_channel,39.61,18.34,39.76,18.28,39.61,18.34,39.76,18.28,shot,shot,,shot attempt,FCM shot attempt at minute 64.,Chance Creation & Final Third,pitch scatter map,high,true,false,false,false,4969,0,0.0328
8cfdb681-32cf-4ebf-81f1-5c0839ec82d5,2442592,d2ca36e9-3804-5a3b-9827-960adee4e037,1000,FCM,569,FCK,2,1059.36,3821.56,64,60,494784,Oliver Sorensen,count,attacking_third,attacking_third,central_channel,35.49,10.87,52.57,15.17,35.49,10.87,52.57,15.17,shot,off_target,,shot attempt,FCM shot attempt at minute 64.,Chance Creation & Final Third,pitch scatter map,high,true,false,false,false,4970,0.0328,0.0328
8cfdb681-32cf-4ebf-81f1-5c0839ec82d5,2442592,490e7d55-cdb7-586d-8387-ce2d37054c19,569,FCK,1000,FCM,2,1100.68,3862.88,65,60,232398,N. Trott,count,attacking_third,attacking_third,central_channel,-46.97,1.42,-44.03,21.62,46.97,1.42,44.03,21.62,pass,reception,,box involvement,FCK box involvement at minute 65.,Chance Creation & Final Third,pitch scatter map,high,true,false,false,false,4980,0,
8cfdb681-32cf-4ebf-81f1-5c0839ec82d5,2442592,9a7c01a2-dbbe-5c14-9754-b45762b2bbe6,1000,FCM,569,FCK,2,1100.68,3862.88,65,60,,,count,attacking_third,attacking_third,central_channel,51.8,9.93,45.58,-4.81,51.8,9.93,45.58,-4.81,start_loc,,organisation,box involvement,FCM box involvement at minute 65.,Chance Creation & Final Third,pitch scatter map,high,true,false,false,false,4981,0,0
8cfdb681-32cf-4ebf-81f1-5c0839ec82d5,2442592,fa625a46-19f0-579b-8865-325e38569770,569,FCK,1000,FCM,2,1100.68,3862.88,65,60,,,count,attacking_third,attacking_third,central_channel,-46.97,1.42,-41.04,23.12,46.97,1.42,41.04,23.12,recovery,turnover,goal_kick,box involvement,FCK box involvement at minute 65.,Chance Creation & Final Third,pitch scatter map,high,true,false,false,false,4982,0,0
8cfdb681-32cf-4ebf-81f1-5c0839ec82d5,2442592,54092e22-43ac-58eb-a5d7-e8f8094a755c,569,FCK,1000,FCM,2,1101.6,3863.8,65,60,,,count,attacking_third,attacking_third,central_channel,-33.47,9.24,-37.29,23.38,33.47,9.24,37.29,23.38,incomplete_pass,incomplete_pass,,final-third entry,FCK final-third entry at minute 65.,Territory & Control,pitch scatter map,medium,false,false,false,false,4983,0,
8cfdb681-32cf-4ebf-81f1-5c0839ec82d5,2442592,e59fc848-3bcf-5494-b7ce-645f9b926d84,1000,FCM,569,FCK,2,1103.92,3866.12,65,60,,,count,attacking_third,attacking_third,left_channel,42.73,-22.72,37.39,-21.49,42.73,-22.72,37.39,-21.49,incomplete_pass,incomplete_pass,,final-third entry,FCM final-third entry at minute 65.,Territory & Control,pitch scatter map,medium,false,false,false,false,4986,0,
8cfdb681-32cf-4ebf-81f1-5c0839ec82d5,2442592,983e866e-254e-52e0-b002-cff2f8b64a62,569,FCK,1000,FCM,2,1104.44,3866.64,65,60,220246,P. Hatzidiakos,count,attacking_third,attacking_third,right_channel,-41.04,23.12,-5.6,15.51,41.04,23.12,5.6,15.51,pass,interception,,context event,FCK context event at minute 65.,Territory & Control,pitch scatter map,medium,false,false,false,false,4987,0,
8cfdb681-32cf-4ebf-81f1-5c0839ec82d5,2442592,bbc55eab-4047-5c74-b11f-c8cdc63a9e48,569,FCK,1000,FCM,2,1104.68,3866.88,65,60,,,count,defensive_third,defensive_third,central_channel,45.58,-4.81,45.58,-4.81,-45.58,-4.81,-45.58,-4.81,loss,,progression,turnover / loss,FCK turnover / loss at minute 65.,Defensive Behaviour & Transitions,pitch scatter map,high,false,false,false,false,4989,0,
8cfdb681-32cf-4ebf-81f1-5c0839ec82d5,2442592,6d32db42-c029-5416-a500-ff29ff85c953,1000,FCM,569,FCK,2,1106.56,3868.76,65,60,,,count,middle_third,middle_third,central_channel,6.13,2.38,16.77,8.53,6.13,2.38,16.77,8.53,loss,,regain,turnover / loss,FCM turnover / loss at minute 65.,Defensive Behaviour & Transitions,pitch scatter map,high,false,false,false,false,4990,0,
8cfdb681-32cf-4ebf-81f1-5c0839ec82d5,2442592,ee8d1007-a01f-5c80-8500-17d6b7a0309f,1000,FCM,569,FCK,2,1106.56,3868.76,65,60,,,count,middle_third,middle_third,central_channel,3.42,-12.53,13.56,-3.48,3.42,-12.53,13.56,-3.48,recovery,turnover,interception,ball recovery,FCM ball recovery at minute 65.,Defensive Behaviour & Transitions,pitch scatter map,high,false,false,false,false,4994,0,0
8cfdb681-32cf-4ebf-81f1-5c0839ec82d5,2442592,5333d333-70a6-556e-9e75-44359f1f9a62,1000,FCM,569,FCK,2,1106.6,3868.8,65,60,474838,E. Martinez,count,middle_third,middle_third,central_channel,3.32,-12.5,13.59,-16.15,3.32,-12.5,13.59,-16.15,pass,reception,,progressive action,FCM progressive action at minute 65.,Territory & Control,pitch scatter map,medium,false,false,true,false,4995,0,
8cfdb681-32cf-4ebf-81f1-5c0839ec82d5,2442592,4de093f2-d79d-5a6f-b7fc-28ec91870a91,1000,FCM,569,FCK,2,1108.08,3870.28,65,60,494784,Oliver Sorensen,count,middle_third,middle_third,left_channel,13.19,-16.08,14.63,-2.45,13.19,-16.08,14.63,-2.45,pass,reception,,context event,FCM context event at minute 65.,Executive Match Overview,pitch scatter map,low,false,false,false,false,5001,0,
8cfdb681-32cf-4ebf-81f1-5c0839ec82d5,2442592,c0067fa1-1697-5f9f-be25-1846d3f84098,1000,FCM,569,FCK,2,1108.24,3870.44,65,60,,,count,attacking_third,attacking_third,central_channel,19.95,-7.47,14.49,-1.13,19.95,-7.47,14.49,-1.13,loss,lost_ball,,turnover / loss,FCM turnover / loss at minute 65.,Defensive Behaviour & Transitions,pitch scatter map,high,false,false,false,false,5002,0,
8cfdb681-32cf-4ebf-81f1-5c0839ec82d5,2442592,b0b6ee39-68bd-5b14-92fc-4ac4f04e4b15,1000,FCM,569,FCK,2,1110.08,3872.28,65,60,568423,V. Byskov,count,middle_third,middle_third,central_channel,17.89,9.23,18.91,8.63,17.89,9.23,18.91,8.63,loss,ball_lost,,final-third entry,FCM final-third entry at minute 65.,Defensive Behaviour & Transitions,pitch scatter map,high,false,true,false,false,5006,0.05,0
8cfdb681-32cf-4ebf-81f1-5c0839ec82d5,2442592,1b20b6d6-6410-56c7-9d41-36860336a7e2,569,FCK,1000,FCM,2,1115,3877.2,65,60,,,count,middle_third,middle_third,central_channel,-3.99,4.16,14.28,23.14,3.99,4.16,-14.28,23.14,recovery,out,tackle,ball recovery,FCK ball recovery at minute 65.,Defensive Behaviour & Transitions,pitch scatter map,medium,false,false,false,false,5029,0,0
8cfdb681-32cf-4ebf-81f1-5c0839ec82d5,2442592,d117060f-299b-5f2e-8082-5099507fc86d,569,FCK,1000,FCM,2,1115,3877.2,65,60,,,count,middle_third,middle_third,central_channel,6.73,8.07,-12.43,-4.82,-6.73,8.07,12.43,-4.82,loss,,counter_attack,turnover / loss,FCK turnover / loss at minute 65.,Defensive Behaviour & Transitions,pitch scatter map,high,false,false,false,false,5033,0,
8cfdb681-32cf-4ebf-81f1-5c0839ec82d5,2442592,d437a6b3-e263-54aa-b35d-24d8af06a015,569,FCK,1000,FCM,2,1115.24,3877.44,65,60,166965,L. Lerager,count,middle_third,middle_third,central_channel,-3.14,5.27,12.7,6.12,3.14,5.27,-12.7,6.12,pass,interception,,context event,FCK context event at minute 65.,Executive Match Overview,pitch scatter map,medium,false,false,false,false,5037,0,
8cfdb681-32cf-4ebf-81f1-5c0839ec82d5,2442592,6a6a140c-afb6-5ec1-a07b-2d15a6fe6960,1000,FCM,569,FCK,2,1117.2,3879.4,65,60,228044,M. Bech,count,defensive_third,defensive_third,central_channel,-21,-4.59,-15.43,-23.28,-21,-4.59,-15.43,-23.28,pass,interception,,context event,FCM context event at minute 65.,Executive Match Overview,pitch scatter map,medium,false,false,false,false,5044,0.02,
8cfdb681-32cf-4ebf-81f1-5c0839ec82d5,2442592,5e909865-b3ba-5de6-ad82-867da5f822a6,569,FCK,1000,FCM,2,1119.4,3881.6,65,60,433957,M. Mattsson,count,middle_third,middle_third,right_channel,14.28,23.14,1.95,29.71,-14.28,23.14,-1.95,29.71,pass,out,,context event,FCK context event at minute 65.,Executive Match Overview,pitch scatter map,low,false,false,false,false,5052,0,
8cfdb681-32cf-4ebf-81f1-5c0839ec82d5,2442592,cb16b163-a00d-587d-afbe-760ae6e22e16,1000,FCM,569,FCK,2,1127.44,3889.64,65,60,120721,K. Mbabu,count,middle_third,middle_third,left_channel,-4.34,-34.15,-3.4,-27.66,-4.34,-34.15,-3.4,-27.66,pass,reception,,context event,FCM context event at minute 65.,Executive Match Overview,pitch scatter map,low,false,false,false,false,5056,0,
8cfdb681-32cf-4ebf-81f1-5c0839ec82d5,2442592,4f85e748-fdb2-5d81-9d01-538c7fca1126,1000,FCM,569,FCK,2,1127.44,3889.64,65,60,,,count,middle_third,middle_third,left_channel,-4.34,-34.15,47.13,18.13,-4.34,-34.15,47.13,18.13,out,out,throw_in,box involvement,FCM box involvement at minute 65.,Chance Creation & Final Third,pitch scatter map,high,true,true,false,false,5059,0.15,0
8cfdb681-32cf-4ebf-81f1-5c0839ec82d5,2442592,1d1d237d-7baa-5ce5-8c7b-c78f01223f01,1000,FCM,569,FCK,2,1128.04,3890.24,65,60,494784,Oliver Sorensen,count,middle_third,middle_third,left_channel,-3.41,-27.68,-7.53,-33.72,-3.41,-27.68,-7.53,-33.72,pass,reception,,context event,FCM context event at minute 65.,Executive Match Overview,pitch scatter map,low,false,false,false,false,5064,0,
8cfdb681-32cf-4ebf-81f1-5c0839ec82d5,2442592,ae30085f-26f7-53bc-8fcf-3f799393b982,1000,FCM,569,FCK,2,1130.8,3893,65,60,120721,K. Mbabu,count,middle_third,middle_third,left_channel,-16.21,-30.41,-35.82,-7.35,-16.21,-30.41,-35.82,-7.35,pass,reception,,context event,FCM context event at minute 65.,Executive Match Overview,pitch scatter map,low,false,false,false,false,5069,0,
8cfdb681-32cf-4ebf-81f1-5c0839ec82d5,2442592,b62933ae-a300-5a78-8669-71b2c5647088,1000,FCM,569,FCK,2,1137.04,3899.24,65,60,228044,M. Bech,count,defensive_third,defensive_third,central_channel,-26.24,-6.06,-15.48,-15.92,-26.24,-6.06,-15.48,-15.92,pass,reception,,progressive action,FCM progressive action at minute 65.,Territory & Control,pitch scatter map,medium,false,false,true,false,5074,0.02,
8cfdb681-32cf-4ebf-81f1-5c0839ec82d5,2442592,97119a13-a02b-5c8a-a85f-966717888c75,1000,FCM,569,FCK,2,1141.44,3903.64,66,65,494784,Oliver Sorensen,count,middle_third,middle_third,central_channel,-15.91,-8.93,-11.33,12.28,-15.91,-8.93,-11.33,12.28,pass,reception,,context event,FCM context event at minute 66.,Executive Match Overview,pitch scatter map,low,false,false,false,false,5077,0,
8cfdb681-32cf-4ebf-81f1-5c0839ec82d5,2442592,b1f09f3d-9d4e-5f00-a767-10e2234dbd47,1000,FCM,569,FCK,2,1144.44,3906.64,66,65,,,count,middle_third,middle_third,right_channel,-6.22,22.32,51.97,23.21,-6.22,22.32,51.97,23.21,loss,,progression,final-third entry,FCM final-third entry at minute 66.,Defensive Behaviour & Transitions,pitch scatter map,high,false,true,false,false,5080,0.05,
8cfdb681-32cf-4ebf-81f1-5c0839ec82d5,2442592,fce457d8-cd82-5458-9a6f-7ae4f34f1464,1000,FCM,569,FCK,2,1144.48,3906.68,66,65,474838,E. Martinez,count,middle_third,middle_third,right_channel,-8.26,16.99,13.37,33.13,-8.26,16.99,13.37,33.13,pass,reception,,progressive action,FCM progressive action at minute 66.,Territory & Control,pitch scatter map,medium,false,false,true,false,5081,0,
8cfdb681-32cf-4ebf-81f1-5c0839ec82d5,2442592,1c61cef2-4c55-5727-9684-c19c1656c8a3,1000,FCM,569,FCK,2,1144.8,3907,66,65,551144,Franculino Dju,count,middle_third,middle_third,central_channel,11.79,1.03,41.93,18.07,11.79,1.03,41.93,18.07,run_start_loc,,,box involvement,FCM box involvement at minute 66.,Chance Creation & Final Third,pitch scatter map,high,true,true,false,false,5082,0.15,
8cfdb681-32cf-4ebf-81f1-5c0839ec82d5,2442592,14d03ea9-b254-5c96-9b43-2a21ec63a481,1000,FCM,569,FCK,2,1147.6,3909.8,66,65,204164,J. Andersson,count,middle_third,middle_third,right_channel,14.13,32.68,44.47,18.26,14.13,32.68,44.47,18.26,pass,reception,,box involvement,FCM box involvement at minute 66.,Chance Creation & Final Third,pitch scatter map,high,true,true,true,false,5089,0.15,
8cfdb681-32cf-4ebf-81f1-5c0839ec82d5,2442592,a992d3fd-3be9-556b-9444-0e482afcb2d6,1000,FCM,569,FCK,2,1147.6,3909.8,66,65,423651,E. Chilufya,count,attacking_third,attacking_third,central_channel,22.21,-0.74,43.89,-0.86,22.21,-0.74,43.89,-0.86,run_start_loc,,,box involvement,FCM box involvement at minute 66.,Chance Creation & Final Third,pitch scatter map,high,true,false,false,false,5090,0.1,
8cfdb681-32cf-4ebf-81f1-5c0839ec82d5,2442592,68b6d15f-2bcf-5c93-9d6a-c47df40f9a44,1000,FCM,569,FCK,2,1148.64,3910.84,66,65,,,count,attacking_third,attacking_third,right_channel,31.55,15.99,50.08,15.64,31.55,15.99,50.08,15.64,defender_dribbled,defender_dribbled,,box involvement,FCM box involvement at minute 66.,Chance Creation & Final Third,pitch scatter map,high,true,false,false,false,5093,0.1,
8cfdb681-32cf-4ebf-81f1-5c0839ec82d5,2442592,e31837cb-0149-5606-8a69-ec71d3a18723,1000,FCM,569,FCK,2,1150.32,3912.52,66,65,551144,Franculino Dju,count,attacking_third,attacking_third,right_channel,49.18,23.3,51.97,23.21,49.18,23.3,51.97,23.21,incomplete_pass,incomplete_pass,,final-third entry,FCM final-third entry at minute 66.,Territory & Control,pitch scatter map,medium,false,false,false,false,5102,0,0
8cfdb681-32cf-4ebf-81f1-5c0839ec82d5,2442592,ce8eda86-1503-5297-b580-e0f16cf9ae05,1000,FCM,569,FCK,2,1150.72,3912.92,66,65,551144,Franculino Dju,count,attacking_third,attacking_third,right_channel,47.13,18.13,40.27,0.43,47.13,18.13,40.27,0.43,pass,interception,,box involvement,FCM box involvement at minute 66.,Chance Creation & Final Third,pitch scatter map,high,true,false,false,false,5104,0,
8cfdb681-32cf-4ebf-81f1-5c0839ec82d5,2442592,f360be48-868e-57d6-8488-ee89e3e105a9,569,FCK,1000,FCM,2,1150.72,3912.92,66,65,,,count,defensive_third,defensive_third,right_channel,51.97,23.21,52.38,21.99,-51.97,23.21,-52.38,21.99,loss,,interrupt,turnover / loss,FCK turnover / loss at minute 66.,Defensive Behaviour & Transitions,pitch scatter map,high,false,false,false,false,5105,0,
8cfdb681-32cf-4ebf-81f1-5c0839ec82d5,2442592,28c0d886-b017-5db9-8b51-451afca20677,1000,FCM,569,FCK,2,1178.12,3940.32,66,65,568423,V. Byskov,count,attacking_third,attacking_third,right_channel,57.99,33.32,57.99,33.32,57.99,33.32,57.99,33.32,incomplete_pass,incomplete_pass,,final-third entry,FCM final-third entry at minute 66.,Territory & Control,pitch scatter map,medium,false,false,false,false,5117,0,0
8cfdb681-32cf-4ebf-81f1-5c0839ec82d5,2442592,803603d7-55e6-5013-b19e-7faa50bff341,1000,FCM,569,FCK,2,1178.12,3940.32,66,65,,,count,attacking_third,attacking_third,right_channel,52.87,33.02,49.92,7.85,52.87,33.02,49.92,7.85,recovery,turnover,corner_kick,box involvement,FCM box involvement at minute 66.,Chance Creation & Final Third,pitch scatter map,high,true,false,false,false,5118,0.1,0
8cfdb681-32cf-4ebf-81f1-5c0839ec82d5,2442592,a77c200e-cbe0-5906-a3b2-454e101c4f14,569,FCK,1000,FCM,2,1178.12,3940.32,66,65,,,count,defensive_third,defensive_third,right_channel,57.99,33.32,54.9,16.23,-57.99,33.32,-54.9,16.23,start_loc,,organisation,context event,FCK context event at minute 66.,Executive Match Overview,pitch scatter map,low,false,false,false,true,5119,0,0
8cfdb681-32cf-4ebf-81f1-5c0839ec82d5,2442592,b8ad5225-e78a-5e48-937c-24b3340df0b2,1000,FCM,569,FCK,2,1178.12,3940.32,66,65,568423,V. Byskov,count,attacking_third,attacking_third,right_channel,52.87,33.02,49.35,2.9,52.87,33.02,49.35,2.9,pass,interception,,box involvement,FCM box involvement at minute 66.,Chance Creation & Final Third,pitch scatter map,high,true,false,false,false,5121,0.1,
8cfdb681-32cf-4ebf-81f1-5c0839ec82d5,2442592,f0e16df0-0ed5-542c-bb90-cc936e4f12a2,1000,FCM,569,FCK,2,1178.12,3940.32,66,65,,,count,attacking_third,attacking_third,right_channel,57.99,33.32,54.9,16.23,57.99,33.32,54.9,16.23,loss,,crossing,box involvement,FCM box involvement at minute 66.,Chance Creation & Final Third,pitch scatter map,high,true,false,false,false,5122,0.1,
8cfdb681-32cf-4ebf-81f1-5c0839ec82d5,2442592,7fa05f05-1c5b-52bd-9a45-80ff23cec620,1000,FCM,569,FCK,2,1180.04,3942.24,66,65,,,count,attacking_third,attacking_third,central_channel,54.39,12.5,20.67,-6.28,54.39,12.5,20.67,-6.28,start_loc,,transition,box involvement,FCM box involvement at minute 66.,Chance Creation & Final Third,pitch scatter map,high,true,false,false,true,5125,0,0
8cfdb681-32cf-4ebf-81f1-5c0839ec82d5,2442592,eaa549d6-2d7f-54e4-ba27-ce5fcb03ca49,569,FCK,1000,FCM,2,1180.04,3942.24,66,65,,,count,attacking_third,attacking_third,central_channel,-49.44,-2.36,-17.28,25.28,49.44,-2.36,17.28,25.28,recovery,out,interception,box involvement,FCK box involvement at minute 66.,Chance Creation & Final Third,pitch scatter map,high,true,false,false,false,5127,0,0
8cfdb681-32cf-4ebf-81f1-5c0839ec82d5,2442592,bcb5feeb-9663-5d21-a74f-64aa7240a90b,569,FCK,1000,FCM,2,1180.68,3942.88,66,65,,,count,attacking_third,attacking_third,central_channel,-50.21,-2.43,-37.02,9.07,50.21,-2.43,37.02,9.07,completed_pass,completed_pass,,box involvement,FCK box involvement at minute 66.,Chance Creation & Final Third,pitch scatter map,high,true,false,false,false,5129,0,
8cfdb681-32cf-4ebf-81f1-5c0839ec82d5,2442592,a71dda22-c722-5191-8073-6d173fc3c93d,569,FCK,1000,FCM,2,1185.12,3947.32,66,65,433957,M. Mattsson,count,attacking_third,attacking_third,right_channel,-37.65,13.64,-27.43,20.52,37.65,13.64,27.43,20.52,run_start_loc,,,final-third entry,FCK final-third entry at minute 66.,Territory & Control,pitch scatter map,medium,false,false,false,false,5136,0,
8cfdb681-32cf-4ebf-81f1-5c0839ec82d5,2442592,a839470c-83db-5b8a-a4d3-dbaf8c76d368,569,FCK,1000,FCM,2,1195.6,3957.8,66,65,232398,N. Trott,count,attacking_third,attacking_third,central_channel,-45.24,3.81,-34.78,27.41,45.24,3.81,34.78,27.41,pass,reception,,box involvement,FCK box involvement at minute 66.,Chance Creation & Final Third,pitch scatter map,high,true,false,false,false,5137,0,
8cfdb681-32cf-4ebf-81f1-5c0839ec82d5,2442592,17f4a446-580f-5423-9f03-b5b32fa268b3,569,FCK,1000,FCM,2,1198.04,3960.24,67,65,,,count,defensive_third,defensive_third,central_channel,38.38,-7.61,20.67,-6.28,-38.38,-7.61,-20.67,-6.28,loss,,counter_attack,turnover / loss,FCK turnover / loss at minute 67.,Defensive Behaviour & Transitions,pitch scatter map,high,false,false,false,false,5142,0,
8cfdb681-32cf-4ebf-81f1-5c0839ec82d5,2442592,25c18471-ae0a-596c-98a8-d46411e92b07,569,FCK,1000,FCM,2,1198.2,3960.4,67,65,193228,K. Diks,count,attacking_third,attacking_third,right_channel,-34.06,27.16,-16.28,17.46,34.06,27.16,16.28,17.46,pass,reception,,context event,FCK context event at minute 67.,Territory & Control,pitch scatter map,low,false,false,false,false,5143,0,
8cfdb681-32cf-4ebf-81f1-5c0839ec82d5,2442592,f36365ce-f1a9-5f46-b4c2-01868e9a7f02,569,FCK,1000,FCM,2,1200.12,3962.32,67,65,433957,M. Mattsson,count,middle_third,middle_third,right_channel,-15.79,17.02,-18.81,23.02,15.79,17.02,18.81,23.02,pass,reception,,final-third entry,FCK final-third entry at minute 67.,Territory & Control,pitch scatter map,medium,false,true,false,false,5148,0.05,
8cfdb681-32cf-4ebf-81f1-5c0839ec82d5,2442592,9473780a-75f2-532d-8477-dc3de0f77494,569,FCK,1000,FCM,2,1201.8,3964,67,65,68640,T. Delaney,count,middle_third,middle_third,right_channel,-17.28,25.28,18.64,32.99,17.28,25.28,-18.64,32.99,pass,out,,context event,FCK context event at minute 67.,Executive Match Overview,pitch scatter map,low,false,false,false,false,5153,0,
8cfdb681-32cf-4ebf-81f1-5c0839ec82d5,2442592,456b5e34-bed8-5748-a662-13ae8a6a4d3f,1000,FCM,569,FCK,2,1208.44,3970.64,67,65,,,count,middle_third,middle_third,left_channel,14.39,-28.69,0.89,-22.27,14.39,-28.69,0.89,-22.27,loss,lost_ball,,turnover / loss,FCM turnover / loss at minute 67.,Defensive Behaviour & Transitions,pitch scatter map,high,false,false,false,false,5169,0,
8cfdb681-32cf-4ebf-81f1-5c0839ec82d5,2442592,7c820027-e5d5-5221-a5a9-4d3b20c9a4f0,1000,FCM,569,FCK,2,1208.44,3970.64,67,65,120721,K. Mbabu,count,middle_third,middle_third,left_channel,-6.16,-34.75,5.21,-31.5,-6.16,-34.75,5.21,-31.5,pass,reception,,progressive action,FCM progressive action at minute 67.,Territory & Control,pitch scatter map,medium,false,false,true,false,5172,0,
8cfdb681-32cf-4ebf-81f1-5c0839ec82d5,2442592,e6099e8c-dcc8-520c-99b3-ef893f431488,1000,FCM,569,FCK,2,1208.44,3970.64,67,65,,,count,middle_third,middle_third,left_channel,-6.16,-34.75,43.17,2.22,-6.16,-34.75,43.17,2.22,shot,shot,throw_in,shot attempt,FCM shot attempt at minute 67.,Chance Creation & Final Third,pitch scatter map,high,true,true,false,false,5173,0.0601,0.0601
8cfdb681-32cf-4ebf-81f1-5c0839ec82d5,2442592,97fe8c4a-eb5d-5230-a2e6-6b57c176554f,1000,FCM,569,FCK,2,1209.48,3971.68,67,65,474838,E. Martinez,count,middle_third,middle_third,central_channel,8.01,-10.5,3.96,-5.03,8.01,-10.5,3.96,-5.03,loss,ball_lost,,turnover / loss,FCM turnover / loss at minute 67.,Defensive Behaviour & Transitions,pitch scatter map,high,false,false,false,false,5175,0,0
8cfdb681-32cf-4ebf-81f1-5c0839ec82d5,2442592,efdabcfa-6112-5445-bee0-9a671a8bc46e,1000,FCM,569,FCK,2,1211.16,3973.36,67,65,204164,J. Andersson,count,defensive_third,defensive_third,central_channel,-21.95,7.83,28.79,23.06,-21.95,7.83,28.79,23.06,run_start_loc,,,final-third entry,FCM final-third entry at minute 67.,Territory & Control,pitch scatter map,medium,false,true,false,false,5179,0.07,
8cfdb681-32cf-4ebf-81f1-5c0839ec82d5,2442592,cfb988ac-c428-5250-bf1e-6650ad06d394,1000,FCM,569,FCK,2,1216.76,3978.96,67,65,423651,E. Chilufya,count,attacking_third,attacking_third,left_channel,20.09,-28.11,50.42,-3.52,20.09,-28.11,50.42,-3.52,run_start_loc,,,box involvement,FCM box involvement at minute 67.,Chance Creation & Final Third,pitch scatter map,high,true,false,false,false,5185,0.1,
8cfdb681-32cf-4ebf-81f1-5c0839ec82d5,2442592,4388cb12-ed00-561d-a517-34b3a87b998f,1000,FCM,569,FCK,2,1217.44,3979.64,67,65,,,count,middle_third,middle_third,central_channel,8.04,-2.17,36.95,25.24,8.04,-2.17,36.95,25.24,progression,,progression,final-third entry,FCM final-third entry at minute 67.,Territory & Control,pitch scatter map,medium,false,true,false,false,5186,0.05,
8cfdb681-32cf-4ebf-81f1-5c0839ec82d5,2442592,e9233ad3-cec5-594d-b3a2-009e23360a77,1000,FCM,569,FCK,2,1219.72,3981.92,67,65,533646,D. Osorio,count,middle_third,middle_third,central_channel,14.32,-8.88,30.86,22.64,14.32,-8.88,30.86,22.64,pass,shot,,final-third entry,FCM final-third entry at minute 67.,Territory & Control,pitch scatter map,medium,false,true,true,false,5190,0.05,
8cfdb681-32cf-4ebf-81f1-5c0839ec82d5,2442592,9ca37817-a00c-5372-a634-e6c5a1624dcc,1000,FCM,569,FCK,2,1220.36,3982.56,67,65,568423,V. Byskov,count,attacking_third,attacking_third,central_channel,22.42,-0.74,43.09,11.98,22.42,-0.74,43.09,11.98,run_start_loc,,,box involvement,FCM box involvement at minute 67.,Chance Creation & Final Third,pitch scatter map,high,true,false,false,false,5192,0.1,
8cfdb681-32cf-4ebf-81f1-5c0839ec82d5,2442592,6cc3e61a-aca4-5e72-a68d-180d8cd3a6a0,1000,FCM,569,FCK,2,1222.36,3984.56,67,65,204164,J. Andersson,count,attacking_third,attacking_third,right_channel,34.91,26.27,37.02,25.08,34.91,26.27,37.02,25.08,diagonal,diagonal,,final-third entry,FCM final-third entry at minute 67.,Territory & Control,pitch scatter map,medium,false,false,false,false,5200,0,0
8cfdb681-32cf-4ebf-81f1-5c0839ec82d5,2442592,66a2e935-2e96-5636-8856-edd3122b3d6d,1000,FCM,569,FCK,2,1223.44,3985.64,67,65,,,count,attacking_third,attacking_third,right_channel,36.97,25.2,47.82,12.4,36.97,25.2,47.82,12.4,loss,,attacking,box involvement,FCM box involvement at minute 67.,Chance Creation & Final Third,pitch scatter map,high,true,false,false,false,5203,0.1,
8cfdb681-32cf-4ebf-81f1-5c0839ec82d5,2442592,82cf085c-5c33-5b98-8d6a-5f3eb76e21fa,1000,FCM,569,FCK,2,1223.56,3985.76,67,65,204164,J. Andersson,count,attacking_third,attacking_third,right_channel,32.87,20.89,43.07,2.12,32.87,20.89,43.07,2.12,pass,shot,,box involvement,FCM box involvement at minute 67.,Chance Creation & Final Third,pitch scatter map,high,true,false,true,false,5204,0.1,
8cfdb681-32cf-4ebf-81f1-5c0839ec82d5,2442592,5c8e6555-2319-51c4-ad21-ce0fe43fc5ac,1000,FCM,569,FCK,2,1224.68,3986.88,67,65,551144,Franculino Dju,count,attacking_third,attacking_third,central_channel,47.71,12.33,47.82,12.4,47.71,12.33,47.82,12.4,shot,shot,,shot attempt,FCM shot attempt at minute 67.,Chance Creation & Final Third,pitch scatter map,high,true,false,false,false,5208,0,0.0601
8cfdb681-32cf-4ebf-81f1-5c0839ec82d5,2442592,3b5f32e5-5e98-5e37-9f20-867ebd8aea22,1000,FCM,569,FCK,2,1224.72,3986.92,67,65,551144,Franculino Dju,count,attacking_third,attacking_third,central_channel,43.17,2.22,52.76,-2.67,43.17,2.22,52.76,-2.67,shot,off_target,,shot attempt,FCM shot attempt at minute 67.,Chance Creation & Final Third,pitch scatter map,high,true,false,false,false,5210,0.0601,0.0601
8cfdb681-32cf-4ebf-81f1-5c0839ec82d5,2442592,33b9c28a-8be2-5adc-9fd5-65b5912f46eb,569,FCK,1000,FCM,2,1257.32,4019.52,67,65,,,count,defensive_third,defensive_third,central_channel,51.91,8.46,51.91,8.46,-51.91,8.46,-51.91,8.46,loss,,progression,turnover / loss,FCK turnover / loss at minute 67.,Defensive Behaviour & Transitions,pitch scatter map,high,false,false,false,false,5213,0,
8cfdb681-32cf-4ebf-81f1-5c0839ec82d5,2442592,c9462899-7144-5e93-9abb-b1ecab0b145d,1000,FCM,569,FCK,2,1257.32,4019.52,67,65,,,count,attacking_third,attacking_third,central_channel,51.91,8.46,51.91,8.46,51.91,8.46,51.91,8.46,start_loc,,organisation,box involvement,FCM box involvement at minute 67.,Chance Creation & Final Third,pitch scatter map,high,true,false,false,false,5216,0,0
8cfdb681-32cf-4ebf-81f1-5c0839ec82d5,2442592,11308acf-2eb3-5307-9e1c-8e1add4275e6,569,FCK,1000,FCM,2,1257.32,4019.52,67,65,232398,N. Trott,count,attacking_third,attacking_third,central_channel,-47.07,3.59,-9.55,26.17,47.07,3.59,9.55,26.17,pass,interception,,box involvement,FCK box involvement at minute 67.,Chance Creation & Final Third,pitch scatter map,high,true,false,false,false,5217,0,
8cfdb681-32cf-4ebf-81f1-5c0839ec82d5,2442592,f1a07562-8a49-5a4f-bb02-e53ee844e467,569,FCK,1000,FCM,2,1257.32,4019.52,67,65,,,count,attacking_third,attacking_third,central_channel,-47.07,3.59,-47.07,3.59,47.07,3.59,47.07,3.59,recovery,turnover,goal_kick,box involvement,FCK box involvement at minute 67.,Chance Creation & Final Third,pitch scatter map,high,true,false,false,false,5218,0,0
8cfdb681-32cf-4ebf-81f1-5c0839ec82d5,2442592,24dac0c4-ccc2-5a27-a3d3-200c60187ce3,1000,FCM,569,FCK,2,1261.12,4023.32,68,65,,,count,middle_third,middle_third,left_channel,-1.02,-31.68,10.46,-33.55,-1.02,-31.68,10.46,-33.55,recovery,out,interception,ball recovery,FCM ball recovery at minute 68.,Defensive Behaviour & Transitions,pitch scatter map,medium,false,false,false,false,5223,0,0
8cfdb681-32cf-4ebf-81f1-5c0839ec82d5,2442592,8263c3d3-b94b-51a1-81dd-b0a21a05f1d5,569,FCK,1000,FCM,2,1261.12,4023.32,68,65,,,count,middle_third,middle_third,central_channel,1.48,-10.62,-31.42,-7.08,-1.48,-10.62,31.42,-7.08,start_loc,,transition,final-third entry,FCK final-third entry at minute 68.,Territory & Control,pitch scatter map,medium,false,true,false,false,5227,0.05,0
8cfdb681-32cf-4ebf-81f1-5c0839ec82d5,2442592,42729063-8c89-591b-b6fe-7909e5171f86,1000,FCM,569,FCK,2,1262.84,4025.04,68,65,533646,D. Osorio,count,middle_third,middle_third,left_channel,-3.22,-32.06,-8.27,-20.34,-3.22,-32.06,-8.27,-20.34,pass,reception,,context event,FCM context event at minute 68.,Executive Match Overview,pitch scatter map,low,false,false,false,false,5231,0,
8cfdb681-32cf-4ebf-81f1-5c0839ec82d5,2442592,8eca2525-7836-527d-89a2-076c34d75945,1000,FCM,569,FCK,2,1263.68,4025.88,68,65,474838,E. Martinez,count,middle_third,middle_third,left_channel,-8.34,-20.33,-20.07,-21.41,-8.34,-20.33,-20.07,-21.41,pass,reception,,context event,FCM context event at minute 68.,Executive Match Overview,pitch scatter map,low,false,false,false,false,5235,0,
8cfdb681-32cf-4ebf-81f1-5c0839ec82d5,2442592,3bb1e621-f9ff-594b-911e-2a097bb12030,1000,FCM,569,FCK,2,1265.4,4027.6,68,65,609108,O. Diao,count,defensive_third,defensive_third,left_channel,-21.19,-20.92,-41.05,-2.09,-21.19,-20.92,-41.05,-2.09,pass,reception,,context event,FCM context event at minute 68.,Executive Match Overview,pitch scatter map,low,false,false,false,false,5240,0,
8cfdb681-32cf-4ebf-81f1-5c0839ec82d5,2442592,a5cc4309-ec8c-594c-a4f6-8d1305e8e7ae,1000,FCM,569,FCK,2,1268.8,4031,68,65,430901,E. Olafsson,count,defensive_third,defensive_third,central_channel,-40.73,-1.89,-33.54,9.16,-40.73,-1.89,-33.54,9.16,pass,reception,,context event,FCM context event at minute 68.,Executive Match Overview,pitch scatter map,low,false,false,false,false,5247,0,
8cfdb681-32cf-4ebf-81f1-5c0839ec82d5,2442592,fedcee17-bad9-5d98-aba4-b44aaa3963dd,1000,FCM,569,FCK,2,1270.56,4032.76,68,65,228044,M. Bech,count,defensive_third,defensive_third,central_channel,-33.43,9.18,-29.16,-33.6,-33.43,9.18,-29.16,-33.6,pass,reception,,context event,FCM context event at minute 68.,Executive Match Overview,pitch scatter map,low,false,false,false,false,5251,0,
8cfdb681-32cf-4ebf-81f1-5c0839ec82d5,2442592,1e61cec7-7169-5d90-96a5-f06b0fd1f1a6,1000,FCM,569,FCK,2,1273.8,4036,68,65,120721,K. Mbabu,count,defensive_third,defensive_third,left_channel,-29.37,-33.61,-33.3,-27.44,-29.37,-33.61,-33.3,-27.44,pass,reception,,context event,FCM context event at minute 68.,Executive Match Overview,pitch scatter map,low,false,false,false,false,5256,0,
8cfdb681-32cf-4ebf-81f1-5c0839ec82d5,2442592,f82bbf82-dca3-5293-8b48-43758bca1d53,569,FCK,1000,FCM,2,1276.32,4038.52,68,65,,,count,attacking_third,attacking_third,central_channel,-31.39,-7.05,13.52,-11.89,31.39,-7.05,-13.52,-11.89,start_loc,,organisation,context event,FCK context event at minute 68.,Territory & Control,pitch scatter map,low,false,false,false,false,5261,0,0
8cfdb681-32cf-4ebf-81f1-5c0839ec82d5,2442592,a163d725-7d28-520b-aeaf-7fad9d1e609c,1000,FCM,569,FCK,2,1277.12,4039.32,68,65,609108,O. Diao,count,defensive_third,defensive_third,left_channel,-31.79,-25.68,-46.9,-2.13,-31.79,-25.68,-46.9,-2.13,pass,reception,,context event,FCM context event at minute 68.,Executive Match Overview,pitch scatter map,low,false,false,false,false,5262,0,
8cfdb681-32cf-4ebf-81f1-5c0839ec82d5,2442592,91ed71f4-24a5-5758-9410-362488e1dca9,1000,FCM,569,FCK,2,1279.96,4042.16,68,65,430901,E. Olafsson,count,defensive_third,defensive_third,central_channel,-46.87,-2.09,-40.76,6.47,-46.87,-2.09,-40.76,6.47,pass,reception,,context event,FCM context event at minute 68.,Executive Match Overview,pitch scatter map,low,false,false,false,false,5265,0,
8cfdb681-32cf-4ebf-81f1-5c0839ec82d5,2442592,facabca8-25b6-5d95-86a8-e93e753aff0e,1000,FCM,569,FCK,2,1289.92,4052.12,68,65,228044,M. Bech,count,middle_third,middle_third,central_channel,-11.72,12.18,-12.16,-15.97,-11.72,12.18,-12.16,-15.97,pass,reception,,context event,FCM context event at minute 68.,Executive Match Overview,pitch scatter map,low,false,false,false,false,5269,0,
8cfdb681-32cf-4ebf-81f1-5c0839ec82d5,2442592,e7c9bb96-8640-5a6a-b66b-7236d3cc7642,1000,FCM,569,FCK,2,1294.6,4056.8,68,65,551144,Franculino Dju,count,middle_third,middle_third,central_channel,14.21,-10.45,20.06,-23.23,14.21,-10.45,20.06,-23.23,run_start_loc,,,final-third entry,FCM final-third entry at minute 68.,Territory & Control,pitch scatter map,medium,false,true,false,false,5276,0.05,
8cfdb681-32cf-4ebf-81f1-5c0839ec82d5,2442592,64db6623-5830-52e9-b1ce-53ceff0d1970,1000,FCM,569,FCK,2,1295.4,4057.6,68,65,609108,O. Diao,count,middle_third,middle_third,left_channel,-1.98,-23.13,10.58,-33.73,-1.98,-23.13,10.58,-33.73,pass,reception,,progressive action,FCM progressive action at minute 68.,Territory & Control,pitch scatter map,medium,false,false,true,false,5279,0,
8cfdb681-32cf-4ebf-81f1-5c0839ec82d5,2442592,f8032cf1-0f3c-51c1-95b7-83cd3a6981fe,1000,FCM,569,FCK,2,1296.76,4058.96,68,65,120721,K. Mbabu,count,middle_third,middle_third,left_channel,10.46,-33.55,20.34,-23.92,10.46,-33.55,20.34,-23.92,pass,out,,final-third entry,FCM final-third entry at minute 68.,Territory & Control,pitch scatter map,medium,false,true,false,false,5283,0.05,
8cfdb681-32cf-4ebf-81f1-5c0839ec82d5,2442592,14594869-2b9c-525e-9d13-1587967c146b,1000,FCM,569,FCK,2,1314.28,4076.48,68,65,,,count,attacking_third,attacking_third,central_channel,25.86,-12.29,27.09,-11.87,25.86,-12.29,27.09,-11.87,buildup,,buildup,final-third entry,FCM final-third entry at minute 68.,Territory & Control,pitch scatter map,medium,false,false,false,false,5288,0,
8cfdb681-32cf-4ebf-81f1-5c0839ec82d5,2442592,2f1b6136-0dd0-5371-a5d0-41db4e69288e,1000,FCM,569,FCK,2,1314.28,4076.48,68,65,,,count,attacking_third,attacking_third,left_channel,22.23,-34.14,23.42,-33.54,22.23,-34.14,23.42,-33.54,out,out,throw_in,final-third entry,FCM final-third entry at minute 68.,Territory & Control,pitch scatter map,medium,false,false,false,false,5290,0,0
8cfdb681-32cf-4ebf-81f1-5c0839ec82d5,2442592,a8a227f8-5efd-523f-a388-5a33f76efa7b,1000,FCM,569,FCK,2,1314.28,4076.48,68,65,120721,K. Mbabu,count,attacking_third,attacking_third,left_channel,22.23,-34.14,25.67,-28.48,22.23,-34.14,25.67,-28.48,pass,reception,,final-third entry,FCM final-third entry at minute 68.,Territory & Control,pitch scatter map,medium,false,false,false,false,5291,0,
8cfdb681-32cf-4ebf-81f1-5c0839ec82d5,2442592,9bc87998-95d6-5f78-aae4-ae713b300354,1000,FCM,569,FCK,2,1314.28,4076.48,68,65,120721,K. Mbabu,count,attacking_third,attacking_third,central_channel,25.86,-12.29,25.86,-12.29,25.86,-12.29,25.86,-12.29,forward,forward,,final-third entry,FCM final-third entry at minute 68.,Territory & Control,pitch scatter map,medium,false,false,false,false,5292,0,0
8cfdb681-32cf-4ebf-81f1-5c0839ec82d5,2442592,6c7f0370-4f5f-52aa-a77c-2da6b48b0319,1000,FCM,569,FCK,2,1314.32,4076.52,68,65,,,count,attacking_third,attacking_third,left_channel,27.14,-25.28,24.82,-33.24,27.14,-25.28,24.82,-33.24,incomplete_pass,incomplete_pass,,final-third entry,FCM final-third entry at minute 68.,Territory & Control,pitch scatter map,medium,false,false,false,false,5293,0,
8cfdb681-32cf-4ebf-81f1-5c0839ec82d5,2442592,6e0b00c6-9a2b-5769-834f-e4ef8d59d98c,1000,FCM,569,FCK,2,1314.8,4077,68,65,494784,Oliver Sorensen,count,attacking_third,attacking_third,central_channel,29.47,-8.45,29.45,-8.52,29.47,-8.45,29.45,-8.52,backward,backward,,final-third entry,FCM final-third entry at minute 68.,Territory & Control,pitch scatter map,medium,false,false,false,false,5294,0,0
8cfdb681-32cf-4ebf-81f1-5c0839ec82d5,2442592,0b277c1f-c49f-54ff-ba07-c4f8778e3c06,1000,FCM,569,FCK,2,1314.84,4077.04,68,65,494784,Oliver Sorensen,count,attacking_third,attacking_third,left_channel,25.65,-28.58,22.9,-33.86,25.65,-28.58,22.9,-33.86,pass,reception,,final-third entry,FCM final-third entry at minute 68.,Territory & Control,pitch scatter map,medium,false,false,false,false,5296,0,
8cfdb681-32cf-4ebf-81f1-5c0839ec82d5,2442592,baa08429-4e76-58d8-b89a-bb68d0355cb8,1000,FCM,569,FCK,2,1315.56,4077.76,68,65,120721,K. Mbabu,count,attacking_third,attacking_third,central_channel,26.56,-12.1,27.11,-11.89,26.56,-12.1,27.11,-11.89,incomplete_pass,incomplete_pass,,final-third entry,FCM final-third entry at minute 68.,Territory & Control,pitch scatter map,medium,false,false,false,false,5298,0,0
8cfdb681-32cf-4ebf-81f1-5c0839ec82d5,2442592,1bfcf2d7-5553-50ec-8f64-fc65f9963db7,1000,FCM,569,FCK,2,1316.24,4078.44,68,65,,,count,attacking_third,attacking_third,left_channel,37.27,-23.57,35.72,-29.24,37.27,-23.57,35.72,-29.24,incomplete_pass,incomplete_pass,,final-third entry,FCM final-third entry at minute 68.,Territory & Control,pitch scatter map,medium,false,false,false,false,5299,0,
8cfdb681-32cf-4ebf-81f1-5c0839ec82d5,2442592,4d65a2ba-c028-511f-beca-3141ca71751f,1000,FCM,569,FCK,2,1317.28,4079.48,68,65,,,count,attacking_third,attacking_third,central_channel,27.1,-11.88,27.11,-11.89,27.1,-11.88,27.11,-11.89,progression,,progression,final-third entry,FCM final-third entry at minute 68.,Territory & Control,pitch scatter map,medium,false,false,false,false,5300,0,
8cfdb681-32cf-4ebf-81f1-5c0839ec82d5,2442592,e29d1d67-b2c1-5991-86cf-4c82c8d889a7,1000,FCM,569,FCK,2,1317.68,4079.88,68,65,120721,K. Mbabu,count,attacking_third,attacking_third,left_channel,23.42,-33.54,53.79,-28.94,23.42,-33.54,53.79,-28.94,pass,out,,final-third entry,FCM final-third entry at minute 68.,Territory & Control,pitch scatter map,medium,false,false,false,false,5301,0,
8cfdb681-32cf-4ebf-81f1-5c0839ec82d5,2442592,17d360f8-14cd-5ed3-a88d-fe7ee712025f,1000,FCM,569,FCK,2,1363.8,4126,69,65,,,count,attacking_third,attacking_third,left_channel,52.32,-32.88,50.46,-5.91,52.32,-32.88,50.46,-5.91,out,out,corner_kick,box involvement,FCM box involvement at minute 69.,Chance Creation & Final Third,pitch scatter map,high,true,false,false,false,5310,0.1,0
8cfdb681-32cf-4ebf-81f1-5c0839ec82d5,2442592,83483699-3e57-5582-9323-177716cef0e0,1000,FCM,569,FCK,2,1363.8,4126,69,65,533646,D. Osorio,count,attacking_third,attacking_third,left_channel,52.32,-32.88,50.13,-4.47,52.32,-32.88,50.13,-4.47,pass,interception,,box involvement,FCM box involvement at minute 69.,Chance Creation & Final Third,pitch scatter map,high,true,false,false,false,5311,0.1,
8cfdb681-32cf-4ebf-81f1-5c0839ec82d5,2442592,894e6e28-3b44-5721-acd6-2ad3117e7053,1000,FCM,569,FCK,2,1363.8,4126,69,65,,,count,attacking_third,attacking_third,central_channel,57.41,-11.44,55.47,6.88,57.41,-11.44,55.47,6.88,crossing,,crossing,box involvement,FCM box involvement at minute 69.,Chance Creation & Final Third,pitch scatter map,high,true,false,false,false,5312,0,
8cfdb681-32cf-4ebf-81f1-5c0839ec82d5,2442592,ad0ea91a-0c93-5615-ae0c-025697b09ed4,569,FCK,1000,FCM,2,1363.8,4126,69,65,,,count,defensive_third,defensive_third,central_channel,57.41,-11.44,55.47,6.88,-57.41,-11.44,-55.47,6.88,start_loc,,organisation,context event,FCK context event at minute 69.,Executive Match Overview,pitch scatter map,low,false,false,false,true,5313,0,0
8cfdb681-32cf-4ebf-81f1-5c0839ec82d5,2442592,ef8a9d5d-3410-5947-a896-afc38ea54cb1,1000,FCM,569,FCK,2,1363.8,4126,69,65,533646,D. Osorio,count,attacking_third,attacking_third,central_channel,57.41,-11.44,57.41,-11.44,57.41,-11.44,57.41,-11.44,incomplete_pass,incomplete_pass,,box involvement,FCM box involvement at minute 69.,Chance Creation & Final Third,pitch scatter map,high,true,false,false,false,5315,0,0
8cfdb681-32cf-4ebf-81f1-5c0839ec82d5,2442592,03b979ee-3245-5e6d-80fe-8972d2a6b982,1000,FCM,569,FCK,2,1382.04,4144.24,70,65,,,count,attacking_third,attacking_third,left_channel,53.28,-33.28,53.28,-33.28,53.28,-33.28,53.28,-33.28,out,out,corner_kick,final-third entry,FCM final-third entry at minute 70.,Territory & Control,pitch scatter map,medium,false,false,false,false,5324,0,0
8cfdb681-32cf-4ebf-81f1-5c0839ec82d5,2442592,43fb8e1b-067d-54d0-a3b8-6a6f41f6fa28,1000,FCM,569,FCK,2,1382.04,4144.24,70,65,,,count,attacking_third,attacking_third,central_channel,58.42,-11.71,58.42,-11.71,58.42,-11.71,58.42,-11.71,crossing,,crossing,box involvement,FCM box involvement at minute 70.,Chance Creation & Final Third,pitch scatter map,high,true,false,false,false,5325,0,
8cfdb681-32cf-4ebf-81f1-5c0839ec82d5,2442592,4d8990cf-41bd-5ced-b2da-14d14a38ce72,1000,FCM,569,FCK,2,1382.04,4144.24,70,65,533646,D. Osorio,count,attacking_third,attacking_third,central_channel,58.42,-11.71,58.42,-11.71,58.42,-11.71,58.42,-11.71,incomplete_pass,incomplete_pass,,box involvement,FCM box involvement at minute 70.,Chance Creation & Final Third,pitch scatter map,high,true,false,false,false,5326,0,0
8cfdb681-32cf-4ebf-81f1-5c0839ec82d5,2442592,6af02a50-3c58-58a9-a927-2e5132cf09c0,569,FCK,1000,FCM,2,1382.04,4144.24,70,65,,,count,defensive_third,defensive_third,central_channel,58.42,-11.71,58.42,-11.71,-58.42,-11.71,-58.42,-11.71,start_loc,,organisation,context event,FCK context event at minute 70.,Executive Match Overview,pitch scatter map,low,false,false,false,true,5327,0,0
8cfdb681-32cf-4ebf-81f1-5c0839ec82d5,2442592,bb78e29a-be6e-5941-943b-ee7c09b141b5,1000,FCM,569,FCK,2,1382.04,4144.24,70,65,533646,D. Osorio,count,attacking_third,attacking_third,left_channel,53.28,-33.28,51.17,-0.15,53.28,-33.28,51.17,-0.15,pass,interception,,box involvement,FCM box involvement at minute 70.,Chance Creation & Final Third,pitch scatter map,high,true,false,false,false,5328,0.1,
8cfdb681-32cf-4ebf-81f1-5c0839ec82d5,2442592,3e857c7c-b9f4-598d-b300-e1d056e8cab5,1000,FCM,569,FCK,2,1410.52,4172.72,70,65,568423,V. Byskov,count,attacking_third,attacking_third,right_channel,57.57,33.29,57.57,33.29,57.57,33.29,57.57,33.29,square,square,,final-third entry,FCM final-third entry at minute 70.,Territory & Control,pitch scatter map,medium,false,false,false,false,5335,0,0
8cfdb681-32cf-4ebf-81f1-5c0839ec82d5,2442592,896ebdb3-d6e3-5635-aba6-cedc938d7662,1000,FCM,569,FCK,2,1410.52,4172.72,70,65,,,count,attacking_third,attacking_third,right_channel,52.47,32.97,44.28,10.55,52.47,32.97,44.28,10.55,shot,shot,corner_kick,shot attempt,FCM shot attempt at minute 70.,Chance Creation & Final Third,pitch scatter map,high,true,false,false,false,5336,0.0238,0.0238
8cfdb681-32cf-4ebf-81f1-5c0839ec82d5,2442592,5e68a3ed-d5f8-5aec-8438-5b17db81b9d5,1000,FCM,569,FCK,2,1410.52,4172.72,70,65,568423,V. Byskov,count,attacking_third,attacking_third,right_channel,52.47,32.97,50.64,8.47,52.47,32.97,50.64,8.47,pass,shot,,box involvement,FCM box involvement at minute 70.,Chance Creation & Final Third,pitch scatter map,high,true,false,false,false,5337,0.1,
8cfdb681-32cf-4ebf-81f1-5c0839ec82d5,2442592,ba5833bb-42fa-55a4-9d05-752c5d656bab,569,FCK,1000,FCM,2,1410.52,4172.72,70,65,,,count,defensive_third,defensive_third,right_channel,57.57,33.29,48.98,18.06,-57.57,33.29,-48.98,18.06,start_loc,,organisation,context event,FCK context event at minute 70.,Executive Match Overview,pitch scatter map,low,false,false,false,true,5338,0,0.0238
8cfdb681-32cf-4ebf-81f1-5c0839ec82d5,2442592,bf84933c-9204-507a-97e0-91111f7911cc,1000,FCM,569,FCK,2,1410.52,4172.72,70,65,,,count,attacking_third,attacking_third,right_channel,57.57,33.29,48.98,18.06,57.57,33.29,48.98,18.06,crossing,,crossing,box involvement,FCM box involvement at minute 70.,Chance Creation & Final Third,pitch scatter map,high,true,false,false,false,5339,0.1,
8cfdb681-32cf-4ebf-81f1-5c0839ec82d5,2442592,295ed2c8-2f89-58e5-8643-067251b928b1,1000,FCM,569,FCK,2,1411.84,4174.04,70,65,494784,Oliver Sorensen,count,attacking_third,attacking_third,right_channel,55.65,16.65,55.82,16.85,55.65,16.65,55.82,16.85,square,square,,box involvement,FCM box involvement at minute 70.,Chance Creation & Final Third,pitch scatter map,high,true,false,false,false,5341,0,0
8cfdb681-32cf-4ebf-81f1-5c0839ec82d5,2442592,094230fe-ccbc-5e98-bf0b-ae30d8d7fc1e,1000,FCM,569,FCK,2,1411.96,4174.16,70,65,494784,Oliver Sorensen,count,attacking_third,attacking_third,central_channel,50.8,8.77,49.15,-7.62,50.8,8.77,49.15,-7.62,pass,shot,,box involvement,FCM box involvement at minute 70.,Chance Creation & Final Third,pitch scatter map,high,true,false,false,false,5343,0,
8cfdb681-32cf-4ebf-81f1-5c0839ec82d5,2442592,e53504e0-6ba8-5fa6-91a4-831973dc6db2,1000,FCM,569,FCK,2,1413.8,4176,70,65,423651,E. Chilufya,count,attacking_third,attacking_third,central_channel,54.09,5.72,54.36,5.7,54.09,5.72,54.36,5.7,assist,assist,,box involvement,FCM box involvement at minute 70.,Chance Creation & Final Third,pitch scatter map,high,true,false,false,false,5345,0,0
8cfdb681-32cf-4ebf-81f1-5c0839ec82d5,2442592,609c7000-6c0f-5880-bd0a-371a154a0e05,1000,FCM,569,FCK,2,1413.92,4176.12,70,65,423651,E. Chilufya,count,attacking_third,attacking_third,central_channel,49.41,-7.64,45.74,3.04,49.41,-7.64,45.74,3.04,pass,shot,,box involvement,FCM box involvement at minute 70.,Chance Creation & Final Third,pitch scatter map,high,true,false,false,false,5347,0,
8cfdb681-32cf-4ebf-81f1-5c0839ec82d5,2442592,9fdc7171-1519-55d0-89db-e97221a6e02c,1000,FCM,569,FCK,2,1415.44,4177.64,70,65,494784,Oliver Sorensen,count,attacking_third,attacking_third,right_channel,49.07,18.11,48.98,18.06,49.07,18.11,48.98,18.06,goal,goal,,box involvement,FCM box involvement at minute 70.,Chance Creation & Final Third,pitch scatter map,high,true,false,false,false,5352,0,0.0238
8cfdb681-32cf-4ebf-81f1-5c0839ec82d5,2442592,732266e8-731f-5dd6-9489-5878f0895589,1000,FCM,569,FCK,2,1415.48,4177.68,70,65,494784,Oliver Sorensen,count,attacking_third,attacking_third,central_channel,44.28,10.55,52.85,1.81,44.28,10.55,52.85,1.81,shot,goal,,shot attempt,FCM shot attempt at minute 70.,Chance Creation & Final Third,pitch scatter map,high,true,false,false,false,5353,0.0238,0.0238
8cfdb681-32cf-4ebf-81f1-5c0839ec82d5,2442592,6a5d4c62-08f2-52f2-bb7f-3f164e21f7de,569,FCK,1000,FCM,2,1464.04,4226.24,71,70,457214,G. Onugkha,count,middle_third,middle_third,central_channel,0.35,-0.12,-7.15,3.9,-0.35,-0.12,7.15,3.9,pass,out,,context event,FCK context event at minute 71.,Executive Match Overview,pitch scatter map,low,false,false,false,false,5360,0,
8cfdb681-32cf-4ebf-81f1-5c0839ec82d5,2442592,cb9a5d4c-a90e-5be8-b649-587a1d6c9dcc,569,FCK,1000,FCM,2,1464.04,4226.24,71,70,,,count,middle_third,middle_third,central_channel,2.18,10.98,2.18,10.98,-2.18,10.98,-2.18,10.98,loss,,buildup,turnover / loss,FCK turnover / loss at minute 71.,Defensive Behaviour & Transitions,pitch scatter map,high,false,false,false,false,5361,0,
8cfdb681-32cf-4ebf-81f1-5c0839ec82d5,2442592,d65af7f0-ba4c-5388-954b-4d2536ea99f2,1000,FCM,569,FCK,2,1486.16,4248.36,71,70,204164,J. Andersson,count,middle_third,middle_third,right_channel,-16.36,34.05,-5.19,35.28,-16.36,34.05,-5.19,35.28,pass,out,,context event,FCM context event at minute 71.,Executive Match Overview,pitch scatter map,low,false,false,false,false,5377,0,
8cfdb681-32cf-4ebf-81f1-5c0839ec82d5,2442592,dc7ca11a-ad6b-53bb-9c1e-a342fdf08684,1000,FCM,569,FCK,2,1486.16,4248.36,71,70,,,count,middle_third,middle_third,right_channel,-14.61,34.02,-14.61,34.02,-14.61,34.02,-14.61,34.02,loss,,progression,turnover / loss,FCM turnover / loss at minute 71.,Defensive Behaviour & Transitions,pitch scatter map,high,false,false,false,false,5380,0,
8cfdb681-32cf-4ebf-81f1-5c0839ec82d5,2442592,96034b26-392e-5f79-89f8-3e15553dfe96,569,FCK,1000,FCM,2,1497.16,4259.36,71,70,,,count,middle_third,middle_third,left_channel,4.96,-34.3,-7.83,-9.63,-4.96,-34.3,7.83,-9.63,recovery,turnover,throw_in,ball recovery,FCK ball recovery at minute 71.,Defensive Behaviour & Transitions,pitch scatter map,high,false,false,false,false,5384,0,0
8cfdb681-32cf-4ebf-81f1-5c0839ec82d5,2442592,255e523c-a465-54c3-a81a-4fe2dd1e2d06,569,FCK,1000,FCM,2,1497.16,4259.36,71,70,512627,G. Gocholeishvili,count,middle_third,middle_third,left_channel,4.96,-34.3,-7.94,-9.54,-4.96,-34.3,7.94,-9.54,pass,reception,,progressive action,FCK progressive action at minute 71.,Territory & Control,pitch scatter map,medium,false,false,true,false,5385,0,
8cfdb681-32cf-4ebf-81f1-5c0839ec82d5,2442592,cf661250-4bbe-5726-8520-d5135b52ad86,569,FCK,1000,FCM,2,1499.52,4261.72,72,70,220246,P. Hatzidiakos,count,middle_third,middle_third,central_channel,-7.83,-9.63,24.1,-20.79,7.83,-9.63,-24.1,-20.79,pass,interception,,context event,FCK context event at minute 72.,Executive Match Overview,pitch scatter map,medium,false,false,false,false,5398,0,
8cfdb681-32cf-4ebf-81f1-5c0839ec82d5,2442592,0dda0dcc-4a77-5124-b365-4b7656601a42,569,FCK,1000,FCM,2,1505.32,4267.52,72,70,96787,M. Elyounoussi,count,middle_third,middle_third,right_channel,-18.58,29.54,-19.83,31.42,18.58,29.54,19.83,31.42,incomplete_pass,incomplete_pass,,final-third entry,FCK final-third entry at minute 72.,Territory & Control,pitch scatter map,medium,false,true,false,false,5404,0.05,0
8cfdb681-32cf-4ebf-81f1-5c0839ec82d5,2442592,b006f3eb-4857-5827-a783-470a9c8f86cc,569,FCK,1000,FCM,2,1506.44,4268.64,72,70,96787,M. Elyounoussi,count,defensive_third,defensive_third,left_channel,21.34,-30.23,33.89,-12.37,-21.34,-30.23,-33.89,-12.37,pass,interception,,context event,FCK context event at minute 72.,Executive Match Overview,pitch scatter map,medium,false,false,false,false,5407,0,
8cfdb681-32cf-4ebf-81f1-5c0839ec82d5,2442592,da652174-ce6f-5e9c-9907-cf45718866a1,1000,FCM,569,FCK,2,1507.56,4269.76,72,70,228044,M. Bech,count,defensive_third,defensive_third,right_channel,-32.13,16.11,-3.41,5.26,-32.13,16.11,-3.41,5.26,pass,interception,,context event,FCM context event at minute 72.,Executive Match Overview,pitch scatter map,medium,false,false,false,false,5412,0.02,
8cfdb681-32cf-4ebf-81f1-5c0839ec82d5,2442592,46d5322e-179e-54f6-b592-4bbf0ce31c83,1000,FCM,569,FCK,2,1510.68,4272.88,72,70,474838,E. Martinez,count,middle_third,middle_third,central_channel,-18.44,8.05,5.37,-7.09,-18.44,8.05,5.37,-7.09,pass,interception,,context event,FCM context event at minute 72.,Executive Match Overview,pitch scatter map,medium,false,false,false,false,5422,0,
8cfdb681-32cf-4ebf-81f1-5c0839ec82d5,2442592,2966c27b-c761-5684-a757-4e042cb9ee4e,569,FCK,1000,FCM,2,1511.04,4273.24,72,70,,,count,middle_third,middle_third,central_channel,3.99,-2.22,-24.45,12.2,-3.99,-2.22,24.45,12.2,completed_pass,completed_pass,,final-third entry,FCK final-third entry at minute 72.,Territory & Control,pitch scatter map,medium,false,true,true,false,5423,0.05,
8cfdb681-32cf-4ebf-81f1-5c0839ec82d5,2442592,f70feca4-3452-51d6-a02a-7f89ad5e5ce1,569,FCK,1000,FCM,2,1511.04,4273.24,72,70,,,count,middle_third,middle_third,central_channel,-0.62,-8.44,-24.78,0.24,0.62,-8.44,24.78,0.24,completed_pass,completed_pass,,final-third entry,FCK final-third entry at minute 72.,Territory & Control,pitch scatter map,medium,false,true,true,false,5424,0.05,
8cfdb681-32cf-4ebf-81f1-5c0839ec82d5,2442592,90bc437d-e123-5191-82e5-b62a8a5f1f85,569,FCK,1000,FCM,2,1513.36,4275.56,72,70,,,count,middle_third,middle_third,central_channel,-10.49,10.39,11.86,21.22,10.49,10.39,-11.86,21.22,recovery,turnover,recovery,ball recovery,FCK ball recovery at minute 72.,Defensive Behaviour & Transitions,pitch scatter map,high,false,false,false,false,5430,0,0
8cfdb681-32cf-4ebf-81f1-5c0839ec82d5,2442592,8171bdc7-b305-5548-b6d0-b2916adfc16a,569,FCK,1000,FCM,2,1515.12,4277.32,72,70,193228,K. Diks,count,attacking_third,attacking_third,central_channel,-20.07,13.29,-38.2,13.32,20.07,13.29,38.2,13.32,pass,reception,,final-third entry,FCK final-third entry at minute 72.,Territory & Control,pitch scatter map,medium,false,false,true,false,5433,0,
8cfdb681-32cf-4ebf-81f1-5c0839ec82d5,2442592,9ee6295e-4871-582a-b5b9-378aa6909d9f,569,FCK,1000,FCM,2,1519.12,4281.32,72,70,232398,N. Trott,count,attacking_third,attacking_third,right_channel,-36.45,15.98,-26.28,7.46,36.45,15.98,26.28,7.46,pass,reception,,final-third entry,FCK final-third entry at minute 72.,Territory & Control,pitch scatter map,medium,false,false,false,false,5444,0,
8cfdb681-32cf-4ebf-81f1-5c0839ec82d5,2442592,ed0b6ee6-502d-50a4-bdf6-7551c62fa386,569,FCK,1000,FCM,2,1522.32,4284.52,72,70,220246,P. Hatzidiakos,count,attacking_third,attacking_third,central_channel,-23.02,6.09,-21.79,-9.97,23.02,6.09,21.79,-9.97,pass,reception,,final-third entry,FCK final-third entry at minute 72.,Territory & Control,pitch scatter map,medium,false,false,false,false,5448,0,
8cfdb681-32cf-4ebf-81f1-5c0839ec82d5,2442592,f8371383-d676-5795-9fac-8cb976acec36,569,FCK,1000,FCM,2,1524.44,4286.64,72,70,166965,L. Lerager,count,attacking_third,attacking_third,central_channel,-20.96,-11.97,-0.95,-29.01,20.96,-11.97,0.95,-29.01,pass,reception,,context event,FCK context event at minute 72.,Territory & Control,pitch scatter map,low,false,false,false,false,5451,0,
8cfdb681-32cf-4ebf-81f1-5c0839ec82d5,2442592,e5bbe89f-d570-5fad-842c-e45bebc03561,569,FCK,1000,FCM,2,1529.12,4291.32,72,70,512627,G. Gocholeishvili,count,middle_third,middle_third,left_channel,5.65,-29.12,-6.96,-25.28,-5.65,-29.12,6.96,-25.28,pass,reception,,progressive action,FCK progressive action at minute 72.,Territory & Control,pitch scatter map,medium,false,false,true,false,5459,0,
8cfdb681-32cf-4ebf-81f1-5c0839ec82d5,2442592,e10fdb05-9c49-582f-ab25-ce12f51e03cf,569,FCK,1000,FCM,2,1529.12,4291.32,72,70,,,count,middle_third,middle_third,left_channel,6.05,-28.58,-5.79,-23.73,-6.05,-28.58,5.79,-23.73,completed_pass,completed_pass,,progressive action,FCK progressive action at minute 72.,Territory & Control,pitch scatter map,medium,false,false,true,false,5460,0,
8cfdb681-32cf-4ebf-81f1-5c0839ec82d5,2442592,2333b370-7167-5559-a872-af5f1162a0fe,569,FCK,1000,FCM,2,1531.48,4293.68,72,70,166965,L. Lerager,count,middle_third,middle_third,left_channel,-7.15,-24.59,-19.21,-10.74,7.15,-24.59,19.21,-10.74,pass,reception,,final-third entry,FCK final-third entry at minute 72.,Territory & Control,pitch scatter map,medium,false,true,true,false,5465,0.05,
8cfdb681-32cf-4ebf-81f1-5c0839ec82d5,2442592,0d4f61cb-2558-563a-a6b9-66f6e8a89e24,569,FCK,1000,FCM,2,1537.56,4299.76,72,70,475413,Gabriel Pereira,count,middle_third,middle_third,central_channel,-16.45,-12.04,-13.17,-23.4,16.45,-12.04,13.17,-23.4,pass,reception,,context event,FCK context event at minute 72.,Executive Match Overview,pitch scatter map,low,false,false,false,false,5470,0,
8cfdb681-32cf-4ebf-81f1-5c0839ec82d5,2442592,03fb60c5-8be5-5552-a093-a78c4125b898,569,FCK,1000,FCM,2,1538.28,4300.48,72,70,,,count,middle_third,middle_third,central_channel,-10.28,-8.85,-21.08,-9.55,10.28,-8.85,21.08,-9.55,completed_pass,completed_pass,,final-third entry,FCK final-third entry at minute 72.,Territory & Control,pitch scatter map,medium,false,true,true,false,5471,0.05,
8cfdb681-32cf-4ebf-81f1-5c0839ec82d5,2442592,bf702178-ff59-5e41-8afb-a205e80992ff,569,FCK,1000,FCM,2,1538.64,4300.84,72,70,166965,L. Lerager,count,middle_third,middle_third,left_channel,-13.19,-23.39,-18.73,-12.98,13.19,-23.39,18.73,-12.98,pass,reception,,final-third entry,FCK final-third entry at minute 72.,Territory & Control,pitch scatter map,medium,false,true,false,false,5474,0.05,
8cfdb681-32cf-4ebf-81f1-5c0839ec82d5,2442592,b1bcabc8-fe37-588a-8969-89d8cf41c375,569,FCK,1000,FCM,2,1540.8,4303,72,70,475413,Gabriel Pereira,count,attacking_third,attacking_third,central_channel,-20.09,-11.82,-36.5,1.19,20.09,-11.82,36.5,1.19,pass,reception,,final-third entry,FCK final-third entry at minute 72.,Territory & Control,pitch scatter map,medium,false,false,true,false,5478,0,
8cfdb681-32cf-4ebf-81f1-5c0839ec82d5,2442592,d0b80944-4766-5f49-bd92-535e26865b6d,569,FCK,1000,FCM,2,1544.88,4307.08,72,70,232398,N. Trott,count,attacking_third,attacking_third,central_channel,-36.15,2.63,-25.19,3.21,36.15,2.63,25.19,3.21,pass,reception,,final-third entry,FCK final-third entry at minute 72.,Territory & Control,pitch scatter map,medium,false,false,false,false,5481,0,
8cfdb681-32cf-4ebf-81f1-5c0839ec82d5,2442592,755fe473-3e4b-5723-a2c8-855a760c984e,569,FCK,1000,FCM,2,1547.48,4309.68,72,70,68640,T. Delaney,count,attacking_third,attacking_third,central_channel,-27.9,6.45,-20.02,24.68,27.9,6.45,20.02,24.68,pass,reception,,final-third entry,FCK final-third entry at minute 72.,Territory & Control,pitch scatter map,medium,false,false,false,false,5485,0,
8cfdb681-32cf-4ebf-81f1-5c0839ec82d5,2442592,2b935a9c-0424-5daa-b052-5459a7c14cda,569,FCK,1000,FCM,2,1552.16,4314.36,72,70,,,count,middle_third,middle_third,central_channel,9.31,-5.18,-9.89,-3.52,-9.31,-5.18,9.89,-3.52,loss,,progression,turnover / loss,FCK turnover / loss at minute 72.,Defensive Behaviour & Transitions,pitch scatter map,high,false,false,false,false,5488,0,
8cfdb681-32cf-4ebf-81f1-5c0839ec82d5,2442592,046ff116-9694-5242-b6e0-318963b54391,569,FCK,1000,FCM,2,1552.68,4314.88,72,70,220246,P. Hatzidiakos,count,middle_third,middle_third,right_channel,-3.76,23.28,11.36,21.23,3.76,23.28,-11.36,21.23,pass,reception,,context event,FCK context event at minute 72.,Executive Match Overview,pitch scatter map,low,false,false,false,false,5490,0,
8cfdb681-32cf-4ebf-81f1-5c0839ec82d5,2442592,af1d7d8f-9f2d-551a-a766-1bb218183bf3,1000,FCM,569,FCK,2,1553.48,4315.68,72,70,,,count,middle_third,middle_third,left_channel,1.66,-23.01,0.76,-22.6,1.66,-23.01,0.76,-22.6,loss,lost_ball,,turnover / loss,FCM turnover / loss at minute 72.,Defensive Behaviour & Transitions,pitch scatter map,high,false,false,false,false,5492,0,
8cfdb681-32cf-4ebf-81f1-5c0839ec82d5,2442592,bdc87931-70d9-507d-9a61-ddb05e1013db,569,FCK,1000,FCM,2,1553.52,4315.72,72,70,546545,E. Achouri,count,middle_third,middle_third,central_channel,-9.36,-3.52,-9.89,-3.52,9.36,-3.52,9.89,-3.52,loss,ball_lost,,turnover / loss,FCK turnover / loss at minute 72.,Defensive Behaviour & Transitions,pitch scatter map,high,false,false,false,false,5494,0,0
8cfdb681-32cf-4ebf-81f1-5c0839ec82d5,2442592,8945b94d-df5f-557a-82cb-28ad9464286f,1000,FCM,569,FCK,2,1555.88,4318.08,72,70,,,count,middle_third,middle_third,left_channel,-2.13,-15.02,10.71,-12.1,-2.13,-15.02,10.71,-12.1,recovery,foul,tackle,ball recovery,FCM ball recovery at minute 72.,Defensive Behaviour & Transitions,pitch scatter map,medium,false,false,false,false,5507,0,0
8cfdb681-32cf-4ebf-81f1-5c0839ec82d5,2442592,6a6702d9-3c8e-513c-9386-9f18e7a43cf5,1000,FCM,569,FCK,2,1604.88,4367.08,73,70,,,count,attacking_third,attacking_third,left_channel,19.11,-14.88,19.11,-14.88,19.11,-14.88,19.11,-14.88,recovery,turnover,free_kick,final-third entry,FCM final-third entry at minute 73.,Defensive Behaviour & Transitions,pitch scatter map,high,false,false,false,false,5528,0,0
8cfdb681-32cf-4ebf-81f1-5c0839ec82d5,2442592,508d82a5-48e1-5290-b33c-b9b85c239cfd,1000,FCM,569,FCK,2,1604.88,4367.08,73,70,204164,J. Andersson,count,attacking_third,attacking_third,left_channel,19.11,-14.88,44.3,-0.25,19.11,-14.88,44.3,-0.25,pass,interception,,box involvement,FCM box involvement at minute 73.,Chance Creation & Final Third,pitch scatter map,high,true,false,false,false,5529,0.1,
8cfdb681-32cf-4ebf-81f1-5c0839ec82d5,2442592,86583735-29ee-5035-8f10-553f2928b62c,569,FCK,1000,FCM,2,1604.88,4367.08,73,70,,,count,defensive_third,defensive_third,central_channel,22.59,0.79,22.59,0.79,-22.59,0.79,-22.59,0.79,start_loc,,organisation,context event,FCK context event at minute 73.,Executive Match Overview,pitch scatter map,low,false,false,false,true,5530,0,0
8cfdb681-32cf-4ebf-81f1-5c0839ec82d5,2442592,8f1bb40c-4e77-547a-ac5a-a9730e30846f,1000,FCM,569,FCK,2,1604.88,4367.08,73,70,,,count,attacking_third,attacking_third,central_channel,22.59,0.79,22.59,0.79,22.59,0.79,22.59,0.79,loss,,crossing,final-third entry,FCM final-third entry at minute 73.,Defensive Behaviour & Transitions,pitch scatter map,high,false,false,false,false,5531,0,
8cfdb681-32cf-4ebf-81f1-5c0839ec82d5,2442592,97e25712-f1c8-568f-b3ce-28b7bf155a1a,1000,FCM,569,FCK,2,1604.88,4367.08,73,70,204164,J. Andersson,count,attacking_third,attacking_third,central_channel,22.59,0.79,22.59,0.79,22.59,0.79,22.59,0.79,incomplete_pass,incomplete_pass,,final-third entry,FCM final-third entry at minute 73.,Territory & Control,pitch scatter map,medium,false,false,false,false,5532,0,0
8cfdb681-32cf-4ebf-81f1-5c0839ec82d5,2442592,feb43b8c-5c11-5f81-bc33-5f6d268264cd,569,FCK,1000,FCM,2,1604.88,4367.08,73,70,,,count,attacking_third,attacking_third,central_channel,-22.07,12.31,-28.42,4.92,22.07,12.31,28.42,4.92,completed_pass,completed_pass,,final-third entry,FCK final-third entry at minute 73.,Territory & Control,pitch scatter map,medium,false,false,false,false,5533,0,
8cfdb681-32cf-4ebf-81f1-5c0839ec82d5,2442592,27127610-1367-5792-b10f-f49d2b92a10c,569,FCK,1000,FCM,2,1605.12,4367.32,73,70,,,count,attacking_third,attacking_third,central_channel,-37.66,-2.91,-39.85,-2.21,37.66,-2.91,39.85,-2.21,completed_pass,completed_pass,,box involvement,FCK box involvement at minute 73.,Chance Creation & Final Third,pitch scatter map,high,true,false,false,false,5534,0.1,
8cfdb681-32cf-4ebf-81f1-5c0839ec82d5,2442592,896f93cd-d997-5703-b9ef-d6cd92d6f140,569,FCK,1000,FCM,2,1606.04,4368.24,73,70,96787,M. Elyounoussi,count,attacking_third,attacking_third,central_channel,-36.46,-2.32,41.33,-4.85,36.46,-2.32,-41.33,-4.85,run_start_loc,,,context event,FCK context event at minute 73.,Territory & Control,pitch scatter map,low,false,false,false,false,5537,0,
8cfdb681-32cf-4ebf-81f1-5c0839ec82d5,2442592,bc357f32-3d9a-5333-b112-27202ba2abc7,569,FCK,1000,FCM,2,1606.04,4368.24,73,70,512627,G. Gocholeishvili,count,attacking_third,attacking_third,central_channel,-39.07,-7.7,-18.1,-19.48,39.07,-7.7,18.1,-19.48,run_start_loc,,,context event,FCK context event at minute 73.,Territory & Control,pitch scatter map,low,false,false,false,false,5538,0,
8cfdb681-32cf-4ebf-81f1-5c0839ec82d5,2442592,6fe802bb-6e18-53c4-aa11-f209facac715,569,FCK,1000,FCM,2,1606.56,4368.76,73,70,,,count,attacking_third,attacking_third,central_channel,-45.85,-1.67,36.22,10.25,45.85,-1.67,-36.22,10.25,recovery,turnover,interception,box involvement,FCK box involvement at minute 73.,Chance Creation & Final Third,pitch scatter map,high,true,false,false,false,5539,0,0
8cfdb681-32cf-4ebf-81f1-5c0839ec82d5,2442592,90730bf5-5b68-5b2d-9b72-27a2da777ea8,569,FCK,1000,FCM,2,1606.56,4368.76,73,70,,,count,defensive_third,defensive_third,central_channel,50.63,12.03,-35.43,3.93,-50.63,12.03,35.43,3.93,loss,,counter_attack,final-third entry,FCK final-third entry at minute 73.,Defensive Behaviour & Transitions,pitch scatter map,high,false,true,false,false,5540,0.07,
8cfdb681-32cf-4ebf-81f1-5c0839ec82d5,2442592,e92355f7-fe2d-5ff8-b407-bbb07e64690f,1000,FCM,569,FCK,2,1606.56,4368.76,73,70,,,count,attacking_third,attacking_third,central_channel,50.63,12.03,-35.43,3.93,50.63,12.03,-35.43,3.93,start_loc,,transition,box involvement,FCM box involvement at minute 73.,Chance Creation & Final Third,pitch scatter map,high,true,false,false,true,5543,0,0
8cfdb681-32cf-4ebf-81f1-5c0839ec82d5,2442592,a4aa1a84-7e78-5953-b825-776960762e4f,569,FCK,1000,FCM,2,1607.96,4370.16,73,70,232398,N. Trott,count,attacking_third,attacking_third,central_channel,-40.83,-3.92,-17.76,-19.58,40.83,-3.92,17.76,-19.58,pass,reception,,box involvement,FCK box involvement at minute 73.,Chance Creation & Final Third,pitch scatter map,high,true,false,false,false,5547,0,
8cfdb681-32cf-4ebf-81f1-5c0839ec82d5,2442592,c5225f2c-0a91-5b82-8141-6e1e31e2df98,569,FCK,1000,FCM,2,1609.24,4371.44,73,70,433957,M. Mattsson,count,attacking_third,attacking_third,central_channel,-23.52,-1.07,22.91,5.05,23.52,-1.07,-22.91,5.05,run_start_loc,,,context event,FCK context event at minute 73.,Territory & Control,pitch scatter map,low,false,false,false,false,5559,0,
8cfdb681-32cf-4ebf-81f1-5c0839ec82d5,2442592,f71e3510-33ad-5fb1-a44e-f9ed675f9cee,569,FCK,1000,FCM,2,1610.84,4373.04,73,70,546545,E. Achouri,count,attacking_third,attacking_third,central_channel,-19.69,10.45,36.85,11.53,19.69,10.45,-36.85,11.53,run_start_loc,,,context event,FCK context event at minute 73.,Territory & Control,pitch scatter map,low,false,false,false,false,5570,0,
8cfdb681-32cf-4ebf-81f1-5c0839ec82d5,2442592,9fde6af2-ee44-58d0-9edd-74f8c894028c,569,FCK,1000,FCM,2,1611.64,4373.84,73,70,457214,G. Onugkha,count,attacking_third,attacking_third,central_channel,-19.16,6.35,34.82,0.81,19.16,6.35,-34.82,0.81,run_start_loc,,,context event,FCK context event at minute 73.,Territory & Control,pitch scatter map,low,false,false,false,false,5573,0,
8cfdb681-32cf-4ebf-81f1-5c0839ec82d5,2442592,bd6d91c7-3966-5dba-b604-8d69b8ea55de,569,FCK,1000,FCM,2,1613.88,4376.08,73,70,512627,G. Gocholeishvili,count,middle_third,middle_third,left_channel,2.31,-16.3,25.3,6.3,-2.31,-16.3,-25.3,6.3,pass,reception,,context event,FCK context event at minute 73.,Executive Match Overview,pitch scatter map,low,false,false,false,false,5579,0,
8cfdb681-32cf-4ebf-81f1-5c0839ec82d5,2442592,97e5dca8-5e4f-5b00-83f0-9b6e8a983faa,569,FCK,1000,FCM,2,1615.88,4378.08,73,70,433957,M. Mattsson,count,attacking_third,attacking_third,central_channel,-23.98,6.62,-35.43,3.93,23.98,6.62,35.43,3.93,incomplete_pass,incomplete_pass,,final-third entry,FCK final-third entry at minute 73.,Territory & Control,pitch scatter map,medium,false,false,false,false,5588,0,0
8cfdb681-32cf-4ebf-81f1-5c0839ec82d5,2442592,f4f7bb39-dc9b-58ce-b55e-bcd06fe291d7,569,FCK,1000,FCM,2,1617.32,4379.52,73,70,433957,M. Mattsson,count,defensive_third,defensive_third,central_channel,36.22,10.25,39.99,12.37,-36.22,10.25,-39.99,12.37,pass,interception,,context event,FCK context event at minute 73.,Executive Match Overview,pitch scatter map,medium,false,false,false,false,5593,0,
8cfdb681-32cf-4ebf-81f1-5c0839ec82d5,2442592,08d77e30-f123-5e12-84a0-69166846ded6,1000,FCM,569,FCK,2,1618.32,4380.52,74,70,,,count,defensive_third,defensive_third,central_channel,-43.85,-4.5,-26.78,-33.03,-43.85,-4.5,-26.78,-33.03,recovery,out,interception,ball recovery,FCM ball recovery at minute 74.,Defensive Behaviour & Transitions,pitch scatter map,medium,false,false,false,false,5603,0,0
8cfdb681-32cf-4ebf-81f1-5c0839ec82d5,2442592,9bacd13f-a7ac-5341-94b2-4de5b2d8b337,569,FCK,1000,FCM,2,1618.32,4380.52,74,70,,,count,attacking_third,attacking_third,central_channel,-43.43,7.84,-25.53,-11.54,43.43,7.84,25.53,-11.54,start_loc,,transition,box involvement,FCK box involvement at minute 74.,Chance Creation & Final Third,pitch scatter map,high,true,false,false,true,5604,0,0
8cfdb681-32cf-4ebf-81f1-5c0839ec82d5,2442592,fa966bbf-6065-58db-b70f-690009ea9d65,1000,FCM,569,FCK,2,1619.8,4382,74,70,204164,J. Andersson,count,defensive_third,defensive_third,central_channel,-48.38,-6.85,-27.55,-32.73,-48.38,-6.85,-27.55,-32.73,pass,reception,,progressive action,FCM progressive action at minute 74.,Territory & Control,pitch scatter map,medium,false,false,true,false,5609,0,
8cfdb681-32cf-4ebf-81f1-5c0839ec82d5,2442592,e63a09f4-24fb-57f1-a092-64a3178b3ff9,1000,FCM,569,FCK,2,1620.32,4382.52,74,70,,,count,defensive_third,defensive_third,central_channel,-45.35,3.96,-25.53,-11.54,-45.35,3.96,-25.53,-11.54,loss,,counter_attack,turnover / loss,FCM turnover / loss at minute 74.,Defensive Behaviour & Transitions,pitch scatter map,high,false,false,false,false,5612,0,
8cfdb681-32cf-4ebf-81f1-5c0839ec82d5,2442592,d1d85aae-1e00-51b5-a191-fd9265ed151e,1000,FCM,569,FCK,2,1623.8,4386,74,70,120721,K. Mbabu,count,defensive_third,defensive_third,central_channel,-26.34,-11.34,-25.53,-11.54,-26.34,-11.34,-25.53,-11.54,loss,ball_lost,,turnover / loss,FCM turnover / loss at minute 74.,Defensive Behaviour & Transitions,pitch scatter map,high,false,false,false,false,5615,0,0
8cfdb681-32cf-4ebf-81f1-5c0839ec82d5,2442592,12ec3ee8-a8f6-55b7-9f5b-b80a3917a04c,569,FCK,1000,FCM,2,1679.2,4441.4,75,70,193228,K. Diks,count,defensive_third,defensive_third,right_channel,26.99,34,31.45,23.59,-26.99,34,-31.45,23.59,pass,reception,,context event,FCK context event at minute 75.,Executive Match Overview,pitch scatter map,low,false,false,false,false,5625,0,
8cfdb681-32cf-4ebf-81f1-5c0839ec82d5,2442592,6eaf0ccc-234d-5510-b05f-e41ba3c5a52e,569,FCK,1000,FCM,2,1679.2,4441.4,75,70,193228,K. Diks,count,attacking_third,attacking_third,central_channel,-25.75,-12.2,-25.75,-12.2,25.75,-12.2,25.75,-12.2,forward,forward,,final-third entry,FCK final-third entry at minute 75.,Territory & Control,pitch scatter map,medium,false,false,false,false,5627,0,0
8cfdb681-32cf-4ebf-81f1-5c0839ec82d5,2442592,903ee140-7ad5-5365-8ad9-f9214a712cbf,569,FCK,1000,FCM,2,1679.2,4441.4,75,70,,,count,attacking_third,attacking_third,central_channel,-25.75,-12.2,-31.23,2.38,25.75,-12.2,31.23,2.38,attacking,,attacking,final-third entry,FCK final-third entry at minute 75.,Territory & Control,pitch scatter map,medium,false,false,false,false,5629,0,
8cfdb681-32cf-4ebf-81f1-5c0839ec82d5,2442592,c53fd559-1538-5984-a2b4-592f81dd653d,569,FCK,1000,FCM,2,1680.04,4442.24,75,70,96787,M. Elyounoussi,count,attacking_third,attacking_third,central_channel,-30.43,-5.13,-31.23,2.38,30.43,-5.13,31.23,2.38,loss,ball_lost,,final-third entry,FCK final-third entry at minute 75.,Defensive Behaviour & Transitions,pitch scatter map,high,false,false,false,false,5631,0,0
8cfdb681-32cf-4ebf-81f1-5c0839ec82d5,2442592,1bbf342a-475f-5047-be44-c5b37fb0c24f,569,FCK,1000,FCM,2,1685.2,4447.4,75,70,,,count,middle_third,middle_third,central_channel,-4.98,7.59,-21.6,4.47,4.98,7.59,21.6,4.47,loss,,progression,final-third entry,FCK final-third entry at minute 75.,Defensive Behaviour & Transitions,pitch scatter map,high,false,true,false,false,5650,0.05,
8cfdb681-32cf-4ebf-81f1-5c0839ec82d5,2442592,8eec5ff4-52bc-5b4a-8b64-4201959483ad,569,FCK,1000,FCM,2,1685.32,4447.52,75,70,475413,Gabriel Pereira,count,middle_third,middle_third,central_channel,6.51,4.58,24.71,9.42,-6.51,4.58,-24.71,9.42,pass,interception,,context event,FCK context event at minute 75.,Executive Match Overview,pitch scatter map,medium,false,false,false,false,5653,0,
8cfdb681-32cf-4ebf-81f1-5c0839ec82d5,2442592,73080136-bd20-5815-aa49-4954d824a5d1,1000,FCM,569,FCK,2,1688.4,4450.6,75,70,609108,O. Diao,count,defensive_third,defensive_third,central_channel,-25.35,-10.85,-22.47,-15.49,-25.35,-10.85,-22.47,-15.49,pass,offside,,context event,FCM context event at minute 75.,Executive Match Overview,pitch scatter map,low,false,false,false,false,5661,0,
8cfdb681-32cf-4ebf-81f1-5c0839ec82d5,2442592,d3af1006-3e1b-59ee-895c-169028d25cc8,1000,FCM,569,FCK,2,1700.16,4462.36,75,70,474838,E. Martinez,count,defensive_third,defensive_third,left_channel,-20.16,-21.35,-26.37,-16.91,-20.16,-21.35,-26.37,-16.91,pass,reception,,context event,FCM context event at minute 75.,Executive Match Overview,pitch scatter map,low,false,false,false,false,5668,0,
8cfdb681-32cf-4ebf-81f1-5c0839ec82d5,2442592,3bd892d4-b733-5f16-a248-e94399480de7,1000,FCM,569,FCK,2,1702.12,4464.32,75,70,609108,O. Diao,count,defensive_third,defensive_third,left_channel,-26.82,-17.02,-24.48,-18.39,-26.82,-17.02,-24.48,-18.39,pass,reception,,context event,FCM context event at minute 75.,Executive Match Overview,pitch scatter map,low,false,false,false,false,5675,0,
8cfdb681-32cf-4ebf-81f1-5c0839ec82d5,2442592,9ec04ba4-6da7-521a-ac17-74897aaead49,1000,FCM,569,FCK,2,1702.44,4464.64,75,70,474838,E. Martinez,count,defensive_third,defensive_third,left_channel,-24.71,-17.67,-24.55,4.36,-24.71,-17.67,-24.55,4.36,pass,reception,,context event,FCM context event at minute 75.,Executive Match Overview,pitch scatter map,low,false,false,false,false,5678,0,
8cfdb681-32cf-4ebf-81f1-5c0839ec82d5,2442592,405d9c0d-c68a-586e-9e0f-8abfb3e187e8,1000,FCM,569,FCK,2,1706.76,4468.96,75,70,228044,M. Bech,count,defensive_third,defensive_third,central_channel,-19.58,8.52,-19.46,-1,-19.58,8.52,-19.46,-1,pass,reception,,context event,FCM context event at minute 75.,Executive Match Overview,pitch scatter map,low,false,false,false,false,5681,0,
8cfdb681-32cf-4ebf-81f1-5c0839ec82d5,2442592,878ad88c-a5b5-587d-8361-11a6cd8950c7,1000,FCM,569,FCK,2,1710.44,4472.64,75,70,474838,E. Martinez,count,middle_third,middle_third,central_channel,-15.45,-6.24,-11.15,-23.26,-15.45,-6.24,-11.15,-23.26,pass,reception,,context event,FCM context event at minute 75.,Executive Match Overview,pitch scatter map,low,false,false,false,false,5685,0,
8cfdb681-32cf-4ebf-81f1-5c0839ec82d5,2442592,fefc6502-cc11-575d-994f-d06f3147242d,1000,FCM,569,FCK,2,1713.36,4475.56,75,70,609108,O. Diao,count,middle_third,middle_third,left_channel,-7.14,-25.51,-4.37,-26.98,-7.14,-25.51,-4.37,-26.98,pass,other,,context event,FCM context event at minute 75.,Executive Match Overview,pitch scatter map,low,false,false,false,false,5689,0,
8cfdb681-32cf-4ebf-81f1-5c0839ec82d5,2442592,5346b9cd-f77c-50a1-9a77-27edf7092950,569,FCK,1000,FCM,2,1725.76,4487.96,75,70,,,count,middle_third,middle_third,central_channel,-2.11,-9.27,-38.22,5.97,2.11,-9.27,38.22,5.97,start_loc,,organisation,final-third entry,FCK final-third entry at minute 75.,Territory & Control,pitch scatter map,medium,false,true,false,false,5699,0.05,0
8cfdb681-32cf-4ebf-81f1-5c0839ec82d5,2442592,406086b9-cc62-5084-a765-b3bf18117f58,1000,FCM,569,FCK,2,1725.76,4487.96,75,70,609108,O. Diao,count,middle_third,middle_third,left_channel,-4.44,-29.69,-18.15,-7.61,-4.44,-29.69,-18.15,-7.61,pass,reception,,context event,FCM context event at minute 75.,Executive Match Overview,pitch scatter map,low,false,false,false,false,5700,0,
8cfdb681-32cf-4ebf-81f1-5c0839ec82d5,2442592,ba7b96f4-bc60-5635-a895-b450297188e4,1000,FCM,569,FCK,2,1731.64,4493.84,75,70,228044,M. Bech,count,middle_third,middle_third,central_channel,-8.12,-5.66,-4.32,-23.31,-8.12,-5.66,-4.32,-23.31,pass,reception,,context event,FCM context event at minute 75.,Executive Match Overview,pitch scatter map,low,false,false,false,false,5703,0,
8cfdb681-32cf-4ebf-81f1-5c0839ec82d5,2442592,66b2a00f-08cd-55ee-8726-cc61bc57cdfb,1000,FCM,569,FCK,2,1732.68,4494.88,75,70,,,count,attacking_third,attacking_third,central_channel,20.89,-12.46,14.15,-21.72,20.89,-12.46,14.15,-21.72,completed_pass,completed_pass,,context event,FCM context event at minute 75.,Territory & Control,pitch scatter map,low,false,false,false,false,5705,0,
8cfdb681-32cf-4ebf-81f1-5c0839ec82d5,2442592,f4f8f0a9-1367-59e9-a82f-034111c8bfc5,1000,FCM,569,FCK,2,1736.16,4498.36,75,70,609108,O. Diao,count,middle_third,middle_third,left_channel,-3.58,-18.85,-13.79,-1.34,-3.58,-18.85,-13.79,-1.34,pass,reception,,context event,FCM context event at minute 75.,Executive Match Overview,pitch scatter map,low,false,false,false,false,5709,0,
8cfdb681-32cf-4ebf-81f1-5c0839ec82d5,2442592,78b3ed6a-1335-53d0-b5fd-c475eb5b34cf,1000,FCM,569,FCK,2,1738.44,4500.64,76,75,228044,M. Bech,count,middle_third,middle_third,central_channel,-13.65,0.85,-13.03,18.78,-13.65,0.85,-13.03,18.78,pass,reception,,context event,FCM context event at minute 76.,Executive Match Overview,pitch scatter map,low,false,false,false,false,5715,0,
8cfdb681-32cf-4ebf-81f1-5c0839ec82d5,2442592,d6d5f196-5032-5ef2-bc23-3770da5aa8f1,1000,FCM,569,FCK,2,1741.4,4503.6,76,75,494784,Oliver Sorensen,count,middle_third,middle_third,right_channel,-15.39,18.47,-43.22,-2.17,-15.39,18.47,-43.22,-2.17,pass,reception,,context event,FCM context event at minute 76.,Executive Match Overview,pitch scatter map,low,false,false,false,false,5724,0,
8cfdb681-32cf-4ebf-81f1-5c0839ec82d5,2442592,7a78351a-2fc7-554c-84f8-588880e90bbf,1000,FCM,569,FCK,2,1745.76,4507.96,76,75,,,count,defensive_third,defensive_third,central_channel,-40.3,6.87,-38.22,5.97,-40.3,6.87,-38.22,5.97,loss,,progression,turnover / loss,FCM turnover / loss at minute 76.,Defensive Behaviour & Transitions,pitch scatter map,high,false,false,false,false,5729,0,
8cfdb681-32cf-4ebf-81f1-5c0839ec82d5,2442592,0a3de59e-2f42-5520-95c3-d365a42699fc,1000,FCM,569,FCK,2,1746.32,4508.52,76,75,430901,E. Olafsson,count,defensive_third,defensive_third,central_channel,-38.88,-7.25,35.24,-18.95,-38.88,-7.25,35.24,-18.95,pass,interception,,final-third entry,FCM final-third entry at minute 76.,Territory & Control,pitch scatter map,medium,false,true,false,false,5730,0.07,
8cfdb681-32cf-4ebf-81f1-5c0839ec82d5,2442592,3795a5e0-aeb0-5e42-ae56-b792aa050a6c,569,FCK,1000,FCM,2,1796.72,4558.92,76,75,,,count,middle_third,middle_third,central_channel,9.89,12.89,6.73,-29.67,-9.89,12.89,-6.73,-29.67,recovery,turnover,free_kick,ball recovery,FCK ball recovery at minute 76.,Defensive Behaviour & Transitions,pitch scatter map,high,false,false,false,false,5750,0,0
8cfdb681-32cf-4ebf-81f1-5c0839ec82d5,2442592,df5d9b23-b7aa-53e2-be25-10071df1fb18,569,FCK,1000,FCM,2,1796.72,4558.92,76,75,68640,T. Delaney,count,middle_third,middle_third,central_channel,9.89,12.89,-12.28,5.6,-9.89,12.89,12.28,5.6,pass,reception,,progressive action,FCK progressive action at minute 76.,Territory & Control,pitch scatter map,medium,false,false,true,false,5752,0,
8cfdb681-32cf-4ebf-81f1-5c0839ec82d5,2442592,2e243e0f-ed66-5930-b0c4-cb5a83e6e49b,569,FCK,1000,FCM,2,1802.24,4564.44,77,75,220246,P. Hatzidiakos,count,middle_third,middle_third,central_channel,-12.45,4.42,-13.78,-10.33,12.45,4.42,13.78,-10.33,pass,reception,,context event,FCK context event at minute 77.,Executive Match Overview,pitch scatter map,low,false,false,false,false,5759,0,
8cfdb681-32cf-4ebf-81f1-5c0839ec82d5,2442592,98f035aa-1bee-5d6b-af8f-0683d158a509,569,FCK,1000,FCM,2,1805.28,4567.48,77,75,475413,Gabriel Pereira,count,middle_third,middle_third,left_channel,-12.65,-14.59,-2.4,-32.36,12.65,-14.59,2.4,-32.36,pass,reception,,context event,FCK context event at minute 77.,Executive Match Overview,pitch scatter map,low,false,false,false,false,5765,0,
8cfdb681-32cf-4ebf-81f1-5c0839ec82d5,2442592,91b4ecda-0257-53b6-89e9-9770efbf2171,569,FCK,1000,FCM,2,1808.56,4570.76,77,75,512627,G. Gocholeishvili,count,middle_third,middle_third,left_channel,-5.3,-25.64,-22.58,-22.9,5.3,-25.64,22.58,-22.9,pass,reception,,final-third entry,FCK final-third entry at minute 77.,Territory & Control,pitch scatter map,medium,false,true,true,false,5772,0.05,
8cfdb681-32cf-4ebf-81f1-5c0839ec82d5,2442592,9feb75fc-34d8-5731-9ec3-f67b350e04b4,569,FCK,1000,FCM,2,1813.36,4575.56,77,75,475413,Gabriel Pereira,count,attacking_third,attacking_third,left_channel,-21.83,-20.07,-8.62,-33.61,21.83,-20.07,8.62,-33.61,pass,reception,,context event,FCK context event at minute 77.,Territory & Control,pitch scatter map,low,false,false,false,false,5776,0,
8cfdb681-32cf-4ebf-81f1-5c0839ec82d5,2442592,791efbba-cb85-5ff8-9547-9eef9b742c3d,569,FCK,1000,FCM,2,1814.6,4576.8,77,75,,,count,middle_third,middle_third,left_channel,8,-22.45,7.76,-30.87,-8,-22.45,-7.76,-30.87,loss,lost_ball,,turnover / loss,FCK turnover / loss at minute 77.,Defensive Behaviour & Transitions,pitch scatter map,high,false,false,false,false,5778,0,
8cfdb681-32cf-4ebf-81f1-5c0839ec82d5,2442592,590f9f0d-ccc1-5415-b606-cc9706ab6e35,569,FCK,1000,FCM,2,1814.72,4576.92,77,75,,,count,defensive_third,defensive_third,right_channel,25.44,24.52,-4.51,31.04,-25.44,24.52,4.51,31.04,loss,,progression,turnover / loss,FCK turnover / loss at minute 77.,Defensive Behaviour & Transitions,pitch scatter map,high,false,false,false,false,5779,0.02,
8cfdb681-32cf-4ebf-81f1-5c0839ec82d5,2442592,aab11c04-387f-5592-a887-74d2969dd391,569,FCK,1000,FCM,2,1815.24,4577.44,77,75,166965,L. Lerager,count,middle_third,middle_third,left_channel,-8.55,-33.62,6.96,-29.87,8.55,-33.62,-6.96,-29.87,pass,reception,,context event,FCK context event at minute 77.,Executive Match Overview,pitch scatter map,low,false,false,false,false,5783,0,
8cfdb681-32cf-4ebf-81f1-5c0839ec82d5,2442592,452813dd-29b7-579c-9723-d9478f3f67b7,1000,FCM,569,FCK,2,1815.8,4578,77,75,,,count,middle_third,middle_third,right_channel,-12.78,13.53,-15.9,19.63,-12.78,13.53,-15.9,19.63,loss,lost_ball,,turnover / loss,FCM turnover / loss at minute 77.,Defensive Behaviour & Transitions,pitch scatter map,high,false,false,false,false,5785,0,
8cfdb681-32cf-4ebf-81f1-5c0839ec82d5,2442592,7aed4d3f-f1ef-5f2d-b6f4-e69aa81ad7bc,569,FCK,1000,FCM,2,1816.12,4578.32,77,75,590186,V. Froholdt,count,middle_third,middle_third,right_channel,-4.75,31.18,-4.51,31.04,4.75,31.18,4.51,31.04,loss,ball_lost,,turnover / loss,FCK turnover / loss at minute 77.,Defensive Behaviour & Transitions,pitch scatter map,high,false,false,false,false,5787,0,0
8cfdb681-32cf-4ebf-81f1-5c0839ec82d5,2442592,abcb0f54-0e77-5146-97c2-1c5723218690,1000,FCM,569,FCK,2,1816.8,4579,77,75,,,count,middle_third,middle_third,right_channel,-6.37,28.36,-17.13,15.09,-6.37,28.36,-17.13,15.09,loss,lost_ball,,turnover / loss,FCM turnover / loss at minute 77.,Defensive Behaviour & Transitions,pitch scatter map,high,false,false,false,false,5789,0,
8cfdb681-32cf-4ebf-81f1-5c0839ec82d5,2442592,3d4a29cc-5080-5612-8043-868f0482c4b5,1000,FCM,569,FCK,2,1818.44,4580.64,77,75,474838,E. Martinez,count,middle_third,middle_third,right_channel,-4.73,20.8,-12.08,20.43,-4.73,20.8,-12.08,20.43,loss,ball_lost,,turnover / loss,FCM turnover / loss at minute 77.,Defensive Behaviour & Transitions,pitch scatter map,high,false,false,false,false,5794,0,0
8cfdb681-32cf-4ebf-81f1-5c0839ec82d5,2442592,9aab6362-7cd2-5a2e-8bba-b48e0f3d61bc,1000,FCM,569,FCK,2,1818.44,4580.64,77,75,,,count,middle_third,middle_third,right_channel,-6.94,14.58,-13.95,14.04,-6.94,14.58,-13.95,14.04,recovery,turnover,tackle,ball recovery,FCM ball recovery at minute 77.,Defensive Behaviour & Transitions,pitch scatter map,high,false,false,false,false,5795,0,0
8cfdb681-32cf-4ebf-81f1-5c0839ec82d5,2442592,a76f1809-06c0-510f-9f8b-6a55bd242364,1000,FCM,569,FCK,2,1818.44,4580.64,77,75,,,count,middle_third,middle_third,right_channel,-4.73,20.8,-12.08,20.43,-4.73,20.8,-12.08,20.43,loss,,maintenance,turnover / loss,FCM turnover / loss at minute 77.,Defensive Behaviour & Transitions,pitch scatter map,high,false,false,false,false,5796,0,
8cfdb681-32cf-4ebf-81f1-5c0839ec82d5,2442592,0f02b624-cc88-5487-ae16-ce4eac015d73,569,FCK,1000,FCM,2,1822.12,4584.32,77,75,,,count,attacking_third,attacking_third,right_channel,-18.84,25.2,-49.06,21.31,18.84,25.2,49.06,21.31,regain,,regain,final-third entry,FCK final-third entry at minute 77.,Territory & Control,pitch scatter map,medium,false,false,false,false,5809,0,
8cfdb681-32cf-4ebf-81f1-5c0839ec82d5,2442592,1f2c5008-5abe-5d5d-bcb0-a0449f8c38e2,569,FCK,1000,FCM,2,1822.12,4584.32,77,75,,,count,defensive_third,defensive_third,left_channel,20.4,-21.07,29.41,-13.66,-20.4,-21.07,-29.41,-13.66,recovery,foul,tackle,ball recovery,FCK ball recovery at minute 77.,Defensive Behaviour & Transitions,pitch scatter map,medium,false,false,false,false,5810,0,0
8cfdb681-32cf-4ebf-81f1-5c0839ec82d5,2442592,a1d83dc6-49fd-5a80-8290-6dd118b9372f,569,FCK,1000,FCM,2,1822.12,4584.32,77,75,114517,A. Cornelius,count,attacking_third,attacking_third,right_channel,-18.84,25.2,-35.86,22.6,18.84,25.2,35.86,22.6,forward,forward,,final-third entry,FCK final-third entry at minute 77.,Territory & Control,pitch scatter map,medium,false,false,false,false,5811,0,0
8cfdb681-32cf-4ebf-81f1-5c0839ec82d5,2442592,0c34804e-d4d6-532c-a3b9-6fb2132da428,569,FCK,1000,FCM,2,1825.6,4587.8,77,75,114517,A. Cornelius,count,defensive_third,defensive_third,left_channel,36.63,-17.24,43.23,-15.84,-36.63,-17.24,-43.23,-15.84,pass,reception,,context event,FCK context event at minute 77.,Executive Match Overview,pitch scatter map,low,false,false,false,false,5824,0,
8cfdb681-32cf-4ebf-81f1-5c0839ec82d5,2442592,97587035-6e3f-5880-80c9-108bc68a38b0,569,FCK,1000,FCM,2,1826.2,4588.4,77,75,590186,V. Froholdt,count,attacking_third,attacking_third,right_channel,-42.78,21.65,-49.41,21.27,42.78,21.65,49.41,21.27,square,square,,final-third entry,FCK final-third entry at minute 77.,Territory & Control,pitch scatter map,medium,false,false,false,false,5828,0,0
8cfdb681-32cf-4ebf-81f1-5c0839ec82d5,2442592,87d112bd-fd14-538b-9d85-17753b877417,569,FCK,1000,FCM,2,1827.4,4589.6,77,75,590186,V. Froholdt,count,defensive_third,defensive_third,left_channel,49.55,-15.28,48,9.05,-49.55,-15.28,-48,9.05,pass,reception,,context event,FCK context event at minute 77.,Executive Match Overview,pitch scatter map,low,false,false,false,false,5832,0,
8cfdb681-32cf-4ebf-81f1-5c0839ec82d5,2442592,c5bdab16-f840-5a75-acd9-c2c405eba7fc,569,FCK,1000,FCM,2,1827.4,4589.6,77,75,,,count,attacking_third,attacking_third,right_channel,-49.41,21.27,-48.13,4.65,49.41,21.27,48.13,4.65,crossing,,crossing,box involvement,FCK box involvement at minute 77.,Chance Creation & Final Third,pitch scatter map,high,true,false,false,false,5833,0.1,
8cfdb681-32cf-4ebf-81f1-5c0839ec82d5,2442592,a4d87274-3777-558d-9f2f-dd9cac6e199e,569,FCK,1000,FCM,2,1828.96,4591.16,77,75,96787,M. Elyounoussi,count,attacking_third,attacking_third,central_channel,-47.79,4.75,-48.13,4.65,47.79,4.75,48.13,4.65,incomplete_pass,incomplete_pass,,box involvement,FCK box involvement at minute 77.,Chance Creation & Final Third,pitch scatter map,high,true,false,false,false,5835,0,0
8cfdb681-32cf-4ebf-81f1-5c0839ec82d5,2442592,490181e2-403e-573c-836f-6c6acc7f5f83,569,FCK,1000,FCM,2,1829.04,4591.24,77,75,96787,M. Elyounoussi,count,defensive_third,defensive_third,central_channel,48.33,9.2,43.08,2.33,-48.33,9.2,-43.08,2.33,pass,interception,,context event,FCK context event at minute 77.,Executive Match Overview,pitch scatter map,medium,false,false,false,false,5837,0,
8cfdb681-32cf-4ebf-81f1-5c0839ec82d5,2442592,32ea0757-bccf-56c2-9f29-bb8fc82b8104,569,FCK,1000,FCM,2,1829.72,4591.92,77,75,,,count,defensive_third,defensive_third,central_channel,51.11,4.52,38.09,12.54,-51.11,4.52,-38.09,12.54,completed_pass,completed_pass,,progressive action,FCK progressive action at minute 77.,Territory & Control,pitch scatter map,medium,false,false,true,false,5839,0,
8cfdb681-32cf-4ebf-81f1-5c0839ec82d5,2442592,90673424-fb65-56c7-b2db-cb44546efc45,569,FCK,1000,FCM,2,1830.32,4592.52,77,75,,,count,attacking_third,attacking_third,central_channel,-42.32,8.4,-28.29,20.17,42.32,8.4,28.29,20.17,loss,,regain,box involvement,FCK box involvement at minute 77.,Chance Creation & Final Third,pitch scatter map,high,true,false,false,false,5842,0,
8cfdb681-32cf-4ebf-81f1-5c0839ec82d5,2442592,fe268cc5-ac4d-5728-b44b-5b552cc9649c,569,FCK,1000,FCM,2,1830.32,4592.52,77,75,114517,A. Cornelius,count,attacking_third,attacking_third,central_channel,-42.32,8.4,-36.99,3.49,42.32,8.4,36.99,3.49,backward,backward,,box involvement,FCK box involvement at minute 77.,Chance Creation & Final Third,pitch scatter map,high,true,false,false,false,5843,0,0
8cfdb681-32cf-4ebf-81f1-5c0839ec82d5,2442592,08b12e73-0f0d-5fab-8b6a-2b9b9470974b,569,FCK,1000,FCM,2,1832,4594.2,77,75,,,count,defensive_third,defensive_third,central_channel,37.7,7.83,26.85,6.72,-37.7,7.83,-26.85,6.72,completed_pass,completed_pass,,progressive action,FCK progressive action at minute 77.,Territory & Control,pitch scatter map,medium,false,false,true,false,5844,0,
8cfdb681-32cf-4ebf-81f1-5c0839ec82d5,2442592,e010c6db-ed54-53ef-9ff1-edc3468afa17,569,FCK,1000,FCM,2,1832.2,4594.4,77,75,114517,A. Cornelius,count,defensive_third,defensive_third,central_channel,37.7,10.9,25.95,7.74,-37.7,10.9,-25.95,7.74,pass,reception,,progressive action,FCK progressive action at minute 77.,Territory & Control,pitch scatter map,medium,false,false,true,false,5847,0,
8cfdb681-32cf-4ebf-81f1-5c0839ec82d5,2442592,25f060aa-3589-5b71-ba5a-494f3c02974b,569,FCK,1000,FCM,2,1833.12,4595.32,77,75,68640,T. Delaney,count,attacking_third,attacking_third,central_channel,-24.66,5.64,-24.07,5.75,24.66,5.64,24.07,5.75,square,square,,final-third entry,FCK final-third entry at minute 77.,Territory & Control,pitch scatter map,medium,false,false,false,false,5848,0,0
8cfdb681-32cf-4ebf-81f1-5c0839ec82d5,2442592,343e1a4a-cde0-57e2-bae9-067dd936afc4,569,FCK,1000,FCM,2,1834.32,4596.52,77,75,68640,T. Delaney,count,defensive_third,defensive_third,central_channel,25.38,7.57,25.78,-3,-25.38,7.57,-25.78,-3,pass,reception,,context event,FCK context event at minute 77.,Executive Match Overview,pitch scatter map,low,false,false,false,false,5852,0,
8cfdb681-32cf-4ebf-81f1-5c0839ec82d5,2442592,2c5099b5-0192-5446-8188-09d4f9eb6fb8,569,FCK,1000,FCM,2,1835.2,4597.4,77,75,166965,L. Lerager,count,attacking_third,attacking_third,central_channel,-24.49,12.93,-25.79,14.06,24.49,12.93,25.79,14.06,forward,forward,,final-third entry,FCK final-third entry at minute 77.,Territory & Control,pitch scatter map,medium,false,false,false,false,5853,0,0
8cfdb681-32cf-4ebf-81f1-5c0839ec82d5,2442592,03b8948e-ca99-563c-ad95-12f8a0c9c031,569,FCK,1000,FCM,2,1836.04,4598.24,77,75,166965,L. Lerager,count,defensive_third,defensive_third,central_channel,27.02,-4.66,38.82,-17.36,-27.02,-4.66,-38.82,-17.36,pass,reception,,context event,FCK context event at minute 77.,Executive Match Overview,pitch scatter map,low,false,false,false,false,5859,0,
8cfdb681-32cf-4ebf-81f1-5c0839ec82d5,2442592,57a9b544-bcf8-5429-ace0-688047ead091,569,FCK,1000,FCM,2,1837.04,4599.24,77,75,590186,V. Froholdt,count,attacking_third,attacking_third,right_channel,-38.16,22.68,-38.07,21.57,38.16,22.68,38.07,21.57,backward,backward,,final-third entry,FCK final-third entry at minute 77.,Territory & Control,pitch scatter map,medium,false,false,false,false,5860,0,0
8cfdb681-32cf-4ebf-81f1-5c0839ec82d5,2442592,c8ab073c-aefb-5b6a-9cac-a3056ba1ef76,569,FCK,1000,FCM,2,1839.12,4601.32,77,75,590186,V. Froholdt,count,defensive_third,defensive_third,left_channel,38.73,-15.72,29.39,-13.57,-38.73,-15.72,-29.39,-13.57,pass,reception,,context event,FCK context event at minute 77.,Executive Match Overview,pitch scatter map,low,false,false,false,false,5863,0,
8cfdb681-32cf-4ebf-81f1-5c0839ec82d5,2442592,694bfeef-2e6f-505c-869e-ca6b8ca4b4dc,569,FCK,1000,FCM,2,1839.8,4602,77,75,166965,L. Lerager,count,attacking_third,attacking_third,right_channel,-28.27,20.11,-28.29,20.17,28.27,20.11,28.29,20.17,incomplete_pass,incomplete_pass,,final-third entry,FCK final-third entry at minute 77.,Territory & Control,pitch scatter map,medium,false,false,false,false,5865,0,0
8cfdb681-32cf-4ebf-81f1-5c0839ec82d5,2442592,3ff1019c-11d7-5b73-b072-6b8941c1c0b1,569,FCK,1000,FCM,2,1839.84,4602.04,77,75,166965,L. Lerager,count,defensive_third,defensive_third,left_channel,29.41,-13.66,41.14,-1.26,-29.41,-13.66,-41.14,-1.26,pass,interception,,context event,FCK context event at minute 77.,Executive Match Overview,pitch scatter map,medium,false,false,false,false,5866,0,
8cfdb681-32cf-4ebf-81f1-5c0839ec82d5,2442592,79247926-a73d-572f-b73d-10caf2c1fd9b,1000,FCM,569,FCK,2,1873.28,4635.48,78,75,609108,O. Diao,count,defensive_third,defensive_third,central_channel,-19.81,-9.06,-21.56,5.67,-19.81,-9.06,-21.56,5.67,pass,reception,,context event,FCM context event at minute 78.,Executive Match Overview,pitch scatter map,low,false,false,false,false,5881,0,
8cfdb681-32cf-4ebf-81f1-5c0839ec82d5,2442592,6806cba0-1bde-5372-8c01-4f2e82b4e3b5,1000,FCM,569,FCK,2,1873.28,4635.48,78,75,,,count,middle_third,middle_third,central_channel,-18.23,4.74,-14.13,32.95,-18.23,4.74,-14.13,32.95,loss,,buildup,turnover / loss,FCM turnover / loss at minute 78.,Defensive Behaviour & Transitions,pitch scatter map,high,false,false,false,false,5882,0,
8cfdb681-32cf-4ebf-81f1-5c0839ec82d5,2442592,f69a802c-97ca-5969-bfcb-0275e7a770a6,1000,FCM,569,FCK,2,1873.28,4635.48,78,75,,,count,defensive_third,defensive_third,central_channel,-19.81,-9.06,-15.9,32.48,-19.81,-9.06,-15.9,32.48,recovery,turnover,free_kick,ball recovery,FCM ball recovery at minute 78.,Defensive Behaviour & Transitions,pitch scatter map,high,false,false,false,false,5884,0.02,0
8cfdb681-32cf-4ebf-81f1-5c0839ec82d5,2442592,3d01d61d-9f37-54b6-a02f-f56854aa999f,1000,FCM,569,FCK,2,1876,4638.2,78,75,228044,M. Bech,count,defensive_third,defensive_third,central_channel,-19.94,6.74,-17.74,26.74,-19.94,6.74,-17.74,26.74,pass,reception,,context event,FCM context event at minute 78.,Executive Match Overview,pitch scatter map,low,false,false,false,false,5888,0.02,
8cfdb681-32cf-4ebf-81f1-5c0839ec82d5,2442592,53f8a3f2-d05e-5f53-9acb-d18505071644,1000,FCM,569,FCK,2,1878.08,4640.28,78,75,204164,J. Andersson,count,middle_third,middle_third,right_channel,-17.76,26.48,-26.37,11.18,-17.76,26.48,-26.37,11.18,pass,reception,,context event,FCM context event at minute 78.,Executive Match Overview,pitch scatter map,low,false,false,false,false,5893,0,
8cfdb681-32cf-4ebf-81f1-5c0839ec82d5,2442592,b294bd82-fb71-52c9-bee8-189b7f454ed0,1000,FCM,569,FCK,2,1883.12,4645.32,78,75,228044,M. Bech,count,defensive_third,defensive_third,central_channel,-21.83,12.01,-16.62,31.63,-21.83,12.01,-16.62,31.63,pass,reception,,context event,FCM context event at minute 78.,Executive Match Overview,pitch scatter map,low,false,false,false,false,5896,0.02,
8cfdb681-32cf-4ebf-81f1-5c0839ec82d5,2442592,9cd14430-a318-56ff-9fca-2e98b77a1724,1000,FCM,569,FCK,2,1885.6,4647.8,78,75,204164,J. Andersson,count,middle_third,middle_third,right_channel,-15.9,32.48,-3.94,29.02,-15.9,32.48,-3.94,29.02,pass,interception,,context event,FCM context event at minute 78.,Executive Match Overview,pitch scatter map,medium,false,false,false,false,5903,0,
8cfdb681-32cf-4ebf-81f1-5c0839ec82d5,2442592,18696c31-25dd-5043-a6d9-285e1ca7744f,569,FCK,1000,FCM,2,1886.08,4648.28,78,75,,,count,middle_third,middle_third,left_channel,9.67,-31.15,18.1,7.61,-9.67,-31.15,-18.1,7.61,recovery,turnover,interception,ball recovery,FCK ball recovery at minute 78.,Defensive Behaviour & Transitions,pitch scatter map,high,false,false,false,false,5906,0,0
8cfdb681-32cf-4ebf-81f1-5c0839ec82d5,2442592,f27e382d-6897-58f8-a7c9-a7a75d4a7244,569,FCK,1000,FCM,2,1886.08,4648.28,78,75,,,count,middle_third,middle_third,right_channel,-7.59,32.05,-16.43,5.73,7.59,32.05,16.43,5.73,loss,,regain,turnover / loss,FCK turnover / loss at minute 78.,Defensive Behaviour & Transitions,pitch scatter map,high,false,false,false,false,5910,0,
8cfdb681-32cf-4ebf-81f1-5c0839ec82d5,2442592,fa2f4bd0-48ad-5013-97f4-110f70e7a73c,569,FCK,1000,FCM,2,1887.08,4649.28,78,75,590186,V. Froholdt,count,middle_third,middle_third,left_channel,9.12,-32.85,13.56,-22.48,-9.12,-32.85,-13.56,-22.48,pass,reception,,context event,FCK context event at minute 78.,Executive Match Overview,pitch scatter map,low,false,false,false,false,5914,0,
8cfdb681-32cf-4ebf-81f1-5c0839ec82d5,2442592,1929659c-9c57-5eb3-a541-8d427f522aac,569,FCK,1000,FCM,2,1890.12,4652.32,78,75,114517,A. Cornelius,count,middle_third,middle_third,left_channel,15.39,-18.13,17.26,5.87,-15.39,-18.13,-17.26,5.87,pass,reception,,context event,FCK context event at minute 78.,Executive Match Overview,pitch scatter map,low,false,false,false,false,5928,0,
8cfdb681-32cf-4ebf-81f1-5c0839ec82d5,2442592,3bde611d-1c49-587d-bffe-e68fcd2e3b36,569,FCK,1000,FCM,2,1891.4,4653.6,78,75,96787,M. Elyounoussi,count,middle_third,middle_third,central_channel,-15.55,6.91,-16.43,5.73,15.55,6.91,16.43,5.73,loss,ball_lost,,turnover / loss,FCK turnover / loss at minute 78.,Defensive Behaviour & Transitions,pitch scatter map,high,false,false,false,false,5933,0,0
8cfdb681-32cf-4ebf-81f1-5c0839ec82d5,2442592,416e5f80-e836-5307-86ed-801e2a6e6836,1000,FCM,569,FCK,2,1892.24,4654.44,78,75,,,count,defensive_third,defensive_third,central_channel,-19.37,-8.38,44.2,30.6,-19.37,-8.38,44.2,30.6,recovery,turnover,tackle,final-third entry,FCM final-third entry at minute 78.,Defensive Behaviour & Transitions,pitch scatter map,high,false,true,false,false,5937,0.07,0
8cfdb681-32cf-4ebf-81f1-5c0839ec82d5,2442592,55a642d7-2ff5-5f3e-a60e-0671cb9714b2,1000,FCM,569,FCK,2,1892.24,4654.44,78,75,,,count,middle_third,middle_third,central_channel,-17.76,5.2,48.9,31.68,-17.76,5.2,48.9,31.68,loss,,counter_attack,final-third entry,FCM final-third entry at minute 78.,Defensive Behaviour & Transitions,pitch scatter map,high,false,true,false,false,5938,0.05,
8cfdb681-32cf-4ebf-81f1-5c0839ec82d5,2442592,5dacc867-4440-5608-b09a-b4828025d8c0,1000,FCM,569,FCK,2,1892.36,4654.56,78,75,120721,K. Mbabu,count,defensive_third,defensive_third,central_channel,-19.28,-8.08,-27.29,-5.92,-19.28,-8.08,-27.29,-5.92,pass,reception,,context event,FCM context event at minute 78.,Executive Match Overview,pitch scatter map,low,false,false,false,false,5940,0,
8cfdb681-32cf-4ebf-81f1-5c0839ec82d5,2442592,8e20bdba-a6f8-5ba6-8019-23046be1caf8,1000,FCM,569,FCK,2,1896.04,4658.24,78,75,609108,O. Diao,count,defensive_third,defensive_third,central_channel,-23.7,-2.48,40.52,32.11,-23.7,-2.48,40.52,32.11,pass,reception,,final-third entry,FCM final-third entry at minute 78.,Territory & Control,pitch scatter map,medium,false,true,true,false,5946,0.07,
8cfdb681-32cf-4ebf-81f1-5c0839ec82d5,2442592,7bb6473e-ff41-51f6-948a-e0f054461a6a,1000,FCM,569,FCK,2,1901.52,4663.72,78,75,423651,E. Chilufya,count,attacking_third,attacking_third,right_channel,45.04,32.7,48.9,31.68,45.04,32.7,48.9,31.68,loss,ball_lost,,final-third entry,FCM final-third entry at minute 78.,Defensive Behaviour & Transitions,pitch scatter map,high,false,false,false,false,5963,0,0
8cfdb681-32cf-4ebf-81f1-5c0839ec82d5,2442592,a95613d7-6cdd-5142-999a-8a0d030a3c41,569,FCK,1000,FCM,2,1902.4,4664.6,78,75,,,count,attacking_third,attacking_third,left_channel,-44.65,-28.55,-9.59,-31.21,44.65,-28.55,9.59,-31.21,recovery,out,tackle,ball recovery,FCK ball recovery at minute 78.,Defensive Behaviour & Transitions,pitch scatter map,medium,false,false,false,false,5969,0,0
8cfdb681-32cf-4ebf-81f1-5c0839ec82d5,2442592,c22b0ba0-66ba-55c4-bcbf-2d09b8941a58,1000,FCM,569,FCK,2,1902.4,4664.6,78,75,,,count,attacking_third,attacking_third,right_channel,49.37,30.28,12.6,32.09,49.37,30.28,12.6,32.09,start_loc,,transition,context event,FCM context event at minute 78.,Territory & Control,pitch scatter map,low,false,false,false,false,5970,0,0
8cfdb681-32cf-4ebf-81f1-5c0839ec82d5,2442592,b3396b47-06d2-567c-bbc7-3ae7c5ce2672,569,FCK,1000,FCM,2,1905.32,4667.52,78,75,,,count,middle_third,middle_third,left_channel,-14.6,-18.48,-22.43,-30.69,14.6,-18.48,22.43,-30.69,completed_pass,completed_pass,,final-third entry,FCK final-third entry at minute 78.,Territory & Control,pitch scatter map,medium,false,true,false,false,5975,0.05,
8cfdb681-32cf-4ebf-81f1-5c0839ec82d5,2442592,0f81a254-51b4-5c41-a9fb-346c9ae1ba5f,569,FCK,1000,FCM,2,1906.56,4668.76,78,75,512627,G. Gocholeishvili,count,attacking_third,attacking_third,left_channel,-40.06,-20.98,-29.61,-29.56,40.06,-20.98,29.61,-29.56,pass,reception,,final-third entry,FCK final-third entry at minute 78.,Territory & Control,pitch scatter map,medium,false,false,false,false,5977,0,
8cfdb681-32cf-4ebf-81f1-5c0839ec82d5,2442592,14a6aaee-0751-578d-b5b9-fcb6a83c3dc5,569,FCK,1000,FCM,2,1909,4671.2,78,75,,,count,middle_third,middle_third,left_channel,-2.18,-18.37,-8.33,-30.41,2.18,-18.37,8.33,-30.41,loss,lost_ball,,turnover / loss,FCK turnover / loss at minute 78.,Defensive Behaviour & Transitions,pitch scatter map,high,false,false,false,false,5980,0,
8cfdb681-32cf-4ebf-81f1-5c0839ec82d5,2442592,76f41858-3b07-5ae4-9d4a-2958390c95b0,569,FCK,1000,FCM,2,1909.96,4672.16,78,75,590186,V. Froholdt,count,attacking_third,attacking_third,left_channel,-25.62,-30.89,-8.55,-28.71,25.62,-30.89,8.55,-28.71,pass,reception,,context event,FCK context event at minute 78.,Territory & Control,pitch scatter map,low,false,false,false,false,5982,0,
8cfdb681-32cf-4ebf-81f1-5c0839ec82d5,2442592,a9e15bff-fd69-55e2-ac1b-fb5f6290f800,569,FCK,1000,FCM,2,1910.08,4672.28,78,75,,,count,attacking_third,attacking_third,left_channel,-24.08,-29.85,-13.72,-30,24.08,-29.85,13.72,-30,defender_dribbled,defender_dribbled,,context event,FCK context event at minute 78.,Territory & Control,pitch scatter map,low,false,false,false,false,5984,0,
8cfdb681-32cf-4ebf-81f1-5c0839ec82d5,2442592,03fbb811-d8e7-5826-bb69-54d6e2a9f379,569,FCK,1000,FCM,2,1911.08,4673.28,78,75,114517,A. Cornelius,count,middle_third,middle_third,right_channel,11.51,30.39,12.6,32.09,-11.51,30.39,-12.6,32.09,loss,ball_lost,,turnover / loss,FCK turnover / loss at minute 78.,Defensive Behaviour & Transitions,pitch scatter map,high,false,false,false,false,5985,0,0
8cfdb681-32cf-4ebf-81f1-5c0839ec82d5,2442592,57f7564b-9eec-507b-9585-5c9c6fc7e8f3,569,FCK,1000,FCM,2,1930.12,4692.32,79,75,512627,G. Gocholeishvili,count,middle_third,middle_third,left_channel,-9.72,-34.34,-7.36,-24.61,9.72,-34.34,7.36,-24.61,pass,reception,,context event,FCK context event at minute 79.,Executive Match Overview,pitch scatter map,low,false,false,false,false,5994,0,
8cfdb681-32cf-4ebf-81f1-5c0839ec82d5,2442592,c292c874-6607-53e5-9e3f-37eb74c0aaa1,569,FCK,1000,FCM,2,1930.12,4692.32,79,75,,,count,middle_third,middle_third,right_channel,12.74,34.22,8.16,30.64,-12.74,34.22,-8.16,30.64,loss,,buildup,turnover / loss,FCK turnover / loss at minute 79.,Defensive Behaviour & Transitions,pitch scatter map,high,false,false,false,false,5995,0,
8cfdb681-32cf-4ebf-81f1-5c0839ec82d5,2442592,d3fe6934-5d14-5dc5-8463-d36fe5f58029,569,FCK,1000,FCM,2,1932.44,4694.64,79,75,68640,T. Delaney,count,middle_third,middle_third,left_channel,-5.35,-29.07,-0.36,-34.27,5.35,-29.07,0.36,-34.27,pass,out,,context event,FCK context event at minute 79.,Executive Match Overview,pitch scatter map,low,false,false,false,false,6001,0,
8cfdb681-32cf-4ebf-81f1-5c0839ec82d5,2442592,360c9219-7860-515b-bed6-86552be44855,1000,FCM,569,FCK,2,1943,4705.2,79,75,204164,J. Andersson,count,middle_third,middle_third,right_channel,2.56,33.92,-12.23,29.43,2.56,33.92,-12.23,29.43,pass,reception,,context event,FCM context event at minute 79.,Executive Match Overview,pitch scatter map,low,false,false,false,false,6005,0,
8cfdb681-32cf-4ebf-81f1-5c0839ec82d5,2442592,a2b901f5-b833-59da-8f8e-2e82e717b742,1000,FCM,569,FCK,2,1943,4705.2,79,75,,,count,middle_third,middle_third,right_channel,2.56,33.92,37.12,1.72,2.56,33.92,37.12,1.72,shot,shot,throw_in,shot attempt,FCM shot attempt at minute 79.,Chance Creation & Final Third,pitch scatter map,high,false,true,false,false,6007,0.0794,0.0794
8cfdb681-32cf-4ebf-81f1-5c0839ec82d5,2442592,39e21775-6145-5f06-9eed-5d5307b09bab,1000,FCM,569,FCK,2,1945.96,4708.16,79,75,228044,M. Bech,count,middle_third,middle_third,right_channel,-10.45,25.26,-12.49,2.14,-10.45,25.26,-12.49,2.14,pass,reception,,context event,FCM context event at minute 79.,Executive Match Overview,pitch scatter map,low,false,false,false,false,6011,0,
8cfdb681-32cf-4ebf-81f1-5c0839ec82d5,2442592,69a9b978-a078-5aba-b05c-e638d96ebf7f,1000,FCM,569,FCK,2,1951.12,4713.32,79,75,609108,O. Diao,count,middle_third,middle_third,central_channel,-6.91,-6.05,3.6,-1.35,-6.91,-6.05,3.6,-1.35,pass,reception,,progressive action,FCM progressive action at minute 79.,Territory & Control,pitch scatter map,medium,false,false,true,false,6018,0,
8cfdb681-32cf-4ebf-81f1-5c0839ec82d5,2442592,8eb78ac9-db00-5e35-affe-d7adb332b9ae,1000,FCM,569,FCK,2,1954.28,4716.48,79,75,474838,E. Martinez,count,middle_third,middle_third,central_channel,-0.45,-3.91,-15.09,7.22,-0.45,-3.91,-15.09,7.22,pass,reception,,context event,FCM context event at minute 79.,Executive Match Overview,pitch scatter map,low,false,false,false,false,6022,0,
8cfdb681-32cf-4ebf-81f1-5c0839ec82d5,2442592,cd29c59e-bce9-5ced-80d5-e9e0df1c6843,1000,FCM,569,FCK,2,1956.72,4718.92,79,75,228044,M. Bech,count,middle_third,middle_third,central_channel,-15.34,7.09,-5.48,1.37,-15.34,7.09,-5.48,1.37,pass,reception,,context event,FCM context event at minute 79.,Executive Match Overview,pitch scatter map,low,false,false,false,false,6028,0,
8cfdb681-32cf-4ebf-81f1-5c0839ec82d5,2442592,fd772bb2-8512-58cd-8367-f1c015f3a438,1000,FCM,569,FCK,2,1957.76,4719.96,79,75,474838,E. Martinez,count,middle_third,middle_third,central_channel,-5.52,1.45,-20.42,-7.73,-5.52,1.45,-20.42,-7.73,pass,reception,,context event,FCM context event at minute 79.,Executive Match Overview,pitch scatter map,low,false,false,false,false,6031,0,
8cfdb681-32cf-4ebf-81f1-5c0839ec82d5,2442592,ebcc8b09-5f87-5819-a7bd-d9c3ade8f294,1000,FCM,569,FCK,2,1965.6,4727.8,79,75,609108,O. Diao,count,middle_third,middle_third,left_channel,-9.92,-16.88,-18.94,-1.65,-9.92,-16.88,-18.94,-1.65,pass,reception,,context event,FCM context event at minute 79.,Executive Match Overview,pitch scatter map,low,false,false,false,false,6035,0,
8cfdb681-32cf-4ebf-81f1-5c0839ec82d5,2442592,2ca7edaf-4b7a-5194-9206-d10d726c1ee2,1000,FCM,569,FCK,2,1970.56,4732.76,79,75,228044,M. Bech,count,middle_third,middle_third,central_channel,-14.33,9.05,-10.67,24.21,-14.33,9.05,-10.67,24.21,pass,reception,,context event,FCM context event at minute 79.,Executive Match Overview,pitch scatter map,low,false,false,false,false,6038,0,
8cfdb681-32cf-4ebf-81f1-5c0839ec82d5,2442592,2d0e1357-7c05-54a2-95cf-b064197624ff,1000,FCM,569,FCK,2,1972.76,4734.96,79,75,494784,Oliver Sorensen,count,middle_third,middle_third,right_channel,-10.32,24.23,-3.21,19.02,-10.32,24.23,-3.21,19.02,pass,reception,,context event,FCM context event at minute 79.,Executive Match Overview,pitch scatter map,low,false,false,false,false,6041,0,
8cfdb681-32cf-4ebf-81f1-5c0839ec82d5,2442592,637bb7a6-cb5b-51e9-ba28-94678a2c840a,1000,FCM,569,FCK,2,1975,4737.2,79,75,,,count,middle_third,middle_third,right_channel,2.84,26.42,52.51,-11.47,2.84,26.42,52.51,-11.47,progression,,progression,box involvement,FCM box involvement at minute 79.,Chance Creation & Final Third,pitch scatter map,high,true,true,false,false,6046,0.15,
8cfdb681-32cf-4ebf-81f1-5c0839ec82d5,2442592,9116649b-c537-575f-936a-b291676c9363,1000,FCM,569,FCK,2,1975.4,4737.6,79,75,533646,D. Osorio,count,middle_third,middle_third,right_channel,2.37,22.56,22.53,8.87,2.37,22.56,22.53,8.87,run_start_loc,,,final-third entry,FCM final-third entry at minute 79.,Territory & Control,pitch scatter map,medium,false,true,false,false,6048,0.05,
8cfdb681-32cf-4ebf-81f1-5c0839ec82d5,2442592,2ff81cee-a715-5961-a5f4-16faa59ff179,1000,FCM,569,FCK,2,1975.56,4737.76,79,75,533646,D. Osorio,count,middle_third,middle_third,right_channel,3.24,22.34,5.23,13.83,3.24,22.34,5.23,13.83,pass,reception,,context event,FCM context event at minute 79.,Executive Match Overview,pitch scatter map,low,false,false,false,false,6050,0,
8cfdb681-32cf-4ebf-81f1-5c0839ec82d5,2442592,05d84d10-06aa-5e93-8dd3-95e239c6f70e,1000,FCM,569,FCK,2,1977.4,4739.6,79,75,120721,K. Mbabu,count,middle_third,middle_third,left_channel,10.69,-25.96,35.12,-28.72,10.69,-25.96,35.12,-28.72,run_start_loc,,,final-third entry,FCM final-third entry at minute 79.,Territory & Control,pitch scatter map,medium,false,true,false,false,6054,0.05,
8cfdb681-32cf-4ebf-81f1-5c0839ec82d5,2442592,1667b402-1fc1-5a35-8ba8-8b3ee3fd1482,1000,FCM,569,FCK,2,1978.08,4740.28,80,75,568423,V. Byskov,count,middle_third,middle_third,central_channel,6.92,9.66,35.66,-28.88,6.92,9.66,35.66,-28.88,pass,reception,,final-third entry,FCM final-third entry at minute 80.,Territory & Control,pitch scatter map,medium,false,true,true,false,6057,0.05,
8cfdb681-32cf-4ebf-81f1-5c0839ec82d5,2442592,4fd65332-1ae3-54e2-a22f-551aa6fcaafd,1000,FCM,569,FCK,2,1979.84,4742.04,80,75,,,count,attacking_third,attacking_third,central_channel,31,-9.39,49.56,-29.19,31,-9.39,49.56,-29.19,completed_pass,completed_pass,,final-third entry,FCM final-third entry at minute 80.,Territory & Control,pitch scatter map,medium,false,false,true,false,6062,0,
8cfdb681-32cf-4ebf-81f1-5c0839ec82d5,2442592,ade18fd9-0c48-5027-b6ab-a2801e5cec02,1000,FCM,569,FCK,2,1981.24,4743.44,80,75,120721,K. Mbabu,count,attacking_third,attacking_third,central_channel,39.94,-8.72,52.67,-11.44,39.94,-8.72,52.67,-11.44,square,square,,box involvement,FCM box involvement at minute 80.,Chance Creation & Final Third,pitch scatter map,high,true,false,false,false,6070,0,0
8cfdb681-32cf-4ebf-81f1-5c0839ec82d5,2442592,7a59c638-926d-5ef8-b0fb-516d5c4ed5af,1000,FCM,569,FCK,2,1983.52,4745.72,80,75,,,count,attacking_third,attacking_third,central_channel,52.67,-11.44,41.47,12.06,52.67,-11.44,41.47,12.06,crossing,,crossing,box involvement,FCM box involvement at minute 80.,Chance Creation & Final Third,pitch scatter map,high,true,false,false,false,6073,0,
8cfdb681-32cf-4ebf-81f1-5c0839ec82d5,2442592,996da25c-e129-5e71-835a-119bf2f33679,1000,FCM,569,FCK,2,1983.52,4745.72,80,75,120721,K. Mbabu,count,attacking_third,attacking_third,left_channel,47.8,-32.88,43.96,9.57,47.8,-32.88,43.96,9.57,pass,shot,,box involvement,FCM box involvement at minute 80.,Chance Creation & Final Third,pitch scatter map,high,true,false,false,false,6074,0.1,
8cfdb681-32cf-4ebf-81f1-5c0839ec82d5,2442592,722f0790-8202-5c02-b548-d10ef8918721,1000,FCM,569,FCK,2,1986.84,4749.04,80,75,494784,Oliver Sorensen,count,attacking_third,attacking_third,right_channel,48.65,17.39,48.67,17.43,48.65,17.39,48.67,17.43,backward,backward,,box involvement,FCM box involvement at minute 80.,Chance Creation & Final Third,pitch scatter map,high,true,false,false,false,6077,0,0
8cfdb681-32cf-4ebf-81f1-5c0839ec82d5,2442592,a10a8318-1293-5cd8-81b0-bd6ea267b951,1000,FCM,569,FCK,2,1986.88,4749.08,80,75,494784,Oliver Sorensen,count,attacking_third,attacking_third,central_channel,43.98,9.63,36.99,1.74,43.98,9.63,36.99,1.74,pass,shot,,box involvement,FCM box involvement at minute 80.,Chance Creation & Final Third,pitch scatter map,high,true,false,false,false,6078,0,
8cfdb681-32cf-4ebf-81f1-5c0839ec82d5,2442592,07985f16-c21d-5b16-979a-7fc7dbfe442b,1000,FCM,569,FCK,2,1988.16,4750.36,80,75,533646,D. Osorio,count,attacking_third,attacking_third,central_channel,41.34,12.08,41.47,12.06,41.34,12.08,41.47,12.06,shot,shot,,shot attempt,FCM shot attempt at minute 80.,Chance Creation & Final Third,pitch scatter map,high,true,false,false,false,6081,0,0.0794
8cfdb681-32cf-4ebf-81f1-5c0839ec82d5,2442592,8443f15a-d1ab-5b41-b555-aed3003918f1,1000,FCM,569,FCK,2,1988.2,4750.4,80,75,533646,D. Osorio,count,attacking_third,attacking_third,central_channel,37.12,1.72,46.16,-1.67,37.12,1.72,46.16,-1.67,shot,block,,shot attempt,FCM shot attempt at minute 80.,Chance Creation & Final Third,pitch scatter map,high,true,false,false,false,6083,0.0794,0.0794
8cfdb681-32cf-4ebf-81f1-5c0839ec82d5,2442592,22db0117-21fe-50e5-b8ae-0023e8715c4c,569,FCK,1000,FCM,2,2013.92,4776.12,80,75,,,count,defensive_third,defensive_third,central_channel,58.17,-11.6,49.75,7.39,-58.17,-11.6,-49.75,7.39,start_loc,,organisation,context event,FCK context event at minute 80.,Executive Match Overview,pitch scatter map,low,false,false,false,true,6087,0,0.0471
8cfdb681-32cf-4ebf-81f1-5c0839ec82d5,2442592,9617294e-485a-5d96-8014-a2e7c90f2f57,1000,FCM,569,FCK,2,2013.92,4776.12,80,75,,,count,attacking_third,attacking_third,left_channel,53.04,-33.12,45.01,-5.16,53.04,-33.12,45.01,-5.16,shot,shot,corner_kick,shot attempt,FCM shot attempt at minute 80.,Chance Creation & Final Third,pitch scatter map,high,true,false,false,false,6089,0.0471,0.0471
8cfdb681-32cf-4ebf-81f1-5c0839ec82d5,2442592,d6086bae-0e2e-5bcc-ada4-712ee40b4c4b,1000,FCM,569,FCK,2,2013.92,4776.12,80,75,533646,D. Osorio,count,attacking_third,attacking_third,left_channel,53.04,-33.12,50,-8.78,53.04,-33.12,50,-8.78,pass,shot,,box involvement,FCM box involvement at minute 80.,Chance Creation & Final Third,pitch scatter map,high,true,false,false,false,6090,0.1,
8cfdb681-32cf-4ebf-81f1-5c0839ec82d5,2442592,c1c0288b-128d-5993-ba15-9adeb0c0795d,1000,FCM,569,FCK,2,2013.92,4776.12,80,75,533646,D. Osorio,count,attacking_third,attacking_third,central_channel,58.17,-11.6,58.17,-11.6,58.17,-11.6,58.17,-11.6,assist,assist,,box involvement,FCM box involvement at minute 80.,Chance Creation & Final Third,pitch scatter map,high,true,false,false,false,6091,0,0
8cfdb681-32cf-4ebf-81f1-5c0839ec82d5,2442592,f0f8a2a1-9bb4-5885-a15d-db4506ce4a33,1000,FCM,569,FCK,2,2013.92,4776.12,80,75,,,count,attacking_third,attacking_third,central_channel,58.17,-11.6,49.75,7.39,58.17,-11.6,49.75,7.39,crossing,,crossing,box involvement,FCM box involvement at minute 80.,Chance Creation & Final Third,pitch scatter map,high,true,false,false,false,6092,0,
8cfdb681-32cf-4ebf-81f1-5c0839ec82d5,2442592,5ff165e6-51d0-5dda-b7f5-38d4e7f33df3,1000,FCM,569,FCK,2,2015.2,4777.4,80,75,609108,O. Diao,count,attacking_third,attacking_third,central_channel,52.81,7.46,49.75,7.39,52.81,7.46,49.75,7.39,goal,goal,,box involvement,FCM box involvement at minute 80.,Chance Creation & Final Third,pitch scatter map,high,true,false,false,false,6096,0,0.0471
8cfdb681-32cf-4ebf-81f1-5c0839ec82d5,2442592,ea0a812a-1a48-5f6a-9183-5527d342b103,1000,FCM,569,FCK,2,2016.28,4778.48,80,75,609108,O. Diao,count,attacking_third,attacking_third,central_channel,45.01,-5.16,52.99,-1.46,45.01,-5.16,52.99,-1.46,shot,goal,,shot attempt,FCM shot attempt at minute 80.,Chance Creation & Final Third,pitch scatter map,high,true,false,false,false,6098,0.0471,0.0471
8cfdb681-32cf-4ebf-81f1-5c0839ec82d5,2442592,81499a44-1f0f-5316-a5a2-1daa8192242e,569,FCK,1000,FCM,2,2095.8,4858,81,80,457214,G. Onugkha,count,middle_third,middle_third,central_channel,0.25,-0.24,-3.69,1.53,-0.25,-0.24,3.69,1.53,pass,reception,,context event,FCK context event at minute 81.,Executive Match Overview,pitch scatter map,low,false,false,false,false,6109,0,
8cfdb681-32cf-4ebf-81f1-5c0839ec82d5,2442592,4022bccd-1aca-501a-af2a-f4bfb8b3b785,569,FCK,1000,FCM,2,2098.16,4860.36,82,80,68640,T. Delaney,count,middle_third,middle_third,central_channel,-2.07,2.63,28.13,-13.18,2.07,2.63,-28.13,-13.18,pass,other,,context event,FCK context event at minute 82.,Executive Match Overview,pitch scatter map,low,false,false,false,false,6121,0,
8cfdb681-32cf-4ebf-81f1-5c0839ec82d5,2442592,b074fb3f-4442-55d7-a6d8-0f50eb5fd8af,569,FCK,1000,FCM,2,2098.8,4861,82,80,,,count,middle_third,middle_third,central_channel,4.72,9.11,4.72,9.11,-4.72,9.11,-4.72,9.11,loss,,progression,turnover / loss,FCK turnover / loss at minute 82.,Defensive Behaviour & Transitions,pitch scatter map,high,false,false,false,false,6123,0,
8cfdb681-32cf-4ebf-81f1-5c0839ec82d5,2442592,73a94d32-f1ac-5aa9-880a-4d9715b1d96b,1000,FCM,569,FCK,2,2143.36,4905.56,82,80,,,count,defensive_third,defensive_third,central_channel,-24.75,10.44,42.83,30.08,-24.75,10.44,42.83,30.08,foul,foul,free_kick,final-third entry,FCM final-third entry at minute 82.,Territory & Control,pitch scatter map,medium,false,true,false,false,6132,0.07,0
8cfdb681-32cf-4ebf-81f1-5c0839ec82d5,2442592,dd07f865-5314-5b89-9caa-5ac6de004777,1000,FCM,569,FCK,2,2143.36,4905.56,82,80,430901,E. Olafsson,count,defensive_third,defensive_third,central_channel,-24.75,10.44,31.2,-5.36,-24.75,10.44,31.2,-5.36,pass,interception,,final-third entry,FCM final-third entry at minute 82.,Territory & Control,pitch scatter map,medium,false,true,false,false,6133,0.07,
8cfdb681-32cf-4ebf-81f1-5c0839ec82d5,2442592,b1cc99c0-9edb-5571-b1ba-72d8e9263656,1000,FCM,569,FCK,2,2143.36,4905.56,82,80,,,count,defensive_third,defensive_third,right_channel,-23.41,17.98,34.94,7.31,-23.41,17.98,34.94,7.31,loss,,progression,final-third entry,FCM final-third entry at minute 82.,Defensive Behaviour & Transitions,pitch scatter map,high,false,true,false,false,6134,0.07,
8cfdb681-32cf-4ebf-81f1-5c0839ec82d5,2442592,c2d1b9bf-12c1-500c-87f6-997456f63981,1000,FCM,569,FCK,2,2143.36,4905.56,82,80,423651,E. Chilufya,count,attacking_third,attacking_third,central_channel,19.04,-6.7,37.19,-8.18,19.04,-6.7,37.19,-8.18,run_start_loc,,,final-third entry,FCM final-third entry at minute 82.,Territory & Control,pitch scatter map,medium,false,false,false,false,6135,0,
8cfdb681-32cf-4ebf-81f1-5c0839ec82d5,2442592,d021be7d-3001-567d-aa7a-6a6cfb062afa,569,FCK,1000,FCM,2,2143.36,4905.56,82,80,,,count,attacking_third,attacking_third,right_channel,-23.41,17.98,47.46,31.32,23.41,17.98,-47.46,31.32,start_loc,,organisation,context event,FCK context event at minute 82.,Territory & Control,pitch scatter map,low,false,false,false,false,6136,0,0
8cfdb681-32cf-4ebf-81f1-5c0839ec82d5,2442592,29225073-efbb-58d9-abd2-949ac66b51a1,1000,FCM,569,FCK,2,2143.76,4905.96,82,80,568423,V. Byskov,count,attacking_third,attacking_third,right_channel,18.98,25.82,34.61,14.31,18.98,25.82,34.61,14.31,run_start_loc,,,final-third entry,FCM final-third entry at minute 82.,Territory & Control,pitch scatter map,medium,false,false,false,false,6137,0,
8cfdb681-32cf-4ebf-81f1-5c0839ec82d5,2442592,fce9b9f4-6343-58de-b00b-225f1ad3760c,569,FCK,1000,FCM,2,2146.92,4909.12,82,80,,,count,defensive_third,defensive_third,central_channel,35.6,7.19,35.61,7.21,-35.6,7.19,-35.61,7.21,loss,,interrupt,turnover / loss,FCK turnover / loss at minute 82.,Defensive Behaviour & Transitions,pitch scatter map,high,false,false,false,false,6142,0,
8cfdb681-32cf-4ebf-81f1-5c0839ec82d5,2442592,fccc8c61-1e7f-5181-bba7-b0aa644632a8,569,FCK,1000,FCM,2,2146.96,4909.16,82,80,220246,P. Hatzidiakos,count,attacking_third,attacking_third,central_channel,-31.53,5.42,-10.74,-3.24,31.53,5.42,10.74,-3.24,pass,interception,,context event,FCK context event at minute 82.,Territory & Control,pitch scatter map,medium,false,false,false,false,6144,0,
8cfdb681-32cf-4ebf-81f1-5c0839ec82d5,2442592,b1085e95-3287-5b00-b70d-9fec37b80fbc,1000,FCM,569,FCK,2,2148.36,4910.56,82,80,,,count,attacking_third,attacking_third,central_channel,26.65,-1.5,10.44,-7.86,26.65,-1.5,10.44,-7.86,completed_pass,completed_pass,,context event,FCM context event at minute 82.,Territory & Control,pitch scatter map,low,false,false,false,false,6149,0,
8cfdb681-32cf-4ebf-81f1-5c0839ec82d5,2442592,f50efd7c-7c7d-5e4b-b032-2b0e46dd1b7e,1000,FCM,569,FCK,2,2150.2,4912.4,82,80,204164,J. Andersson,count,middle_third,middle_third,central_channel,8.08,4.31,9.9,-0.97,8.08,4.31,9.9,-0.97,pass,reception,,context event,FCM context event at minute 82.,Executive Match Overview,pitch scatter map,low,false,false,false,false,6154,0,
8cfdb681-32cf-4ebf-81f1-5c0839ec82d5,2442592,b22f18cf-9bc7-5809-b861-37deb823fc21,1000,FCM,569,FCK,2,2151.52,4913.72,82,80,474838,E. Martinez,count,middle_third,middle_third,central_channel,9.78,-3.77,1.5,-16.96,9.78,-3.77,1.5,-16.96,pass,reception,,context event,FCM context event at minute 82.,Executive Match Overview,pitch scatter map,low,false,false,false,false,6157,0,
8cfdb681-32cf-4ebf-81f1-5c0839ec82d5,2442592,33002a80-eeea-56c4-9951-5d0755c8cddf,1000,FCM,569,FCK,2,2153.36,4915.56,82,80,,,count,middle_third,middle_third,central_channel,4.48,-0.25,47.34,31.38,4.48,-0.25,47.34,31.38,progression,,progression,final-third entry,FCM final-third entry at minute 82.,Territory & Control,pitch scatter map,medium,false,true,false,false,6159,0.05,
8cfdb681-32cf-4ebf-81f1-5c0839ec82d5,2442592,b28470f6-674e-5402-a837-766e3fd51da5,1000,FCM,569,FCK,2,2153.52,4915.72,82,80,120721,K. Mbabu,count,middle_third,middle_third,left_channel,1.63,-17.01,34.78,24.95,1.63,-17.01,34.78,24.95,pass,reception,,final-third entry,FCM final-third entry at minute 82.,Territory & Control,pitch scatter map,medium,false,true,true,false,6162,0.05,
8cfdb681-32cf-4ebf-81f1-5c0839ec82d5,2442592,4d78a934-4e43-5d86-82ed-99405d9d51cf,1000,FCM,569,FCK,2,2155.52,4917.72,82,80,,,count,attacking_third,attacking_third,right_channel,29.34,15.54,38.72,30.59,29.34,15.54,38.72,30.59,incomplete_pass,incomplete_pass,,final-third entry,FCM final-third entry at minute 82.,Territory & Control,pitch scatter map,medium,false,false,false,false,6164,0,
8cfdb681-32cf-4ebf-81f1-5c0839ec82d5,2442592,dd1e7ed3-cadf-5539-a71c-fc7082a7fb98,1000,FCM,569,FCK,2,2156.96,4919.16,82,80,204164,J. Andersson,count,middle_third,middle_third,right_channel,18.26,17.49,29.01,7.92,18.26,17.49,29.01,7.92,run_start_loc,,,final-third entry,FCM final-third entry at minute 82.,Territory & Control,pitch scatter map,medium,false,true,false,false,6166,0.05,
8cfdb681-32cf-4ebf-81f1-5c0839ec82d5,2442592,1739078d-a25d-5d5d-81f8-7e961feba5af,1000,FCM,569,FCK,2,2157.04,4919.24,82,80,568423,V. Byskov,count,attacking_third,attacking_third,right_channel,39.02,27.84,47.46,31.32,39.02,27.84,47.46,31.32,incomplete_pass,incomplete_pass,,final-third entry,FCM final-third entry at minute 82.,Territory & Control,pitch scatter map,medium,false,false,false,false,6167,0,0
8cfdb681-32cf-4ebf-81f1-5c0839ec82d5,2442592,284dbbe7-0999-539f-9dad-a36634539c6b,1000,FCM,569,FCK,2,2162.96,4925.16,83,80,,,count,attacking_third,attacking_third,right_channel,42.01,20.7,44.4,17.8,42.01,20.7,44.4,17.8,incomplete_pass,incomplete_pass,,box involvement,FCM box involvement at minute 83.,Chance Creation & Final Third,pitch scatter map,high,true,false,false,false,6172,0.1,
8cfdb681-32cf-4ebf-81f1-5c0839ec82d5,2442592,72a9e81a-f4d6-55f6-97c3-48daed241b49,1000,FCM,569,FCK,2,2164.12,4926.32,83,80,568423,V. Byskov,count,attacking_third,attacking_third,right_channel,42.83,30.08,45.44,7.66,42.83,30.08,45.44,7.66,pass,interception,,box involvement,FCM box involvement at minute 83.,Chance Creation & Final Third,pitch scatter map,high,true,false,false,false,6173,0.1,
8cfdb681-32cf-4ebf-81f1-5c0839ec82d5,2442592,b4c3a175-0c7a-52ce-bf03-0f77e3122536,1000,FCM,569,FCK,2,2164.12,4926.32,83,80,,,count,attacking_third,attacking_third,right_channel,47.46,31.32,47.46,31.32,47.46,31.32,47.46,31.32,crossing,,crossing,final-third entry,FCM final-third entry at minute 83.,Territory & Control,pitch scatter map,medium,false,false,false,false,6174,0,
8cfdb681-32cf-4ebf-81f1-5c0839ec82d5,2442592,8e580f23-bc22-5caa-a5a1-d519b7db19a7,1000,FCM,569,FCK,2,2217.4,4979.6,83,80,533646,D. Osorio,count,middle_third,middle_third,central_channel,14.11,4.2,41.86,-12.8,14.11,4.2,41.86,-12.8,pass,shot,,box involvement,FCM box involvement at minute 83.,Chance Creation & Final Third,pitch scatter map,high,true,true,true,false,6190,0.15,
8cfdb681-32cf-4ebf-81f1-5c0839ec82d5,2442592,9044aced-7af7-5c7c-8944-c58a049f37cf,1000,FCM,569,FCK,2,2217.4,4979.6,83,80,,,count,middle_third,middle_third,central_channel,14.11,4.2,35.46,-9.62,14.11,4.2,35.46,-9.62,shot,shot,free_kick,shot attempt,FCM shot attempt at minute 83.,Chance Creation & Final Third,pitch scatter map,high,false,true,false,false,6191,0.029,0.029
8cfdb681-32cf-4ebf-81f1-5c0839ec82d5,2442592,95cf83c1-b9b1-5e1e-809b-7062ab84f611,1000,FCM,569,FCK,2,2217.4,4979.6,83,80,,,count,middle_third,middle_third,right_channel,17.34,13.75,39.73,4.36,17.34,13.75,39.73,4.36,attacking,,attacking,box involvement,FCM box involvement at minute 83.,Chance Creation & Final Third,pitch scatter map,high,true,true,false,false,6192,0.15,
8cfdb681-32cf-4ebf-81f1-5c0839ec82d5,2442592,a1fff8f6-08fe-55b5-8aba-c5963f5583aa,569,FCK,1000,FCM,2,2217.4,4979.6,83,80,,,count,middle_third,middle_third,right_channel,17.34,13.75,39.73,4.36,-17.34,13.75,-39.73,4.36,start_loc,,organisation,context event,FCK context event at minute 83.,Executive Match Overview,pitch scatter map,low,false,false,false,true,6193,0,0.029
8cfdb681-32cf-4ebf-81f1-5c0839ec82d5,2442592,5f0424dc-1fe0-504a-8621-a9b82e5d0b11,1000,FCM,569,FCK,2,2219.32,4981.52,84,80,228044,M. Bech,count,attacking_third,attacking_third,central_channel,46.44,2.2,46.5,2.17,46.44,2.2,46.5,2.17,backward,backward,,box involvement,FCM box involvement at minute 84.,Chance Creation & Final Third,pitch scatter map,high,true,false,false,false,6198,0,0
8cfdb681-32cf-4ebf-81f1-5c0839ec82d5,2442592,7f8ef078-7e1d-52f4-81da-d95467e09180,1000,FCM,569,FCK,2,2219.36,4981.56,84,80,228044,M. Bech,count,attacking_third,attacking_third,central_channel,41.91,-12.84,34.57,-10.58,41.91,-12.84,34.57,-10.58,pass,shot,,box involvement,FCM box involvement at minute 84.,Chance Creation & Final Third,pitch scatter map,high,true,false,false,false,6200,0,
8cfdb681-32cf-4ebf-81f1-5c0839ec82d5,2442592,00a5b8f9-a6c2-5d42-ad55-47557b4b5f04,1000,FCM,569,FCK,2,2219.4,4981.6,84,80,,,count,attacking_third,attacking_third,central_channel,31.72,0.05,36.74,-9.28,31.72,0.05,36.74,-9.28,defender_dribbled,defender_dribbled,,final-third entry,FCM final-third entry at minute 84.,Territory & Control,pitch scatter map,medium,false,false,false,false,6201,0,
8cfdb681-32cf-4ebf-81f1-5c0839ec82d5,2442592,49f2dde3-4b73-5774-a035-1f2827eca946,1000,FCM,569,FCK,2,2220.6,4982.8,84,80,494784,Oliver Sorensen,count,attacking_third,attacking_third,central_channel,38.8,3.71,39.73,4.36,38.8,3.71,39.73,4.36,shot,shot,,shot attempt,FCM shot attempt at minute 84.,Chance Creation & Final Third,pitch scatter map,high,true,false,false,false,6202,0.1,0.029
8cfdb681-32cf-4ebf-81f1-5c0839ec82d5,2442592,2d6e669e-fb19-5a32-8162-2937ec52bc2f,1000,FCM,569,FCK,2,2221.32,4983.52,84,80,494784,Oliver Sorensen,count,attacking_third,attacking_third,central_channel,35.46,-9.62,42.05,-6.5,35.46,-9.62,42.05,-6.5,shot,block,,shot attempt,FCM shot attempt at minute 84.,Chance Creation & Final Third,pitch scatter map,high,true,false,false,false,6204,0.029,0.029
8cfdb681-32cf-4ebf-81f1-5c0839ec82d5,2442592,41bc9c2a-50a6-5ddc-98f8-2fd037abf12c,1000,FCM,569,FCK,2,2253.56,5015.76,84,80,,,count,attacking_third,attacking_third,central_channel,58.26,-11.7,58.26,-11.7,58.26,-11.7,58.26,-11.7,loss,,crossing,box involvement,FCM box involvement at minute 84.,Chance Creation & Final Third,pitch scatter map,high,true,false,false,false,6209,0,
8cfdb681-32cf-4ebf-81f1-5c0839ec82d5,2442592,edcc2fd4-fc0c-58c6-9990-d9b033ea330e,1000,FCM,569,FCK,2,2253.56,5015.76,84,80,533646,D. Osorio,count,attacking_third,attacking_third,left_channel,53.13,-33.26,52.03,-10.83,53.13,-33.26,52.03,-10.83,pass,out,,box involvement,FCM box involvement at minute 84.,Chance Creation & Final Third,pitch scatter map,high,true,false,false,false,6210,0.1,
8cfdb681-32cf-4ebf-81f1-5c0839ec82d5,2442592,4d69ba7e-f012-511b-94b3-3253479fa2de,1000,FCM,569,FCK,2,2253.56,5015.76,84,80,,,count,attacking_third,attacking_third,left_channel,53.13,-33.26,53.13,-33.26,53.13,-33.26,53.13,-33.26,out,out,corner_kick,final-third entry,FCM final-third entry at minute 84.,Territory & Control,pitch scatter map,medium,false,false,false,false,6211,0,0
8cfdb681-32cf-4ebf-81f1-5c0839ec82d5,2442592,5345ce50-30cb-50f7-a577-d540f1f4f378,569,FCK,1000,FCM,2,2253.56,5015.76,84,80,,,count,defensive_third,defensive_third,central_channel,58.26,-11.7,58.26,-11.7,-58.26,-11.7,-58.26,-11.7,start_loc,,organisation,context event,FCK context event at minute 84.,Executive Match Overview,pitch scatter map,low,false,false,false,true,6212,0,0
8cfdb681-32cf-4ebf-81f1-5c0839ec82d5,2442592,83347436-2fba-5387-9b74-dba80c2cee9a,1000,FCM,569,FCK,2,2253.56,5015.76,84,80,533646,D. Osorio,count,attacking_third,attacking_third,central_channel,58.26,-11.7,58.26,-11.7,58.26,-11.7,58.26,-11.7,incomplete_pass,incomplete_pass,,box involvement,FCM box involvement at minute 84.,Chance Creation & Final Third,pitch scatter map,high,true,false,false,false,6213,0,0
8cfdb681-32cf-4ebf-81f1-5c0839ec82d5,2442592,2bf65529-fd0c-5728-94c3-e75dbc6be4b2,569,FCK,1000,FCM,2,2293.8,5056,85,80,,,count,attacking_third,attacking_third,central_channel,-47.15,3.61,25.46,14.66,47.15,3.61,-25.46,14.66,recovery,turnover,goal_kick,box involvement,FCK box involvement at minute 85.,Chance Creation & Final Third,pitch scatter map,high,true,false,false,false,6232,0,0
8cfdb681-32cf-4ebf-81f1-5c0839ec82d5,2442592,a9fdbea9-737f-502b-917e-587aabc6e371,569,FCK,1000,FCM,2,2293.8,5056,85,80,232398,N. Trott,count,attacking_third,attacking_third,central_channel,-47.15,3.61,13.71,9.3,47.15,3.61,-13.71,9.3,pass,interception,,box involvement,FCK box involvement at minute 85.,Chance Creation & Final Third,pitch scatter map,high,true,false,false,false,6234,0,
8cfdb681-32cf-4ebf-81f1-5c0839ec82d5,2442592,86a13cd5-8f2d-52cd-81f3-b0967a1af36d,1000,FCM,569,FCK,2,2293.8,5056,85,80,,,count,attacking_third,attacking_third,central_channel,51.99,8.44,-24.15,0.94,51.99,8.44,-24.15,0.94,start_loc,,organisation,box involvement,FCM box involvement at minute 85.,Chance Creation & Final Third,pitch scatter map,high,true,false,false,false,6236,0,0
8cfdb681-32cf-4ebf-81f1-5c0839ec82d5,2442592,d5ac253d-0d17-5cf0-b128-21c6af31a154,569,FCK,1000,FCM,2,2293.8,5056,85,80,,,count,defensive_third,defensive_third,central_channel,51.99,8.44,-24.15,0.94,-51.99,8.44,24.15,0.94,loss,,progression,final-third entry,FCK final-third entry at minute 85.,Defensive Behaviour & Transitions,pitch scatter map,high,false,true,false,false,6238,0.07,
8cfdb681-32cf-4ebf-81f1-5c0839ec82d5,2442592,94bb66f9-380f-5196-b8e3-bab4bf2b32e0,569,FCK,1000,FCM,2,2299.28,5061.48,85,80,111756,V. Claesson,count,attacking_third,attacking_third,central_channel,-23.76,1.38,-24.15,0.94,23.76,1.38,24.15,0.94,incomplete_pass,incomplete_pass,,final-third entry,FCK final-third entry at minute 85.,Territory & Control,pitch scatter map,medium,false,false,false,false,6256,0,0
8cfdb681-32cf-4ebf-81f1-5c0839ec82d5,2442592,417d64a0-993d-52d0-bf49-69fe90017499,569,FCK,1000,FCM,2,2299.4,5061.6,85,80,111756,V. Claesson,count,defensive_third,defensive_third,right_channel,25.46,14.66,28.51,11.88,-25.46,14.66,-28.51,11.88,pass,interception,,context event,FCK context event at minute 85.,Executive Match Overview,pitch scatter map,medium,false,false,false,false,6257,0,
8cfdb681-32cf-4ebf-81f1-5c0839ec82d5,2442592,96a28009-dbf9-5b95-9fb8-3eecc36bf29d,569,FCK,1000,FCM,2,2301.56,5063.76,85,80,,,count,attacking_third,attacking_third,central_channel,-19.9,-5.65,-21.81,-3.31,19.9,-5.65,21.81,-3.31,start_loc,,transition,final-third entry,FCK final-third entry at minute 85.,Territory & Control,pitch scatter map,medium,false,false,false,false,6270,0,0
8cfdb681-32cf-4ebf-81f1-5c0839ec82d5,2442592,d9b2b890-c970-55af-ae7a-ce56f0290284,1000,FCM,569,FCK,2,2301.56,5063.76,85,80,,,count,defensive_third,defensive_third,central_channel,-19.9,-5.65,-21.81,-3.31,-19.9,-5.65,-21.81,-3.31,loss,,counter_attack,turnover / loss,FCM turnover / loss at minute 85.,Defensive Behaviour & Transitions,pitch scatter map,high,false,false,false,false,6271,0,
8cfdb681-32cf-4ebf-81f1-5c0839ec82d5,2442592,e8189374-3642-52e1-9b4b-27a993a76232,1000,FCM,569,FCK,2,2301.56,5063.76,85,80,,,count,defensive_third,defensive_third,left_channel,-21.41,-24.36,-23.23,-20.91,-21.41,-24.36,-23.23,-20.91,recovery,turnover,interception,ball recovery,FCM ball recovery at minute 85.,Defensive Behaviour & Transitions,pitch scatter map,high,false,false,false,false,6272,0,0
8cfdb681-32cf-4ebf-81f1-5c0839ec82d5,2442592,429b38ae-7ad7-5410-ba28-4838936ec894,569,FCK,1000,FCM,2,2302.32,5064.52,85,80,,,count,attacking_third,attacking_third,central_channel,-21.98,-4.31,-22.29,-3.49,21.98,-4.31,22.29,-3.49,interrupt,,interrupt,final-third entry,FCK final-third entry at minute 85.,Territory & Control,pitch scatter map,medium,false,false,false,false,6274,0,
8cfdb681-32cf-4ebf-81f1-5c0839ec82d5,2442592,23c9ee74-1bfb-5fd9-b2eb-6d30435db0ca,1000,FCM,569,FCK,2,2302.32,5064.52,85,80,533646,D. Osorio,count,defensive_third,defensive_third,left_channel,-23.39,-22.39,-21.41,-22.7,-23.39,-22.39,-21.41,-22.7,pass,reception,,context event,FCM context event at minute 85.,Executive Match Overview,pitch scatter map,low,false,false,false,false,6275,0,
8cfdb681-32cf-4ebf-81f1-5c0839ec82d5,2442592,23c9ee74-1bfb-5fd9-b2eb-6d30435db0ca,1000,FCM,569,FCK,2,2302.32,5064.52,85,80,533646,D. Osorio,count,defensive_third,defensive_third,left_channel,-23.39,-22.39,-21.41,-22.7,-23.39,-22.39,-21.41,-22.7,pass,reception,,context event,FCM context event at minute 85.,Executive Match Overview,pitch scatter map,low,false,false,false,false,6276,0,
8cfdb681-32cf-4ebf-81f1-5c0839ec82d5,2442592,97420138-76f7-579a-9d9e-45d0fd989a51,1000,FCM,569,FCK,2,2302.68,5064.88,85,80,,,count,middle_third,middle_third,central_channel,-8.95,-11.09,-14.67,-18.12,-8.95,-11.09,-14.67,-18.12,loss,lost_ball,,turnover / loss,FCM turnover / loss at minute 85.,Defensive Behaviour & Transitions,pitch scatter map,high,false,false,false,false,6278,0,
8cfdb681-32cf-4ebf-81f1-5c0839ec82d5,2442592,306d50f1-99dc-5bcf-93a2-8d18415fdb69,1000,FCM,569,FCK,2,2303.44,5065.64,85,80,533646,D. Osorio,count,defensive_third,defensive_third,central_channel,-22.2,-3.47,-21.81,-3.31,-22.2,-3.47,-21.81,-3.31,loss,ball_lost,,turnover / loss,FCM turnover / loss at minute 85.,Defensive Behaviour & Transitions,pitch scatter map,high,false,false,false,false,6281,0,0
8cfdb681-32cf-4ebf-81f1-5c0839ec82d5,2442592,932910d6-702f-5ded-9adb-25c2a0d3e193,569,FCK,1000,FCM,2,2304.76,5066.96,85,80,,,count,middle_third,middle_third,central_channel,-13.73,-0.29,-18.62,9.96,13.73,-0.29,18.62,9.96,loss,,regain,turnover / loss,FCK turnover / loss at minute 85.,Defensive Behaviour & Transitions,pitch scatter map,high,false,false,false,false,6287,0,
8cfdb681-32cf-4ebf-81f1-5c0839ec82d5,2442592,e689acee-6cd5-5318-ab17-6674b7a59e42,569,FCK,1000,FCM,2,2304.76,5066.96,85,80,,,count,middle_third,middle_third,right_channel,15.52,16.46,20.19,1.37,-15.52,16.46,-20.19,1.37,recovery,turnover,tackle,ball recovery,FCK ball recovery at minute 85.,Defensive Behaviour & Transitions,pitch scatter map,high,false,false,false,false,6289,0,0
8cfdb681-32cf-4ebf-81f1-5c0839ec82d5,2442592,332d246a-8abb-525b-a20a-557961baf056,569,FCK,1000,FCM,2,2304.96,5067.16,85,80,166965,L. Lerager,count,middle_third,middle_third,right_channel,15.77,16.98,18.13,16.95,-15.77,16.98,-18.13,16.95,pass,reception,,context event,FCK context event at minute 85.,Executive Match Overview,pitch scatter map,low,false,false,false,false,6291,0,
8cfdb681-32cf-4ebf-81f1-5c0839ec82d5,2442592,775ee776-b159-52eb-a493-0efbd325afe0,569,FCK,1000,FCM,2,2309.4,5071.6,85,80,96787,M. Elyounoussi,count,defensive_third,defensive_third,central_channel,20.19,1.37,31.95,-14.92,-20.19,1.37,-31.95,-14.92,pass,interception,,context event,FCK context event at minute 85.,Executive Match Overview,pitch scatter map,medium,false,false,false,false,6307,0,
8cfdb681-32cf-4ebf-81f1-5c0839ec82d5,2442592,34717023-7495-5f24-ad21-ff1c7afa0144,1000,FCM,569,FCK,2,2310.52,5072.72,85,80,,,count,defensive_third,defensive_third,central_channel,-33.12,11.19,35.69,1.77,-33.12,11.19,35.69,1.77,recovery,turnover,interception,final-third entry,FCM final-third entry at minute 85.,Defensive Behaviour & Transitions,pitch scatter map,high,false,true,false,false,6312,0.07,0
8cfdb681-32cf-4ebf-81f1-5c0839ec82d5,2442592,8656ae78-881d-5755-8a47-a68e2a8e568e,1000,FCM,569,FCK,2,2310.52,5072.72,85,80,,,count,defensive_third,defensive_third,right_channel,-32.18,18.49,39.97,12.1,-32.18,18.49,39.97,12.1,loss,,counter_attack,box involvement,FCM box involvement at minute 85.,Chance Creation & Final Third,pitch scatter map,high,true,true,false,false,6314,0.17,
8cfdb681-32cf-4ebf-81f1-5c0839ec82d5,2442592,ab89bbc5-a29f-5237-a964-a658ce96e348,569,FCK,1000,FCM,2,2310.52,5072.72,85,80,,,count,attacking_third,attacking_third,right_channel,-32.18,18.49,39.97,12.1,32.18,18.49,-39.97,12.1,start_loc,,transition,context event,FCK context event at minute 85.,Territory & Control,pitch scatter map,low,false,false,false,false,6315,0,0
8cfdb681-32cf-4ebf-81f1-5c0839ec82d5,2442592,efbacf90-79b2-5223-912f-e34e2d190f30,1000,FCM,569,FCK,2,2314.52,5076.72,85,80,204164,J. Andersson,count,middle_third,middle_third,right_channel,-11.91,25.86,3.23,26.87,-11.91,25.86,3.23,26.87,pass,reception,,progressive action,FCM progressive action at minute 85.,Territory & Control,pitch scatter map,medium,false,false,true,false,6329,0,
8cfdb681-32cf-4ebf-81f1-5c0839ec82d5,2442592,7a528db2-7214-5d52-a909-39032b4a3b9e,1000,FCM,569,FCK,2,2315.6,5077.8,85,80,204164,J. Andersson,count,middle_third,middle_third,right_channel,-4.35,25.84,33.75,6.34,-4.35,25.84,33.75,6.34,run_start_loc,,,final-third entry,FCM final-third entry at minute 85.,Territory & Control,pitch scatter map,medium,false,true,false,false,6333,0.05,
8cfdb681-32cf-4ebf-81f1-5c0839ec82d5,2442592,ad5e1deb-f053-5530-b369-ec4c78207bec,1000,FCM,569,FCK,2,2315.88,5078.08,85,80,551144,Franculino Dju,count,middle_third,middle_third,right_channel,5.94,29.14,40.97,21.18,5.94,29.14,40.97,21.18,square,square,,final-third entry,FCM final-third entry at minute 85.,Territory & Control,pitch scatter map,medium,false,true,false,false,6335,0.05,0
8cfdb681-32cf-4ebf-81f1-5c0839ec82d5,2442592,d23b5263-2783-585c-8910-5050acb10877,1000,FCM,569,FCK,2,2319.2,5081.4,85,80,423651,E. Chilufya,count,attacking_third,attacking_third,central_channel,29.34,-0.69,42.22,-4.43,29.34,-0.69,42.22,-4.43,run_start_loc,,,box involvement,FCM box involvement at minute 85.,Chance Creation & Final Third,pitch scatter map,high,true,false,false,false,6347,0.1,
8cfdb681-32cf-4ebf-81f1-5c0839ec82d5,2442592,3a7c06c5-5c28-5cfd-92c5-477eb2e85214,1000,FCM,569,FCK,2,2320,5082.2,85,80,533646,D. Osorio,count,middle_third,middle_third,central_channel,17.43,-8.48,32.48,-8.2,17.43,-8.48,32.48,-8.2,run_start_loc,,,final-third entry,FCM final-third entry at minute 85.,Territory & Control,pitch scatter map,medium,false,true,false,false,6348,0.05,
8cfdb681-32cf-4ebf-81f1-5c0839ec82d5,2442592,3ad975cd-2d9a-56c6-97a2-a5a933cf1964,1000,FCM,569,FCK,2,2320.44,5082.64,85,80,551144,Franculino Dju,count,attacking_third,attacking_third,right_channel,36.64,15.15,34.81,5.98,36.64,15.15,34.81,5.98,pass,reception,,final-third entry,FCM final-third entry at minute 85.,Territory & Control,pitch scatter map,medium,false,false,false,false,6350,0,
8cfdb681-32cf-4ebf-81f1-5c0839ec82d5,2442592,80555f71-9ee2-5422-a964-53a4f215109b,1000,FCM,569,FCK,2,2320.64,5082.84,85,80,,,count,attacking_third,attacking_third,central_channel,35.35,12.88,37.53,0,35.35,12.88,37.53,0,defender_dribbled,defender_dribbled,,final-third entry,FCM final-third entry at minute 85.,Territory & Control,pitch scatter map,medium,false,false,false,false,6352,0,
8cfdb681-32cf-4ebf-81f1-5c0839ec82d5,2442592,3a73912e-6bc2-53e1-9b84-4af62e7f6ed3,1000,FCM,569,FCK,2,2321.48,5083.68,85,80,204164,J. Andersson,count,attacking_third,attacking_third,right_channel,39.05,14.96,39.97,12.1,39.05,14.96,39.97,12.1,incomplete_pass,incomplete_pass,,box involvement,FCM box involvement at minute 85.,Chance Creation & Final Third,pitch scatter map,high,true,false,false,false,6357,0.1,0
8cfdb681-32cf-4ebf-81f1-5c0839ec82d5,2442592,42b5cfd8-96da-5ecc-bd5c-6559ef5415a5,1000,FCM,569,FCK,2,2322.72,5084.92,85,80,204164,J. Andersson,count,attacking_third,attacking_third,central_channel,35.69,1.77,40.62,-8.24,35.69,1.77,40.62,-8.24,pass,interception,,box involvement,FCM box involvement at minute 85.,Chance Creation & Final Third,pitch scatter map,high,true,false,false,false,6360,0.1,
8cfdb681-32cf-4ebf-81f1-5c0839ec82d5,2442592,52510a0c-ddf8-5562-ad9a-106d63aaa666,1000,FCM,569,FCK,2,2323.2,5085.4,85,80,,,count,attacking_third,attacking_third,central_channel,45.21,7.67,47.19,8.64,45.21,7.67,47.19,8.64,start_loc,,transition,box involvement,FCM box involvement at minute 85.,Chance Creation & Final Third,pitch scatter map,high,true,false,false,false,6363,0,0
8cfdb681-32cf-4ebf-81f1-5c0839ec82d5,2442592,ceed2d87-9a33-5c3c-9b2a-ff33e8f02aba,569,FCK,1000,FCM,2,2323.2,5085.4,85,80,,,count,attacking_third,attacking_third,central_channel,-40.68,4.75,45,-28.05,40.68,4.75,-45,-28.05,recovery,out,interception,box involvement,FCK box involvement at minute 85.,Chance Creation & Final Third,pitch scatter map,high,true,false,false,false,6366,0,0
8cfdb681-32cf-4ebf-81f1-5c0839ec82d5,2442592,80803763-2573-5163-9f46-331c58837851,569,FCK,1000,FCM,2,2323.24,5085.44,85,80,590186,V. Froholdt,count,attacking_third,attacking_third,central_channel,-40.71,4.81,-46.42,4.29,40.71,4.81,46.42,4.29,pass,reception,,box involvement,FCK box involvement at minute 85.,Chance Creation & Final Third,pitch scatter map,high,true,false,false,false,6367,0,
8cfdb681-32cf-4ebf-81f1-5c0839ec82d5,2442592,7c18c14d-da3f-5a25-b22a-fc04c1232b74,569,FCK,1000,FCM,2,2323.36,5085.56,85,80,,,count,attacking_third,attacking_third,central_channel,-40.92,8.54,-45.9,4.24,40.92,8.54,45.9,4.24,completed_pass,completed_pass,,box involvement,FCK box involvement at minute 85.,Chance Creation & Final Third,pitch scatter map,high,true,false,false,false,6368,0,
8cfdb681-32cf-4ebf-81f1-5c0839ec82d5,2442592,6788a215-8b85-50dd-9d70-7bfddb995e52,569,FCK,1000,FCM,2,2325.08,5087.28,85,80,111756,V. Claesson,count,attacking_third,attacking_third,central_channel,-19.57,-2.33,-17.88,14.12,19.57,-2.33,17.88,14.12,run_start_loc,,,context event,FCK context event at minute 85.,Territory & Control,pitch scatter map,low,false,false,false,false,6372,0,
8cfdb681-32cf-4ebf-81f1-5c0839ec82d5,2442592,5b17995e-db0d-5e10-93e0-cc3c4998d320,1000,FCM,569,FCK,2,2334,5096.2,85,80,,,count,attacking_third,attacking_third,central_channel,47.25,8.7,-44.64,29.94,47.25,8.7,-44.64,29.94,start_loc,,organisation,box involvement,FCM box involvement at minute 85.,Chance Creation & Final Third,pitch scatter map,high,true,false,false,false,6375,0,0
8cfdb681-32cf-4ebf-81f1-5c0839ec82d5,2442592,677aee4e-81b4-58cc-862d-cfb4bf1af2ea,569,FCK,1000,FCM,2,2334.16,5096.36,85,80,232398,N. Trott,count,attacking_third,attacking_third,central_channel,-42.9,2.89,-37.88,-9.7,42.9,2.89,37.88,-9.7,pass,reception,,box involvement,FCK box involvement at minute 85.,Chance Creation & Final Third,pitch scatter map,high,true,false,false,false,6377,0,
8cfdb681-32cf-4ebf-81f1-5c0839ec82d5,2442592,466d42be-35f3-5bf5-a74f-45b2d1046905,569,FCK,1000,FCM,2,2346.8,5109,86,85,193228,K. Diks,count,attacking_third,attacking_third,right_channel,-22.44,13.55,-15.79,26.45,22.44,13.55,15.79,26.45,pass,reception,,context event,FCK context event at minute 86.,Territory & Control,pitch scatter map,low,false,false,false,false,6381,0,
8cfdb681-32cf-4ebf-81f1-5c0839ec82d5,2442592,ca5699ae-aecd-5216-ac5f-d2f29c44dfc4,569,FCK,1000,FCM,2,2349,5111.2,86,85,,,count,middle_third,middle_third,central_channel,17.85,-7.5,-41.37,-10.15,-17.85,-7.5,41.37,-10.15,progression,,progression,box involvement,FCK box involvement at minute 86.,Chance Creation & Final Third,pitch scatter map,high,true,true,false,false,6388,0.15,
8cfdb681-32cf-4ebf-81f1-5c0839ec82d5,2442592,d619e4d5-92d8-5b19-b5ed-3162f37cffc4,569,FCK,1000,FCM,2,2349.72,5111.92,86,85,68640,T. Delaney,count,middle_third,middle_third,right_channel,-12.42,27.48,46.14,22.47,12.42,27.48,-46.14,22.47,pass,reception,,context event,FCK context event at minute 86.,Executive Match Overview,pitch scatter map,low,false,false,false,false,6394,0,
8cfdb681-32cf-4ebf-81f1-5c0839ec82d5,2442592,a02472c3-829a-5c19-ac77-51b83ccc17be,569,FCK,1000,FCM,2,2354.24,5116.44,86,85,457214,G. Onugkha,count,attacking_third,attacking_third,central_channel,-45.84,-4.37,-50.59,-6.42,45.84,-4.37,50.59,-6.42,backward,backward,,box involvement,FCK box involvement at minute 86.,Chance Creation & Final Third,pitch scatter map,high,true,false,false,false,6414,0,0
8cfdb681-32cf-4ebf-81f1-5c0839ec82d5,2442592,d825f4f4-42c7-55f7-9afe-54ea8b871786,569,FCK,1000,FCM,2,2355.52,5117.72,86,85,457214,G. Onugkha,count,defensive_third,defensive_third,right_channel,50.67,25.49,43.08,31.51,-50.67,25.49,-43.08,31.51,pass,reception,,context event,FCK context event at minute 86.,Executive Match Overview,pitch scatter map,low,false,false,false,false,6418,0,
8cfdb681-32cf-4ebf-81f1-5c0839ec82d5,2442592,b024d80e-852a-57ee-8b88-aed941a115c2,569,FCK,1000,FCM,2,2356.2,5118.4,86,85,590186,V. Froholdt,count,attacking_third,attacking_third,central_channel,-42.63,-10.51,-36.86,-4.57,42.63,-10.51,36.86,-4.57,backward,backward,,box involvement,FCK box involvement at minute 86.,Chance Creation & Final Third,pitch scatter map,high,true,false,false,false,6421,0,0
8cfdb681-32cf-4ebf-81f1-5c0839ec82d5,2442592,7331998f-3022-5209-bc02-9a8621704c06,569,FCK,1000,FCM,2,2357,5119.2,86,85,,,count,attacking_third,attacking_third,central_channel,-41.27,-10.07,-44.49,30.01,41.27,-10.07,44.49,30.01,loss,,attacking,box involvement,FCK box involvement at minute 86.,Chance Creation & Final Third,pitch scatter map,high,true,false,false,false,6422,0,
8cfdb681-32cf-4ebf-81f1-5c0839ec82d5,2442592,7124054c-36a9-58ec-b8eb-d7bb9765be30,569,FCK,1000,FCM,2,2358.8,5121,86,85,590186,V. Froholdt,count,defensive_third,defensive_third,right_channel,37.58,22.77,31.46,13.21,-37.58,22.77,-31.46,13.21,pass,reception,,context event,FCK context event at minute 86.,Executive Match Overview,pitch scatter map,low,false,false,false,false,6425,0,
8cfdb681-32cf-4ebf-81f1-5c0839ec82d5,2442592,edb7cfb0-dbcf-5ab1-933d-1021d9600386,569,FCK,1000,FCM,2,2360.04,5122.24,86,85,96787,M. Elyounoussi,count,attacking_third,attacking_third,central_channel,-30.44,1.92,-29.6,4.21,30.44,1.92,29.6,4.21,incomplete_pass,incomplete_pass,,final-third entry,FCK final-third entry at minute 86.,Territory & Control,pitch scatter map,medium,false,false,false,false,6428,0,0
8cfdb681-32cf-4ebf-81f1-5c0839ec82d5,2442592,f606347b-34cc-5534-9e0f-d03675ead6a2,569,FCK,1000,FCM,2,2361.4,5123.6,86,85,96787,M. Elyounoussi,count,defensive_third,defensive_third,central_channel,30.66,9.84,45.19,-7.34,-30.66,9.84,-45.19,-7.34,pass,interception,,context event,FCK context event at minute 86.,Executive Match Overview,pitch scatter map,medium,false,false,false,false,6431,0,
8cfdb681-32cf-4ebf-81f1-5c0839ec82d5,2442592,cc7e8c9f-666e-5c99-8c5e-179d152af95d,1000,FCM,569,FCK,2,2362.48,5124.68,86,85,,,count,defensive_third,defensive_third,right_channel,-43.72,13.35,-43.75,13.31,-43.72,13.35,-43.75,13.31,loss,,interrupt,turnover / loss,FCM turnover / loss at minute 86.,Defensive Behaviour & Transitions,pitch scatter map,high,false,false,false,false,6434,0,
8cfdb681-32cf-4ebf-81f1-5c0839ec82d5,2442592,5abe5eec-ae0c-5b61-b9fd-467b4f50472d,569,FCK,1000,FCM,2,2363.8,5126,86,85,,,count,defensive_third,defensive_third,central_channel,37.88,-10.78,21.86,-18.92,-37.88,-10.78,-21.86,-18.92,completed_pass,completed_pass,,progressive action,FCK progressive action at minute 86.,Territory & Control,pitch scatter map,medium,false,false,true,false,6437,0,
8cfdb681-32cf-4ebf-81f1-5c0839ec82d5,2442592,16c2c657-ce49-5363-8912-f600c192fe92,569,FCK,1000,FCM,2,2365.8,5128,86,85,166965,L. Lerager,count,attacking_third,attacking_third,right_channel,-21.6,21.22,-21.64,21.56,21.6,21.22,21.64,21.56,forward,forward,,final-third entry,FCK final-third entry at minute 86.,Territory & Control,pitch scatter map,medium,false,false,false,false,6442,0,0
8cfdb681-32cf-4ebf-81f1-5c0839ec82d5,2442592,9dcc793f-9cab-599a-a2ed-d0f6443cb42a,569,FCK,1000,FCM,2,2365.88,5128.08,86,85,166965,L. Lerager,count,defensive_third,defensive_third,left_channel,23.07,-15.71,41.2,-28.8,-23.07,-15.71,-41.2,-28.8,pass,reception,,context event,FCK context event at minute 86.,Executive Match Overview,pitch scatter map,low,false,false,false,false,6445,0,
8cfdb681-32cf-4ebf-81f1-5c0839ec82d5,2442592,92009515-6a0a-5269-a03f-86c6cf8be12d,569,FCK,1000,FCM,2,2368.52,5130.72,86,85,535944,R. Huescas,count,attacking_third,attacking_third,right_channel,-40.66,30.45,-44.64,29.94,40.66,30.45,44.64,29.94,incomplete_pass,incomplete_pass,,final-third entry,FCK final-third entry at minute 86.,Territory & Control,pitch scatter map,medium,false,false,false,false,6449,0,0
8cfdb681-32cf-4ebf-81f1-5c0839ec82d5,2442592,661fa7b8-0138-59d8-9a8b-eed8ae7f5b6c,569,FCK,1000,FCM,2,2369.56,5131.76,86,85,535944,R. Huescas,count,defensive_third,defensive_third,left_channel,45,-28.05,42.42,-6.72,-45,-28.05,-42.42,-6.72,pass,interception,,context event,FCK context event at minute 86.,Executive Match Overview,pitch scatter map,medium,false,false,false,false,6451,0,
8cfdb681-32cf-4ebf-81f1-5c0839ec82d5,2442592,73a31116-f78a-53e4-91fa-bf28991c20cc,569,FCK,1000,FCM,2,2369.56,5131.76,86,85,,,count,attacking_third,attacking_third,right_channel,-44.64,29.94,-44.64,29.94,44.64,29.94,44.64,29.94,crossing,,crossing,final-third entry,FCK final-third entry at minute 86.,Territory & Control,pitch scatter map,medium,false,false,false,false,6452,0,
8cfdb681-32cf-4ebf-81f1-5c0839ec82d5,2442592,76583e17-8f67-5641-81d5-5da925d0a4cb,1000,FCM,569,FCK,2,2370.52,5132.72,86,85,204164,J. Andersson,count,defensive_third,defensive_third,central_channel,-45.96,10.38,-48,21.11,-45.96,10.38,-48,21.11,pass,reception,,context event,FCM context event at minute 86.,Executive Match Overview,pitch scatter map,low,false,false,false,false,6455,0,
8cfdb681-32cf-4ebf-81f1-5c0839ec82d5,2442592,86bf6e49-c8e5-5bb1-a3fc-3f4018225315,569,FCK,1000,FCM,2,2418,5180.2,87,85,,,count,defensive_third,defensive_third,left_channel,35.6,-34.14,39,2.26,-35.6,-34.14,-39,2.26,shot,out,throw_in,shot attempt,FCK shot attempt at minute 87.,Chance Creation & Final Third,pitch scatter map,high,false,false,false,false,6467,0.0339,0.0339
8cfdb681-32cf-4ebf-81f1-5c0839ec82d5,2442592,a294e54a-94e4-5af4-888d-db0393dd9ddb,569,FCK,1000,FCM,2,2418,5180.2,87,85,,,count,attacking_third,attacking_third,right_channel,-34.78,34.08,-19.4,30.64,34.78,34.08,19.4,30.64,attacking,,attacking,final-third entry,FCK final-third entry at minute 87.,Territory & Control,pitch scatter map,medium,false,false,false,false,6468,0,
8cfdb681-32cf-4ebf-81f1-5c0839ec82d5,2442592,de6919f3-2bad-51b0-950d-db633e120d60,569,FCK,1000,FCM,2,2418,5180.2,87,85,535944,R. Huescas,count,attacking_third,attacking_third,right_channel,-34.78,34.08,-34.78,34.08,34.78,34.08,34.78,34.08,backward,backward,,final-third entry,FCK final-third entry at minute 87.,Territory & Control,pitch scatter map,medium,false,false,false,false,6470,0,0
8cfdb681-32cf-4ebf-81f1-5c0839ec82d5,2442592,7156b9d3-d7cb-567b-93da-3cc917b7ce5b,569,FCK,1000,FCM,2,2418,5180.2,87,85,535944,R. Huescas,count,defensive_third,defensive_third,left_channel,35.6,-34.14,18.94,-29.31,-35.6,-34.14,-18.94,-29.31,pass,reception,,progressive action,FCK progressive action at minute 87.,Territory & Control,pitch scatter map,medium,false,false,true,false,6471,0,
8cfdb681-32cf-4ebf-81f1-5c0839ec82d5,2442592,b36e4a4d-e34d-555f-b2e5-13e299b05077,569,FCK,1000,FCM,2,2419.6,5181.8,87,85,475413,Gabriel Pereira,count,middle_third,middle_third,right_channel,-17.31,30.8,-19.5,30.62,17.31,30.8,19.5,30.62,incomplete_pass,incomplete_pass,,final-third entry,FCK final-third entry at minute 87.,Territory & Control,pitch scatter map,medium,false,true,false,false,6474,0.05,0
8cfdb681-32cf-4ebf-81f1-5c0839ec82d5,2442592,c32cb23c-7e16-50e5-b95e-76ef9f2f32a6,569,FCK,1000,FCM,2,2420.88,5183.08,87,85,475413,Gabriel Pereira,count,defensive_third,defensive_third,left_channel,21.03,-29.05,42,-1.2,-21.03,-29.05,-42,-1.2,pass,interception,,context event,FCK context event at minute 87.,Executive Match Overview,pitch scatter map,medium,false,false,false,false,6476,0,
8cfdb681-32cf-4ebf-81f1-5c0839ec82d5,2442592,bd2106dc-7154-5095-8d01-1366c37a674b,569,FCK,1000,FCM,2,2420.88,5183.08,87,85,,,count,attacking_third,attacking_third,right_channel,-19.5,30.62,-35.23,11.08,19.5,30.62,35.23,11.08,crossing,,crossing,final-third entry,FCK final-third entry at minute 87.,Territory & Control,pitch scatter map,medium,false,false,false,false,6477,0,
8cfdb681-32cf-4ebf-81f1-5c0839ec82d5,2442592,ebbb72ef-d505-5eba-8b7d-9ac46dc7d7c8,569,FCK,1000,FCM,2,2423.24,5185.44,87,85,,,count,defensive_third,defensive_third,central_channel,42.22,-7.19,36.1,2.12,-42.22,-7.19,-36.1,2.12,shot,shot,,shot attempt,FCK shot attempt at minute 87.,Chance Creation & Final Third,pitch scatter map,high,false,false,false,false,6482,0,
8cfdb681-32cf-4ebf-81f1-5c0839ec82d5,2442592,a3114f4d-c768-5635-bf89-40cf5bbc3f3a,569,FCK,1000,FCM,2,2423.64,5185.84,87,85,111756,V. Claesson,count,attacking_third,attacking_third,right_channel,-36.97,18.45,-36.75,18.24,36.97,18.45,36.75,18.24,square,square,,final-third entry,FCK final-third entry at minute 87.,Territory & Control,pitch scatter map,medium,false,false,false,false,6483,0,0
8cfdb681-32cf-4ebf-81f1-5c0839ec82d5,2442592,d937035e-d755-5c2e-a3be-96349b1f263f,569,FCK,1000,FCM,2,2423.76,5185.96,87,85,111756,V. Claesson,count,defensive_third,defensive_third,central_channel,37.48,-10.81,35.64,-2.61,-37.48,-10.81,-35.64,-2.61,pass,shot,,context event,FCK context event at minute 87.,Executive Match Overview,pitch scatter map,low,false,false,false,false,6485,0,
8cfdb681-32cf-4ebf-81f1-5c0839ec82d5,2442592,a3982685-ff96-5296-89d9-0f716c7be0e2,569,FCK,1000,FCM,2,2423.88,5186.08,87,85,,,count,defensive_third,defensive_third,central_channel,44.63,-2.49,39.42,2.07,-44.63,-2.49,-39.42,2.07,shot,shot,,shot attempt,FCK shot attempt at minute 87.,Chance Creation & Final Third,pitch scatter map,high,false,false,false,false,6486,0,
8cfdb681-32cf-4ebf-81f1-5c0839ec82d5,2442592,85bad3c3-ad29-55ea-8c3a-1cda3f806480,569,FCK,1000,FCM,2,2424.8,5187,87,85,114517,A. Cornelius,count,attacking_third,attacking_third,central_channel,-34.83,12.67,-35.23,11.08,34.83,12.67,35.23,11.08,shot,shot,,shot attempt,FCK shot attempt at minute 87.,Chance Creation & Final Third,pitch scatter map,high,false,false,false,false,6489,0,0.0339
8cfdb681-32cf-4ebf-81f1-5c0839ec82d5,2442592,f11da3e5-2459-5cc3-94ea-ab55cda6c0c9,569,FCK,1000,FCM,2,2425.6,5187.8,87,85,114517,A. Cornelius,count,defensive_third,defensive_third,central_channel,36.03,-0.27,36.85,0.48,-36.03,-0.27,-36.85,0.48,shot,block,,shot attempt,FCK shot attempt at minute 87.,Chance Creation & Final Third,pitch scatter map,high,false,false,false,false,6490,0.0339,0.0339
8cfdb681-32cf-4ebf-81f1-5c0839ec82d5,2442592,a6ea6e49-824a-5b77-a5d5-1b42487aa2a4,569,FCK,1000,FCM,2,2426.32,5188.52,87,85,,,count,attacking_third,attacking_third,central_channel,-35.58,10.56,-38.35,9.36,35.58,10.56,38.35,9.36,loss,,attacking,final-third entry,FCK final-third entry at minute 87.,Defensive Behaviour & Transitions,pitch scatter map,high,false,false,false,false,6492,0,
8cfdb681-32cf-4ebf-81f1-5c0839ec82d5,2442592,b8cf417a-83ed-5163-8f79-e6e17d3ef714,569,FCK,1000,FCM,2,2426.32,5188.52,87,85,114517,A. Cornelius,count,attacking_third,attacking_third,central_channel,-35.58,10.56,-38.35,9.36,35.58,10.56,38.35,9.36,incomplete_pass,incomplete_pass,,final-third entry,FCK final-third entry at minute 87.,Territory & Control,pitch scatter map,medium,false,false,false,false,6493,0,0
8cfdb681-32cf-4ebf-81f1-5c0839ec82d5,2442592,d4c1caa9-8b03-543c-8df7-98fa2d6e0aa9,569,FCK,1000,FCM,2,2427.64,5189.84,87,85,114517,A. Cornelius,count,defensive_third,defensive_third,central_channel,39,2.26,41.5,8.94,-39,2.26,-41.5,8.94,pass,out,,context event,FCK context event at minute 87.,Executive Match Overview,pitch scatter map,low,false,false,false,false,6494,0,
8cfdb681-32cf-4ebf-81f1-5c0839ec82d5,2442592,21039f10-189a-53ad-abe8-56a1f130bb7e,1000,FCM,569,FCK,2,2507.64,5269.84,88,85,,,count,defensive_third,defensive_third,central_channel,-47.07,-3.13,-47.07,-3.13,-47.07,-3.13,-47.07,-3.13,recovery,turnover,goal_kick,ball recovery,FCM ball recovery at minute 88.,Defensive Behaviour & Transitions,pitch scatter map,high,false,false,false,false,6505,0,0
8cfdb681-32cf-4ebf-81f1-5c0839ec82d5,2442592,15c5bbc5-4940-5bb0-8cbd-26b0e2cac925,1000,FCM,569,FCK,2,2507.64,5269.84,88,85,430901,E. Olafsson,count,defensive_third,defensive_third,central_channel,-47.07,-3.13,4.11,-19.1,-47.07,-3.13,4.11,-19.1,pass,interception,,context event,FCM context event at minute 88.,Executive Match Overview,pitch scatter map,medium,false,false,false,false,6506,0.02,
8cfdb681-32cf-4ebf-81f1-5c0839ec82d5,2442592,bd95bca4-f1d6-518e-9632-b3d0f68df173,1000,FCM,569,FCK,2,2507.64,5269.84,88,85,,,count,defensive_third,defensive_third,central_channel,-46.81,8.77,-46.81,8.77,-46.81,8.77,-46.81,8.77,loss,,progression,turnover / loss,FCM turnover / loss at minute 88.,Defensive Behaviour & Transitions,pitch scatter map,high,false,false,false,false,6508,0,
8cfdb681-32cf-4ebf-81f1-5c0839ec82d5,2442592,dc2de302-2ccb-58d1-8f49-c3d612ce7357,569,FCK,1000,FCM,2,2507.64,5269.84,88,85,,,count,attacking_third,attacking_third,central_channel,-46.81,8.77,-46.81,8.77,46.81,8.77,46.81,8.77,start_loc,,organisation,box involvement,FCK box involvement at minute 88.,Chance Creation & Final Third,pitch scatter map,high,true,false,false,false,6511,0,0
8cfdb681-32cf-4ebf-81f1-5c0839ec82d5,2442592,e99319d0-005d-5c68-9045-d42b92f3082c,569,FCK,1000,FCM,2,2511.4,5273.6,88,85,,,count,middle_third,middle_third,right_channel,-9.53,18.42,-36.5,-13.22,9.53,18.42,36.5,-13.22,recovery,turnover,interception,final-third entry,FCK final-third entry at minute 88.,Defensive Behaviour & Transitions,pitch scatter map,high,false,true,false,false,6516,0.05,0
8cfdb681-32cf-4ebf-81f1-5c0839ec82d5,2442592,ffff9677-f0e9-5856-9f8d-4ffd596cc531,569,FCK,1000,FCM,2,2511.4,5273.6,88,85,,,count,middle_third,middle_third,central_channel,12.54,-1.62,-6.55,-0.98,-12.54,-1.62,6.55,-0.98,loss,,counter_attack,turnover / loss,FCK turnover / loss at minute 88.,Defensive Behaviour & Transitions,pitch scatter map,high,false,false,false,false,6517,0,
8cfdb681-32cf-4ebf-81f1-5c0839ec82d5,2442592,e670c249-9064-5a98-babc-4410c837ca59,569,FCK,1000,FCM,2,2511.44,5273.64,88,85,68640,T. Delaney,count,middle_third,middle_third,right_channel,-9.48,18.37,6.34,18.44,9.48,18.37,-6.34,18.44,pass,reception,,context event,FCK context event at minute 88.,Executive Match Overview,pitch scatter map,low,false,false,false,false,6518,0,
8cfdb681-32cf-4ebf-81f1-5c0839ec82d5,2442592,d1f029b7-921d-5195-abfe-c81bbb4ec2cf,569,FCK,1000,FCM,2,2512.44,5274.64,88,85,457214,G. Onugkha,count,middle_third,middle_third,central_channel,-4.1,-1.63,-6.55,-0.98,4.1,-1.63,6.55,-0.98,loss,ball_lost,,turnover / loss,FCK turnover / loss at minute 88.,Defensive Behaviour & Transitions,pitch scatter map,high,false,false,false,false,6522,0,0
8cfdb681-32cf-4ebf-81f1-5c0839ec82d5,2442592,eba4e57c-1f37-5d7f-81d1-f30b51529a81,1000,FCM,569,FCK,2,2514.12,5276.32,88,85,,,count,middle_third,middle_third,central_channel,-6.81,7.15,-6.83,7.04,-6.81,7.15,-6.83,7.04,loss,,interrupt,turnover / loss,FCM turnover / loss at minute 88.,Defensive Behaviour & Transitions,pitch scatter map,high,false,false,false,false,6530,0,
8cfdb681-32cf-4ebf-81f1-5c0839ec82d5,2442592,67e1ea8a-3028-5954-a656-536dd011956f,1000,FCM,569,FCK,2,2514.16,5276.36,88,85,204164,J. Andersson,count,middle_third,middle_third,central_channel,-8.94,-5.67,19.68,-13.89,-8.94,-5.67,19.68,-13.89,pass,interception,,final-third entry,FCM final-third entry at minute 88.,Territory & Control,pitch scatter map,medium,false,true,false,false,6532,0.05,
8cfdb681-32cf-4ebf-81f1-5c0839ec82d5,2442592,0d3d8076-8f86-531d-ab9d-eec42fd9e664,569,FCK,1000,FCM,2,2515.6,5277.8,88,85,,,count,middle_third,middle_third,right_channel,2.05,14.1,-33.59,-16.02,-2.05,14.1,33.59,-16.02,incomplete_pass,incomplete_pass,,final-third entry,FCK final-third entry at minute 88.,Territory & Control,pitch scatter map,medium,false,true,false,false,6534,0.05,
8cfdb681-32cf-4ebf-81f1-5c0839ec82d5,2442592,853f9f0e-493c-59f9-9dbf-3d2bc0bc25e4,569,FCK,1000,FCM,2,2517.24,5279.44,88,85,193228,K. Diks,count,attacking_third,attacking_third,right_channel,-19.64,14.69,-31.91,-2.72,19.64,14.69,31.91,-2.72,pass,reception,,final-third entry,FCK final-third entry at minute 88.,Territory & Control,pitch scatter map,medium,false,false,true,false,6540,0,
8cfdb681-32cf-4ebf-81f1-5c0839ec82d5,2442592,aef64246-8c93-5885-bcce-333d331a6071,569,FCK,1000,FCM,2,2518.48,5280.68,89,85,535944,R. Huescas,count,middle_third,middle_third,central_channel,-17.69,-6.54,-31.46,-26.49,17.69,-6.54,31.46,-26.49,run_start_loc,,,final-third entry,FCK final-third entry at minute 89.,Territory & Control,pitch scatter map,medium,false,true,false,false,6544,0.05,
8cfdb681-32cf-4ebf-81f1-5c0839ec82d5,2442592,291f18f3-2e14-5b1c-a8d8-73db2f61ea85,569,FCK,1000,FCM,2,2523,5285.2,89,85,475413,Gabriel Pereira,count,attacking_third,attacking_third,central_channel,-36.5,-13.22,-2.48,-22.61,36.5,-13.22,2.48,-22.61,pass,interception,,context event,FCK context event at minute 89.,Territory & Control,pitch scatter map,medium,false,false,false,false,6551,0,
8cfdb681-32cf-4ebf-81f1-5c0839ec82d5,2442592,aaf0275a-5bdc-5585-90b9-55af3a63215d,569,FCK,1000,FCM,2,2523.4,5285.6,89,85,,,count,defensive_third,defensive_third,right_channel,33.88,20.81,7.34,25.14,-33.88,20.81,-7.34,25.14,loss,,counter_attack,turnover / loss,FCK turnover / loss at minute 89.,Defensive Behaviour & Transitions,pitch scatter map,high,false,false,false,false,6555,0.02,
8cfdb681-32cf-4ebf-81f1-5c0839ec82d5,2442592,29b74615-af57-5d5c-8832-5904fa650d04,1000,FCM,569,FCK,2,2525.48,5287.68,89,85,204164,J. Andersson,count,middle_third,middle_third,right_channel,-4.02,21.65,5.45,20.66,-4.02,21.65,5.45,20.66,pass,interception,,context event,FCM context event at minute 89.,Executive Match Overview,pitch scatter map,medium,false,false,false,false,6561,0,
8cfdb681-32cf-4ebf-81f1-5c0839ec82d5,2442592,5ece2a97-fc9b-5ab2-a31f-4c1a6b13fe4f,1000,FCM,569,FCK,2,2525.6,5287.8,89,85,,,count,attacking_third,attacking_third,right_channel,25.75,30.13,9.99,28.21,25.75,30.13,9.99,28.21,start_loc,,,context event,FCM context event at minute 89.,Territory & Control,pitch scatter map,low,false,false,false,false,6563,0,
8cfdb681-32cf-4ebf-81f1-5c0839ec82d5,2442592,d2053074-a8e2-58e2-9d54-a0a2e453fe14,1000,FCM,569,FCK,2,2525.6,5287.8,89,85,,,count,attacking_third,attacking_third,right_channel,25.75,30.13,10.12,28.32,25.75,30.13,10.12,28.32,completed_pass,completed_pass,,context event,FCM context event at minute 89.,Territory & Control,pitch scatter map,low,false,false,false,false,6564,0,
8cfdb681-32cf-4ebf-81f1-5c0839ec82d5,2442592,dd2c66d1-d972-5124-80cd-bcefddcb1133,1000,FCM,569,FCK,2,2528.52,5290.72,89,85,,,count,middle_third,middle_third,right_channel,10.98,29.71,27.57,-11.23,10.98,29.71,27.57,-11.23,regain,,regain,final-third entry,FCM final-third entry at minute 89.,Territory & Control,pitch scatter map,medium,false,true,false,false,6572,0.05,
8cfdb681-32cf-4ebf-81f1-5c0839ec82d5,2442592,f94d11ef-ca31-517c-a3f8-76b8b9b154a5,1000,FCM,569,FCK,2,2528.52,5290.72,89,85,,,count,middle_third,middle_third,right_channel,8.04,27.71,-9.44,-17.14,8.04,27.71,-9.44,-17.14,recovery,turnover,recovery,ball recovery,FCM ball recovery at minute 89.,Defensive Behaviour & Transitions,pitch scatter map,high,false,false,false,false,6573,0,0
8cfdb681-32cf-4ebf-81f1-5c0839ec82d5,2442592,8f2ff72d-eabf-5e83-8007-b21886843bd8,1000,FCM,569,FCK,2,2531.2,5293.4,89,85,568423,V. Byskov,count,middle_third,middle_third,right_channel,4.57,34.02,9.98,23.3,4.57,34.02,9.98,23.3,pass,reception,,context event,FCM context event at minute 89.,Executive Match Overview,pitch scatter map,low,false,false,false,false,6575,0,
8cfdb681-32cf-4ebf-81f1-5c0839ec82d5,2442592,05ad4727-3e0e-578c-82cc-5899004fa938,1000,FCM,569,FCK,2,2536.44,5298.64,89,85,553784,D. Castillo,count,middle_third,middle_third,central_channel,13.75,6.35,14.1,-24.99,13.75,6.35,14.1,-24.99,pass,reception,,context event,FCM context event at minute 89.,Executive Match Overview,pitch scatter map,low,false,false,false,false,6584,0,
8cfdb681-32cf-4ebf-81f1-5c0839ec82d5,2442592,49eedc83-8088-56a9-9afd-430653657af8,1000,FCM,569,FCK,2,2538.36,5300.56,89,85,,,count,attacking_third,attacking_third,left_channel,29.86,-19.7,27.65,-31.2,29.86,-19.7,27.65,-31.2,completed_pass,completed_pass,,final-third entry,FCM final-third entry at minute 89.,Territory & Control,pitch scatter map,medium,false,false,false,false,6589,0,
8cfdb681-32cf-4ebf-81f1-5c0839ec82d5,2442592,ef6313fa-0d7e-590c-895b-d1b007a86ac8,1000,FCM,569,FCK,2,2538.52,5300.72,89,85,553784,D. Castillo,count,attacking_third,attacking_third,central_channel,19.38,-3.08,33.71,-21.9,19.38,-3.08,33.71,-21.9,run_start_loc,,,final-third entry,FCM final-third entry at minute 89.,Territory & Control,pitch scatter map,medium,false,false,false,false,6590,0,
8cfdb681-32cf-4ebf-81f1-5c0839ec82d5,2442592,ab96c87c-ed65-5b85-ba2e-cd25f2a18702,1000,FCM,569,FCK,2,2539.04,5301.24,89,85,120721,K. Mbabu,count,middle_third,middle_third,left_channel,14.28,-25.19,24.02,-32.94,14.28,-25.19,24.02,-32.94,pass,reception,,final-third entry,FCM final-third entry at minute 89.,Territory & Control,pitch scatter map,medium,false,true,false,false,6593,0.05,
8cfdb681-32cf-4ebf-81f1-5c0839ec82d5,2442592,59d1155b-4321-5153-9c82-e2d3f28b9197,1000,FCM,569,FCK,2,2540.48,5302.68,89,85,533646,D. Osorio,count,attacking_third,attacking_third,central_channel,27.74,-11.48,10.65,-7.29,27.74,-11.48,10.65,-7.29,backward,backward,,context event,FCM context event at minute 89.,Territory & Control,pitch scatter map,low,false,false,false,false,6594,0,0
8cfdb681-32cf-4ebf-81f1-5c0839ec82d5,2442592,8bd5322f-cf60-547d-bfeb-5576c0a4f3de,1000,FCM,569,FCK,2,2540.52,5302.72,89,85,,,count,attacking_third,attacking_third,left_channel,26.81,-14.07,34.19,-23.2,26.81,-14.07,34.19,-23.2,completed_pass,completed_pass,,final-third entry,FCM final-third entry at minute 89.,Territory & Control,pitch scatter map,medium,false,false,false,false,6596,0,
8cfdb681-32cf-4ebf-81f1-5c0839ec82d5,2442592,8d2295be-5451-58c4-90d5-84ae36579935,1000,FCM,569,FCK,2,2540.92,5303.12,89,85,,,count,attacking_third,attacking_third,central_channel,27.64,-11.21,-7.35,-0.75,27.64,-11.21,-7.35,-0.75,loss,,buildup,turnover / loss,FCM turnover / loss at minute 89.,Defensive Behaviour & Transitions,pitch scatter map,high,false,false,false,false,6597,0,
8cfdb681-32cf-4ebf-81f1-5c0839ec82d5,2442592,e098e253-2dd4-5c8d-9ca8-92802fca7614,1000,FCM,569,FCK,2,2542.64,5304.84,89,85,,,count,attacking_third,attacking_third,left_channel,28.82,-28.49,-2.15,-22.52,28.82,-28.49,-2.15,-22.52,completed_pass,completed_pass,,context event,FCM context event at minute 89.,Territory & Control,pitch scatter map,low,false,false,false,false,6599,0,
8cfdb681-32cf-4ebf-81f1-5c0839ec82d5,2442592,ac0df7ed-7fff-53d7-8a7e-6083406d4c5d,1000,FCM,569,FCK,2,2547.56,5309.76,89,85,533646,D. Osorio,count,middle_third,middle_third,left_channel,7.73,-26.77,-9.52,-17.18,7.73,-26.77,-9.52,-17.18,pass,reception,,context event,FCM context event at minute 89.,Executive Match Overview,pitch scatter map,low,false,false,false,false,6605,0,
8cfdb681-32cf-4ebf-81f1-5c0839ec82d5,2442592,7fc65b6c-c7b9-5373-8a5d-83f5115e7ba9,1000,FCM,569,FCK,2,2550.04,5312.24,89,85,609108,O. Diao,count,middle_third,middle_third,left_channel,-9.44,-17.14,8,5.36,-9.44,-17.14,8,5.36,pass,interception,,context event,FCM context event at minute 89.,Executive Match Overview,pitch scatter map,medium,false,false,false,false,6612,0,
8cfdb681-32cf-4ebf-81f1-5c0839ec82d5,2442592,640bc6e9-6a59-5a02-9b36-ebc8291f8dec,569,FCK,1000,FCM,2,2551.88,5314.08,89,85,,,count,middle_third,middle_third,central_channel,-13.3,-5.82,41.03,4.18,13.3,-5.82,-41.03,4.18,shot,shot,interception,shot attempt,FCK shot attempt at minute 89.,Chance Creation & Final Third,pitch scatter map,high,false,false,false,false,6617,0.0407,0.0407
8cfdb681-32cf-4ebf-81f1-5c0839ec82d5,2442592,6aa16686-144d-5f75-8eb0-1343a57e49a2,569,FCK,1000,FCM,2,2551.88,5314.08,89,85,,,count,middle_third,middle_third,right_channel,16.5,14.85,-46.59,-5.66,-16.5,14.85,46.59,-5.66,counter_attack,,counter_attack,box involvement,FCK box involvement at minute 89.,Chance Creation & Final Third,pitch scatter map,high,true,true,false,false,6619,0.15,
8cfdb681-32cf-4ebf-81f1-5c0839ec82d5,2442592,e3cbd6e8-efe9-53e2-af8d-8afa98a990fe,569,FCK,1000,FCM,2,2551.96,5314.16,89,85,475413,Gabriel Pereira,count,middle_third,middle_third,central_channel,-13.04,-6.2,-0.5,-3.97,13.04,-6.2,0.5,-3.97,pass,reception,,context event,FCK context event at minute 89.,Executive Match Overview,pitch scatter map,low,false,false,false,false,6621,0,
8cfdb681-32cf-4ebf-81f1-5c0839ec82d5,2442592,5c8b14a5-7c82-527d-8948-2581779c4b1e,569,FCK,1000,FCM,2,2554.24,5316.44,89,85,111756,V. Claesson,count,middle_third,middle_third,central_channel,-1.22,-1.57,-11.33,3.72,1.22,-1.57,11.33,3.72,pass,reception,,progressive action,FCK progressive action at minute 89.,Territory & Control,pitch scatter map,medium,false,false,true,false,6628,0,
8cfdb681-32cf-4ebf-81f1-5c0839ec82d5,2442592,5e3bfb39-232e-5485-9ede-066b05657961,569,FCK,1000,FCM,2,2555.68,5317.88,89,85,193228,K. Diks,count,middle_third,middle_third,central_channel,-11.01,4.84,-3.63,23.76,11.01,4.84,3.63,23.76,pass,reception,,context event,FCK context event at minute 89.,Executive Match Overview,pitch scatter map,low,false,false,false,false,6632,0,
8cfdb681-32cf-4ebf-81f1-5c0839ec82d5,2442592,0e8734e3-6e15-54ad-8b36-1c84c242efbc,569,FCK,1000,FCM,2,2557.44,5319.64,89,85,590186,V. Froholdt,count,middle_third,middle_third,central_channel,6.35,-5.24,-23.75,-9.51,-6.35,-5.24,23.75,-9.51,forward,forward,,final-third entry,FCK final-third entry at minute 89.,Territory & Control,pitch scatter map,medium,false,true,false,false,6634,0.05,0
8cfdb681-32cf-4ebf-81f1-5c0839ec82d5,2442592,47ed6892-3132-5df0-a9ff-7fd1a87b34e3,569,FCK,1000,FCM,2,2562.28,5324.48,89,85,590186,V. Froholdt,count,defensive_third,defensive_third,right_channel,25.08,30.04,30.99,24.87,-25.08,30.04,-30.99,24.87,pass,reception,,context event,FCK context event at minute 89.,Executive Match Overview,pitch scatter map,low,false,false,false,false,6643,0,
8cfdb681-32cf-4ebf-81f1-5c0839ec82d5,2442592,62d74c08-7046-5413-ac07-b7bdd9cdbe4d,569,FCK,1000,FCM,2,2563.52,5325.72,89,85,68640,T. Delaney,count,attacking_third,attacking_third,central_channel,-29.95,-6,-30.53,-6.02,29.95,-6,30.53,-6.02,forward,forward,,final-third entry,FCK final-third entry at minute 89.,Territory & Control,pitch scatter map,medium,false,false,false,false,6645,0,0
8cfdb681-32cf-4ebf-81f1-5c0839ec82d5,2442592,2c52f237-4255-52d9-b94d-6216f30d84d9,569,FCK,1000,FCM,2,2563.64,5325.84,89,85,68640,T. Delaney,count,defensive_third,defensive_third,right_channel,31.54,24.91,45.78,24.99,-31.54,24.91,-45.78,24.99,pass,shot,,context event,FCK context event at minute 89.,Executive Match Overview,pitch scatter map,low,false,false,false,false,6648,0,
8cfdb681-32cf-4ebf-81f1-5c0839ec82d5,2442592,a6d531cb-b315-5ffd-a9e3-d404719c5a61,569,FCK,1000,FCM,2,2565.52,5327.72,89,85,590186,V. Froholdt,count,attacking_third,attacking_third,central_channel,-45.46,-6.08,-47.01,-5.51,45.46,-6.08,47.01,-5.51,square,square,,box involvement,FCK box involvement at minute 89.,Chance Creation & Final Third,pitch scatter map,high,true,false,false,false,6658,0,0
8cfdb681-32cf-4ebf-81f1-5c0839ec82d5,2442592,119cb7fd-8d3c-5264-8961-b72f207e17f2,569,FCK,1000,FCM,2,2565.8,5328,89,85,590186,V. Froholdt,count,defensive_third,defensive_third,right_channel,47.26,24.16,44.61,-7.52,-47.26,24.16,-44.61,-7.52,pass,shot,,context event,FCK context event at minute 89.,Executive Match Overview,pitch scatter map,low,false,false,false,false,6661,0,
8cfdb681-32cf-4ebf-81f1-5c0839ec82d5,2442592,4fac4257-7526-58b8-89bd-5da991df61a5,569,FCK,1000,FCM,2,2565.8,5328,89,85,,,count,attacking_third,attacking_third,central_channel,-47.01,-5.51,-40.48,8.05,47.01,-5.51,40.48,8.05,loss,,crossing,box involvement,FCK box involvement at minute 89.,Chance Creation & Final Third,pitch scatter map,high,true,false,false,false,6662,0,
8cfdb681-32cf-4ebf-81f1-5c0839ec82d5,2442592,14e12143-d5ce-5f56-b46e-267eec1edc0e,569,FCK,1000,FCM,2,2567.84,5330.04,89,85,114517,A. Cornelius,count,attacking_third,attacking_third,right_channel,-44.23,16,-44.26,16.1,44.23,16,44.26,16.1,square,square,,box involvement,FCK box involvement at minute 89.,Chance Creation & Final Third,pitch scatter map,high,true,false,false,false,6665,0,0
8cfdb681-32cf-4ebf-81f1-5c0839ec82d5,2442592,63ef059a-9424-590a-92a7-1ab57ec945a1,569,FCK,1000,FCM,2,2567.92,5330.12,89,85,114517,A. Cornelius,count,defensive_third,defensive_third,central_channel,44.64,-7.66,43.97,4.37,-44.64,-7.66,-43.97,4.37,pass,shot,,context event,FCK context event at minute 89.,Executive Match Overview,pitch scatter map,low,false,false,false,false,6667,0,
8cfdb681-32cf-4ebf-81f1-5c0839ec82d5,2442592,be3f8d3f-4fd1-59bb-84c9-7ac6055061c3,569,FCK,1000,FCM,2,2569.24,5331.44,89,85,457214,G. Onugkha,count,attacking_third,attacking_third,central_channel,-43.56,7.93,-40.48,8.05,43.56,7.93,40.48,8.05,shot,shot,,shot attempt,FCK shot attempt at minute 89.,Chance Creation & Final Third,pitch scatter map,high,true,false,false,false,6671,0,0.0407
8cfdb681-32cf-4ebf-81f1-5c0839ec82d5,2442592,61b6c4e0-452d-5236-9cfc-8d327199b157,569,FCK,1000,FCM,2,2570.2,5332.4,89,85,457214,G. Onugkha,count,defensive_third,defensive_third,central_channel,41.03,4.18,52.55,13.51,-41.03,4.18,-52.55,13.51,shot,off_target,,shot attempt,FCK shot attempt at minute 89.,Chance Creation & Final Third,pitch scatter map,high,false,false,false,false,6672,0.0407,0.0407
8cfdb681-32cf-4ebf-81f1-5c0839ec82d5,2442592,10f6ad35-6a2c-5f26-b9b0-2a5541b60c10,1000,FCM,569,FCK,2,2604.04,5366.24,90,85,,,count,defensive_third,defensive_third,central_channel,-46.96,-2.38,1.93,-8.29,-46.96,-2.38,1.93,-8.29,recovery,turnover,goal_kick,ball recovery,FCM ball recovery at minute 90.,Defensive Behaviour & Transitions,pitch scatter map,high,false,false,false,false,6676,0.02,0
8cfdb681-32cf-4ebf-81f1-5c0839ec82d5,2442592,669c0c74-c9b5-550c-b83c-93eb3ac661f7,1000,FCM,569,FCK,2,2604.04,5366.24,90,85,,,count,defensive_third,defensive_third,central_channel,-46.7,9.28,4.58,5.26,-46.7,9.28,4.58,5.26,loss,,progression,turnover / loss,FCM turnover / loss at minute 90.,Defensive Behaviour & Transitions,pitch scatter map,high,false,false,false,false,6677,0.02,
8cfdb681-32cf-4ebf-81f1-5c0839ec82d5,2442592,ffba52bd-167f-5634-b273-47f2e5be2350,1000,FCM,569,FCK,2,2604.04,5366.24,90,85,430901,E. Olafsson,count,defensive_third,defensive_third,central_channel,-46.96,-2.38,10.13,-9.57,-46.96,-2.38,10.13,-9.57,pass,interception,,context event,FCM context event at minute 90.,Executive Match Overview,pitch scatter map,medium,false,false,false,false,6678,0.02,
8cfdb681-32cf-4ebf-81f1-5c0839ec82d5,2442592,e28cf82a-7077-59b1-9f1a-87e4bafbfa72,569,FCK,1000,FCM,2,2604.04,5366.24,90,85,,,count,attacking_third,attacking_third,central_channel,-46.7,9.28,4.58,5.26,46.7,9.28,-4.58,5.26,start_loc,,organisation,box involvement,FCK box involvement at minute 90.,Chance Creation & Final Third,pitch scatter map,high,true,false,false,false,6680,0,0
8cfdb681-32cf-4ebf-81f1-5c0839ec82d5,2442592,968ca2f4-d26b-544b-acdc-02d4be854efe,569,FCK,1000,FCM,2,2607.88,5370.08,90,85,166965,L. Lerager,count,middle_third,middle_third,central_channel,-10.62,9.46,6.54,16.23,10.62,9.46,-6.54,16.23,pass,interception,,context event,FCK context event at minute 90.,Executive Match Overview,pitch scatter map,medium,false,false,false,false,6687,0,
8cfdb681-32cf-4ebf-81f1-5c0839ec82d5,2442592,30b4a9e0-f3a9-5fd7-8c99-6cc1dc61b6b4,569,FCK,1000,FCM,2,2612.48,5374.68,90,85,166965,L. Lerager,count,middle_third,middle_third,right_channel,-2.01,16.54,16.69,12.7,2.01,16.54,-16.69,12.7,pass,interception,,context event,FCK context event at minute 90.,Executive Match Overview,pitch scatter map,medium,false,false,false,false,6694,0,
8cfdb681-32cf-4ebf-81f1-5c0839ec82d5,2442592,1f016ddb-71e6-5b17-8c14-23150896b8aa,1000,FCM,569,FCK,2,2614,5376.2,90,85,609108,O. Diao,count,middle_third,middle_third,left_channel,-18.48,-15.06,-11.6,-14.66,-18.48,-15.06,-11.6,-14.66,pass,interception,,context event,FCM context event at minute 90.,Executive Match Overview,pitch scatter map,medium,false,false,false,false,6702,0,
8cfdb681-32cf-4ebf-81f1-5c0839ec82d5,2442592,4260a087-c527-5b60-9645-693ea2b34777,569,FCK,1000,FCM,2,2615.52,5377.72,90,85,,,count,middle_third,middle_third,right_channel,11.6,17.84,40.84,13.71,-11.6,17.84,-40.84,13.71,shot,turnover,recovery,shot attempt,FCK shot attempt at minute 90.,Chance Creation & Final Third,pitch scatter map,high,false,false,false,false,6708,0.0547,0.0547
8cfdb681-32cf-4ebf-81f1-5c0839ec82d5,2442592,d7d8e7bc-b62f-5538-9ef2-cb56f18bbb55,569,FCK,1000,FCM,2,2616.4,5378.6,90,85,592864,O. Hojer,count,middle_third,middle_third,right_channel,11.28,13.42,16.31,5.77,-11.28,13.42,-16.31,5.77,pass,reception,,context event,FCK context event at minute 90.,Executive Match Overview,pitch scatter map,low,false,false,false,false,6714,0,
8cfdb681-32cf-4ebf-81f1-5c0839ec82d5,2442592,c3a06547-5198-5eef-92cb-071b91695b89,569,FCK,1000,FCM,2,2617.52,5379.72,90,85,111756,V. Claesson,count,middle_third,middle_third,central_channel,16.52,5.09,13.5,1.97,-16.52,5.09,-13.5,1.97,pass,reception,,context event,FCK context event at minute 90.,Executive Match Overview,pitch scatter map,low,false,false,false,false,6720,0,
8cfdb681-32cf-4ebf-81f1-5c0839ec82d5,2442592,430d4b58-3a75-59c0-9b7c-0cc4be6c7bba,569,FCK,1000,FCM,2,2623.12,5385.32,90,85,592864,O. Hojer,count,middle_third,middle_third,central_channel,12.2,-4.33,6.7,4.82,-12.2,-4.33,-6.7,4.82,pass,reception,,context event,FCK context event at minute 90.,Executive Match Overview,pitch scatter map,low,false,false,false,false,6727,0,
8cfdb681-32cf-4ebf-81f1-5c0839ec82d5,2442592,886ff459-d56f-5f0c-8c9f-b3a32dce4be0,569,FCK,1000,FCM,2,2625,5387.2,90,85,193228,K. Diks,count,middle_third,middle_third,central_channel,8.89,6.3,27.45,31.79,-8.89,6.3,-27.45,31.79,pass,reception,,context event,FCK context event at minute 90.,Executive Match Overview,pitch scatter map,low,false,false,false,false,6730,0,
8cfdb681-32cf-4ebf-81f1-5c0839ec82d5,2442592,043e78c0-6bb2-5798-b75f-668701816ff0,569,FCK,1000,FCM,2,2626.72,5388.92,90,85,,,count,attacking_third,attacking_third,central_channel,-20.96,-6,-30.79,31.19,20.96,-6,30.79,31.19,attacking,,attacking,final-third entry,FCK final-third entry at minute 90.,Territory & Control,pitch scatter map,medium,false,false,false,false,6735,0,
8cfdb681-32cf-4ebf-81f1-5c0839ec82d5,2442592,79236719-98f4-5460-ba80-8bbf2df8f6e6,569,FCK,1000,FCM,2,2627.36,5389.56,90,85,590186,V. Froholdt,count,attacking_third,attacking_third,central_channel,-26.24,-10.7,-23.37,-10.47,26.24,-10.7,23.37,-10.47,backward,backward,,final-third entry,FCK final-third entry at minute 90.,Territory & Control,pitch scatter map,medium,false,false,false,false,6736,0,0
8cfdb681-32cf-4ebf-81f1-5c0839ec82d5,2442592,9157a721-0cd3-5ac3-b746-1f75ef7a7540,569,FCK,1000,FCM,2,2628.28,5390.48,90,85,590186,V. Froholdt,count,defensive_third,defensive_third,right_channel,24.72,31.45,16.06,26.47,-24.72,31.45,-16.06,26.47,pass,reception,,context event,FCK context event at minute 90.,Executive Match Overview,pitch scatter map,low,false,false,false,false,6739,0.02,
8cfdb681-32cf-4ebf-81f1-5c0839ec82d5,2442592,e00f74d5-7f69-521c-a337-f7b95eef0643,569,FCK,1000,FCM,2,2629.92,5392.12,90,85,68640,T. Delaney,count,middle_third,middle_third,right_channel,16.06,26.79,19.6,18.08,-16.06,26.79,-19.6,18.08,pass,reception,,context event,FCK context event at minute 90.,Executive Match Overview,pitch scatter map,low,false,false,false,false,6745,0,
8cfdb681-32cf-4ebf-81f1-5c0839ec82d5,2442592,d70abd0e-9aab-5e3a-961d-00b273e9fc01,569,FCK,1000,FCM,2,2630.68,5392.88,90,85,592864,O. Hojer,count,middle_third,middle_third,central_channel,-18.01,-1.39,-19.04,-0.69,18.01,-1.39,19.04,-0.69,forward,forward,,final-third entry,FCK final-third entry at minute 90.,Territory & Control,pitch scatter map,medium,false,true,false,false,6747,0.05,0
8cfdb681-32cf-4ebf-81f1-5c0839ec82d5,2442592,12544926-7f0f-538c-9a4c-08f396be7f9b,569,FCK,1000,FCM,2,2632.28,5394.48,90,85,592864,O. Hojer,count,defensive_third,defensive_third,right_channel,20.59,17.05,27.52,13.06,-20.59,17.05,-27.52,13.06,pass,reception,,context event,FCK context event at minute 90.,Executive Match Overview,pitch scatter map,low,false,false,false,false,6751,0,
8cfdb681-32cf-4ebf-81f1-5c0839ec82d5,2442592,f26b4dbc-ce80-542c-b08c-635862778121,569,FCK,1000,FCM,2,2632.96,5395.16,90,85,111756,V. Claesson,count,attacking_third,attacking_third,central_channel,-26.31,2.02,-24.51,2.08,26.31,2.02,24.51,2.08,square,square,,final-third entry,FCK final-third entry at minute 90.,Territory & Control,pitch scatter map,medium,false,false,false,false,6754,0,0
8cfdb681-32cf-4ebf-81f1-5c0839ec82d5,2442592,614246ab-0c99-5b37-8e65-303fcd3faa2f,569,FCK,1000,FCM,2,2634.48,5396.68,90,85,111756,V. Claesson,count,defensive_third,defensive_third,central_channel,25.8,12.98,23.1,0.57,-25.8,12.98,-23.1,0.57,pass,reception,,context event,FCK context event at minute 90.,Executive Match Overview,pitch scatter map,low,false,false,false,false,6755,0,
8cfdb681-32cf-4ebf-81f1-5c0839ec82d5,2442592,e9537f54-98bc-5443-9358-6f14a5054d2f,569,FCK,1000,FCM,2,2635.24,5397.44,90,85,166965,L. Lerager,count,attacking_third,attacking_third,central_channel,-21.68,10.51,-21.47,12.5,21.68,10.51,21.47,12.5,diagonal,diagonal,,final-third entry,FCK final-third entry at minute 90.,Territory & Control,pitch scatter map,medium,false,false,false,false,6758,0,0
8cfdb681-32cf-4ebf-81f1-5c0839ec82d5,2442592,68e21a88-542e-514b-924f-814d8ca53ad6,569,FCK,1000,FCM,2,2636.28,5398.48,90,85,166965,L. Lerager,count,defensive_third,defensive_third,central_channel,22.9,-2.36,36.42,-25.93,-22.9,-2.36,-36.42,-25.93,pass,reception,,context event,FCK context event at minute 90.,Executive Match Overview,pitch scatter map,low,false,false,false,false,6759,0,
8cfdb681-32cf-4ebf-81f1-5c0839ec82d5,2442592,463a363b-c2c8-588b-b0ff-7574bd987739,569,FCK,1000,FCM,2,2638.28,5400.48,91,90,535944,R. Huescas,count,attacking_third,attacking_third,right_channel,-35.64,28.5,-32.03,27.17,35.64,28.5,32.03,27.17,backward,backward,,final-third entry,FCK final-third entry at minute 91.,Territory & Control,pitch scatter map,medium,false,false,false,false,6763,0,0
8cfdb681-32cf-4ebf-81f1-5c0839ec82d5,2442592,2e28a3c6-71eb-5f71-8a2e-df77f759a725,569,FCK,1000,FCM,2,2640.64,5402.84,91,90,,,count,defensive_third,defensive_third,left_channel,35.77,-23.48,20.52,-23.02,-35.77,-23.48,-20.52,-23.02,completed_pass,completed_pass,,progressive action,FCK progressive action at minute 91.,Territory & Control,pitch scatter map,medium,false,false,true,false,6766,0,
8cfdb681-32cf-4ebf-81f1-5c0839ec82d5,2442592,d853b915-6215-5726-95ae-19a7ea87cad4,569,FCK,1000,FCM,2,2641,5403.2,91,90,535944,R. Huescas,count,defensive_third,defensive_third,left_channel,32.97,-23.97,19.33,-19.84,-32.97,-23.97,-19.33,-19.84,pass,shot,,progressive action,FCK progressive action at minute 91.,Territory & Control,pitch scatter map,medium,false,false,true,false,6767,0,
8cfdb681-32cf-4ebf-81f1-5c0839ec82d5,2442592,7476bf83-143e-544b-920a-061196a0886a,569,FCK,1000,FCM,2,2642.68,5404.88,91,90,475413,Gabriel Pereira,count,defensive_third,defensive_third,left_channel,19.1,-20.07,30.18,-30.74,-19.1,-20.07,-30.18,-30.74,pass,shot,,context event,FCK context event at minute 91.,Executive Match Overview,pitch scatter map,low,false,false,false,false,6772,0,
8cfdb681-32cf-4ebf-81f1-5c0839ec82d5,2442592,932d75ce-420b-5f76-8639-34a10457d911,569,FCK,1000,FCM,2,2643.88,5406.08,91,90,535944,R. Huescas,count,attacking_third,attacking_third,right_channel,-29.1,31.77,-30.87,31.15,29.1,31.77,30.87,31.15,diagonal,diagonal,,final-third entry,FCK final-third entry at minute 91.,Territory & Control,pitch scatter map,medium,false,false,false,false,6775,0,0
8cfdb681-32cf-4ebf-81f1-5c0839ec82d5,2442592,af555f78-fda5-570b-b22b-d6fa54612ea3,569,FCK,1000,FCM,2,2645.6,5407.8,91,90,535944,R. Huescas,count,defensive_third,defensive_third,left_channel,31.87,-29.83,43.18,-4.26,-31.87,-29.83,-43.18,-4.26,pass,shot,,context event,FCK context event at minute 91.,Executive Match Overview,pitch scatter map,low,false,false,false,false,6777,0,
8cfdb681-32cf-4ebf-81f1-5c0839ec82d5,2442592,fb22a768-c83d-5444-8406-de12f9d33826,569,FCK,1000,FCM,2,2645.6,5407.8,91,90,,,count,attacking_third,attacking_third,right_channel,-30.87,31.15,-42.82,13.82,30.87,31.15,42.82,13.82,crossing,,crossing,box involvement,FCK box involvement at minute 91.,Chance Creation & Final Third,pitch scatter map,high,true,false,false,false,6778,0.1,
8cfdb681-32cf-4ebf-81f1-5c0839ec82d5,2442592,074d50b5-8ac7-552e-8f4a-dfde54c97311,569,FCK,1000,FCM,2,2646.96,5409.16,91,90,457214,G. Onugkha,count,attacking_third,attacking_third,right_channel,-42.73,13.79,-42.82,13.82,42.73,13.79,42.82,13.82,shot,shot,,shot attempt,FCK shot attempt at minute 91.,Chance Creation & Final Third,pitch scatter map,high,true,false,false,false,6779,0,0.0547
8cfdb681-32cf-4ebf-81f1-5c0839ec82d5,2442592,58eaca66-b9f9-5d82-87dd-3d7364e76259,569,FCK,1000,FCM,2,2647,5409.2,91,90,457214,G. Onugkha,count,defensive_third,defensive_third,central_channel,43.26,-4.31,47.46,12.83,-43.26,-4.31,-47.46,12.83,shot,off_target,,shot attempt,FCK shot attempt at minute 91.,Chance Creation & Final Third,pitch scatter map,high,false,false,false,false,6781,0.0547,0.0547
8cfdb681-32cf-4ebf-81f1-5c0839ec82d5,2442592,14ee5ea3-5997-58e2-abe7-bdc1cb9d95ed,569,FCK,1000,FCM,2,2651.08,5413.28,91,90,,,count,attacking_third,attacking_third,central_channel,-47.87,-6.55,-40.28,1.58,47.87,-6.55,40.28,1.58,loss,,attacking,box involvement,FCK box involvement at minute 91.,Chance Creation & Final Third,pitch scatter map,high,true,false,false,false,6786,0,
8cfdb681-32cf-4ebf-81f1-5c0839ec82d5,2442592,567495a2-9d29-5a47-8b57-1e07afcb5be9,1000,FCM,569,FCK,2,2651.24,5413.44,91,90,533646,D. Osorio,count,defensive_third,defensive_third,left_channel,-48.46,-26.44,-42.14,-24.31,-48.46,-26.44,-42.14,-24.31,pass,interception,,context event,FCM context event at minute 91.,Executive Match Overview,pitch scatter map,medium,false,false,false,false,6789,0,
8cfdb681-32cf-4ebf-81f1-5c0839ec82d5,2442592,567495a2-9d29-5a47-8b57-1e07afcb5be9,1000,FCM,569,FCK,2,2651.24,5413.44,91,90,533646,D. Osorio,count,defensive_third,defensive_third,left_channel,-48.46,-26.44,-42.14,-24.31,-48.46,-26.44,-42.14,-24.31,pass,interception,,context event,FCM context event at minute 91.,Executive Match Overview,pitch scatter map,medium,false,false,false,false,6790,0,
8cfdb681-32cf-4ebf-81f1-5c0839ec82d5,2442592,cb51b26b-4c0d-5e6b-a15c-17367178e678,569,FCK,1000,FCM,2,2653.08,5415.28,91,90,590186,V. Froholdt,count,attacking_third,attacking_third,central_channel,-46.77,-5.68,-46.62,-3.71,46.77,-5.68,46.62,-3.71,backward,backward,,box involvement,FCK box involvement at minute 91.,Chance Creation & Final Third,pitch scatter map,high,true,false,false,false,6792,0,0
8cfdb681-32cf-4ebf-81f1-5c0839ec82d5,2442592,8d147fad-b627-57ee-8e9e-70ac65e66575,569,FCK,1000,FCM,2,2653.68,5415.88,91,90,590186,V. Froholdt,count,defensive_third,defensive_third,right_channel,46.89,21.51,39.7,15.9,-46.89,21.51,-39.7,15.9,pass,reception,,context event,FCK context event at minute 91.,Executive Match Overview,pitch scatter map,low,false,false,false,false,6795,0,
8cfdb681-32cf-4ebf-81f1-5c0839ec82d5,2442592,775956c1-1ac2-568b-a9f3-3c11a0090d6b,569,FCK,1000,FCM,2,2654.6,5416.8,91,90,,,count,defensive_third,defensive_third,right_channel,46.24,15.48,43.36,15.36,-46.24,15.48,-43.36,15.36,loss,lost_ball,,turnover / loss,FCK turnover / loss at minute 91.,Defensive Behaviour & Transitions,pitch scatter map,high,false,false,false,false,6797,0,
8cfdb681-32cf-4ebf-81f1-5c0839ec82d5,2442592,7f662eae-090e-5dbe-822f-6a77e471299f,569,FCK,1000,FCM,2,2654.68,5416.88,91,90,592864,O. Hojer,count,attacking_third,attacking_third,central_channel,-39.08,0.1,-40.28,1.58,39.08,0.1,40.28,1.58,loss,ball_lost,,box involvement,FCK box involvement at minute 91.,Chance Creation & Final Third,pitch scatter map,high,true,false,false,false,6799,0.1,0
8cfdb681-32cf-4ebf-81f1-5c0839ec82d5,2442592,3b952f64-e6de-5ce0-8815-58da4a69462f,1000,FCM,569,FCK,2,2657.68,5419.88,91,90,,,count,defensive_third,defensive_third,left_channel,-45.17,-18.54,-19.58,-23.01,-45.17,-18.54,-19.58,-23.01,recovery,turnover,tackle,ball recovery,FCM ball recovery at minute 91.,Defensive Behaviour & Transitions,pitch scatter map,high,false,false,false,false,6808,0,0
8cfdb681-32cf-4ebf-81f1-5c0839ec82d5,2442592,5e18cb49-06e5-5c6c-8c38-61aac0a5c727,569,FCK,1000,FCM,2,2657.68,5419.88,91,90,,,count,attacking_third,attacking_third,central_channel,-44.82,-1.7,-17.98,-4.73,44.82,-1.7,17.98,-4.73,start_loc,,transition,box involvement,FCK box involvement at minute 91.,Chance Creation & Final Third,pitch scatter map,high,true,false,false,false,6809,0,0
8cfdb681-32cf-4ebf-81f1-5c0839ec82d5,2442592,a5830779-77e1-5dd6-b3c5-5b24cf7c722c,1000,FCM,569,FCK,2,2657.68,5419.88,91,90,,,count,defensive_third,defensive_third,central_channel,-44.82,-1.7,-17.98,-4.73,-44.82,-1.7,-17.98,-4.73,loss,,counter_attack,turnover / loss,FCM turnover / loss at minute 91.,Defensive Behaviour & Transitions,pitch scatter map,high,false,false,false,false,6810,0.02,
8cfdb681-32cf-4ebf-81f1-5c0839ec82d5,2442592,83398a25-83a2-5f98-84d1-f551ae6e77b2,1000,FCM,569,FCK,2,2657.88,5420.08,91,90,494784,Oliver Sorensen,count,defensive_third,defensive_third,left_channel,-45.58,-19.42,-38.28,-31.67,-45.58,-19.42,-38.28,-31.67,pass,reception,,context event,FCM context event at minute 91.,Executive Match Overview,pitch scatter map,low,false,false,false,false,6811,0,
8cfdb681-32cf-4ebf-81f1-5c0839ec82d5,2442592,0c5c88d4-c35d-5d67-a485-d22f0f92b97a,1000,FCM,569,FCK,2,2663.56,5425.76,91,90,533646,D. Osorio,count,defensive_third,defensive_third,left_channel,-19.58,-23.01,16.35,2.1,-19.58,-23.01,16.35,2.1,pass,interception,,context event,FCM context event at minute 91.,Executive Match Overview,pitch scatter map,medium,false,false,false,false,6829,0.02,
8cfdb681-32cf-4ebf-81f1-5c0839ec82d5,2442592,1520a454-cf4e-5219-82f9-d069bed42d26,1000,FCM,569,FCK,2,2667.28,5429.48,91,90,,,count,attacking_third,attacking_third,right_channel,42.02,16.68,40.46,16.45,42.02,16.68,40.46,16.45,start_loc,,transition,box involvement,FCM box involvement at minute 91.,Chance Creation & Final Third,pitch scatter map,high,true,false,false,false,6837,0,0
8cfdb681-32cf-4ebf-81f1-5c0839ec82d5,2442592,1665194c-81cc-55b8-ab99-6dc5a2760a6a,569,FCK,1000,FCM,2,2667.28,5429.48,91,90,,,count,attacking_third,attacking_third,central_channel,-37.64,-8.52,46.23,-19.42,37.64,-8.52,-46.23,-19.42,recovery,turnover,interception,ball recovery,FCK ball recovery at minute 91.,Defensive Behaviour & Transitions,pitch scatter map,high,false,false,false,false,6838,0,0
8cfdb681-32cf-4ebf-81f1-5c0839ec82d5,2442592,306477d8-e457-59da-8f8b-663df5119a3e,1000,FCM,569,FCK,2,2669.28,5431.48,91,90,,,count,attacking_third,attacking_third,right_channel,40.4,16.4,-45.93,24.08,40.4,16.4,-45.93,24.08,start_loc,,organisation,box involvement,FCM box involvement at minute 91.,Chance Creation & Final Third,pitch scatter map,high,true,false,false,false,6842,0,0
8cfdb681-32cf-4ebf-81f1-5c0839ec82d5,2442592,dc6a8d10-d859-531d-9947-ac19a9593699,569,FCK,1000,FCM,2,2670,5432.2,91,90,232398,N. Trott,count,attacking_third,attacking_third,central_channel,-35.34,-6.42,-20.91,16.97,35.34,-6.42,20.91,16.97,pass,reception,,final-third entry,FCK final-third entry at minute 91.,Territory & Control,pitch scatter map,medium,false,false,false,false,6844,0,
8cfdb681-32cf-4ebf-81f1-5c0839ec82d5,2442592,385f3218-daec-5033-bf05-44e24c10771b,569,FCK,1000,FCM,2,2672.64,5434.84,91,90,193228,K. Diks,count,attacking_third,attacking_third,right_channel,-19.65,17.68,-0.28,28.69,19.65,17.68,0.28,28.69,pass,reception,,context event,FCK context event at minute 91.,Territory & Control,pitch scatter map,low,false,false,false,false,6847,0,
8cfdb681-32cf-4ebf-81f1-5c0839ec82d5,2442592,bfd85f71-cac8-5621-bbfc-125721f5ac59,569,FCK,1000,FCM,2,2672.64,5434.84,91,90,,,count,middle_third,middle_third,right_channel,6.9,17.81,-5.19,26.57,-6.9,17.81,5.19,26.57,completed_pass,completed_pass,,progressive action,FCK progressive action at minute 91.,Territory & Control,pitch scatter map,medium,false,false,true,false,6848,0,
8cfdb681-32cf-4ebf-81f1-5c0839ec82d5,2442592,aeeb1a10-6fde-591a-a52b-477c0d38fdd2,569,FCK,1000,FCM,2,2675.12,5437.32,91,90,592864,O. Hojer,count,middle_third,middle_third,right_channel,-3.67,27.95,-18.46,19.14,3.67,27.95,18.46,19.14,pass,reception,,progressive action,FCK progressive action at minute 91.,Territory & Control,pitch scatter map,medium,false,false,true,false,6852,0,
8cfdb681-32cf-4ebf-81f1-5c0839ec82d5,2442592,38c1e262-0c61-532d-b0ee-0b79eec4eac1,569,FCK,1000,FCM,2,2679.8,5442,91,90,193228,K. Diks,count,middle_third,middle_third,central_channel,-14.09,13.3,-7.36,25.79,14.09,13.3,7.36,25.79,pass,reception,,context event,FCK context event at minute 91.,Executive Match Overview,pitch scatter map,low,false,false,false,false,6855,0,
8cfdb681-32cf-4ebf-81f1-5c0839ec82d5,2442592,485648da-78da-5bee-8784-66ea4fb5a50b,569,FCK,1000,FCM,2,2681.6,5443.8,91,90,592864,O. Hojer,count,middle_third,middle_third,right_channel,-6.75,26.38,8.36,32.09,6.75,26.38,-8.36,32.09,pass,reception,,context event,FCK context event at minute 91.,Executive Match Overview,pitch scatter map,low,false,false,false,false,6860,0,
8cfdb681-32cf-4ebf-81f1-5c0839ec82d5,2442592,f9e5e9a8-edb5-57dc-aae3-511424e37031,569,FCK,1000,FCM,2,2682.28,5444.48,91,90,,,count,middle_third,middle_third,central_channel,9.63,-7.02,-45.93,24.08,-9.63,-7.02,45.93,24.08,loss,,progression,final-third entry,FCK final-third entry at minute 91.,Defensive Behaviour & Transitions,pitch scatter map,high,false,true,false,false,6863,0.05,
8cfdb681-32cf-4ebf-81f1-5c0839ec82d5,2442592,9d94428b-2d09-5370-8833-459c1b7c9236,569,FCK,1000,FCM,2,2682.8,5445,91,90,590186,V. Froholdt,count,middle_third,middle_third,right_channel,8.23,32.09,14.58,13.76,-8.23,32.09,-14.58,13.76,pass,interception,,context event,FCK context event at minute 91.,Executive Match Overview,pitch scatter map,medium,false,false,false,false,6867,0,
8cfdb681-32cf-4ebf-81f1-5c0839ec82d5,2442592,e09a08b9-9507-5acd-a9ef-0de590e2f0c2,1000,FCM,569,FCK,2,2686,5448.2,91,90,474838,E. Martinez,count,middle_third,middle_third,left_channel,-11.49,-18.83,-18.62,-21.07,-11.49,-18.83,-18.62,-21.07,pass,interception,,context event,FCM context event at minute 91.,Executive Match Overview,pitch scatter map,medium,false,false,false,false,6880,0,
8cfdb681-32cf-4ebf-81f1-5c0839ec82d5,2442592,e8ba9991-2f13-5c70-9939-22d200a71f4c,569,FCK,1000,FCM,2,2688.68,5450.88,91,90,111756,V. Claesson,count,middle_third,middle_third,right_channel,17.24,13.47,37.13,-19.97,-17.24,13.47,-37.13,-19.97,pass,reception,,context event,FCK context event at minute 91.,Executive Match Overview,pitch scatter map,low,false,false,false,false,6888,0,
8cfdb681-32cf-4ebf-81f1-5c0839ec82d5,2442592,961d608c-de79-53f4-8d43-cd803eb2a185,569,FCK,1000,FCM,2,2691.36,5453.56,91,90,535944,R. Huescas,count,attacking_third,attacking_third,right_channel,-36.39,24.46,-36.52,24.44,36.39,24.46,36.52,24.44,square,square,,final-third entry,FCK final-third entry at minute 91.,Territory & Control,pitch scatter map,medium,false,false,false,false,6898,0,0
8cfdb681-32cf-4ebf-81f1-5c0839ec82d5,2442592,08e18735-825e-5488-9b21-9b50809e194b,569,FCK,1000,FCM,2,2691.4,5453.6,91,90,535944,R. Huescas,count,defensive_third,defensive_third,left_channel,37.26,-19.95,27.28,18.32,-37.26,-19.95,-27.28,18.32,pass,reception,,context event,FCK context event at minute 91.,Executive Match Overview,pitch scatter map,low,false,false,false,false,6900,0,
8cfdb681-32cf-4ebf-81f1-5c0839ec82d5,2442592,fd9515cb-659b-5873-8043-73966b45a3ed,569,FCK,1000,FCM,2,2691.48,5453.68,91,90,535944,R. Huescas,count,attacking_third,attacking_third,right_channel,-36.79,24.42,-45.93,24.08,36.79,24.42,45.93,24.08,loss,ball_lost,,final-third entry,FCK final-third entry at minute 91.,Defensive Behaviour & Transitions,pitch scatter map,high,false,false,false,false,6902,0,0
8cfdb681-32cf-4ebf-81f1-5c0839ec82d5,2442592,13d24246-95ff-5ed9-b77c-309901d7d951,1000,FCM,569,FCK,2,2694,5456.2,91,90,,,count,defensive_third,defensive_third,right_channel,-47.03,16.95,-16.8,13.75,-47.03,16.95,-16.8,13.75,recovery,foul,tackle,ball recovery,FCM ball recovery at minute 91.,Defensive Behaviour & Transitions,pitch scatter map,medium,false,false,false,false,6904,0.02,0
8cfdb681-32cf-4ebf-81f1-5c0839ec82d5,2442592,7bc962bc-bdaf-5719-8be1-350287941624,569,FCK,1000,FCM,2,2694,5456.2,91,90,,,count,attacking_third,attacking_third,right_channel,-46.77,22.41,-15.07,20.23,46.77,22.41,15.07,20.23,start_loc,,transition,context event,FCK context event at minute 91.,Territory & Control,pitch scatter map,low,false,false,false,false,6907,0,0
8cfdb681-32cf-4ebf-81f1-5c0839ec82d5,2442592,116f8868-5a33-5bc3-8c54-d30f114808be,1000,FCM,569,FCK,2,2701.44,5463.64,92,90,204164,J. Andersson,count,defensive_third,defensive_third,right_channel,-46.07,25.31,-16.7,13.57,-46.07,25.31,-16.7,13.57,pass,reception,,progressive action,FCM progressive action at minute 92.,Territory & Control,pitch scatter map,medium,false,false,true,false,6916,0.02,
8cfdb681-32cf-4ebf-81f1-5c0839ec82d5,2442592,5627b893-db0e-5814-8403-db8865f2604a,1000,FCM,569,FCK,2,2704.28,5466.48,92,90,423651,E. Chilufya,count,middle_third,middle_third,right_channel,-16.92,13.61,-16.8,17.06,-16.92,13.61,-16.8,17.06,pass,other,,context event,FCM context event at minute 92.,Executive Match Overview,pitch scatter map,low,false,false,false,false,6923,0,
8cfdb681-32cf-4ebf-81f1-5c0839ec82d5,2442592,6b481df1-eec2-5922-856f-96e308731a5e,1000,FCM,569,FCK,2,2748.44,5510.64,92,90,120721,K. Mbabu,count,middle_third,middle_third,left_channel,5.27,-21.06,22.11,-23.82,5.27,-21.06,22.11,-23.82,run_start_loc,,,final-third entry,FCM final-third entry at minute 92.,Territory & Control,pitch scatter map,medium,false,true,false,false,6935,0.05,
8cfdb681-32cf-4ebf-81f1-5c0839ec82d5,2442592,94ff6030-06ea-5d44-9b42-4ed054985e1a,1000,FCM,569,FCK,2,2749.64,5511.84,92,90,228044,M. Bech,count,middle_third,middle_third,right_channel,-12.16,19.23,24.18,-15.86,-12.16,19.23,24.18,-15.86,pass,other,,final-third entry,FCM final-third entry at minute 92.,Territory & Control,pitch scatter map,medium,false,true,false,false,6938,0.05,
8cfdb681-32cf-4ebf-81f1-5c0839ec82d5,2442592,72554eb8-483a-5eca-a858-eaa5709609a5,1000,FCM,569,FCK,2,2750.64,5512.84,92,90,,,count,middle_third,middle_third,right_channel,-10.2,23.95,1.91,15.14,-10.2,23.95,1.91,15.14,loss,,progression,turnover / loss,FCM turnover / loss at minute 92.,Defensive Behaviour & Transitions,pitch scatter map,high,false,false,false,false,6941,0,
8cfdb681-32cf-4ebf-81f1-5c0839ec82d5,2442592,021ab10f-5ba3-5b8f-9391-d8c38c10de45,1000,FCM,569,FCK,2,2751.48,5513.68,92,90,,,count,middle_third,middle_third,central_channel,12.72,-12.57,24.04,-18.69,12.72,-12.57,24.04,-18.69,start_loc,,,final-third entry,FCM final-third entry at minute 92.,Territory & Control,pitch scatter map,medium,false,true,false,false,6942,0.05,
8cfdb681-32cf-4ebf-81f1-5c0839ec82d5,2442592,3d3d409d-cd05-5eac-bc3f-ed58ca22011a,1000,FCM,569,FCK,2,2752.84,5515.04,92,90,423651,E. Chilufya,count,attacking_third,attacking_third,central_channel,23.8,1.43,27.67,-9.16,23.8,1.43,27.67,-9.16,run_start_loc,,,final-third entry,FCM final-third entry at minute 92.,Territory & Control,pitch scatter map,medium,false,false,false,false,6943,0,
8cfdb681-32cf-4ebf-81f1-5c0839ec82d5,2442592,52b65f33-cfcd-5d13-b358-aecb59fe833c,569,FCK,1000,FCM,2,2765.92,5528.12,93,90,193228,K. Diks,count,attacking_third,attacking_third,right_channel,-20.5,17.43,-22.09,-3.18,20.5,17.43,22.09,-3.18,pass,reception,,final-third entry,FCK final-third entry at minute 93.,Territory & Control,pitch scatter map,medium,false,false,false,false,6954,0,
8cfdb681-32cf-4ebf-81f1-5c0839ec82d5,2442592,64a1ff4e-d7c1-5ebe-9d96-5de13dea4188,569,FCK,1000,FCM,2,2765.92,5528.12,93,90,,,count,attacking_third,attacking_third,right_channel,-20.5,17.43,25.47,8.69,20.5,17.43,-25.47,8.69,out,out,free_kick,context event,FCK context event at minute 93.,Territory & Control,pitch scatter map,low,false,false,false,false,6955,0,0
8cfdb681-32cf-4ebf-81f1-5c0839ec82d5,2442592,c94901a8-76d3-5a98-bbf9-4b2dd6e31e6e,1000,FCM,569,FCK,2,2765.92,5528.12,93,90,,,count,attacking_third,attacking_third,central_channel,24.05,-0.94,-24.16,4.99,24.05,-0.94,-24.16,4.99,start_loc,,organisation,context event,FCM context event at minute 93.,Territory & Control,pitch scatter map,low,false,false,false,false,6956,0,0
8cfdb681-32cf-4ebf-81f1-5c0839ec82d5,2442592,4a224433-5eab-58d9-ad3b-b093518a16be,569,FCK,1000,FCM,2,2772.92,5535.12,93,90,,,count,middle_third,middle_third,right_channel,7.47,20.67,-24.16,4.99,-7.47,20.67,24.16,4.99,loss,,progression,final-third entry,FCK final-third entry at minute 93.,Defensive Behaviour & Transitions,pitch scatter map,high,false,true,false,false,6964,0.05,
8cfdb681-32cf-4ebf-81f1-5c0839ec82d5,2442592,817f86d0-129b-57be-8667-2bc6fdceb7a8,569,FCK,1000,FCM,2,2773,5535.2,93,90,475413,Gabriel Pereira,count,middle_third,middle_third,left_channel,-4.53,-14.32,30.88,12.75,4.53,-14.32,-30.88,12.75,pass,interception,,context event,FCK context event at minute 93.,Executive Match Overview,pitch scatter map,medium,false,false,false,false,6965,0,
8cfdb681-32cf-4ebf-81f1-5c0839ec82d5,2442592,86eab6b6-dd7e-5ac3-82a2-0366abc0002d,1000,FCM,569,FCK,2,2775.72,5537.92,93,90,,,count,defensive_third,defensive_third,central_channel,-30.23,1.98,-30.6,1.76,-30.23,1.98,-30.6,1.76,loss,,interrupt,turnover / loss,FCM turnover / loss at minute 93.,Defensive Behaviour & Transitions,pitch scatter map,high,false,false,false,false,6975,0,
8cfdb681-32cf-4ebf-81f1-5c0839ec82d5,2442592,eed79f1b-292f-5cbc-8ddc-fe0c0d822d30,569,FCK,1000,FCM,2,2777.92,5540.12,93,90,,,count,attacking_third,attacking_third,central_channel,-31.83,-9.56,-31.83,-9.56,31.83,-9.56,31.83,-9.56,attacking,,attacking,final-third entry,FCK final-third entry at minute 93.,Territory & Control,pitch scatter map,medium,false,false,false,false,6979,0,
8cfdb681-32cf-4ebf-81f1-5c0839ec82d5,2442592,374fbe5f-ba80-5483-900b-9ddb6754028b,569,FCK,1000,FCM,2,2780.96,5543.16,93,90,,,count,defensive_third,defensive_third,right_channel,33.07,34.25,35.62,-0.95,-33.07,34.25,-35.62,-0.95,shot,shot,throw_in,shot attempt,FCK shot attempt at minute 93.,Chance Creation & Final Third,pitch scatter map,high,false,false,false,false,6982,0.0686,0.0686
8cfdb681-32cf-4ebf-81f1-5c0839ec82d5,2442592,740dc56c-d0d9-5a39-8ebb-416620daf02f,569,FCK,1000,FCM,2,2780.96,5543.16,93,90,,,count,attacking_third,attacking_third,central_channel,-32.13,-12.37,-43.14,-4.12,32.13,-12.37,43.14,-4.12,attacking,,attacking,box involvement,FCK box involvement at minute 93.,Chance Creation & Final Third,pitch scatter map,high,true,false,false,false,6984,0.1,
8cfdb681-32cf-4ebf-81f1-5c0839ec82d5,2442592,783f85c6-940e-537e-9a5d-e1b371658390,569,FCK,1000,FCM,2,2780.96,5543.16,93,90,590186,V. Froholdt,count,defensive_third,defensive_third,right_channel,33.07,34.25,25.33,28.1,-33.07,34.25,-25.33,28.1,pass,reception,,context event,FCK context event at minute 93.,Executive Match Overview,pitch scatter map,low,false,false,false,false,6985,0,
8cfdb681-32cf-4ebf-81f1-5c0839ec82d5,2442592,e2609b4d-d631-57ee-aec6-f71d6d03ac60,569,FCK,1000,FCM,2,2780.96,5543.16,93,90,590186,V. Froholdt,count,attacking_third,attacking_third,central_channel,-32.13,-12.37,-32.13,-12.37,32.13,-12.37,32.13,-12.37,backward,backward,,final-third entry,FCK final-third entry at minute 93.,Territory & Control,pitch scatter map,medium,false,false,false,false,6987,0,0
8cfdb681-32cf-4ebf-81f1-5c0839ec82d5,2442592,49fa500c-87bb-5226-a3b0-d2757eb51167,569,FCK,1000,FCM,2,2781.84,5544.04,93,90,68640,T. Delaney,count,attacking_third,attacking_third,central_channel,-24.01,-8.19,-26.86,-10.56,24.01,-8.19,26.86,-10.56,backward,backward,,final-third entry,FCK final-third entry at minute 93.,Territory & Control,pitch scatter map,medium,false,false,false,false,6990,0,0
8cfdb681-32cf-4ebf-81f1-5c0839ec82d5,2442592,aca2f4ba-aa45-50fc-aa17-ad742769df1e,569,FCK,1000,FCM,2,2783.6,5545.8,93,90,68640,T. Delaney,count,defensive_third,defensive_third,right_channel,28.04,31.59,26.63,33.66,-28.04,31.59,-26.63,33.66,pass,reception,,context event,FCK context event at minute 93.,Executive Match Overview,pitch scatter map,low,false,false,false,false,6993,0,
8cfdb681-32cf-4ebf-81f1-5c0839ec82d5,2442592,cf3f5d2d-7d19-5a97-bae2-ba2d0491058c,569,FCK,1000,FCM,2,2783.68,5545.88,93,90,590186,V. Froholdt,count,attacking_third,attacking_third,central_channel,-25.38,-11.97,-25.29,-11.95,25.38,-11.97,25.29,-11.95,square,square,,final-third entry,FCK final-third entry at minute 93.,Territory & Control,pitch scatter map,medium,false,false,false,false,6995,0,0
8cfdb681-32cf-4ebf-81f1-5c0839ec82d5,2442592,1fde5dcc-fd3a-59ad-9bc6-f67a0b3ad84e,569,FCK,1000,FCM,2,2783.72,5545.92,93,90,590186,V. Froholdt,count,defensive_third,defensive_third,right_channel,26.55,33.64,24.1,24.87,-26.55,33.64,-24.1,24.87,pass,reception,,context event,FCK context event at minute 93.,Executive Match Overview,pitch scatter map,low,false,false,false,false,6997,0,
8cfdb681-32cf-4ebf-81f1-5c0839ec82d5,2442592,e49475a9-025c-5455-b618-fc1f6049c63c,569,FCK,1000,FCM,2,2784.44,5546.64,93,90,592864,O. Hojer,count,attacking_third,attacking_third,central_channel,-22.72,-6,-23.83,-5.54,22.72,-6,23.83,-5.54,forward,forward,,final-third entry,FCK final-third entry at minute 93.,Territory & Control,pitch scatter map,medium,false,false,false,false,7000,0,0
8cfdb681-32cf-4ebf-81f1-5c0839ec82d5,2442592,8530831d-93c2-5661-87b1-f20d58e03c6f,569,FCK,1000,FCM,2,2785.48,5547.68,93,90,592864,O. Hojer,count,defensive_third,defensive_third,right_channel,25.15,24.2,40.07,14.71,-25.15,24.2,-40.07,14.71,pass,reception,,context event,FCK context event at minute 93.,Executive Match Overview,pitch scatter map,low,false,false,false,false,7003,0,
8cfdb681-32cf-4ebf-81f1-5c0839ec82d5,2442592,07757fef-e1f4-53f3-8418-2eaa71919850,569,FCK,1000,FCM,2,2786.6,5548.8,93,90,111756,V. Claesson,count,attacking_third,attacking_third,central_channel,-39.47,0.9,-43.14,-4.12,39.47,0.9,43.14,-4.12,backward,backward,,box involvement,FCK box involvement at minute 93.,Chance Creation & Final Third,pitch scatter map,high,true,false,false,false,7004,0.1,0
8cfdb681-32cf-4ebf-81f1-5c0839ec82d5,2442592,a305fe51-6d89-5ef7-84b4-95992577ac89,569,FCK,1000,FCM,2,2788.28,5550.48,93,90,111756,V. Claesson,count,defensive_third,defensive_third,right_channel,43.57,22.11,35.38,29.3,-43.57,22.11,-35.38,29.3,pass,reception,,context event,FCK context event at minute 93.,Executive Match Overview,pitch scatter map,low,false,false,false,false,7007,0,
8cfdb681-32cf-4ebf-81f1-5c0839ec82d5,2442592,59080517-1fa3-57ad-b827-4d4e31598c9a,569,FCK,1000,FCM,2,2789.44,5551.64,93,90,,,count,attacking_third,attacking_third,central_channel,-34.55,-9.01,-34.62,-9.03,34.55,-9.01,34.62,-9.03,crossing,,crossing,final-third entry,FCK final-third entry at minute 93.,Territory & Control,pitch scatter map,medium,false,false,false,false,7008,0,
8cfdb681-32cf-4ebf-81f1-5c0839ec82d5,2442592,89a6fcb7-58fd-50d2-9e27-57dc2e0891aa,569,FCK,1000,FCM,2,2789.44,5551.64,93,90,68640,T. Delaney,count,attacking_third,attacking_third,central_channel,-34.55,-9.01,-34.62,-9.03,34.55,-9.01,34.62,-9.03,diagonal,diagonal,,final-third entry,FCK final-third entry at minute 93.,Territory & Control,pitch scatter map,medium,false,false,false,false,7009,0,0
8cfdb681-32cf-4ebf-81f1-5c0839ec82d5,2442592,80e77daf-a3fe-5a78-8ff1-4fb699668b70,569,FCK,1000,FCM,2,2789.48,5551.68,93,90,68640,T. Delaney,count,defensive_third,defensive_third,right_channel,35.44,29.34,50.37,-4.88,-35.44,29.34,-50.37,-4.88,pass,reception,,context event,FCK context event at minute 93.,Executive Match Overview,pitch scatter map,low,false,false,false,false,7011,0,
8cfdb681-32cf-4ebf-81f1-5c0839ec82d5,2442592,72b62639-a023-503d-8792-6e609b38c0dd,569,FCK,1000,FCM,2,2793.04,5555.24,93,90,114517,A. Cornelius,count,attacking_third,attacking_third,right_channel,-50.27,14.21,-45.31,23.4,50.27,14.21,45.31,23.4,backward,backward,,box involvement,FCK box involvement at minute 93.,Chance Creation & Final Third,pitch scatter map,high,true,false,false,false,7013,0,0
8cfdb681-32cf-4ebf-81f1-5c0839ec82d5,2442592,e7781ba2-3995-516e-9195-ea7f58f2a18e,569,FCK,1000,FCM,2,2793.04,5555.24,93,90,,,count,attacking_third,attacking_third,right_channel,-50.27,14.21,-34.8,11.54,50.27,14.21,34.8,11.54,loss,,attacking,box involvement,FCK box involvement at minute 93.,Chance Creation & Final Third,pitch scatter map,high,true,false,false,false,7015,0,
8cfdb681-32cf-4ebf-81f1-5c0839ec82d5,2442592,2a9aa45b-f8c8-56c0-b938-0f5d68391f7c,569,FCK,1000,FCM,2,2796.6,5558.8,93,90,,,count,defensive_third,defensive_third,left_channel,45.3,-17.07,35,-16.51,-45.3,-17.07,-35,-16.51,completed_pass,completed_pass,,progressive action,FCK progressive action at minute 93.,Territory & Control,pitch scatter map,medium,false,false,true,false,7017,0,
8cfdb681-32cf-4ebf-81f1-5c0839ec82d5,2442592,2d112235-308b-5bfa-b64a-6ce38748979d,569,FCK,1000,FCM,2,2796.84,5559.04,93,90,114517,A. Cornelius,count,defensive_third,defensive_third,left_channel,45.64,-18.41,36.17,-18.69,-45.64,-18.41,-36.17,-18.69,pass,shot,,context event,FCK context event at minute 93.,Executive Match Overview,pitch scatter map,low,false,false,false,false,7019,0,
8cfdb681-32cf-4ebf-81f1-5c0839ec82d5,2442592,b11cf507-a9d0-5548-b6c7-93518f74a6fa,569,FCK,1000,FCM,2,2797.6,5559.8,93,90,535944,R. Huescas,count,attacking_third,attacking_third,right_channel,-35.38,23.59,-35.37,23.44,35.38,23.59,35.37,23.44,forward,forward,,final-third entry,FCK final-third entry at minute 93.,Territory & Control,pitch scatter map,medium,false,false,false,false,7021,0,0
8cfdb681-32cf-4ebf-81f1-5c0839ec82d5,2442592,7357b6ec-a14d-5b79-a811-8d50da48b6f3,569,FCK,1000,FCM,2,2798.44,5560.64,93,90,535944,R. Huescas,count,defensive_third,defensive_third,left_channel,36.16,-18.48,40.11,-18.22,-36.16,-18.48,-40.11,-18.22,pass,shot,,context event,FCK context event at minute 93.,Executive Match Overview,pitch scatter map,low,false,false,false,false,7023,0,
8cfdb681-32cf-4ebf-81f1-5c0839ec82d5,2442592,8bc0f7c1-7b41-594f-9abf-76107ac25757,569,FCK,1000,FCM,2,2798.52,5560.72,93,90,,,count,defensive_third,defensive_third,central_channel,40.1,-7.58,37.15,-3.15,-40.1,-7.58,-37.15,-3.15,shot,shot,,shot attempt,FCK shot attempt at minute 93.,Chance Creation & Final Third,pitch scatter map,high,false,false,false,false,7024,0,
8cfdb681-32cf-4ebf-81f1-5c0839ec82d5,2442592,57f137a4-229c-5e77-a755-f11ad882d566,569,FCK,1000,FCM,2,2799.64,5561.84,93,90,592864,O. Hojer,count,attacking_third,attacking_third,central_channel,-34.71,11.56,-34.8,11.54,34.71,11.56,34.8,11.54,shot,shot,,shot attempt,FCK shot attempt at minute 93.,Chance Creation & Final Third,pitch scatter map,high,false,false,false,false,7026,0,0.0686
8cfdb681-32cf-4ebf-81f1-5c0839ec82d5,2442592,1298f9e7-2d2e-5a05-bf8d-4de7ff1fa758,569,FCK,1000,FCM,2,2799.68,5561.88,93,90,592864,O. Hojer,count,defensive_third,defensive_third,central_channel,35.62,-0.95,40.35,-1.17,-35.62,-0.95,-40.35,-1.17,shot,block,,shot attempt,FCK shot attempt at minute 93.,Chance Creation & Final Third,pitch scatter map,high,false,false,false,false,7028,0.0686,0.0686
8cfdb681-32cf-4ebf-81f1-5c0839ec82d5,2442592,0a79ba33-e2dc-5372-a8dc-878199b63622,1000,FCM,569,FCK,2,2801.04,5563.24,93,90,,,count,defensive_third,defensive_third,right_channel,-39.71,17.47,-39.64,17.44,-39.71,17.47,-39.64,17.44,loss,,interrupt,turnover / loss,FCM turnover / loss at minute 93.,Defensive Behaviour & Transitions,pitch scatter map,high,false,false,false,false,7032,0,
8cfdb681-32cf-4ebf-81f1-5c0839ec82d5,2442592,cb29974a-b96e-571f-b010-680b7b85de81,569,FCK,1000,FCM,2,2804.04,5566.24,93,90,,,count,middle_third,middle_third,right_channel,1.9,23.11,1.9,23.11,-1.9,23.11,-1.9,23.11,loss,,maintenance,turnover / loss,FCK turnover / loss at minute 93.,Defensive Behaviour & Transitions,pitch scatter map,high,false,false,false,false,7042,0,
8cfdb681-32cf-4ebf-81f1-5c0839ec82d5,2442592,c904defb-7374-53f8-9cc9-df645b6e9a17,1000,FCM,569,FCK,2,2838.44,5600.64,94,90,204164,J. Andersson,count,attacking_third,attacking_third,right_channel,21.29,33.98,37.71,30.74,21.29,33.98,37.71,30.74,pass,interception,,final-third entry,FCM final-third entry at minute 94.,Territory & Control,pitch scatter map,medium,false,false,false,false,7051,0,
8cfdb681-32cf-4ebf-81f1-5c0839ec82d5,2442592,2c21946b-fc8a-5f37-9478-475bd83dab06,1000,FCM,569,FCK,2,2838.44,5600.64,94,90,,,count,attacking_third,attacking_third,right_channel,21.29,33.98,21.29,33.98,21.29,33.98,21.29,33.98,foul,foul,throw_in,final-third entry,FCM final-third entry at minute 94.,Territory & Control,pitch scatter map,medium,false,false,false,false,7052,0,0
8cfdb681-32cf-4ebf-81f1-5c0839ec82d5,2442592,707bfa3d-5559-563f-99e2-041e1c645832,1000,FCM,569,FCK,2,2838.44,5600.64,94,90,204164,J. Andersson,count,attacking_third,attacking_third,right_channel,24.87,33.97,24.87,33.97,24.87,33.97,24.87,33.97,incomplete_pass,incomplete_pass,,final-third entry,FCM final-third entry at minute 94.,Territory & Control,pitch scatter map,medium,false,false,false,false,7054,0,0
8cfdb681-32cf-4ebf-81f1-5c0839ec82d5,2442592,7e2985e5-690a-5949-87d4-e880a50dcd9f,1000,FCM,569,FCK,2,2838.44,5600.64,94,90,,,count,attacking_third,attacking_third,right_channel,24.87,33.97,24.87,33.97,24.87,33.97,24.87,33.97,loss,,progression,final-third entry,FCM final-third entry at minute 94.,Defensive Behaviour & Transitions,pitch scatter map,high,false,false,false,false,7055,0,
8cfdb681-32cf-4ebf-81f1-5c0839ec82d5,2442592,14f91587-4d2a-5191-a44e-4c53998c97bb,569,FCK,1000,FCM,2,2840.2,5602.4,94,90,,,count,defensive_third,defensive_third,right_channel,40.91,32.23,33.88,24.65,-40.91,32.23,-33.88,24.65,loss,,interrupt,turnover / loss,FCK turnover / loss at minute 94.,Defensive Behaviour & Transitions,pitch scatter map,high,false,false,false,false,7057,0,
8cfdb681-32cf-4ebf-81f1-5c0839ec82d5,2442592,8a2a8dcc-db1d-53a1-8075-9cd63cdf5013,569,FCK,1000,FCM,2,2840.4,5602.6,94,90,166965,L. Lerager,count,attacking_third,attacking_third,left_channel,-36.96,-31.41,-29.89,-20.24,36.96,-31.41,29.89,-20.24,pass,reception,,final-third entry,FCK final-third entry at minute 94.,Territory & Control,pitch scatter map,medium,false,false,false,false,7060,0,
8cfdb681-32cf-4ebf-81f1-5c0839ec82d5,2442592,4dcae30d-9a53-5ba2-b3f9-293fcf72e91f,1000,FCM,569,FCK,2,2841.44,5603.64,94,90,,,count,attacking_third,attacking_third,right_channel,31.96,23.78,31.96,23.78,31.96,23.78,31.96,23.78,buildup,,buildup,final-third entry,FCM final-third entry at minute 94.,Territory & Control,pitch scatter map,medium,false,false,false,false,7061,0,
8cfdb681-32cf-4ebf-81f1-5c0839ec82d5,2442592,a7e6f466-c910-5510-b111-d94ea557a781,569,FCK,1000,FCM,2,2842.2,5604.4,94,90,68640,T. Delaney,count,attacking_third,attacking_third,left_channel,-29.88,-20.25,-4.58,-18.81,29.88,-20.25,4.58,-18.81,pass,other,,context event,FCK context event at minute 94.,Territory & Control,pitch scatter map,low,false,false,false,false,7064,0,
8cfdb681-32cf-4ebf-81f1-5c0839ec82d5,2442592,29ef0000-9562-5dcb-bdb6-5c219c929ebe,1000,FCM,569,FCK,2,2875.8,5638,94,90,,,count,middle_third,middle_third,right_channel,17.06,17.06,40.45,-11.12,17.06,17.06,40.45,-11.12,progression,,progression,box involvement,FCM box involvement at minute 94.,Chance Creation & Final Third,pitch scatter map,high,true,true,false,false,7073,0.15,
8cfdb681-32cf-4ebf-81f1-5c0839ec82d5,2442592,37103e5b-969f-5dcf-8fb3-c0447b99c2f4,1000,FCM,569,FCK,2,2875.8,5638,94,90,474838,E. Martinez,count,middle_third,middle_third,central_channel,13.84,9.08,31.57,-30.94,13.84,9.08,31.57,-30.94,pass,reception,,final-third entry,FCM final-third entry at minute 94.,Territory & Control,pitch scatter map,medium,false,true,true,false,7075,0.05,
8cfdb681-32cf-4ebf-81f1-5c0839ec82d5,2442592,bc00b86c-5ceb-51e5-94e3-ded1afce7fe0,1000,FCM,569,FCK,2,2875.8,5638,94,90,,,count,middle_third,middle_third,central_channel,13.84,9.08,36.56,-32.93,13.84,9.08,36.56,-32.93,out,out,free_kick,final-third entry,FCM final-third entry at minute 94.,Territory & Control,pitch scatter map,medium,false,true,false,false,7077,0.05,0
8cfdb681-32cf-4ebf-81f1-5c0839ec82d5,2442592,bf24bc71-e8a5-5ae0-a835-846a3ec7782c,1000,FCM,569,FCK,2,2876.28,5638.48,94,90,,,count,attacking_third,attacking_third,central_channel,21.93,-7.79,34.49,-33.29,21.93,-7.79,34.49,-33.29,start_loc,,,final-third entry,FCM final-third entry at minute 94.,Territory & Control,pitch scatter map,medium,false,false,false,false,7078,0,
8cfdb681-32cf-4ebf-81f1-5c0839ec82d5,2442592,198c8e7e-7ad4-53f3-ae23-842e34cb0699,1000,FCM,569,FCK,2,2876.6,5638.8,94,90,553784,D. Castillo,count,attacking_third,attacking_third,central_channel,25.39,-7.89,33.58,-24.29,25.39,-7.89,33.58,-24.29,run_start_loc,,,final-third entry,FCM final-third entry at minute 94.,Territory & Control,pitch scatter map,medium,false,false,false,false,7079,0,
8cfdb681-32cf-4ebf-81f1-5c0839ec82d5,2442592,ab92985e-d71d-5696-958f-1aec91616a48,1000,FCM,569,FCK,2,2876.68,5638.88,94,90,,,count,attacking_third,attacking_third,left_channel,26.99,-15.67,37.53,-32.65,26.99,-15.67,37.53,-32.65,loss,lost_ball,,final-third entry,FCM final-third entry at minute 94.,Defensive Behaviour & Transitions,pitch scatter map,high,false,false,false,false,7080,0,
8cfdb681-32cf-4ebf-81f1-5c0839ec82d5,2442592,3432b5ed-aca2-5a35-b570-677e285518d3,1000,FCM,569,FCK,2,2877.76,5639.96,94,90,,,count,attacking_third,attacking_third,central_channel,25.63,-11.41,35.11,-33.49,25.63,-11.41,35.11,-33.49,loss,lost_ball,,final-third entry,FCM final-third entry at minute 94.,Defensive Behaviour & Transitions,pitch scatter map,high,false,false,false,false,7084,0,
8cfdb681-32cf-4ebf-81f1-5c0839ec82d5,2442592,4db5e32d-57b8-5722-983f-88499753e1a5,1000,FCM,569,FCK,2,2878.56,5640.76,95,90,120721,K. Mbabu,count,attacking_third,attacking_third,central_channel,35.65,-10.12,40.89,-11.47,35.65,-10.12,40.89,-11.47,loss,ball_lost,,box involvement,FCM box involvement at minute 95.,Chance Creation & Final Third,pitch scatter map,high,true,false,false,false,7085,0.1,0
8cfdb681-32cf-4ebf-81f1-5c0839ec82d5,2442592,2ac7e09c-c626-5041-878e-0291dca999bb,1000,FCM,569,FCK,2,2880.8,5643,95,90,,,count,attacking_third,attacking_third,central_channel,40.46,-11.16,40.89,-11.47,40.46,-11.16,40.89,-11.47,loss,,attacking,box involvement,FCM box involvement at minute 95.,Chance Creation & Final Third,pitch scatter map,high,true,false,false,false,7088,0,
8cfdb681-32cf-4ebf-81f1-5c0839ec82d5,2442592,0dac4b5c-d460-5d63-a3a3-148160805ff6,569,FCK,1000,FCM,2,2888.88,5651.08,95,90,,,count,attacking_third,attacking_third,right_channel,-34.69,34.18,14.58,-27.72,34.69,34.18,-14.58,-27.72,foul,foul,throw_in,context event,FCK context event at minute 95.,Territory & Control,pitch scatter map,low,false,false,false,false,7096,0,0
8cfdb681-32cf-4ebf-81f1-5c0839ec82d5,2442592,b24548f5-6c06-5fed-b270-b928095112ca,1000,FCM,569,FCK,2,2888.88,5651.08,95,90,,,count,attacking_third,attacking_third,central_channel,38.93,-12.32,-12.74,29.72,38.93,-12.32,-12.74,29.72,start_loc,,organisation,context event,FCM context event at minute 95.,Territory & Control,pitch scatter map,low,false,false,false,false,7098,0,0
8cfdb681-32cf-4ebf-81f1-5c0839ec82d5,2442592,9976b2ed-b244-5945-8859-904d885eae85,569,FCK,1000,FCM,2,2888.88,5651.08,95,90,590186,V. Froholdt,count,attacking_third,attacking_third,right_channel,-34.69,34.18,-44.6,27.42,34.69,34.18,44.6,27.42,pass,reception,,final-third entry,FCK final-third entry at minute 95.,Territory & Control,pitch scatter map,medium,false,false,false,false,7099,0,
8cfdb681-32cf-4ebf-81f1-5c0839ec82d5,2442592,b672d9be-d47d-55bf-b513-ab15529f0bd8,569,FCK,1000,FCM,2,2890.88,5653.08,95,90,,,count,defensive_third,defensive_third,central_channel,48.89,-7.39,7.36,12.18,-48.89,-7.39,-7.36,12.18,loss,,progression,turnover / loss,FCK turnover / loss at minute 95.,Defensive Behaviour & Transitions,pitch scatter map,high,false,false,false,false,7102,0.02,
8cfdb681-32cf-4ebf-81f1-5c0839ec82d5,2442592,3b86450f-b2ae-5ebd-b5cf-6c1e1430678f,569,FCK,1000,FCM,2,2891.72,5653.92,95,90,193228,K. Diks,count,attacking_third,attacking_third,right_channel,-42.59,25.74,-0.17,7,42.59,25.74,0.17,7,pass,interception,,context event,FCK context event at minute 95.,Territory & Control,pitch scatter map,medium,false,false,false,false,7104,0,
8cfdb681-32cf-4ebf-81f1-5c0839ec82d5,2442592,65ccc15a-1c2e-5e13-941b-c68264881e00,1000,FCM,569,FCK,2,2894.84,5657.04,95,90,,,count,middle_third,middle_third,central_channel,2.73,5.91,2.69,5.91,2.73,5.91,2.69,5.91,loss,,interrupt,turnover / loss,FCM turnover / loss at minute 95.,Defensive Behaviour & Transitions,pitch scatter map,high,false,false,false,false,7106,0,
8cfdb681-32cf-4ebf-81f1-5c0839ec82d5,2442592,7522f74e-a21a-5c3c-aafb-6a6f4c329cea,1000,FCM,569,FCK,2,2894.88,5657.08,95,90,474838,E. Martinez,count,middle_third,middle_third,central_channel,0.14,-7.34,9.81,0.34,0.14,-7.34,9.81,0.34,pass,interception,,context event,FCM context event at minute 95.,Executive Match Overview,pitch scatter map,medium,false,false,false,false,7109,0,
8cfdb681-32cf-4ebf-81f1-5c0839ec82d5,2442592,6ede8602-e5a9-5296-8387-a39b3efd9e6d,569,FCK,1000,FCM,2,2896.52,5658.72,95,90,111756,V. Claesson,count,middle_third,middle_third,central_channel,-4.59,-1.89,-13.4,-16.07,4.59,-1.89,13.4,-16.07,pass,reception,,context event,FCK context event at minute 95.,Executive Match Overview,pitch scatter map,low,false,false,false,false,7115,0,
8cfdb681-32cf-4ebf-81f1-5c0839ec82d5,2442592,3996ee93-5480-520e-96a2-2e766531eb03,569,FCK,1000,FCM,2,2897.88,5660.08,95,90,,,count,middle_third,middle_third,right_channel,12.97,18.02,28.05,27.38,-12.97,18.02,-28.05,27.38,loss,,maintenance,turnover / loss,FCK turnover / loss at minute 95.,Defensive Behaviour & Transitions,pitch scatter map,high,false,false,false,false,7117,0,
8cfdb681-32cf-4ebf-81f1-5c0839ec82d5,2442592,64096165-f649-5241-ae88-0e4a5c302b31,1000,FCM,569,FCK,2,2899.8,5662,95,90,,,count,middle_third,middle_third,right_channel,17.7,23.08,28.33,30.37,17.7,23.08,28.33,30.37,loss,,interrupt,final-third entry,FCM final-third entry at minute 95.,Defensive Behaviour & Transitions,pitch scatter map,high,false,true,false,false,7120,0.05,
8cfdb681-32cf-4ebf-81f1-5c0839ec82d5,2442592,bfc392c9-d457-5d79-bb8d-68e647a89ded,569,FCK,1000,FCM,2,2899.8,5662,95,90,535944,R. Huescas,count,middle_third,middle_third,left_channel,-14.45,-17.95,-14.19,-21.94,14.45,-17.95,14.19,-21.94,pass,interception,,context event,FCK context event at minute 95.,Executive Match Overview,pitch scatter map,medium,false,false,false,false,7121,0,
8cfdb681-32cf-4ebf-81f1-5c0839ec82d5,2442592,bfc392c9-d457-5d79-bb8d-68e647a89ded,569,FCK,1000,FCM,2,2899.8,5662,95,90,535944,R. Huescas,count,middle_third,middle_third,left_channel,-14.45,-17.95,-14.19,-21.94,14.45,-17.95,14.19,-21.94,pass,interception,,context event,FCK context event at minute 95.,Executive Match Overview,pitch scatter map,medium,false,false,false,false,7122,0,
8cfdb681-32cf-4ebf-81f1-5c0839ec82d5,2442592,48b61ef7-c9cf-53e6-b8a3-f8e2549223f5,1000,FCM,569,FCK,2,2901.96,5664.16,95,90,568423,V. Byskov,count,attacking_third,attacking_third,right_channel,26.16,29.1,28.33,30.37,26.16,29.1,28.33,30.37,incomplete_pass,incomplete_pass,,final-third entry,FCM final-third entry at minute 95.,Territory & Control,pitch scatter map,medium,false,false,false,false,7125,0,0
8cfdb681-32cf-4ebf-81f1-5c0839ec82d5,2442592,79abc3a4-580e-5bf7-b67f-e011ae61f240,1000,FCM,569,FCK,2,2902.92,5665.12,95,90,568423,V. Byskov,count,attacking_third,attacking_third,right_channel,24.59,28.68,21.96,16.4,24.59,28.68,21.96,16.4,pass,interception,,final-third entry,FCM final-third entry at minute 95.,Territory & Control,pitch scatter map,medium,false,false,false,false,7130,0,
8cfdb681-32cf-4ebf-81f1-5c0839ec82d5,2442592,79abc3a4-580e-5bf7-b67f-e011ae61f240,1000,FCM,569,FCK,2,2902.92,5665.12,95,90,568423,V. Byskov,count,attacking_third,attacking_third,right_channel,24.59,28.68,21.96,16.4,24.59,28.68,21.96,16.4,pass,interception,,final-third entry,FCM final-third entry at minute 95.,Territory & Control,pitch scatter map,medium,false,false,false,false,7131,0,
8cfdb681-32cf-4ebf-81f1-5c0839ec82d5,2442592,2ef978bf-d239-5bc6-a67e-124143254bed,569,FCK,1000,FCM,2,2903.88,5666.08,95,90,,,count,attacking_third,attacking_third,left_channel,-30.09,-20.57,-22.38,-22.09,30.09,-20.57,22.38,-22.09,defender_dribbled,defender_dribbled,,final-third entry,FCK final-third entry at minute 95.,Territory & Control,pitch scatter map,medium,false,false,false,false,7133,0,
8cfdb681-32cf-4ebf-81f1-5c0839ec82d5,2442592,f439031b-3852-5783-bd3c-cab8c59e2f6f,569,FCK,1000,FCM,2,2905.76,5667.96,95,90,111756,V. Claesson,count,attacking_third,attacking_third,left_channel,-24.32,-24.27,-27.33,-3.28,24.32,-24.27,27.33,-3.28,pass,reception,,final-third entry,FCK final-third entry at minute 95.,Territory & Control,pitch scatter map,medium,false,false,false,false,7137,0,
8cfdb681-32cf-4ebf-81f1-5c0839ec82d5,2442592,bce7f238-4a35-5137-b487-f78791c928a0,569,FCK,1000,FCM,2,2906.88,5669.08,95,90,590186,V. Froholdt,count,attacking_third,attacking_third,central_channel,-23.57,12.46,-12.13,20.55,23.57,12.46,12.13,20.55,run_start_loc,,,context event,FCK context event at minute 95.,Territory & Control,pitch scatter map,low,false,false,false,false,7138,0,
8cfdb681-32cf-4ebf-81f1-5c0839ec82d5,2442592,8739e565-f0c0-5996-9b97-9f6e1eb6146e,569,FCK,1000,FCM,2,2908.8,5671,95,90,193228,K. Diks,count,attacking_third,attacking_third,central_channel,-21.03,1.97,-8.12,23.43,21.03,1.97,8.12,23.43,pass,reception,,context event,FCK context event at minute 95.,Territory & Control,pitch scatter map,low,false,false,false,false,7147,0,
8cfdb681-32cf-4ebf-81f1-5c0839ec82d5,2442592,5e8deb8f-f7b3-58ba-9647-d7ec7ee68165,569,FCK,1000,FCM,2,2912,5674.2,95,90,590186,V. Froholdt,count,middle_third,middle_third,right_channel,-7.54,23.93,-12.75,13.96,7.54,23.93,12.75,13.96,pass,reception,,context event,FCK context event at minute 95.,Executive Match Overview,pitch scatter map,low,false,false,false,false,7157,0,
8cfdb681-32cf-4ebf-81f1-5c0839ec82d5,2442592,07e2a521-b678-5f13-833e-d1d112ccd993,569,FCK,1000,FCM,2,2913.88,5676.08,95,90,,,count,middle_third,middle_third,central_channel,15.4,1.05,-18.82,10.57,-15.4,1.05,18.82,10.57,loss,,progression,final-third entry,FCK final-third entry at minute 95.,Defensive Behaviour & Transitions,pitch scatter map,high,false,true,false,false,7161,0.05,
8cfdb681-32cf-4ebf-81f1-5c0839ec82d5,2442592,b55d54eb-2524-5ad1-a000-b47d97ff3163,569,FCK,1000,FCM,2,2914.68,5676.88,95,90,193228,K. Diks,count,middle_third,middle_third,right_channel,-10.98,16.42,20.39,0.28,10.98,16.42,-20.39,0.28,pass,reception,,context event,FCK context event at minute 95.,Executive Match Overview,pitch scatter map,low,false,false,false,false,7162,0,
8cfdb681-32cf-4ebf-81f1-5c0839ec82d5,2442592,4b454918-868d-5c31-8a2e-0cfa2d0ba2ed,569,FCK,1000,FCM,2,2916.72,5678.92,95,90,114517,A. Cornelius,count,attacking_third,attacking_third,central_channel,-18.83,10.7,-18.82,10.57,18.83,10.7,18.82,10.57,incomplete_pass,incomplete_pass,,final-third entry,FCK final-third entry at minute 95.,Territory & Control,pitch scatter map,medium,false,false,false,false,7164,0,0
8cfdb681-32cf-4ebf-81f1-5c0839ec82d5,2442592,6c533554-0e98-505c-a91d-feb956e787f2,569,FCK,1000,FCM,2,2916.84,5679.04,95,90,114517,A. Cornelius,count,defensive_third,defensive_third,central_channel,20.38,0.47,28.64,5.17,-20.38,0.47,-28.64,5.17,pass,interception,,context event,FCK context event at minute 95.,Executive Match Overview,pitch scatter map,medium,false,false,false,false,7167,0,
8cfdb681-32cf-4ebf-81f1-5c0839ec82d5,2442592,0e103303-284e-5b4b-bdea-5a6aaccaf07b,1000,FCM,569,FCK,2,2917.48,5679.68,95,90,,,count,defensive_third,defensive_third,central_channel,-25.47,9.58,-25.56,9.54,-25.47,9.58,-25.56,9.54,loss,,interrupt,turnover / loss,FCM turnover / loss at minute 95.,Defensive Behaviour & Transitions,pitch scatter map,high,false,false,false,false,7169,0,
8cfdb681-32cf-4ebf-81f1-5c0839ec82d5,2442592,0e3aa592-be98-5c68-abb0-71bdb6b1040c,569,FCK,1000,FCM,2,2921.2,5683.4,95,90,,,count,middle_third,middle_third,central_channel,8.79,-10.13,-2.11,-15.39,-8.79,-10.13,2.11,-15.39,completed_pass,completed_pass,,progressive action,FCK progressive action at minute 95.,Territory & Control,pitch scatter map,medium,false,false,true,false,7175,0,
8cfdb681-32cf-4ebf-81f1-5c0839ec82d5,2442592,238e8247-95fa-5b32-95f7-f964d23786e9,569,FCK,1000,FCM,2,2924.08,5686.28,95,90,535944,R. Huescas,count,middle_third,middle_third,left_channel,-3.99,-18.85,-4.05,-7.2,3.99,-18.85,4.05,-7.2,pass,reception,,context event,FCK context event at minute 95.,Executive Match Overview,pitch scatter map,low,false,false,false,false,7178,0,
8cfdb681-32cf-4ebf-81f1-5c0839ec82d5,2442592,a7fb8ab3-2c4f-5b43-9f7c-8c50a7c6e9c7,569,FCK,1000,FCM,2,2925.68,5687.88,95,90,475413,Gabriel Pereira,count,middle_third,middle_third,central_channel,-3.57,-7.38,15.06,-26.72,3.57,-7.38,-15.06,-26.72,pass,reception,,context event,FCK context event at minute 95.,Executive Match Overview,pitch scatter map,low,false,false,false,false,7183,0,
8cfdb681-32cf-4ebf-81f1-5c0839ec82d5,2442592,fd261fb0-30c7-5655-991a-087cf849d560,569,FCK,1000,FCM,2,2932.56,5694.76,95,90,535944,R. Huescas,count,middle_third,middle_third,left_channel,14.58,-27.72,31.9,-7.55,-14.58,-27.72,-31.9,-7.55,pass,other,,context event,FCK context event at minute 95.,Executive Match Overview,pitch scatter map,low,false,false,false,false,7190,0,
8cfdb681-32cf-4ebf-81f1-5c0839ec82d5,2442592,76947dc7-cfda-580f-9e8d-8f19d02527bd,569,FCK,1000,FCM,2,3013.32,5775.52,97,95,592864,O. Hojer,count,defensive_third,defensive_third,central_channel,32.29,-6.74,50.91,1.24,-32.29,-6.74,-50.91,1.24,shot,save,,shot attempt,FCK shot attempt at minute 97.,Chance Creation & Final Third,pitch scatter map,high,false,false,false,false,7196,0.1362,0.1362
8cfdb681-32cf-4ebf-81f1-5c0839ec82d5,2442592,0d704f9b-37bb-56fb-9734-858e366f08ba,1000,FCM,569,FCK,2,3013.32,5775.52,97,95,,,count,defensive_third,defensive_third,right_channel,-31.31,15.47,-31.31,15.47,-31.31,15.47,-31.31,15.47,start_loc,,organisation,context event,FCM context event at minute 97.,Executive Match Overview,pitch scatter map,low,false,false,false,true,7197,0,0.1362
8cfdb681-32cf-4ebf-81f1-5c0839ec82d5,2442592,797bfa1e-ab52-59c7-992b-d32d32690dc8,569,FCK,1000,FCM,2,3013.32,5775.52,97,95,,,count,attacking_third,attacking_third,right_channel,-31.31,15.47,-31.31,15.47,31.31,15.47,31.31,15.47,loss,,attacking,final-third entry,FCK final-third entry at minute 97.,Defensive Behaviour & Transitions,pitch scatter map,high,false,false,false,false,7199,0,
8cfdb681-32cf-4ebf-81f1-5c0839ec82d5,2442592,f378036c-ae1b-5167-91f9-d56de106879b,569,FCK,1000,FCM,2,3013.32,5775.52,97,95,,,count,defensive_third,defensive_third,central_channel,32.29,-6.74,32.29,-6.74,-32.29,-6.74,-32.29,-6.74,shot,shot,free_kick,shot attempt,FCK shot attempt at minute 97.,Chance Creation & Final Third,pitch scatter map,high,false,false,false,false,7201,0.1362,0.1362
8cfdb681-32cf-4ebf-81f1-5c0839ec82d5,2442592,f699e442-339c-5567-a2fe-43157f6fa456,569,FCK,1000,FCM,2,3013.32,5775.52,97,95,592864,O. Hojer,count,attacking_third,attacking_third,right_channel,-31.31,15.47,-31.31,15.47,31.31,15.47,31.31,15.47,shot,shot,,shot attempt,FCK shot attempt at minute 97.,Chance Creation & Final Third,pitch scatter map,high,false,false,false,false,7202,0,0.1362
8cfdb681-32cf-4ebf-81f1-5c0839ec82d5,2442592,553f1acd-685a-52ab-8171-1bfeed8c166d,1000,FCM,569,FCK,2,3014.24,5776.44,97,95,,,count,defensive_third,defensive_third,central_channel,-51.07,-0.99,-36.28,-1.27,-51.07,-0.99,-36.28,-1.27,recovery,stoppage,shot_recovered,ball recovery,FCM ball recovery at minute 97.,Defensive Behaviour & Transitions,pitch scatter map,medium,false,false,false,false,7206,0,0
8cfdb681-32cf-4ebf-81f1-5c0839ec82d5,2442592,8950eae1-70c9-545b-ac31-374a5f315b1f,569,FCK,1000,FCM,2,3014.24,5776.44,97,95,,,count,attacking_third,attacking_third,central_channel,-51.01,10.22,-35.5,10.03,51.01,10.22,35.5,10.03,start_loc,,transition,box involvement,FCK box involvement at minute 97.,Chance Creation & Final Third,pitch scatter map,high,true,false,false,true,7208,0,0
8cfdb681-32cf-4ebf-81f1-5c0839ec82d5,2442592,61fad190-ae98-5847-8e3e-fe617fa599b3,1000,FCM,569,FCK,2,3028.24,5790.44,97,95,430901,E. Olafsson,count,defensive_third,defensive_third,central_channel,-36.28,-1.27,-9.35,-0.4,-36.28,-1.27,-9.35,-0.4,pass,other,,context event,FCM context event at minute 97.,Executive Match Overview,pitch scatter map,low,false,false,false,false,7218,0.02,
